<?xml version="1.0" encoding="UTF-8"?>
<Document><Sentence><ActionPhrase type="Synthesize"><NounPhrase><JJ>Experimental</JJ><PROCEDURE><NN-METHOD>method</NN-METHOD><NN-IDENTIFIER>A</NN-IDENTIFIER></PROCEDURE><NNP>GF</NNP><MIXTURE><_-LRB->(</_-LRB-><VBN>coated</VBN><IN-ON>on</IN-ON><JJ-CHEM>electro-galvanized</JJ-CHEM><JJ-CHEM>steel</JJ-CHEM><NN>sheet</NN><IN-WITH>with</IN-WITH><CD>20</CD><MOLECULE><JJ-CHEM>g/m2</JJ-CHEM><OSCARCM><OSCAR-CM>zinc</OSCAR-CM></OSCARCM></MOLECULE><_-RRB->)</_-RRB-></MIXTURE></NounPhrase><VerbPhrase><VBD>was</VBD><VB-SYNTHESIZE>prepared</VB-SYNTHESIZE></VerbPhrase></ActionPhrase><VerbPhrase><TO>to</TO><VB>have</VB></VerbPhrase><NounPhrase><NNS>properties</NNS></NounPhrase><PrepPhrase><JJ>equal</JJ><TO>to</TO><NounPhrase><DT>a</DT><JJ>conventional</JJ><JJ-CHEM>organic</JJ-CHEM><JJ>composite</JJ><JJ>coated</JJ><JJ-CHEM>steel</JJ-CHEM><NN>sheet</NN></NounPhrase></PrepPhrase><STOP>.</STOP></Sentence></Document>
<?xml version="1.0" encoding="UTF-8"?>
<Document><Sentence><ActionPhrase type="Synthesize"><NounPhrase><DT>Another</DT><NN>sheet</NN><MIXTURE><_-LRB->(</_-LRB-><NNP>GF</NNP><_-RRB->)</_-RRB-></MIXTURE></NounPhrase><VerbPhrase><VBD>was</VBD><RB>also</RB><VB-SYNTHESIZE>prepared</VB-SYNTHESIZE><PrepPhrase><IN-WITH>with</IN-WITH><NounPhrase><DT>a</DT><JJR>thinner</JJR><NN-CHEMENTITY>layer</NN-CHEMENTITY><PrepPhrase><IN-OF>of</IN-OF><NounPhrase><DT-THE>the</DT-THE><JJ>special</JJ><JJ-CHEM>organic</JJ-CHEM><JJ>composite</JJ><NN>coating</NN></NounPhrase></PrepPhrase></NounPhrase></PrepPhrase><PrepPhrase><TO>to</TO><NounPhrase><FW>pro-vide</FW></NounPhrase></PrepPhrase></VerbPhrase><NounPhrase><DT>a</DT><JJ>good</JJ><NN>balance</NN><PrepPhrase><IN-OF>of</IN-OF><NounPhrase><NN>corrosion</NN><NN>resistance</NN><CC>and</CC><JJ>good</JJ><JJ>electrical</JJ><NN>conductivity</NN></NounPhrase></PrepPhrase></NounPhrase></ActionPhrase><STOP>.</STOP></Sentence></Document>
<?xml version="1.0" encoding="UTF-8"?>
<Document><Sentence><ActionPhrase type="Synthesize"><NounPhrase><JJ-CHEM>Electro-galvanized</JJ-CHEM><NNS>sheets</NNS></NounPhrase><PrepPhrase><IN-WITH>with</IN-WITH><NounPhrase><DT-THE>the</DT-THE><JJ-CHEM>following</JJ-CHEM><CD>three</CD><JJ>different</JJ><NNS>coats</NNS></NounPhrase></PrepPhrase><VerbPhrase><VBD>were</VBD><VB-SYNTHESIZE>prepared</VB-SYNTHESIZE><PrepPhrase><IN-AS>as</IN-AS><NounPhrase><NNS>controls</NNS></NounPhrase></PrepPhrase></VerbPhrase></ActionPhrase><COLON>:</COLON><NounPhrase><UNNAMEDMOLECULE><REFERENCETOCOMPOUND><_-LRB->(</_-LRB-><NN-IDENTIFIER>A</NN-IDENTIFIER><_-RRB->)</_-RRB-></REFERENCETOCOMPOUND></UNNAMEDMOLECULE></NounPhrase><Unmatched><DT>an</DT></Unmatched><Unmatched><CC>or</CC></Unmatched><NounPhrase><NN>-ganic</NN><NN>composite</NN><NN>coating</NN><MIXTURE><_-LRB->(</_-LRB-><CD>20</CD><MOLECULE><OSCARCM><OSCAR-CM>mg/m2</OSCAR-CM></OSCARCM><JJ>coated</JJ><OSCARCM><OSCAR-CM>chromium+1µm</OSCAR-CM></OSCARCM><JJ-CHEM>organic</JJ-CHEM></MOLECULE><JJ>composite</JJ><NN-CHEMENTITY>resin</NN-CHEMENTITY><NN>coating</NN><_-RRB->)</_-RRB-></MIXTURE><COMMA>,</COMMA><UNNAMEDMOLECULE><REFERENCETOCOMPOUND><_-LRB->(</_-LRB-><NN-IDENTIFIER>B</NN-IDENTIFIER><_-RRB->)</_-RRB-></REFERENCETOCOMPOUND></UNNAMEDMOLECULE></NounPhrase><NounPhrase><DT>a</DT><ActionPhrase type="Dissolve"><MOLECULE><OSCARCM><OSCAR-CM>dis-persed-silica-containing</OSCAR-CM></OSCARCM></MOLECULE><IN-IN>dry-in-place</IN-IN><MOLECULE role="Solvent"><OSCARCM><OSCAR-CM>chromate</OSCAR-CM></OSCARCM><MIXTURE><_-LRB->(</_-LRB-><CD>30</CD><OSCARCM><OSCAR-CM>mg/m2</OSCAR-CM></OSCARCM><JJ>coated</JJ><OSCARCM><OSCAR-CM>chromium</OSCAR-CM></OSCARCM><_-RRB->)</_-RRB-></MIXTURE></MOLECULE></ActionPhrase><COMMA>,</COMMA><CC>and</CC><UNNAMEDMOLECULE><REFERENCETOCOMPOUND><_-LRB->(</_-LRB-><NN-IDENTIFIER>C</NN-IDENTIFIER><_-RRB->)</_-RRB-></REFERENCETOCOMPOUND></UNNAMEDMOLECULE></NounPhrase><Unmatched><DT>a</DT></Unmatched><PrepPhrase><IN-IN>reacted-in-place</IN-IN><MOLECULE><OSCARCM><OSCAR-CM>chromate</OSCAR-CM></OSCARCM></MOLECULE></PrepPhrase><NounPhrase><NN>coat</NN><MIXTURE><_-LRB->(</_-LRB-><CD>20</CD><MOLECULE><OSCARCM><OSCAR-CM>mg/m2</OSCAR-CM></OSCARCM><JJ>coated</JJ><OSCARCM><OSCAR-CM>chromium</OSCAR-CM></OSCARCM></MOLECULE><_-RRB->)</_-RRB-></MIXTURE></NounPhrase><STOP>.</STOP></Sentence></Document>
<?xml version="1.0" encoding="UTF-8"?>
<Document><Sentence><PrepPhrase><IN-IN>In</IN-IN><NounPhrase><NN>addition</NN><COMMA>,</COMMA><UNNAMEDMOLECULE><REFERENCETOCOMPOUND><_-LRB->(</_-LRB-><NN-IDENTIFIER>D</NN-IDENTIFIER><_-RRB->)</_-RRB-></REFERENCETOCOMPOUND></UNNAMEDMOLECULE></NounPhrase></PrepPhrase><NounPhrase><DT>an</DT><JJ-CHEM>electro-galvanized</JJ-CHEM><NN>sheet</NN></NounPhrase><VerbPhrase><VBN>coated</VBN></VerbPhrase><Unmatched><IN-WITH>with</IN-WITH></Unmatched><Unmatched><DT-THE>the</DT-THE></Unmatched><PrepPhrase><JJ>same</JJ><JJ-CHEM>organic</JJ-CHEM><JJ>composite</JJ><IN-AS>as</IN-AS><IN>that</IN><IN-ON>on</IN-ON><NounPhrase><UNNAMEDMOLECULE><REFERENCETOCOMPOUND><_-LRB->(</_-LRB-><NN-IDENTIFIER>A</NN-IDENTIFIER><_-RRB->)</_-RRB-></REFERENCETOCOMPOUND></UNNAMEDMOLECULE></NounPhrase></PrepPhrase><COMMA>,</COMMA><CC>but</CC><PrepPhrase><IN-WITH>with</IN-WITH><NounPhrase><DT>a</DT><NN>thickness</NN></NounPhrase></PrepPhrase><PrepPhrase><IN-OF>of</IN-OF><IN>about</IN><NounPhrase><CD>2µ</CD><NN>m</NN></NounPhrase></PrepPhrase><CC>and</CC><PrepPhrase><IN-WITHOUT>without</IN-WITHOUT><NounPhrase><DT-THE>the</DT-THE><MOLECULE><OSCARCM><OSCAR-CM>chromate</OSCAR-CM></OSCARCM></MOLECULE><NN>coating</NN></NounPhrase></PrepPhrase><COMMA>,</COMMA><VerbPhrase><VBD>was</VBD><VB-SYNTHESIZE>prepared</VB-SYNTHESIZE><PrepPhrase><IN-AS>as</IN-AS><NounPhrase><DT>an</DT><NN-EXAMPLE>example</NN-EXAMPLE><PrepPhrase><IN-OF>of</IN-OF><NounPhrase><NN>sheet</NN></NounPhrase></PrepPhrase></NounPhrase></PrepPhrase></VerbPhrase><Unmatched><NEG>not</NEG></Unmatched><NounPhrase><RB>con-taining</RB><NN>hexavalent</NN><MOLECULE><OSCARCM><OSCAR-CM>chromium</OSCAR-CM></OSCARCM></MOLECULE></NounPhrase><STOP>.</STOP></Sentence></Document>
<?xml version="1.0" encoding="UTF-8"?>
<Document><Sentence><NounPhrase><CaptionLabel><NNP-LABEL>Table</NNP-LABEL><CD>1</CD></CaptionLabel></NounPhrase><VerbPhrase><VBZ>shows</VBZ></VerbPhrase><NounPhrase><NN>test</NN><NNS>specimens</NNS></NounPhrase><STOP>.</STOP></Sentence></Document>
<?xml version="1.0" encoding="UTF-8"?>
<Document><Sentence><NounPhrase><PROCEDURE><_-LRB->(</_-LRB-><CD>1</CD><_-RRB->)</_-RRB-></PROCEDURE></NounPhrase></Sentence><Sentence><NounPhrase><NNP>Corrosion</NNP><NN>resistance</NN></NounPhrase><NounPhrase><DT-THE>The</DT-THE><NNS>edges</NNS><CC>and</CC><NNS>backs</NNS><PrepPhrase><IN-OF>of</IN-OF><NounPhrase><DT-THE>the</DT-THE><NNS>specimens</NNS></NounPhrase></PrepPhrase></NounPhrase><VerbPhrase><VBD>were</VBD><JJ-CHEM>cov-ered</JJ-CHEM><PrepPhrase><IN-WITH>with</IN-WITH><NounPhrase><DT>a</DT><JJ-CHEM>sealing</JJ-CHEM><NN>tape</NN></NounPhrase></PrepPhrase></VerbPhrase><STOP>.</STOP></Sentence></Document>
<?xml version="1.0" encoding="UTF-8"?>
<Document><Sentence><NounPhrase><DT-THE>The</DT-THE><NNS>specimens</NNS></NounPhrase><VerbPhrase><VBD>were</VBD><RB-CONJ>then</RB-CONJ><VB>sub-jected</VB><PrepPhrase><TO>to</TO><NounPhrase><DT-THE>the</DT-THE><MIXTURE><_-LRB->(</_-LRB-><JJ>JIS</JJ><NNP>Z2371</NNP><_-RRB->)</_-RRB-></MIXTURE><NN-CHEMENTITY>salt</NN-CHEMENTITY><NN>spray</NN><NN>test</NN></NounPhrase></PrepPhrase></VerbPhrase><COMMA>,</COMMA><CC>and</CC><ActionPhrase type="Wait"><NounPhrase><DT-THE>the</DT-THE><NN>condi-tion</NN><PrepPhrase><IN-OF>of</IN-OF><NounPhrase><JJ>white</JJ><NN>rust</NN></NounPhrase></PrepPhrase></NounPhrase><VerbPhrase><VBD>generated</VBD><TimePhrase><IN-AFTER>after</IN-AFTER><CD>72</CD><NN-TIME>hours</NN-TIME></TimePhrase></VerbPhrase></ActionPhrase><VerbPhrase><VBD>was</VBD><VBN>observed</VBN></VerbPhrase><STOP>.</STOP></Sentence></Document>
<?xml version="1.0" encoding="UTF-8"?>
<Document><Sentence><Unmatched><RB>Also</RB></Unmatched><Unmatched><COMMA>,</COMMA></Unmatched><NounPhrase><DT>a</DT><NN-CHEMENTITY>salt</NN-CHEMENTITY><NN>spray</NN><NN>test</NN></NounPhrase><VerbPhrase><VBD>was</VBD><VBN>done</VBN></VerbPhrase><PrepPhrase><IN-AFTER>after</IN-AFTER><NounPhrase><DT>alka-NKK</DT><NNP>TECHNICAL</NNP><NNP>REVIEW</NNP><NNP>No</NNP></NounPhrase></PrepPhrase><STOP>.</STOP></Sentence></Document>
<?xml version="1.0" encoding="UTF-8"?>
<Document><Sentence><NounPhrase><CD>84(2001)26</CD><NN>line</NN><NN>degreasing</NN></NounPhrase><Unmatched><_-LRB->(</_-LRB-></Unmatched><NounPhrase><QUANTITY><MASS><CD>10</CD><NN-MASS>g</NN-MASS></MASS></QUANTITY><DASH>/</DASH><NN-VOL>liter</NN-VOL><COMMA>,</COMMA><CD>60℃</CD><COMMA>,</COMMA><CD>2</CD><NN-TIME>min</NN-TIME></NounPhrase><STOP>.</STOP></Sentence></Document>
<?xml version="1.0" encoding="UTF-8"?>
<Document><Sentence><VerbPhrase><VBG>spraying</VBG></VerbPhrase><Unmatched><_-RRB->)</_-RRB-></Unmatched><NounPhrase><PRP>us-ing</PRP><MOLECULE><OSCARCM><OSCAR-CM>CL-N364S</OSCAR-CM></OSCARCM></MOLECULE></NounPhrase><PrepPhrase><IN-BY>by</IN-BY><NounPhrase><NNP>NIHON</NNP><NNP>PARKERIZING</NNP><NNP>CO</NNP></NounPhrase></PrepPhrase><STOP>.</STOP></Sentence><Sentence><Unmatched><COMMA>,</COMMA></Unmatched></Sentence></Document>
<?xml version="1.0" encoding="UTF-8"?>
<Document><Sentence><NounPhrase><MOLECULE><OSCARCM><OSCAR-CM>LTD</OSCAR-CM></OSCARCM></MOLECULE></NounPhrase><STOP>.</STOP></Sentence></Document>
<?xml version="1.0" encoding="UTF-8"?>
<Document><Sentence><NounPhrase><PROCEDURE><_-LRB->(</_-LRB-><CD>2</CD><_-RRB->)</_-RRB-></PROCEDURE></NounPhrase></Sentence><Sentence><NounPhrase><NNP>Anti-fingerprint</NNP><NN>property</NN></NounPhrase><NounPhrase><DT-THE>The</DT-THE><NNS>specimens</NNS></NounPhrase><VerbPhrase><VBD>were</VBD><VB-IMMERSE>immersed</VB-IMMERSE><PrepPhrase><IN-IN>in</IN-IN><NounPhrase><DT>an</DT><JJ>artificial</JJ><JJ-CHEM>sweat</JJ-CHEM><NN-CHEMENTITY>solution</NN-CHEMENTITY></NounPhrase></PrepPhrase></VerbPhrase><COMMA>,</COMMA><ActionPhrase type="Dry"><VerbPhrase><VB-DRY>dried</VB-DRY></VerbPhrase></ActionPhrase><CC>and</CC><VerbPhrase><VBN>compared</VBN><PrepPhrase><IN-FOR>for</IN-FOR><NounPhrase><NN>color</NN><NN>difference</NN><COMMA>,</COMMA><NNP>Δ</NNP><NNP>E</NNP></NounPhrase></PrepPhrase></VerbPhrase><COMMA>,</COMMA><Unmatched><IN-BEFORE>before</IN-BEFORE></Unmatched><Unmatched><CC>and</CC></Unmatched><PrepPhrase><IN-AFTER>after</IN-AFTER><NounPhrase><DT-THE>the</DT-THE><NN>treatment</NN></NounPhrase></PrepPhrase><STOP>.</STOP></Sentence><Sentence><Unmatched><_-LRB->(</_-LRB-></Unmatched></Sentence></Document>
<?xml version="1.0" encoding="UTF-8"?>
<Document><Sentence><NounPhrase><PROCEDURE><CD>3</CD></PROCEDURE><_-RRB->)</_-RRB-></NounPhrase></Sentence><Sentence><NounPhrase><NNP>Electrical</NNP><NN>conductivity</NN></NounPhrase><NounPhrase><DT-THE>The</DT-THE><NNPS>JIS</NNPS></NounPhrase><PrepPhrase><IN>C2550</IN><NounPhrase><PROCEDURE><NN-METHOD>method</NN-METHOD></PROCEDURE></NounPhrase></PrepPhrase><VerbPhrase><VBD>was</VBD><VBN>used</VBN></VerbPhrase><VerbPhrase><TO>to</TO><VB>measure</VB></VerbPhrase><NounPhrase><DT-THE>the</DT-THE><NN-CHEMENTITY>inter-layer</NN-CHEMENTITY><NN>resistance</NN><PrepPhrase><IN-OF>of</IN-OF><NounPhrase><DT-THE>the</DT-THE><NN>coating</NN></NounPhrase></PrepPhrase></NounPhrase><STOP>.</STOP></Sentence></Document>
<?xml version="1.0" encoding="UTF-8"?>
<Document><Sentence><NounPhrase><DT>A</DT><CD>four-pin-probe</CD><NNP>Lolesta</NNP><NNP>AP</NNP><MIXTURE><_-LRB->(</_-LRB-><NNP>Mitsubishi</NNP><NNP>Chemical</NNP><MOLECULE><OSCARCM><OSCAR-CM>Co</OSCAR-CM></OSCARCM></MOLECULE><STOP>.</STOP><COMMA>,</COMMA><NNP>Ltd</NNP><STOP>.</STOP><_-RRB->)</_-RRB-></MIXTURE></NounPhrase><PrepPhrase><IN-WITH>with</IN-WITH><NounPhrase><MOLECULE><OSCARCM><OSCAR-CM>ASP</OSCAR-CM></OSCARCM></MOLECULE><NN>probe</NN><NN>measuring</NN><NNS>terminals</NNS></NounPhrase></PrepPhrase><VerbPhrase><VBD>was</VBD><VBN>used</VBN></VerbPhrase><VerbPhrase><TO>to</TO><VB>measure</VB></VerbPhrase><NounPhrase><DT-THE>the</DT-THE><JJ-CHEM>surface</JJ-CHEM><NN>resistance</NN></NounPhrase><STOP>.</STOP></Sentence></Document>
<?xml version="1.0" encoding="UTF-8"?>
<Document><Sentence><NounPhrase><PROCEDURE><_-LRB->(</_-LRB-><CD>4</CD><_-RRB->)</_-RRB-></PROCEDURE></NounPhrase></Sentence><Sentence><NounPhrase><NNP>Spot</NNP><NN>weldability</NN><NNP>Determination</NNP><PrepPhrase><IN-OF>of</IN-OF><NounPhrase><DT-THE>the</DT-THE><JJ>optimum</JJ><NN>range</NN><PrepPhrase><IN-OF>of</IN-OF><NounPhrase><NN>welding</NN><NN>cur-rent</NN></NounPhrase></PrepPhrase></NounPhrase></PrepPhrase></NounPhrase><VerbPhrase><VBD>was</VBD><VBN>done</VBN><VB-USE>using</VB-USE></VerbPhrase><NounPhrase><MOLECULE><OSCARCM><OSCAR-CM>Cu-Cr</OSCAR-CM></OSCARCM></MOLECULE><NNS>electrodes</NNS></NounPhrase><PrepPhrase><IN-UNDER>under</IN-UNDER><NounPhrase><DT>a</DT><JJ-CHEM>welding</JJ-CHEM><NN>force</NN><PrepPhrase><IN-OF>of</IN-OF><NounPhrase><CD>300</CD><NN>kgf</NN><COMMA>,</COMMA><CC>and</CC><JJ>continuous</JJ><JJ-CHEM>spot</JJ-CHEM><NN>welding</NN><NNS>tests</NNS></NounPhrase></PrepPhrase></NounPhrase></PrepPhrase><VerbPhrase><VBD>were</VBD><VBN>done</VBN><PrepPhrase><IN-ON>on</IN-ON><NounPhrase><CD>1.2</CD><CD>mm</CD><JJ>thick</JJ><NN>sheets</NN></NounPhrase></PrepPhrase></VerbPhrase><STOP>.</STOP></Sentence></Document>
<?xml version="1.0" encoding="UTF-8"?>
<Document><Sentence><ActionPhrase type="Yield"><Unmatched><DT-THE>The</DT-THE></Unmatched><VerbPhrase><VB-YIELD>results</VB-YIELD><PrepPhrase><IN-OF>of</IN-OF><NounPhrase><JJ-CHEM>con-tinuous</JJ-CHEM><JJ-CHEM>spot</JJ-CHEM><NN>welding</NN><NNS>tests</NNS></NounPhrase></PrepPhrase></VerbPhrase></ActionPhrase><VerbPhrase><VBD>were</VBD><VBN>evaluated</VBN><PrepPhrase><IN-IN>in</IN-IN><NounPhrase><NNS>terms</NNS><PrepPhrase><IN-OF>of</IN-OF><NounPhrase><DT-THE>the</DT-THE><JJ-CHEM>weld</JJ-CHEM><NN>nugget</NN><NNS>diameters</NNS></NounPhrase></PrepPhrase></NounPhrase></PrepPhrase></VerbPhrase><STOP>.</STOP></Sentence></Document>
<?xml version="1.0" encoding="UTF-8"?>
<Document><Sentence><NounPhrase><PROCEDURE><_-LRB->(</_-LRB-><CD>5</CD><_-RRB->)</_-RRB-></PROCEDURE></NounPhrase></Sentence><Sentence><NounPhrase><NNP>Paint</NNP><NN>adhesion</NN></NounPhrase><PrepPhrase><IN-AFTER>After</IN-AFTER><NounPhrase><MOLECULE><OSCARCM><OSCAR-CM>alkaline</OSCAR-CM></OSCARCM></MOLECULE><NN>degreasing</NN></NounPhrase></PrepPhrase><VerbPhrase><VB-USE>using</VB-USE></VerbPhrase><NounPhrase><MOLECULE><OSCARCM><OSCAR-CM>CL-N364S</OSCAR-CM></OSCARCM></MOLECULE><PrepPhrase><IN-OF>of</IN-OF><NounPhrase><MOLECULE><OSCARCM><OSCAR-CM>NIHON</OSCAR-CM></OSCARCM></MOLECULE><NNP>PARKERIZING</NNP><NNP>CO</NNP></NounPhrase></PrepPhrase></NounPhrase><STOP>.</STOP></Sentence><Sentence><Unmatched><COMMA>,</COMMA></Unmatched></Sentence></Document>
<?xml version="1.0" encoding="UTF-8"?>
<Document><Sentence><NounPhrase><MOLECULE><OSCARCM><OSCAR-CM>LTD</OSCAR-CM></OSCARCM></MOLECULE></NounPhrase><STOP>.</STOP></Sentence><Sentence><Unmatched><_-LRB->(</_-LRB-></Unmatched></Sentence></Document>
<?xml version="1.0" encoding="UTF-8"?>
<Document><Sentence><NounPhrase><CD>60℃</CD><COMMA>,</COMMA><CD>2</CD><NN-TIME>min</NN-TIME></NounPhrase><STOP>.</STOP></Sentence></Document>
<?xml version="1.0" encoding="UTF-8"?>
<Document><Sentence><NounPhrase><NN>spraying</NN></NounPhrase><Unmatched><_-RRB->)</_-RRB-></Unmatched><Unmatched><COMMA>,</COMMA></Unmatched><NounPhrase><DT-THE>the</DT-THE><NNS>specimens</NNS></NounPhrase><VerbPhrase><VBD>were</VBD><VBN>painted</VBN><PrepPhrase><IN-WITH>with</IN-WITH><NounPhrase><DT>thermo-setting</DT><NN>paint</NN></NounPhrase></PrepPhrase></VerbPhrase><VerbPhrase><VBG>consisting</VBG><PrepPhrase><IN-OF>of</IN-OF><NounPhrase><DT>a</DT><MOLECULE><OSCARCM><OSCAR-CM>melamine</OSCAR-CM></OSCARCM></MOLECULE></NounPhrase></PrepPhrase></VerbPhrase><VerbPhrase><VBN>alkyd</VBN></VerbPhrase><NounPhrase><NN-CHEMENTITY>resin</NN-CHEMENTITY><COMMA>,</COMMA><MOLECULE><OSCARCM><OSCAR-CM>Delicon</OSCAR-CM></OSCARCM><REFERENCETOCOMPOUND><CD>#700</CD></REFERENCETOCOMPOUND></MOLECULE><PrepPhrase><IN-OF>of</IN-OF><NounPhrase><NNP>Dai</NNP><NNP>Nippon</NNP><NNP>Toryo</NNP><MOLECULE><OSCARCM><OSCAR-CM>Co</OSCAR-CM></OSCARCM></MOLECULE></NounPhrase></PrepPhrase></NounPhrase><STOP>.</STOP></Sentence><Sentence><Unmatched><COMMA>,</COMMA></Unmatched><NounPhrase><NNP>Ltd</NNP></NounPhrase><STOP>.</STOP></Sentence><Sentence><PrepPhrase><TO>to</TO><NounPhrase><DT>a</DT><JJ-CHEM>film</JJ-CHEM><NN>thickness</NN><PrepPhrase><IN-OF>of</IN-OF><NounPhrase><JJ>30µ</JJ><NN>m</NN></NounPhrase></PrepPhrase></NounPhrase></PrepPhrase><STOP>.</STOP></Sentence><Sentence><NounPhrase><DT-THE>The</DT-THE><NNS>specimens</NNS></NounPhrase><VerbPhrase><VBD>were</VBD><VBN>tested</VBN><PrepPhrase><IN-FOR>for</IN-FOR><NounPhrase><NN>paint</NN><CC>and</CC><JJ>wet</JJ><NN>adhesion</NN></NounPhrase></PrepPhrase></VerbPhrase><COMMA>,</COMMA><NounPhrase><DT-THE>the</DT-THE><NN>latter</NN></NounPhrase><PrepPhrase><IN-AFTER>after</IN-AFTER><NounPhrase><NN>immersion</NN></NounPhrase></PrepPhrase><VerbPhrase><IN-IN>in</IN-IN><VBG>boiling</VBG></VerbPhrase><NounPhrase><MOLECULE><OSCARCM><OSCAR-CM>water</OSCAR-CM></OSCARCM></MOLECULE></NounPhrase><TimePhrase><IN-FOR>for</IN-FOR><CD>two</CD><NN-TIME>hours</NN-TIME></TimePhrase><STOP>.</STOP></Sentence></Document>
<?xml version="1.0" encoding="UTF-8"?>
<Document><Sentence><NounPhrase><DT-THE>The</DT-THE><JJ-CHEM>paint</JJ-CHEM><NN>adhesion</NN></NounPhrase><VerbPhrase><IN>per-formance</IN><VBD>was</VBD><VBN>evaluated</VBN><PrepPhrase><IN-BY>by</IN-BY><NounPhrase><DT-THE>the</DT-THE><NNP>Erichsen</NNP><PROCEDURE><NN-METHOD>method</NN-METHOD></PROCEDURE></NounPhrase></PrepPhrase></VerbPhrase><STOP>.</STOP></Sentence></Document>
<?xml version="1.0" encoding="UTF-8"?>
<Document><Sentence><PrepPhrase><IN-IN>In</IN-IN><NounPhrase><DT>this</DT><PROCEDURE><NN-METHOD>method</NN-METHOD></PROCEDURE></NounPhrase></PrepPhrase><NounPhrase><DT>a</DT><JJ-CHEM>cross</JJ-CHEM><NN>cut</NN><NN>portion</NN></NounPhrase><VerbPhrase><VBD>was</VBD><VBN>tested</VBN><RB>first</RB><PrepPhrase><IN-FOR>for</IN-FOR><NounPhrase><DT-THE>the</DT-THE><NN>degree</NN><PrepPhrase><IN-OF>of</IN-OF><NounPhrase><NN>peeling</NN><PrepPhrase><IN-OF>of</IN-OF><NounPhrase><DT-THE>the</DT-THE><NN>paint</NN><WRB>when</WRB></NounPhrase></PrepPhrase></NounPhrase></PrepPhrase></NounPhrase></PrepPhrase></VerbPhrase><NounPhrase><DT>a</DT><JJ>pressed</JJ><NN>tape</NN></NounPhrase><VerbPhrase><VBD>was</VBD><VBN>detached</VBN></VerbPhrase><STOP>;</STOP></Sentence><Sentence><Unmatched><CC>and</CC></Unmatched><PrepPhrase><JJ>second</JJ><IN-BY>by</IN-BY><NounPhrase><DT-THE>the</DT-THE><NN>degree</NN><PrepPhrase><IN-OF>of</IN-OF><NounPhrase><NN>paint</NN><NN>peeling</NN></NounPhrase></PrepPhrase></NounPhrase></PrepPhrase><VerbPhrase><IN-BY>by</IN-BY><VBG>pulling</VBG></VerbPhrase><NounPhrase><DT>a</DT><JJ>pressed</JJ><NN>tape</NN></NounPhrase><PrepPhrase><IN-AFTER>after</IN-AFTER><NounPhrase><DT-THE>the</DT-THE><JJ-CHEM>cross</JJ-CHEM><NN>cut</NN><NN>area</NN></NounPhrase></PrepPhrase><VerbPhrase><VBD>had</VBD><VBN>been</VBN><VBN>extruded</VBN><PrepPhrase><TO>to</TO><NounPhrase><DT>a</DT><NN>length</NN><PrepPhrase><IN-OF>of</IN-OF><NounPhrase><CD>5</CD><CD>mm</CD></NounPhrase></PrepPhrase></NounPhrase></PrepPhrase></VerbPhrase><STOP>.</STOP></Sentence></Document>
<?xml version="1.0" encoding="UTF-8"?>
<Document><Sentence><NounPhrase><PROCEDURE><_-LRB->(</_-LRB-><CD>6</CD><_-RRB->)</_-RRB-></PROCEDURE></NounPhrase></Sentence><Sentence><NounPhrase><NNP>Coefficient</NNP><PrepPhrase><IN-OF>of</IN-OF><NounPhrase><NN>friction</NN><NNP>Coefficient</NNP><PrepPhrase><IN-OF>of</IN-OF><NounPhrase><JJ>dynamic</JJ><NN>friction</NN></NounPhrase></PrepPhrase></NounPhrase></PrepPhrase></NounPhrase><VerbPhrase><VBD>was</VBD><VBN>measured</VBN></VerbPhrase><VerbPhrase><IN-BY>by</IN-BY><VB-USE>using</VB-USE></VerbPhrase><NounPhrase><DT>a</DT><NN>bead</NN><COMMA>,</COMMA><WDT>which</WDT></NounPhrase><VerbPhrase><VBD>was</VBD><VBN>made</VBN><PrepPhrase><IN-OF>of</IN-OF><NounPhrase><MOLECULE><OSCARCM><OSCAR-CM>SKD11</OSCAR-CM></OSCARCM></MOLECULE><CC>and</CC><JJ-CHEM>mea-sured</JJ-CHEM><CD>1</CD><CD>mm</CD></NounPhrase></PrepPhrase><PrepPhrase><IN-BY>by</IN-BY><NounPhrase><CD>12</CD><CD>mm</CD></NounPhrase></PrepPhrase><PrepPhrase><IN-ON>on</IN-ON><NounPhrase><DT-THE>the</DT-THE><JJ>flat</JJ><NN>portion</NN><PrepPhrase><IN-OF>of</IN-OF><NounPhrase><DT-THE>the</DT-THE><NN>tip</NN></NounPhrase></PrepPhrase></NounPhrase></PrepPhrase><COMMA>,</COMMA><PrepPhrase><IN-UNDER>under</IN-UNDER><NounPhrase><DT>a</DT><NN-PRESSURE>pressure</NN-PRESSURE><PrepPhrase><IN-OF>of</IN-OF><NounPhrase><QUANTITY><MOLAR><CD>80</CD><NN-MOLAR>N/mm2</NN-MOLAR></MOLAR></QUANTITY></NounPhrase></PrepPhrase></NounPhrase></PrepPhrase><PrepPhrase><IN>at</IN><NounPhrase><DT>a</DT><JJ>drawing</JJ><NN>speed</NN><PrepPhrase><IN-OF>of</IN-OF><NounPhrase><CD>500</CD><NN-TIME>mm/min</NN-TIME></NounPhrase></PrepPhrase></NounPhrase></PrepPhrase></VerbPhrase><STOP>.</STOP></Sentence></Document>
<?xml version="1.0" encoding="UTF-8"?>
<Document><Sentence><NounPhrase><PROCEDURE><CD>5</CD></PROCEDURE><STOP>.</STOP></NounPhrase></Sentence></Document>
<?xml version="1.0" encoding="UTF-8"?>
<Document><Sentence><NounPhrase><NNP>Characteristics</NNP><PrepPhrase><IN-OF>of</IN-OF><NounPhrase><MOLECULE><OSCARCM><OSCAR-CM>GEO-FRONTIER-COAT</OSCAR-CM></OSCARCM><REFERENCETOCOMPOUND><CD>5.1</CD></REFERENCETOCOMPOUND></MOLECULE><NNP>Corrosion</NNP><NN>resistance</NN><COMMA>,</COMMA><NN>corrosion</NN><NN>resistance</NN></NounPhrase></PrepPhrase></NounPhrase><PrepPhrase><IN-AFTER>after</IN-AFTER><NounPhrase><MOLECULE><OSCARCM><OSCAR-CM>alkaline</OSCAR-CM></OSCARCM></MOLECULE><NN>degreasing</NN><NNP>Photo</NNP><CD>1</CD></NounPhrase></PrepPhrase><VerbPhrase><VBZ>shows</VBZ></VerbPhrase><NounPhrase><DT-THE>the</DT-THE><NN>appearance</NN><PrepPhrase><IN-OF>of</IN-OF><NounPhrase><NNS>specimens</NNS></NounPhrase></PrepPhrase></NounPhrase><PrepPhrase><IN-AFTER>after</IN-AFTER><NounPhrase><DT-THE>the</DT-THE><NN-CHEMENTITY>salt</NN-CHEMENTITY><NN>spray</NN><NN>test</NN></NounPhrase></PrepPhrase><STOP>.</STOP></Sentence></Document>
<?xml version="1.0" encoding="UTF-8"?>
<Document><Sentence><ActionPhrase type="Degass"><NounPhrase><CD>One</CD><NN>specimen</NN></NounPhrase><VerbPhrase><VBD>was</VBD><VB-SUBJECT>subjected</VB-SUBJECT><PrepPhrase><TO>to</TO><NounPhrase><DT-THE>the</DT-THE><NN-CHEMENTITY>salt</NN-CHEMENTITY><NN>spray</NN><NN>test</NN></NounPhrase></PrepPhrase></VerbPhrase><RB>only</RB></ActionPhrase><COMMA>,</COMMA><ActionPhrase type="Degass"><Unmatched><IN>while</IN></Unmatched><Unmatched><DT-THE>the</DT-THE></Unmatched><VerbPhrase><JJ>other</JJ><VBD>was</VBD><VB-SUBJECT>subjected</VB-SUBJECT><PrepPhrase><TO>to</TO><NounPhrase><MOLECULE><OSCARCM><OSCAR-CM>alkali</OSCAR-CM></OSCARCM></MOLECULE><NN>degreasing</NN></NounPhrase></PrepPhrase><PrepPhrase><IN-BEFORE>before</IN-BEFORE><NounPhrase><DT-THE>the</DT-THE><NN-CHEMENTITY>salt</NN-CHEMENTITY><NN>spray</NN><NN>test</NN></NounPhrase></PrepPhrase></VerbPhrase></ActionPhrase><STOP>.</STOP></Sentence></Document>
<?xml version="1.0" encoding="UTF-8"?>
<Document><Sentence><ActionPhrase type="Wait"><NounPhrase><DT-THE>The</DT-THE><FW>evalu-ation</FW></NounPhrase><VerbPhrase><VBD>was</VBD><VBN>based</VBN><PrepPhrase><IN-ON>on</IN-ON><NounPhrase><NNS>conditions</NNS></NounPhrase></PrepPhrase><TimePhrase><IN-AFTER>after</IN-AFTER><DT>a</DT><CD>72</CD><NN-TIME>hour</NN-TIME></TimePhrase></VerbPhrase></ActionPhrase><NounPhrase><NN-CHEMENTITY>salt</NN-CHEMENTITY><NN>spray</NN></NounPhrase><STOP>.</STOP></Sentence></Document>
<?xml version="1.0" encoding="UTF-8"?>
<Document><Sentence><NounPhrase><MOLECULE><OSCARCM><OSCAR-CM>GF</OSCAR-CM></OSCARCM><JJ>exhibited</JJ></MOLECULE><JJ>excellent</JJ><JJ-CHEM>corrosion</JJ-CHEM><NN>resistance</NN></NounPhrase><VerbPhrase><IN-WITHOUT>without</IN-WITHOUT><VBG>growing</VBG><JJ>white</JJ></VerbPhrase><NounPhrase><NN>rust</NN></NounPhrase><PrepPhrase><IN-ON>on</IN-ON><NounPhrase><PRP_>its</PRP_><JJ>flat</JJ><NN>portion</NN></NounPhrase></PrepPhrase><COMMA>,</COMMA><VerbPhrase><IN-AS>as</IN-AS><VBD>was</VBD></VerbPhrase><NounPhrase><DT-THE>the</DT-THE><NN>case</NN></NounPhrase><PrepPhrase><IN-FOR>for</IN-FOR><NounPhrase><DT-THE>the</DT-THE><JJ-CHEM>organic</JJ-CHEM><JJ>composite</JJ><JJ>coated</JJ><NN>sheet</NN><UNNAMEDMOLECULE><REFERENCETOCOMPOUND><_-LRB->(</_-LRB-><NN-IDENTIFIER>A</NN-IDENTIFIER><_-RRB->)</_-RRB-></REFERENCETOCOMPOUND></UNNAMEDMOLECULE></NounPhrase></PrepPhrase><STOP>.</STOP></Sentence></Document>
<?xml version="1.0" encoding="UTF-8"?>
<Document><Sentence><NounPhrase><MOLECULE><OSCARCM><OSCAR-CM>GF</OSCAR-CM></OSCARCM></MOLECULE></NounPhrase><VerbPhrase><VBD>showed</VBD><RB>virtually</RB></VerbPhrase><NounPhrase><DT>no</DT><NN>decline</NN></NounPhrase><PrepPhrase><IN-IN>in</IN-IN><NounPhrase><NN>corrosion</NN><NN>resistance</NN></NounPhrase></PrepPhrase><COMMA>,</COMMA><PrepPhrase><RB>even</RB><IN-AFTER>after</IN-AFTER><NounPhrase><MOLECULE><OSCARCM><OSCAR-CM>alkali</OSCAR-CM></OSCARCM></MOLECULE><NN>degreasing</NN></NounPhrase></PrepPhrase><STOP>.</STOP></Sentence></Document>
<?xml version="1.0" encoding="UTF-8"?>
<Document><Sentence><NounPhrase><NNP>Specimen</NNP><UNNAMEDMOLECULE><REFERENCETOCOMPOUND><_-LRB->(</_-LRB-><NN-IDENTIFIER>D</NN-IDENTIFIER><_-RRB->)</_-RRB-></REFERENCETOCOMPOUND></UNNAMEDMOLECULE></NounPhrase><COMMA>,</COMMA><NounPhrase><DT>a</DT><NN>sheet</NN></NounPhrase><VerbPhrase><VBN>coated</VBN><PrepPhrase><IN-WITH>with</IN-WITH><NounPhrase><DT>an</DT><JJ-CHEM>organic</JJ-CHEM><NN-CHEMENTITY>resin</NN-CHEMENTITY></NounPhrase></PrepPhrase><PrepPhrase><IN-WITHOUT>without</IN-WITHOUT><NounPhrase><DT>a</DT><MOLECULE><OSCARCM><OSCAR-CM>chromate</OSCAR-CM></OSCARCM></MOLECULE><NN>coating</NN></NounPhrase></PrepPhrase></VerbPhrase><COMMA>,</COMMA><VerbPhrase><VBN>exhibited</VBN></VerbPhrase><NounPhrase><CaptionLabel><NNP-LABEL>Table</NNP-LABEL><CD>1</CD></CaptionLabel><NNP>Test</NNP><NNS>specimens</NNS><NNP>Photo</NNP><CD>1</CD><NNP>Corrosion</NNP><NN>resistance</NN><PrepPhrase><IN-OF>of</IN-OF><NounPhrase><JJ>various</JJ><JJ>coated</JJ><NN>steel</NN><NNS>sheets</NNS><NNP>NKK</NNP><NNP>TECHNICAL</NNP><NNP>REVIEW</NNP><NNP>No</NNP></NounPhrase></PrepPhrase></NounPhrase><STOP>.</STOP></Sentence></Document>
<?xml version="1.0" encoding="UTF-8"?>
<Document><Sentence><NounPhrase><JJ>84(2001)</JJ><CD>27</CD><JJ>white</JJ><NN>rust</NN></NounPhrase><STOP>.</STOP></Sentence></Document>
<?xml version="1.0" encoding="UTF-8"?>
<Document><Sentence><NounPhrase><DT-THE>The</DT-THE><JJ-CHEM>organic</JJ-CHEM><NN-CHEMENTITY>resin</NN-CHEMENTITY><NN>coat</NN></NounPhrase><VerbPhrase><VBN>peeled</VBN></VerbPhrase><PrepPhrase><IN-AFTER>after</IN-AFTER><NounPhrase><DT>alka-line</DT><NN>degreasing</NN></NounPhrase></PrepPhrase><COMMA>,</COMMA><CC>and</CC><NounPhrase><DT-THE>the</DT-THE><NN>sheet</NN></NounPhrase><VerbPhrase><VBD>grew</VBD><JJ>red</JJ></VerbPhrase><NounPhrase><NN>rust</NN></NounPhrase><PrepPhrase><IN-IN>in</IN-IN><NounPhrase><DT-THE>the</DT-THE><JJ-CHEM>cor-rosion</JJ-CHEM><NN>test</NN></NounPhrase></PrepPhrase><STOP>.</STOP></Sentence></Document>
<?xml version="1.0" encoding="UTF-8"?>
<Document><Sentence><NounPhrase><DT>These</DT><NN-CHEMENTITY>results</NN-CHEMENTITY></NounPhrase><VerbPhrase><VBP>indicate</VBP></VerbPhrase><Unmatched><IN>that</IN></Unmatched><Unmatched><DT-THE>the</DT-THE></Unmatched><Unmatched><JJ>special</JJ></Unmatched><Unmatched><CC>or</CC></Unmatched><NounPhrase><NN>-ganic</NN><NN>composite</NN><NN>coating</NN></NounPhrase><VerbPhrase><VBZ>makes</VBZ></VerbPhrase><NounPhrase><MOLECULE><OSCARCM><OSCAR-CM>GF</OSCAR-CM></OSCARCM></MOLECULE></NounPhrase><PrepPhrase><RB>particularly</RB><JJ>resistant</JJ><TO>to</TO><NounPhrase><NN>corrosion</NN></NounPhrase></PrepPhrase><STOP>.</STOP></Sentence></Document>
<?xml version="1.0" encoding="UTF-8"?>
<Document><Sentence><NounPhrase><MOLECULE><OSCARCM><OSCAR-CM>GF</OSCAR-CM></OSCARCM><MIXTURE><_-LRB->(</_-LRB-><JJR>thinner</JJR><NN>coating</NN><_-RRB->)</_-RRB-></MIXTURE></MOLECULE></NounPhrase><VerbPhrase><VBD>did</VBD><NEG>not</NEG><VB>grow</VB><JJ>white</JJ></VerbPhrase><NounPhrase><NN>rust</NN><WRB>when</WRB></NounPhrase><VerbPhrase><VBN>tested</VBN><PrepPhrase><IN-WITHOUT>without</IN-WITHOUT><NounPhrase><MOLECULE><OSCARCM><OSCAR-CM>alkaline</OSCAR-CM></OSCARCM></MOLECULE><NN>degreasing</NN><COMMA>,</COMMA><WDT>which</WDT></NounPhrase></PrepPhrase></VerbPhrase><VerbPhrase><VBZ>is</VBZ><JJ>indicative</JJ><PrepPhrase><IN-OF>of</IN-OF><NounPhrase><PRP_>its</PRP_><JJ>excellent</JJ><JJ-CHEM>corrosion</JJ-CHEM><NN>resistance</NN></NounPhrase></PrepPhrase></VerbPhrase><STOP>.</STOP></Sentence></Document>
<?xml version="1.0" encoding="UTF-8"?>
<Document><Sentence><NounPhrase><CD>5.2</CD><JJ>Anti-fingerprint</JJ><NN>property</NN><MOLECULE><OSCARCM><OSCAR-CM>GF</OSCAR-CM></OSCARCM></MOLECULE></NounPhrase><COMMA>,</COMMA><PrepPhrase><IN>like</IN><NounPhrase><JJ-CHEM>organic</JJ-CHEM><JJ>composite</JJ><JJ>coated</JJ><JJ-CHEM>steel</JJ-CHEM><NN>sheet</NN><UNNAMEDMOLECULE><REFERENCETOCOMPOUND><_-LRB->(</_-LRB-><NN-IDENTIFIER>A</NN-IDENTIFIER><_-RRB->)</_-RRB-></REFERENCETOCOMPOUND></UNNAMEDMOLECULE><COMMA>,</COMMA><JJ>exhibited</JJ><MOLECULE><OSCARCM><OSCAR-CM>△E</OSCAR-CM></OSCARCM></MOLECULE><SYM>&lt;</SYM><CD>1</CD><MIXTURE><_-LRB->(</_-LRB-><MOLECULE><OSCARCM><OSCAR-CM>△E</OSCAR-CM></OSCARCM></MOLECULE><IN-OF>of</IN-OF><JJR>less</JJR><IN>than</IN><CD>1</CD><_-RRB->)</_-RRB-></MIXTURE></NounPhrase></PrepPhrase><PrepPhrase><IN-AFTER>after</IN-AFTER><NounPhrase><NN>immersion</NN></NounPhrase></PrepPhrase><PrepPhrase><IN-IN>in</IN-IN><NounPhrase><JJ>artificial</JJ><NN-STATE>liquid</NN-STATE><NN>sweat</NN></NounPhrase></PrepPhrase><STOP>.</STOP></Sentence></Document>
<?xml version="1.0" encoding="UTF-8"?>
<Document><Sentence><NounPhrase><DT>This</DT><NN-CHEMENTITY>result</NN-CHEMENTITY></NounPhrase><VerbPhrase><VBZ>is</VBZ><JJ>indicative</JJ><PrepPhrase><IN-OF>of</IN-OF><NounPhrase><JJ>excellent</JJ><JJ>anti-fingerprint</JJ><NN>property</NN></NounPhrase></PrepPhrase></VerbPhrase><STOP>.</STOP></Sentence></Document>
<?xml version="1.0" encoding="UTF-8"?>
<Document><Sentence><Unmatched><_-LRB->(</_-LRB-></Unmatched><NounPhrase><NNP>Refer</NNP></NounPhrase><PrepPhrase><TO>to</TO><NounPhrase><NNP-LABEL>Fig.</NNP-LABEL></NounPhrase></PrepPhrase></Sentence></Document>
<?xml version="1.0" encoding="UTF-8"?>
<Document><Sentence><NounPhrase><PROCEDURE><CD>2</CD></PROCEDURE><STOP>.</STOP></NounPhrase></Sentence><Sentence><Unmatched><_-RRB->)</_-RRB-></Unmatched></Sentence></Document>
<?xml version="1.0" encoding="UTF-8"?>
<Document><Sentence><NounPhrase><JJ>composite</JJ><JJ>coated</JJ><NN>sheet</NN><UNNAMEDMOLECULE><REFERENCETOCOMPOUND><_-LRB->(</_-LRB-><NN-IDENTIFIER>A</NN-IDENTIFIER><_-RRB->)</_-RRB-></REFERENCETOCOMPOUND></UNNAMEDMOLECULE></NounPhrase><STOP>.</STOP></Sentence></Document>
<?xml version="1.0" encoding="UTF-8"?>
<Document><Sentence><NounPhrase><MOLECULE><OSCARCM><OSCAR-CM>GF</OSCAR-CM></OSCARCM><MIXTURE><_-LRB->(</_-LRB-><JJR>thinner</JJR><NN>coating</NN><_-RRB->)</_-RRB-></MIXTURE></MOLECULE><JJ-CHEM>dem-onstrated</JJ-CHEM><JJ>superior</JJ><NN-CHEMENTITY>inter-layer</NN-CHEMENTITY><NN>resistance</NN><CC>and</CC><NN>surface</NN><NN>resistance</NN></NounPhrase><STOP>.</STOP></Sentence></Document>
<?xml version="1.0" encoding="UTF-8"?>
<Document><Sentence><NounPhrase><PRP>It</PRP></NounPhrase><VerbPhrase><MD>may</MD><VB>be</VB><VBN>noted</VBN><PrepPhrase><IN-FROM>from</IN-FROM><NounPhrase><NNP>Photo</NNP><CD>1</CD><CC>and</CC><NNP-LABEL>Fig.</NNP-LABEL></NounPhrase></PrepPhrase></VerbPhrase></Sentence></Document>
<?xml version="1.0" encoding="UTF-8"?>
<Document><Sentence><NounPhrase><CD>3</CD></NounPhrase><PrepPhrase><IN>that</IN><NounPhrase><DT-THE>the</DT-THE><JJ>special</JJ><JJ-CHEM>organic</JJ-CHEM><JJ>composite</JJ><NN>coating</NN><PrepPhrase><IN-OF>of</IN-OF><NounPhrase><DT-THE>the</DT-THE><JJ-CHEM>thin-ner</JJ-CHEM><JJ-CHEM>film</JJ-CHEM><NNP>GF</NNP></NounPhrase></PrepPhrase></NounPhrase></PrepPhrase><VerbPhrase><VBZ>is</VBZ><JJ>effective</JJ><PrepPhrase><IN-FOR>for</IN-FOR><NounPhrase><NNS>uses</NNS><WDT>that</WDT></NounPhrase></PrepPhrase></VerbPhrase><VerbPhrase><VBP>require</VBP></VerbPhrase><NounPhrase><DT>a</DT><NN>balance</NN><PrepPhrase><IN-OF>of</IN-OF><NounPhrase><JJ>good</JJ><JJ-CHEM>corrosion</JJ-CHEM><NN>resistance</NN><CC>and</CC><JJ>excellent</JJ><JJ>electric</JJ><NN>con-ductivity</NN></NounPhrase></PrepPhrase></NounPhrase><STOP>.</STOP></Sentence></Document>
<?xml version="1.0" encoding="UTF-8"?>
<Document><Sentence><NounPhrase><CD>5.4</CD><NNP>Spot</NNP><NN>weldability</NN><NNP-LABEL>Fig.</NNP-LABEL></NounPhrase></Sentence></Document>
<?xml version="1.0" encoding="UTF-8"?>
<Document><Sentence><NounPhrase><CD>4</CD></NounPhrase><VerbPhrase><VBZ>shows</VBZ></VerbPhrase><Unmatched><DT-THE>the</DT-THE></Unmatched><ActionPhrase type="Yield"><VerbPhrase><VB-YIELD>results</VB-YIELD><PrepPhrase><IN-OF>of</IN-OF><NounPhrase><DT>a</DT><JJ>continuous</JJ><JJ-CHEM>spot</JJ-CHEM><NN>weldability</NN><NN>test</NN></NounPhrase></PrepPhrase><PrepPhrase><IN-ON>on</IN-ON><NounPhrase><MOLECULE><OSCARCM><OSCAR-CM>GF</OSCAR-CM></OSCARCM><MIXTURE><_-LRB->(</_-LRB-><JJR>thinner</JJR><NN>coating</NN><_-RRB->)</_-RRB-></MIXTURE></MOLECULE></NounPhrase></PrepPhrase><CC>and</CC><PrepPhrase><IN-IN>dry-in-place</IN-IN><MOLECULE><OSCARCM><OSCAR-CM>chromate</OSCAR-CM></OSCARCM></MOLECULE></PrepPhrase></VerbPhrase><NounPhrase><NN>sheet</NN><UNNAMEDMOLECULE><REFERENCETOCOMPOUND><_-LRB->(</_-LRB-><NN-IDENTIFIER>B</NN-IDENTIFIER><_-RRB->)</_-RRB-></REFERENCETOCOMPOUND></UNNAMEDMOLECULE></NounPhrase></ActionPhrase><COMMA>,</COMMA><PrepPhrase><IN-AS>as</IN-AS><NounPhrase><DT>an</DT><NN-EXAMPLE>example</NN-EXAMPLE><PrepPhrase><IN-OF>of</IN-OF><NounPhrase><NN>weldability</NN></NounPhrase></PrepPhrase></NounPhrase></PrepPhrase><STOP>.</STOP></Sentence></Document>
<?xml version="1.0" encoding="UTF-8"?>
<Document><Sentence><NounPhrase><MOLECULE><OSCARCM><OSCAR-CM>GF</OSCAR-CM></OSCARCM><MIXTURE><_-LRB->(</_-LRB-><JJR>thinner</JJR><NN>coating</NN><_-RRB->)</_-RRB-></MIXTURE></MOLECULE></NounPhrase><VerbPhrase><VBZ>exhibited</VBZ><JJ>good</JJ></VerbPhrase><NounPhrase><JJ>continuous</JJ><JJ-CHEM>spot</JJ-CHEM><NN>weldability</NN><WDT>that</WDT></NounPhrase><VerbPhrase><VBZ>is</VBZ><JJ>comparable</JJ><PrepPhrase><TO>to</TO><IN-IN>dry-in-plate</IN-IN><NounPhrase><MOLECULE><OSCARCM><OSCAR-CM>chromate</OSCAR-CM></OSCARCM></MOLECULE><NN>sheet</NN><UNNAMEDMOLECULE><REFERENCETOCOMPOUND><_-LRB->(</_-LRB-><NN-IDENTIFIER>B</NN-IDENTIFIER><_-RRB->)</_-RRB-></REFERENCETOCOMPOUND></UNNAMEDMOLECULE></NounPhrase></PrepPhrase></VerbPhrase><STOP>.</STOP></Sentence></Document>
<?xml version="1.0" encoding="UTF-8"?>
<Document><Sentence><VerbPhrase><IN-AS>As</IN-AS><VBZ>is</VBZ></VerbPhrase><NounPhrase><DT-THE>the</DT-THE><NN>case</NN></NounPhrase><Unmatched><IN>above</IN></Unmatched><Unmatched><COMMA>,</COMMA></Unmatched><NounPhrase><DT-THE>the</DT-THE><JJ-CHEM>organic</JJ-CHEM><JJ>composite</JJ><NN>coat</NN><PrepPhrase><IN-OF>of</IN-OF><NounPhrase><DT-THE>the</DT-THE><JJR>thinner</JJR><NN>film</NN><NNP>GF</NNP></NounPhrase></PrepPhrase></NounPhrase><VerbPhrase><VBZ>is</VBZ><VBN>suited</VBN><PrepPhrase><TO>to</TO><NounPhrase><NNS>applications</NNS><WDT>that</WDT></NounPhrase></PrepPhrase></VerbPhrase><VerbPhrase><VBP>require</VBP></VerbPhrase><NounPhrase><DT>a</DT><NN>balance</NN><PrepPhrase><IN-OF>of</IN-OF><NounPhrase><JJ>good</JJ><JJ-CHEM>corrosion</JJ-CHEM><NN>resistance</NN><CC>and</CC><JJ>excellent</JJ><NN>weldability</NN></NounPhrase></PrepPhrase></NounPhrase><STOP>.</STOP></Sentence></Document>
<?xml version="1.0" encoding="UTF-8"?>
<Document><Sentence><NounPhrase><NNP-LABEL>Fig.</NNP-LABEL></NounPhrase></Sentence></Document>
<?xml version="1.0" encoding="UTF-8"?>
<Document><Sentence><NounPhrase><CD>2</CD><JJ>Anti-fingerprint</JJ><NN>property</NN><PrepPhrase><IN-OF>of</IN-OF><NounPhrase><JJ>various</JJ><JJ>coated</JJ><NN>steel</NN><NNS>sheets</NNS><CD>5.3</CD><NNP>Electrical</NNP><NN>conductivity</NN><NNP-LABEL>Fig.</NNP-LABEL></NounPhrase></PrepPhrase></NounPhrase></Sentence></Document>
<?xml version="1.0" encoding="UTF-8"?>
<Document><Sentence><NounPhrase><CD>3</CD></NounPhrase><VerbPhrase><VBZ>shows</VBZ></VerbPhrase><NounPhrase><DT-THE>the</DT-THE><NN-CHEMENTITY>inter-layer</NN-CHEMENTITY><CC>and</CC><NN>surface</NN><NN>resistance</NN></NounPhrase><STOP>.</STOP></Sentence></Document>
<?xml version="1.0" encoding="UTF-8"?>
<Document><Sentence><NounPhrase><MOLECULE><OSCARCM><OSCAR-CM>GF</OSCAR-CM></OSCARCM><JJ>showed</JJ></MOLECULE><NNS>values</NNS><PrepPhrase><IN-OF>of</IN-OF><NounPhrase><NN-CHEMENTITY>inter-layer</NN-CHEMENTITY><NN>resistance</NN><CC>and</CC><NN>surface</NN><NN>resistance</NN><WDT>that</WDT></NounPhrase></PrepPhrase></NounPhrase><VerbPhrase><VBP>are</VBP><JJ>comparable</JJ></VerbPhrase><Unmatched><TO>to</TO></Unmatched><Unmatched><DT>those</DT></Unmatched><PrepPhrase><IN-OF>of</IN-OF><NounPhrase><DT-THE>the</DT-THE><JJ-CHEM>organic</JJ-CHEM><NNP-LABEL>Fig.</NNP-LABEL></NounPhrase></PrepPhrase></Sentence></Document>
<?xml version="1.0" encoding="UTF-8"?>
<Document><Sentence><NounPhrase><CD>3</CD><NNP>Electric</NNP><NN>resistance</NN><PrepPhrase><IN-OF>of</IN-OF><NounPhrase><JJ>various</JJ><JJ>coated</JJ><NN>steel</NN><NNS>sheets</NNS><NNP-LABEL>Fig.</NNP-LABEL></NounPhrase></PrepPhrase></NounPhrase></Sentence></Document>
<?xml version="1.0" encoding="UTF-8"?>
<Document><Sentence><NounPhrase><CD>4</CD><NNP>Weldability</NNP><PrepPhrase><IN-OF>of</IN-OF><NounPhrase><MOLECULE><OSCARCM><OSCAR-CM>GF</OSCAR-CM></OSCARCM></MOLECULE><CC>and</CC><MOLECULE><OSCARCM><OSCAR-CM>chromate</OSCAR-CM></OSCARCM><JJ>coated</JJ></MOLECULE><JJ-CHEM>steel</JJ-CHEM><NN>sheet</NN><CD>5.5</CD><NNP>Paint</NNP><NN>adhesion</NN><MOLECULE><OSCARCM><OSCAR-CM>GF</OSCAR-CM></OSCARCM><JJ>showed</JJ></MOLECULE><JJ>good</JJ><JJ-CHEM>paint</JJ-CHEM><NN>adhesion</NN><CC>and</CC><JJ>wet</JJ><NN>adhesion</NN></NounPhrase></PrepPhrase></NounPhrase><PrepPhrase><IN-AFTER>after</IN-AFTER><NounPhrase><NN>immersion</NN></NounPhrase></PrepPhrase><VerbPhrase><IN-IN>in</IN-IN><VBG>boiling</VBG></VerbPhrase><NounPhrase><MOLECULE><OSCARCM><OSCAR-CM>water</OSCAR-CM></OSCARCM></MOLECULE></NounPhrase><VerbPhrase><DT>that</DT><VBZ>is</VBZ><JJ>comparable</JJ></VerbPhrase><Unmatched><TO>to</TO></Unmatched><Unmatched><DT>those</DT></Unmatched><PrepPhrase><IN-OF>of</IN-OF><NounPhrase><JJ-CHEM>organic</JJ-CHEM><JJ>composite</JJ><JJ>coated</JJ><JJ-CHEM>steel</JJ-CHEM><NN>sheet</NN><UNNAMEDMOLECULE><REFERENCETOCOMPOUND><_-LRB->(</_-LRB-><NN-IDENTIFIER>A</NN-IDENTIFIER><_-RRB->)</_-RRB-></REFERENCETOCOMPOUND></UNNAMEDMOLECULE></NounPhrase></PrepPhrase><STOP>.</STOP></Sentence></Document>
<?xml version="1.0" encoding="UTF-8"?>
<Document><Sentence><NounPhrase><MIXTURE><_-LRB->(</_-LRB-><VB>See</VB><NNP>Photo</NNP><CD>2</CD><STOP>.</STOP><_-RRB->)</_-RRB-></MIXTURE></NounPhrase></Sentence></Document>
<?xml version="1.0" encoding="UTF-8"?>
<Document><Sentence><NounPhrase><PROCEDURE><CD>6</CD></PROCEDURE><STOP>.</STOP></NounPhrase></Sentence></Document>
<?xml version="1.0" encoding="UTF-8"?>
<Document><Sentence><NounPhrase><NNP>Development</NNP><PrepPhrase><IN-OF>of</IN-OF><NounPhrase><NNP>“</NNP><MOLECULE><OSCARCM><OSCAR-CM>GEO-FRONTIER</OSCAR-CM><OSCAR-CM>COAT</OSCAR-CM></OSCARCM></MOLECULE><NNP>type-L</NNP><COMMA>”</COMMA><EX>There</EX></NounPhrase></PrepPhrase></NounPhrase><VerbPhrase><VBZ>is</VBZ></VerbPhrase><NounPhrase><DT>an</DT><JJ-CHEM>increasing</JJ-CHEM><NN>demand</NN></NounPhrase><PrepPhrase><IN-FOR>for</IN-FOR><NounPhrase><NN>steel</NN><NNS>sheets</NNS></NounPhrase></PrepPhrase><PrepPhrase><IN-WITH>with</IN-WITH><NounPhrase><JJ>excellent</JJ><NN>lubrication</NN><WDT>that</WDT></NounPhrase></PrepPhrase><VerbPhrase><VBP>do</VBP><NEG>not</NEG><VB>require</VB></VerbPhrase><NounPhrase><NN>lubricating</NN><NN-STATE>oil</NN-STATE></NounPhrase><PrepPhrase><IN-FOR>for</IN-FOR><NounPhrase><JJ>severe</JJ><NN>processing</NN></NounPhrase></PrepPhrase><PrepPhrase><IN>that</IN><NounPhrase><NNS>stems</NNS></NounPhrase></PrepPhrase><PrepPhrase><IN-FROM>from</IN-FROM><NounPhrase><DT-THE>the</DT-THE><NN>desire</NN></NounPhrase></PrepPhrase><VerbPhrase><TO>to</TO><VB>eliminate</VB></VerbPhrase><NounPhrase><DT-THE>the</DT-THE><JJ-CHEM>degreasing</JJ-CHEM><NN>process</NN></NounPhrase><CC>and</CC><VerbPhrase><VB>improve</VB></VerbPhrase><NounPhrase><DT-THE>the</DT-THE><JJ-CHEM>en-vironmental</JJ-CHEM><NN>impact</NN><PrepPhrase><IN-OF>of</IN-OF><NounPhrase><DT-THE>the</DT-THE><NN>sheet-processing</NN><NNS>industries</NNS></NounPhrase></PrepPhrase></NounPhrase><STOP>.</STOP></Sentence></Document>
<?xml version="1.0" encoding="UTF-8"?>
<Document><Sentence><Unmatched><DT-THE>The</DT-THE></Unmatched><Unmatched><JJ-CHEM>chromium-free</JJ-CHEM></Unmatched><Unmatched><COMMA>,</COMMA></Unmatched><NounPhrase><JJ>coated</JJ><NN>steel</NN><NNS>sheets</NNS></NounPhrase><VerbPhrase><VBP>have</VBP></VerbPhrase><VerbPhrase><TO>to</TO><VB>meet</VB></VerbPhrase><NounPhrase><DT-THE>the</DT-THE><JJ>same</JJ><NN>requirements</NN></NounPhrase><STOP>.</STOP></Sentence></Document>
<?xml version="1.0" encoding="UTF-8"?>
<Document><Sentence><NounPhrase><MOLECULE><OSCARCM><OSCAR-CM>GEO-FRONTIER</OSCAR-CM></OSCARCM></MOLECULE><NNP>COAT</NNP><NN-VOL>type-L</NN-VOL><MIXTURE><_-LRB->(</_-LRB-><NNP>GFL</NNP><_-RRB->)</_-RRB-></MIXTURE></NounPhrase><VerbPhrase><VBD>was</VBD><VBN>developed</VBN></VerbPhrase><VerbPhrase><IN-BY>by</IN-BY><VBG>combining</VBG></VerbPhrase><NounPhrase><DT-THE>the</DT-THE><NNP>corrosion-NKK</NNP><NNP>TECHNICAL</NNP><NNP>REVIEW</NNP><NNP>No</NNP></NounPhrase><STOP>.</STOP></Sentence></Document>
<?xml version="1.0" encoding="UTF-8"?>
<Document><Sentence><ActionPhrase type="Synthesize"><NounPhrase><CD>84(2001)28</CD><NNP>Photo</NNP><CD>2</CD><NNP>Appearance</NNP><PrepPhrase><IN-OF>of</IN-OF><NounPhrase><JJ>various</JJ><JJ>coated</JJ><NN>steel</NN><NNS>sheets</NNS></NounPhrase></PrepPhrase></NounPhrase><PrepPhrase><IN-AFTER>after</IN-AFTER><NounPhrase><NN>paint</NN><NN>adhesion</NN><NN>test</NN><JJ>resistant</JJ><JJ-CHEM>coating</JJ-CHEM><NN>technology</NN><PrepPhrase><IN-OF>of</IN-OF><NounPhrase><MOLECULE><OSCARCM><OSCAR-CM>GEO-FRONTIER</OSCAR-CM></OSCARCM></MOLECULE><NNP>COAT</NNP></NounPhrase></PrepPhrase></NounPhrase></PrepPhrase><PrepPhrase><IN-WITH>with</IN-WITH><NounPhrase><NN>technology</NN></NounPhrase></PrepPhrase><PrepPhrase><IN-FOR>for</IN-FOR><NounPhrase><NN-SYNTHESIZE>preparing</NN-SYNTHESIZE><NN>coating</NN></NounPhrase></PrepPhrase><PrepPhrase><IN-WITH>with</IN-WITH><NounPhrase><JJ-CHEM>ex-cellent</JJ-CHEM><NN>lubrication</NN><CC>and</CC><NN>corrosion</NN><NN>resistance</NN></NounPhrase></PrepPhrase></ActionPhrase><STOP>.</STOP></Sentence></Document>
<?xml version="1.0" encoding="UTF-8"?>
<Document><Sentence><NounPhrase><NNP-LABEL>Fig.</NNP-LABEL></NounPhrase></Sentence></Document>
<?xml version="1.0" encoding="UTF-8"?>
<Document><Sentence><NounPhrase><CD>5</CD></NounPhrase><VerbPhrase><VBZ>shows</VBZ></VerbPhrase><Unmatched><DT-THE>the</DT-THE></Unmatched><ActionPhrase type="Yield"><VerbPhrase><VB-YIELD>results</VB-YIELD><PrepPhrase><IN-OF>of</IN-OF><NounPhrase><NNS>measurements</NNS></NounPhrase></PrepPhrase></VerbPhrase><Unmatched><IN-OF>of</IN-OF></Unmatched><Unmatched><DT-THE>the</DT-THE></Unmatched><PrepPhrase><JJ-CHEM>co-efficient</JJ-CHEM><IN-OF>of</IN-OF><NounPhrase><NN>friction</NN><PrepPhrase><IN-OF>of</IN-OF><NounPhrase><MOLECULE><OSCARCM><OSCAR-CM>GFL</OSCAR-CM></OSCARCM></MOLECULE></NounPhrase></PrepPhrase></NounPhrase></PrepPhrase></ActionPhrase><STOP>.</STOP></Sentence></Document>
<?xml version="1.0" encoding="UTF-8"?>
<Document><Sentence><NounPhrase><DT-THE>The</DT-THE><JJ>measured</JJ><NNS>coefficients</NNS><PrepPhrase><IN-OF>of</IN-OF><NounPhrase><NN>friction</NN></NounPhrase></PrepPhrase></NounPhrase><VerbPhrase><VBD>were</VBD></VerbPhrase><NounPhrase><CD>0.1</CD></NounPhrase><CC>or</CC><Unmatched><JJR>lower</JJR></Unmatched><Unmatched><COMMA>,</COMMA></Unmatched><VerbPhrase><VBG>indicating</VBG><JJ>good</JJ></VerbPhrase><NounPhrase><JJ-CHEM>lubricat-ing</JJ-CHEM><NN>property</NN></NounPhrase><STOP>.</STOP></Sentence></Document>
<?xml version="1.0" encoding="UTF-8"?>
<Document><Sentence><PrepPhrase><IN-IN>In</IN-IN><NounPhrase><NN>addition</NN><COMMA>,</COMMA><MOLECULE><OSCARCM><OSCAR-CM>GFL</OSCAR-CM></OSCARCM></MOLECULE></NounPhrase></PrepPhrase><VerbPhrase><VBZ>has</VBZ><JJ>excellent</JJ></VerbPhrase><NounPhrase><JJ-CHEM>corrosion</JJ-CHEM><NN>resistance</NN><COMMA>,</COMMA><JJ>anti-fingerprint</JJ><NN>property</NN><COMMA>,</COMMA><JJ>electrical</JJ><NN>conduc-tivity</NN><CC>and</CC><NN>weldability</NN></NounPhrase><STOP>.</STOP></Sentence></Document>
<?xml version="1.0" encoding="UTF-8"?>
<Document><Sentence><NounPhrase><PROCEDURE><CD>7</CD></PROCEDURE><STOP>.</STOP></NounPhrase></Sentence></Document>
<?xml version="1.0" encoding="UTF-8"?>
<Document/>
