<?xml version="1.0" encoding="UTF-8"?>
<Document><Sentence><NounPhrase><MOLECULE><OSCARCM><OSCAR-CM>EXPERIMENTAL</OSCAR-CM></OSCARCM><REFERENCETOCOMPOUND><CD>2.1</CD></REFERENCETOCOMPOUND></MOLECULE></NounPhrase><STOP>.</STOP></Sentence></Document>
<?xml version="1.0" encoding="UTF-8"?>
<Document><Sentence><NounPhrase><NNP>Chemical</NNP><NN>plating</NN><PrepPhrase><IN-OF>of</IN-OF><NounPhrase><MOLECULE><OSCARCM><OSCAR-CM>nickel</OSCAR-CM></OSCARCM></MOLECULE></NounPhrase></PrepPhrase></NounPhrase><PrepPhrase><IN-ON>on</IN-ON><NounPhrase><MOLECULE><OSCARCM><OSCAR-CM>aluminum</OSCAR-CM></OSCARCM><NN-STATE>powders</NN-STATE></MOLECULE></NounPhrase></PrepPhrase><NounPhrase><DT-THE>The</DT-THE><NN>formulation</NN><CC>and</CC><NN>process</NN><NNS>parameters</NNS><PrepPhrase><IN-OF>of</IN-OF><NounPhrase><NN>chemical</NN><NN>plating</NN><MOLECULE><OSCARCM><OSCAR-CM>nickel</OSCAR-CM></OSCARCM></MOLECULE></NounPhrase></PrepPhrase></NounPhrase><VerbPhrase><VBP>are</VBP></VerbPhrase><VerbPhrase><IN-AS>as</IN-AS><VBZ>follows</VBZ></VerbPhrase><COLON>:</COLON><JJ>spherical</JJ><NounPhrase><MOLECULE><OSCARCM><OSCAR-CM>aluminum</OSCAR-CM></OSCARCM><NN-STATE>powders</NN-STATE></MOLECULE></NounPhrase><Unmatched><LSQB>[</LSQB></Unmatched><NounPhrase><NN>grain</NN><NN>size</NN></NounPhrase><COLON>:</COLON><NounPhrase><CD>13</CD><NN>±</NN><CD>2</CD><NN>µm</NN></NounPhrase><COMMA>,</COMMA><NounPhrase><DT-THE>the</DT-THE><NN-CHEMENTITY>materials</NN-CHEMENTITY></NounPhrase><VerbPhrase><VBP>fit</VBP></VerbPhrase><NounPhrase><MOLECULE><OSCARCM><OSCAR-CM>GB1196</OSCAR-CM></OSCARCM><JJ>melting</JJ></MOLECULE><NN>level</NN><MOLECULE><OSCARCM><OSCAR-CM>aluminum</OSCAR-CM></OSCARCM></MOLECULE><NN>standard</NN><MIXTURE><_-LRB->(</_-LRB-><NNP>AL99.7</NNP><_-RRB->)</_-RRB-></MIXTURE><COMMA>,</COMMA><JJ>chemical</JJ><NN>composition</NN><PrepPhrase><IN-OF>of</IN-OF><NounPhrase><DT-THE>the</DT-THE><MOLECULE><OSCARCM><OSCAR-CM>aluminum</OSCAR-CM></OSCARCM><NN-STATE>powder</NN-STATE></MOLECULE></NounPhrase></PrepPhrase></NounPhrase><COLON>:</COLON><NounPhrase><FW>Al</FW><SYM>&gt;</SYM><QUANTITY><PERCENT><CD>98.00</CD><NN-PERCENT>%</NN-PERCENT></PERCENT></QUANTITY><COMMA>,</COMMA><MOLECULE><OSCARCM><OSCAR-CM>Mn</OSCAR-CM></OSCARCM><QUANTITY><PERCENT><CD>0.015</CD><NN-PERCENT>%</NN-PERCENT></PERCENT></QUANTITY></MOLECULE><COMMA>,</COMMA><MOLECULE><OSCARCM><OSCAR-CM>Cu</OSCAR-CM></OSCARCM><QUANTITY><PERCENT><CD>0.200</CD><NN-PERCENT>%</NN-PERCENT></PERCENT></QUANTITY></MOLECULE><COMMA>,</COMMA><MOLECULE><OSCARCM><OSCAR-CM>Fe</OSCAR-CM></OSCARCM><QUANTITY><PERCENT><CD>0.200</CD><NN-PERCENT>%</NN-PERCENT></PERCENT></QUANTITY></MOLECULE><COMMA>,</COMMA><MOLECULE><OSCARCM><OSCAR-CM>Si</OSCAR-CM></OSCARCM><QUANTITY><PERCENT><CD>0.100</CD><NN-PERCENT>%</NN-PERCENT></PERCENT></QUANTITY></MOLECULE></NounPhrase><Unmatched><RSQB>]</RSQB></Unmatched><STOP>.</STOP></Sentence></Document>
<?xml version="1.0" encoding="UTF-8"?>
<Document><Sentence><ActionPhrase type="Wait"><NounPhrase><QUANTITY><MASS><CD>250</CD><NN-MASS>g</NN-MASS></MASS></QUANTITY><DASH>/</DASH><NN-VOL>L</NN-VOL><MOLECULE><OSCARCM><OSCAR-CM>nickel</OSCAR-CM></OSCARCM></MOLECULE><NN>sulfuric</NN><COMMA>,</COMMA><QUANTITY><MASS><CD>35</CD><NN-MASS>g</NN-MASS></MASS></QUANTITY><DASH>/</DASH><NN-VOL>L</NN-VOL><MOLECULE><OSCARCM><OSCAR-CM>sodium</OSCAR-CM><OSCAR-CM>citric</OSCAR-CM><OSCAR-CM>acid</OSCAR-CM></OSCARCM></MOLECULE><COMMA>,</COMMA><QUANTITY><MASS><CD>9</CD><NN-MASS>g</NN-MASS></MASS></QUANTITY><DASH>/</DASH><NN-VOL>L</NN-VOL><MOLECULE><OSCARCM><OSCAR-CM>citric</OSCAR-CM><OSCAR-CM>acid</OSCAR-CM></OSCARCM></MOLECULE><COMMA>,</COMMA><QUANTITY><MASS><CD>90</CD><NN-MASS>g</NN-MASS></MASS></QUANTITY><DASH>/</DASH><NN-VOL>L</NN-VOL><MOLECULE><OSCARCM><OSCAR-CM>sodium</OSCAR-CM><OSCAR-CM>hypophosphite</OSCAR-CM></OSCARCM></MOLECULE><COMMA>,</COMMA><QUANTITY><MASS><CD>4</CD><NN-MASS>g</NN-MASS></MASS></QUANTITY><DASH>/</DASH><NN-VOL>L</NN-VOL><MOLECULE><OSCARCM><OSCAR-CM>thiourea</OSCAR-CM></OSCARCM></MOLECULE><COMMA>,</COMMA><MOLECULE><OSCARCM><OSCAR-CM>ammonia</OSCAR-CM></OSCARCM></MOLECULE><NN>water</NN><QUANTITY><_-LRB->(</_-LRB-><CD>26</CD><NN>~</NN><PERCENT><CD>28</CD><NN-PERCENT>%</NN-PERCENT></PERCENT><_-RRB->)</_-RRB-></QUANTITY></NounPhrase><PrepPhrase><IN>at</IN><NounPhrase><JJ>right</JJ><NN>amount</NN><COMMA>,</COMMA><NN-PH>pH</NN-PH></NounPhrase></PrepPhrase><COLON>:</COLON><NounPhrase><CD>10.0</CD><NN>~</NN><CD>11.2</CD><COMMA>,</COMMA><NN-TEMP>temperature</NN-TEMP></NounPhrase><COLON>:</COLON><NounPhrase><CD>80</CD><JJ>~</JJ><CD>90</CD></NounPhrase><PrepPhrase><IN>o</IN><NounPhrase><MOLECULE><OSCARCM><OSCAR-CM>C</OSCAR-CM></OSCARCM></MOLECULE></NounPhrase></PrepPhrase><COMMA>,</COMMA><VerbPhrase><VBG>plating</VBG><TimePhrase><NN-TIME>time</NN-TIME></TimePhrase></VerbPhrase></ActionPhrase><COLON>:</COLON><NounPhrase><CD>4</CD><NN-TIME>h</NN-TIME></NounPhrase><STOP>.</STOP></Sentence><Sentence><NounPhrase><CD>2.2</CD></NounPhrase><STOP>.</STOP></Sentence></Document>
<?xml version="1.0" encoding="UTF-8"?>
<Document><Sentence><NounPhrase><NNP>Composite</NNP><NN>electrodeposition</NN><PrepPhrase><IN-OF>of</IN-OF><NounPhrase><JJ-CHEM>nickel-coated</JJ-CHEM><MOLECULE><OSCARCM><OSCAR-CM>aluminum</OSCAR-CM></OSCARCM><NN-STATE>powders</NN-STATE></MOLECULE><NNP>Cathode</NNP></NounPhrase></PrepPhrase></NounPhrase><VerbPhrase><VBZ>is</VBZ></VerbPhrase><NounPhrase><CD>1.0</CD><NN>cm</NN><SYM>×</SYM><CD>2.0</CD><NN>cm</NN><SYM>×</SYM><CD>0.2</CD><NN>cm</NN><PrepPhrase><IN-OF>of</IN-OF><NounPhrase><UNNAMEDMOLECULE><REFERENCETOCOMPOUND><NN-IDENTIFIER>A3</NN-IDENTIFIER></REFERENCETOCOMPOUND></UNNAMEDMOLECULE><NN>steel</NN><MOLECULE><OSCARCM><OSCAR-CM>plate</OSCAR-CM></OSCARCM></MOLECULE></NounPhrase></PrepPhrase></NounPhrase><COMMA>,</COMMA><ActionPhrase type="Wash"><PrepPhrase><IN-WITH>with</IN-WITH><NounPhrase><DT-THE>the</DT-THE><NN>process</NN><PrepPhrase><IN-OF>of</IN-OF><NounPhrase><NN>deoil</NN><COMMA>,</COMMA><NN-CHEMENTITY>acid</NN-CHEMENTITY><NN>erosion</NN><COMMA>,</COMMA><NN>pulse</NN><NN>plating</NN><MOLECULE role="Solvent"><JJ-CHEM>nickel-coated</JJ-CHEM><OSCARCM><OSCAR-CM>aluminum</OSCAR-CM></OSCARCM></MOLECULE></NounPhrase></PrepPhrase></NounPhrase></PrepPhrase><COMMA>,</COMMA><VerbPhrase><VB-WASH>washed</VB-WASH></VerbPhrase></ActionPhrase><VerbPhrase><IN-AFTER>after</IN-AFTER><VB>finish</VB></VerbPhrase><NounPhrase><DT>every</DT><PROCEDURE><NN-METHOD>step</NN-METHOD></PROCEDURE></NounPhrase><STOP>.</STOP></Sentence></Document>
<?xml version="1.0" encoding="UTF-8"?>
<Document><Sentence><NounPhrase><DT-THE>The</DT-THE><NN>anode</NN></NounPhrase><COLON>:</COLON><NounPhrase><CD>1.0</CD><NN>cm</NN><SYM>×</SYM><CD>2.0</CD><NN>cm</NN></NounPhrase><COMMA>,</COMMA><Unmatched><JJ>thin</JJ></Unmatched><Unmatched><CC>and</CC></Unmatched><NounPhrase><JJ>pure</JJ><MOLECULE><OSCARCM><OSCAR-CM>nickel</OSCAR-CM></OSCARCM></MOLECULE><NN>piece</NN><MIXTURE><_-LRB->(</_-LRB-><MOLECULE><OSCARCM><OSCAR-CM>Ni</OSCAR-CM></OSCARCM></MOLECULE><SYM>&gt;</SYM><QUANTITY><PERCENT><CD>99.9</CD><NN-PERCENT>%</NN-PERCENT></PERCENT></QUANTITY><_-RRB->)</_-RRB-></MIXTURE></NounPhrase><COMMA>,</COMMA><VerbPhrase><VBD>Dipped</VBD><PrepPhrase><IN-INTO>into</IN-INTO><NounPhrase><DT-THE>the</DT-THE><CD>60</CD></NounPhrase></PrepPhrase><PrepPhrase><IN>o</IN><NounPhrase><MOLECULE><OSCARCM><OSCAR-CM>C</OSCAR-CM></OSCARCM><JJ>pickling</JJ><NN-CHEMENTITY>solution</NN-CHEMENTITY></MOLECULE></NounPhrase></PrepPhrase><PrepPhrase><IN>about</IN><NounPhrase><CD>60</CD></NounPhrase></PrepPhrase></VerbPhrase><VerbPhrase><VBZ>s</VBZ></VerbPhrase><COMMA>,</COMMA><ActionPhrase type="Remove"><VerbPhrase><VB-REMOVE>removed</VB-REMOVE></VerbPhrase><NounPhrase><NN-STATE>oil</NN-STATE></NounPhrase></ActionPhrase><COMMA>,</COMMA><ActionPhrase type="Wash"><VerbPhrase><VB-WASH>washed</VB-WASH></VerbPhrase></ActionPhrase><COMMA>,</COMMA><RB-CONJ>then</RB-CONJ><ActionPhrase type="Dry"><NounPhrase><MOLECULE><OSCARCM><OSCAR-CM>acetone-washed</OSCAR-CM></OSCARCM></MOLECULE></NounPhrase><CC>and</CC><VerbPhrase><VB-DRY>dried</VB-DRY></VerbPhrase></ActionPhrase><STOP>.</STOP></Sentence></Document>
<?xml version="1.0" encoding="UTF-8"?>
<Document><Sentence><VerbPhrase><VBG>Plating</VBG></VerbPhrase><NounPhrase><NN-CHEMENTITY>solution</NN-CHEMENTITY><NN>composition</NN><CC>and</CC><NN>process</NN><NNS>conditions</NNS></NounPhrase><COLON>:</COLON><ActionPhrase type="Stir"><NounPhrase><MOLECULE><OSCARCM><OSCAR-CM>NiSO4</OSCAR-CM></OSCARCM><QUANTITY><CD>300.0</CD><NN>~</NN><MASS><CD>333.0</CD><NN-MASS>g</NN-MASS></MASS></QUANTITY></MOLECULE><DASH>/</DASH><NN-VOL>L</NN-VOL><COMMA>,</COMMA><MOLECULE><OSCARCM><OSCAR-CM>MgSO4</OSCAR-CM></OSCARCM><QUANTITY><CD>9.8</CD><NN>~</NN><MASS><CD>14.7</CD><NN-MASS>g</NN-MASS></MASS></QUANTITY></MOLECULE><DASH>/</DASH><NN-VOL>L</NN-VOL><COMMA>,</COMMA><MOLECULE><OSCARCM><OSCAR-CM>NaCl</OSCAR-CM></OSCARCM><QUANTITY><CD>10.0</CD><NN>~</NN><MASS><CD>20.0</CD><NN-MASS>g</NN-MASS></MASS></QUANTITY></MOLECULE><DASH>/</DASH><NN-VOL>L</NN-VOL><COMMA>,</COMMA><MOLECULE><OSCARCM><OSCAR-CM>H3BO3</OSCAR-CM></OSCARCM><QUANTITY><CD>30.0</CD><NN>~</NN><MASS><CD>40.0</CD><NN-MASS>g</NN-MASS></MASS></QUANTITY></MOLECULE><DASH>/</DASH><NN-VOL>L</NN-VOL><COMMA>,</COMMA><MOLECULE><OSCARCM><OSCAR-CM>H2C2O4</OSCAR-CM></OSCARCM><QUANTITY><CD>18.0</CD><NN>~</NN><MASS><CD>26.0</CD><NN-MASS>g</NN-MASS></MASS></QUANTITY></MOLECULE><DASH>/</DASH><NN-VOL>L</NN-VOL><COMMA>,</COMMA><MOLECULE><OSCARCM><OSCAR-CM>OP10</OSCAR-CM></OSCARCM><QUANTITY><CD>0.5</CD><NN>~</NN><MASS><CD>1.0</CD><NN-MASS>g</NN-MASS></MASS></QUANTITY></MOLECULE><DASH>/</DASH><NN-VOL>L</NN-VOL><COMMA>,</COMMA><JJ-CHEM>nickel-coated</JJ-CHEM><MOLECULE><OSCARCM><OSCAR-CM>aluminum</OSCAR-CM></OSCARCM><QUANTITY><CD>25.0</CD><NN>~</NN><MASS><CD>40.0</CD><NN-MASS>g</NN-MASS></MASS></QUANTITY></MOLECULE><DASH>/</DASH><NN-VOL>L</NN-VOL><COMMA>,</COMMA><QUANTITY><PH><NN-PH>pH</NN-PH><CD>4.7</CD></PH></QUANTITY><NN>~</NN><CD>5.8</CD><COMMA>,</COMMA><NN-TEMP>temperature</NN-TEMP><CD>45</CD></NounPhrase><PrepPhrase><IN>o</IN><NounPhrase><MOLECULE><OSCARCM><OSCAR-CM>C</OSCAR-CM></OSCARCM></MOLECULE><COMMA>,</COMMA><NN>frequency</NN><CD>800</CD><NNP>Hz</NNP><COMMA>,</COMMA><NN>duty</NN><NN-CYCLE>cycle</NN-CYCLE><RATIO><CD>2</CD><COLON>:</COLON><CD>1</CD></RATIO><COMMA>,</COMMA><JJ>average</JJ><JJ>current</JJ><NN>density</NN><CD>3</CD></NounPhrase></PrepPhrase><NounPhrase><DT>A/dm</DT><CD>2</CD></NounPhrase><COMMA>,</COMMA><VerbPhrase><VB-STIR>stirring</VB-STIR></VerbPhrase><NounPhrase><NN>speed</NN><CD>200</CD><NN>~</NN><CD>500</CD><NN-TIME>r/min</NN-TIME></NounPhrase></ActionPhrase><STOP>.</STOP></Sentence></Document>
<?xml version="1.0" encoding="UTF-8"?>
<Document><Sentence><NounPhrase><PROCEDURE><CD>2.3</CD></PROCEDURE><STOP>.</STOP></NounPhrase></Sentence></Document>
<?xml version="1.0" encoding="UTF-8"?>
<Document><Sentence><ActionPhrase type="Heat"><VerbPhrase><VB-HEAT>Heat</VB-HEAT></VerbPhrase><NounPhrase><NN>treatment</NN></NounPhrase></ActionPhrase><VerbPhrase><IN-OF>of</IN-OF><VBG>plating</VBG></VerbPhrase><NounPhrase><NN>sample</NN></NounPhrase><PrepPhrase><IN-AFTER>After</IN-AFTER><NounPhrase><DT-THE>the</DT-THE><JJ>composite</JJ><NN>electrodeposition</NN></NounPhrase></PrepPhrase><COMMA>,</COMMA><ActionPhrase type="Heat"><NounPhrase><DT-THE>the</DT-THE><JJ>plated</JJ><UNNAMEDMOLECULE><REFERENCETOCOMPOUND><NN-IDENTIFIER>A3</NN-IDENTIFIER></REFERENCETOCOMPOUND></UNNAMEDMOLECULE><NNS>samples</NNS></NounPhrase><VerbPhrase><VBD>were</VBD><VB-HEAT>heat</VB-HEAT></VerbPhrase></ActionPhrase><ActionPhrase type="Add"><VerbPhrase><VB-TREAT>treated</VB-TREAT><AtmospherePhrase><IN-UNDER>under</IN-UNDER><MOLECULE><OSCARCM><OSCAR-CM>argon</OSCAR-CM></OSCARCM></MOLECULE><NN-ATMOSPHERE>atmosphere</NN-ATMOSPHERE></AtmospherePhrase><PrepPhrase><IN-IN>in</IN-IN><NounPhrase><MultipleApparatus><APPARATUS><DT>a</DT><NN-APPARATUS>tube</NN-APPARATUS></APPARATUS></MultipleApparatus></NounPhrase></PrepPhrase></VerbPhrase><NounPhrase><NN>furnace</NN></NounPhrase></ActionPhrase><STOP>.</STOP></Sentence></Document>
<?xml version="1.0" encoding="UTF-8"?>
<Document><Sentence><ActionPhrase type="Degass"><NounPhrase><DT-THE>The</DT-THE><JJ>specimen</JJ><NN>chamber</NN></NounPhrase><VerbPhrase><VBD>was</VBD><RB>continuously</RB><VB-DEGASS>flushed</VB-DEGASS><PrepPhrase><IN-WITH>with</IN-WITH><NounPhrase><JJ>sufficient</JJ><MOLECULE><OSCARCM><OSCAR-CM>argon</OSCAR-CM></OSCARCM></MOLECULE></NounPhrase></PrepPhrase><PrepPhrase><IN>during</IN><NounPhrase><DT-THE>the</DT-THE><JJ-CHEM>heat</JJ-CHEM><NN>treatment</NN></NounPhrase></PrepPhrase></VerbPhrase></ActionPhrase><STOP>.</STOP></Sentence></Document>
<?xml version="1.0" encoding="UTF-8"?>
<Document><Sentence><NounPhrase><DT-THE>The</DT-THE><JJ-CHEM>heating</JJ-CHEM><NN>rate</NN></NounPhrase><VerbPhrase><VBD>was</VBD></VerbPhrase><NounPhrase><CD>7</CD></NounPhrase><PrepPhrase><IN>o</IN><NounPhrase><MOLECULE><OSCARCM><OSCAR-CM>C/min</OSCAR-CM></OSCARCM></MOLECULE></NounPhrase></PrepPhrase><STOP>.</STOP></Sentence></Document>
<?xml version="1.0" encoding="UTF-8"?>
<Document><Sentence><ActionPhrase type="Heat"><NounPhrase><DT-THE>The</DT-THE><NNS>samples</NNS></NounPhrase><VerbPhrase><VBD>were</VBD><VB-HEAT>maintained</VB-HEAT><PrepPhrase><IN>at</IN><NounPhrase><CD>1100</CD></NounPhrase></PrepPhrase><PrepPhrase><IN>o</IN><NounPhrase><NNP>C</NNP></NounPhrase></PrepPhrase><TimePhrase><IN-FOR>for</IN-FOR><CD>3</CD><NN-TIME>h</NN-TIME></TimePhrase></VerbPhrase></ActionPhrase><CC>and</CC><RB-CONJ>then</RB-CONJ><ActionPhrase type="Cool"><VerbPhrase><VB-COOL>furnace-cooled</VB-COOL><TempPhrase><TO>to</TO><NN-TEMP>room</NN-TEMP><NN-TEMP>temperature</NN-TEMP></TempPhrase></VerbPhrase></ActionPhrase><STOP>.</STOP></Sentence></Document>
<?xml version="1.0" encoding="UTF-8"?>
<Document><Sentence><NounPhrase><PROCEDURE><CD>2.4</CD></PROCEDURE><STOP>.</STOP></NounPhrase></Sentence></Document>
<?xml version="1.0" encoding="UTF-8"?>
<Document><Sentence><NounPhrase><NNP>Microstructure</NNP><CC>and</CC><NN>composition</NN><PrepPhrase><IN-OF>of</IN-OF><NounPhrase><DT-THE>the</DT-THE><MOLECULE><OSCARCM><OSCAR-CM>Ni-Al</OSCAR-CM></OSCARCM></MOLECULE><NN>composite</NN><NN>coating</NN></NounPhrase></PrepPhrase></NounPhrase><NounPhrase><DT-THE>The</DT-THE><NN-CHEMENTITY>phase</NN-CHEMENTITY><NN>analysis</NN><PrepPhrase><IN-OF>of</IN-OF><NounPhrase><DT-THE>the</DT-THE><MOLECULE><OSCARCM><OSCAR-CM>Ni-Al</OSCAR-CM></OSCARCM></MOLECULE><NN>composite</NN><NN>coating</NN></NounPhrase></PrepPhrase></NounPhrase><VerbPhrase><VBD>was</VBD><VBN>conducted</VBN></VerbPhrase><VerbPhrase><IN-BY>by</IN-BY><VB-USE>using</VB-USE></VerbPhrase><NounPhrase><NNP>X-ray</NNP><NN>diffraction</NN><MIXTURE><_-LRB->(</_-LRB-><NNP>XRD</NNP><_-RRB->)</_-RRB-></MIXTURE></NounPhrase><PrepPhrase><IN-FROM>from</IN-FROM><NounPhrase><DT-THE>the</DT-THE><NN>surface</NN></NounPhrase></PrepPhrase><STOP>.</STOP></Sentence></Document>
<?xml version="1.0" encoding="UTF-8"?>
<Document><Sentence><Unmatched><DT>Some</DT></Unmatched><PrepPhrase><IN-OF>of</IN-OF><NounPhrase><DT-THE>the</DT-THE><NNS>specimens</NNS></NounPhrase></PrepPhrase><VerbPhrase><VBD>were</VBD><VBN>mounted</VBN><PrepPhrase><IN-IN>in</IN-IN><NounPhrase><DT-THE>the</DT-THE><JJ-CHEM>cold-setting</JJ-CHEM><JJ-CHEM>epoxy</JJ-CHEM><NN-CHEMENTITY>resin</NN-CHEMENTITY></NounPhrase></PrepPhrase></VerbPhrase><VerbPhrase><TO>to</TO><VB>examine</VB></VerbPhrase><NounPhrase><DT-THE>the</DT-THE><NN>cross-section</NN></NounPhrase><VerbPhrase><VB-USE>using</VB-USE></VerbPhrase><NounPhrase><DT>a</DT><JJ-CHEM>scanning</JJ-CHEM><NN>electron</NN><NN>microscope</NN><MIXTURE><_-LRB->(</_-LRB-><NNP>SEM</NNP><_-RRB->)</_-RRB-></MIXTURE></NounPhrase><VerbPhrase><IN-UNDER>under</IN-UNDER><VBN>backscattered</VBN></VerbPhrase><NounPhrase><NN>electron</NN><NN>image</NN><MIXTURE><_-LRB->(</_-LRB-><NNP>BEI</NNP><_-RRB->)</_-RRB-></MIXTURE></NounPhrase><COMMA>,</COMMA><CC>and</CC><NounPhrase><DT-THE>the</DT-THE><NNS>distributions</NNS><PrepPhrase><IN-OF>of</IN-OF><NounPhrase><NNS>elements</NNS></NounPhrase></PrepPhrase></NounPhrase><PrepPhrase><IN-IN>in</IN-IN><NounPhrase><DT-THE>the</DT-THE><JJ>various</JJ><NN-STATE>solid</NN-STATE><NN-CHEMENTITY>phases</NN-CHEMENTITY></NounPhrase></PrepPhrase><VerbPhrase><VBD>were</VBD><VBN>analyzed</VBN></VerbPhrase><VerbPhrase><IN-BY>by</IN-BY><VB-USE>using</VB-USE></VerbPhrase><NounPhrase><DT>an</DT><NNP>Int</NNP></NounPhrase><STOP>.</STOP></Sentence></Document>
<?xml version="1.0" encoding="UTF-8"?>
<Document><Sentence><NounPhrase><PROCEDURE><NN-IDENTIFIER>J</NN-IDENTIFIER></PROCEDURE><STOP>.</STOP></NounPhrase></Sentence><Sentence><NounPhrase><NNP>Electrochem</NNP></NounPhrase><STOP>.</STOP></Sentence></Document>
<?xml version="1.0" encoding="UTF-8"?>
<Document><Sentence><NounPhrase><NNP>Sci</NNP></NounPhrase><STOP>.</STOP></Sentence><Sentence><Unmatched><COMMA>,</COMMA></Unmatched></Sentence></Document>
<?xml version="1.0" encoding="UTF-8"?>
<Document/>
<?xml version="1.0" encoding="UTF-8"?>
<Document><Sentence><NounPhrase><CD>8</CD><COMMA>,</COMMA><CD>2013</CD><CD>680</CD><NN>energy</NN><JJ>dispersive</JJ><JJ-CHEM>X-ray</JJ-CHEM><NN>spectroscope</NN><MIXTURE><_-LRB->(</_-LRB-><NNP>EDS</NNP><_-RRB->)</_-RRB-></MIXTURE></NounPhrase><VerbPhrase><VBN>attached</VBN><PrepPhrase><IN-IN>in</IN-IN><NounPhrase><DT-THE>the</DT-THE><NNP>SEM</NNP></NounPhrase></PrepPhrase></VerbPhrase><STOP>.</STOP></Sentence></Document>
<?xml version="1.0" encoding="UTF-8"?>
<Document><Sentence><NounPhrase><DT-THE>The</DT-THE><NN>thickness</NN><PrepPhrase><IN-OF>of</IN-OF><NounPhrase><DT-THE>the</DT-THE><NN>coating</NN></NounPhrase></PrepPhrase></NounPhrase><VerbPhrase><VBZ>varies</VBZ><PrepPhrase><IN>between</IN><NounPhrase><CD>100</CD><CC>and</CC><CD>150</CD><NN>µm</NN></NounPhrase></PrepPhrase></VerbPhrase><COMMA>,</COMMA><VerbPhrase><IN-AS>as</IN-AS><VBN>determined</VBN><PrepPhrase><IN-BY>by</IN-BY><NounPhrase><NNP>SEM</NNP></NounPhrase></PrepPhrase></VerbPhrase><STOP>.</STOP></Sentence></Document>
<?xml version="1.0" encoding="UTF-8"?>
<Document><Sentence><NounPhrase><PROCEDURE><CD>2.5</CD></PROCEDURE><STOP>.</STOP></NounPhrase></Sentence></Document>
<?xml version="1.0" encoding="UTF-8"?>
<Document><Sentence><NounPhrase><JJ>Physical</JJ><NN>test</NN><PrepPhrase><IN-OF>of</IN-OF><NounPhrase><DT-THE>the</DT-THE><MOLECULE><OSCARCM><OSCAR-CM>Ni-Al</OSCAR-CM></OSCARCM></MOLECULE><NN>composite</NN><NN>coating</NN></NounPhrase></PrepPhrase></NounPhrase><NounPhrase><DT-THE>The</DT-THE><JJ-CHEM>adhesion</JJ-CHEM><NN>strength</NN><PrepPhrase><IN-OF>of</IN-OF><NounPhrase><DT-THE>the</DT-THE><NN>coating</NN></NounPhrase></PrepPhrase></NounPhrase><PrepPhrase><IN-ON>on</IN-ON><NounPhrase><DT-THE>the</DT-THE><JJ-CHEM>A3</JJ-CHEM><NN>substrate</NN></NounPhrase></PrepPhrase><VerbPhrase><VBD>was</VBD><VBN>studied</VBN><PrepPhrase><IN-BY>by</IN-BY><NounPhrase><DT-THE>the</DT-THE><JJ>thermal</JJ><JJ-CHEM>shock</JJ-CHEM><NN>test</NN><CC>and</CC><NNP>File</NNP><NNP>Test</NNP></NounPhrase></PrepPhrase></VerbPhrase><STOP>.</STOP></Sentence></Document>
<?xml version="1.0" encoding="UTF-8"?>
<Document><Sentence><ActionPhrase type="Wait"><NounPhrase><DT-THE>The</DT-THE><JJ>plated</JJ><UNNAMEDMOLECULE><REFERENCETOCOMPOUND><NN-IDENTIFIER>A3</NN-IDENTIFIER></REFERENCETOCOMPOUND></UNNAMEDMOLECULE><NNS>samples</NNS></NounPhrase><VerbPhrase><VBD>were</VBD><VBN>put</VBN><PrepPhrase><IN-INTO>into</IN-INTO><NounPhrase><JJ>molten</JJ><NN-CHEMENTITY>salt</NN-CHEMENTITY></NounPhrase></PrepPhrase><PrepPhrase><IN>at</IN><NounPhrase><CD>900</CD></NounPhrase></PrepPhrase><PrepPhrase><IN>o</IN><NounPhrase><NNP>C</NNP></NounPhrase></PrepPhrase><TimePhrase><IN-FOR>for</IN-FOR><CD>10</CD><NN-TIME>min</NN-TIME></TimePhrase></VerbPhrase></ActionPhrase><CC>and</CC><RB-CONJ>then</RB-CONJ><NounPhrase><MOLECULE><OSCARCM><OSCAR-CM>water-quenched</OSCAR-CM></OSCARCM></MOLECULE></NounPhrase><TempPhrase><TO>to</TO><NN-TEMP>room</NN-TEMP><NN-TEMP>temperature</NN-TEMP></TempPhrase><STOP>.</STOP></Sentence></Document>
<?xml version="1.0" encoding="UTF-8"?>
<Document><Sentence><NounPhrase><DT-THE>The</DT-THE><JJ>thermal</JJ><JJ-CHEM>shock</JJ-CHEM><NN>test</NN></NounPhrase><VerbPhrase><VBD>was</VBD><VBN>performed</VBN><RB>continuously</RB><PrepPhrase><IN-FOR>for</IN-FOR><NounPhrase><CD>10</CD><NN-TIMES>times</NN-TIMES></NounPhrase></PrepPhrase></VerbPhrase><STOP>.</STOP></Sentence></Document>
<?xml version="1.0" encoding="UTF-8"?>
<Document><Sentence><NounPhrase><DT-THE>The</DT-THE><NNP>File</NNP><NNP>Test</NNP></NounPhrase><VerbPhrase><VBD>employed</VBD></VerbPhrase><NounPhrase><DT>a</DT><JJ>flat</JJ><JJ-CHEM>bastard</JJ-CHEM><NN>file</NN><COMMA>,</COMMA><WDT>which</WDT></NounPhrase><VerbPhrase><MD>could</MD><VB>be</VB><VBN>run</VBN><PrepPhrase><IN>across</IN><NounPhrase><DT-THE>the</DT-THE><JJ-CHEM>coating</JJ-CHEM><NN>surface</NN></NounPhrase></PrepPhrase></VerbPhrase><VerbPhrase><TO>to</TO><VB>see</VB></VerbPhrase><Unmatched><IN>if</IN></Unmatched><Unmatched><DT>any</DT></Unmatched><PrepPhrase><IN-OF>of</IN-OF><NounPhrase><DT-THE>the</DT-THE><NN>coating</NN></NounPhrase></PrepPhrase><ActionPhrase type="Remove"><VerbPhrase><MD>could</MD><VB>be</VB><VB-REMOVE>removed</VB-REMOVE></VerbPhrase></ActionPhrase><STOP>.</STOP></Sentence></Document>
<?xml version="1.0" encoding="UTF-8"?>
<Document><Sentence><NounPhrase><PROCEDURE><CD>2.6</CD></PROCEDURE><STOP>.</STOP></NounPhrase></Sentence></Document>
<?xml version="1.0" encoding="UTF-8"?>
<Document><Sentence><NounPhrase><JJ>Electrochemical</JJ><NN>test</NN></NounPhrase><NounPhrase><DT-THE>The</DT-THE><JJ>electrochemical</JJ><JJ-CHEM>behavior</JJ-CHEM><NN>experiment</NN><PrepPhrase><IN-OF>of</IN-OF><NounPhrase><NN>coating</NN></NounPhrase></PrepPhrase></NounPhrase><VerbPhrase><VBZ>is</VBZ><VBN>tested</VBN><PrepPhrase><IN-IN>in</IN-IN><NounPhrase><DT-THE>the</DT-THE><JJ>simulated</JJ><NN>marine</NN><NN>environment</NN><MIXTURE><_-LRB->(</_-LRB-><MOLECULE><QUANTITY><PERCENT><CD>2</CD><NN-PERCENT>%</NN-PERCENT></PERCENT></QUANTITY><QUANTITY><PERCENT><CD>3</CD><NN-PERCENT>%</NN-PERCENT></PERCENT></QUANTITY><QUANTITY><PERCENT><CD>4</CD><NN-PERCENT>%</NN-PERCENT></PERCENT></QUANTITY><QUANTITY><PERCENT><CD>5</CD><NN-PERCENT>%</NN-PERCENT></PERCENT></QUANTITY><OSCARCM><OSCAR-CM>NaCl</OSCAR-CM></OSCARCM><NN-CHEMENTITY>solution</NN-CHEMENTITY></MOLECULE><_-RRB->)</_-RRB-></MIXTURE></NounPhrase></PrepPhrase></VerbPhrase><STOP>.</STOP></Sentence></Document>
<?xml version="1.0" encoding="UTF-8"?>
<Document><Sentence><ActionPhrase type="Yield"><NounPhrase><DT-THE>The</DT-THE><MOLECULE><OSCARCM><OSCAR-CM>sodium</OSCAR-CM><OSCAR-CM>chloride</OSCAR-CM></OSCARCM></MOLECULE></NounPhrase><VerbPhrase><VBZ>is</VBZ><VB-YIELD>obtained</VB-YIELD></VerbPhrase></ActionPhrase><CC>and</CC><VerbPhrase><VBN>guaranteed</VBN><PrepPhrase><IN-AS>as</IN-AS><NounPhrase><NN>analysis</NN><JJ>pure</JJ><NN>grade</NN></NounPhrase></PrepPhrase></VerbPhrase><CC>and</CC><ActionPhrase type="Synthesize"><NounPhrase><DT-THE>the</DT-THE><NN-CHEMENTITY>solution</NN-CHEMENTITY></NounPhrase><VerbPhrase><VBZ>is</VBZ><VB-SYNTHESIZE>prepared</VB-SYNTHESIZE><PrepPhrase><IN-WITH>with</IN-WITH><NounPhrase><JJ-CHEM>twice-distilled</JJ-CHEM><MOLECULE><OSCARCM><OSCAR-CM>water</OSCAR-CM></OSCARCM></MOLECULE></NounPhrase></PrepPhrase></VerbPhrase></ActionPhrase><STOP>.</STOP></Sentence></Document>
<?xml version="1.0" encoding="UTF-8"?>
<Document><Sentence><NounPhrase><DT-THE>The</DT-THE><JJ-CHEM>saturated</JJ-CHEM><JJ-CHEM>calomel</JJ-CHEM><NN>electrode</NN><MIXTURE><_-LRB->(</_-LRB-><NNP>SCE</NNP><_-RRB->)</_-RRB-></MIXTURE></NounPhrase><VerbPhrase><VBZ>is</VBZ><VBN>employed</VBN><PrepPhrase><IN-AS>as</IN-AS><NounPhrase><NN>reference</NN><NN>electrode</NN></NounPhrase></PrepPhrase></VerbPhrase><VerbPhrase><TO>to</TO><VB>fabricate</VB></VerbPhrase><NounPhrase><DT>an</DT><JJ>integrated</JJ><CD>three-electrode</CD><NN>mode</NN></NounPhrase><STOP>.</STOP></Sentence></Document>
<?xml version="1.0" encoding="UTF-8"?>
<Document><Sentence><NounPhrase><MOLECULE><OSCARCM><OSCAR-CM>Pt</OSCAR-CM></OSCARCM></MOLECULE></NounPhrase><PrepPhrase><IN-AS>as</IN-AS><NounPhrase><JJ>auxiliary</JJ><NN>electrode</NN><MIXTURE><_-LRB->(</_-LRB-><CD>1</CD><SYM>×</SYM><CD>2</CD><NN>cm</NN><CD>2</CD><_-RRB->)</_-RRB-></MIXTURE></NounPhrase></PrepPhrase><CC>and</CC><NounPhrase><DT-THE>the</DT-THE><JJ>coated</JJ><JJ-CHEM>A3</JJ-CHEM><NN>steel</NN></NounPhrase><VerbPhrase><IN-AS>as</IN-AS><VBG>working</VBG></VerbPhrase><NounPhrase><NN>electrode</NN><MIXTURE><_-LRB->(</_-LRB-><CD>10</CD><CD>mm</CD><SYM>×</SYM><CD>10</CD><CD>mm</CD><_-RRB->)</_-RRB-></MIXTURE></NounPhrase><STOP>.</STOP></Sentence></Document>
<?xml version="1.0" encoding="UTF-8"?>
<Document><Sentence><NounPhrase><DT-THE>The</DT-THE><JJ>non-working</JJ><NN>surface</NN></NounPhrase><VerbPhrase><VBZ>is</VBZ><VBN>encapsulated</VBN><PrepPhrase><IN-WITH>with</IN-WITH><NounPhrase><JJ>epoxy</JJ><NN-CHEMENTITY>resin</NN-CHEMENTITY></NounPhrase></PrepPhrase></VerbPhrase><STOP>.</STOP></Sentence></Document>
<?xml version="1.0" encoding="UTF-8"?>
<Document><Sentence><NounPhrase><DT-THE>The</DT-THE><JJ>polarization</JJ><NN>curve</NN></NounPhrase><VerbPhrase><VBZ>is</VBZ><VBN>measured</VBN><PrepPhrase><IN-BY>by</IN-BY><NounPhrase><JJ>potential</JJ><NN>scan</NN></NounPhrase></PrepPhrase><PrepPhrase><IN-FROM>from</IN-FROM><NounPhrase><DT-THE>the</DT-THE><JJ>relative</JJ><JJ-CHEM>corrosion</JJ-CHEM><NN>potential</NN><NNP>-0.9V</NNP></NounPhrase></PrepPhrase><PrepPhrase><TO>to</TO><NounPhrase><NNP>-0.2V</NNP></NounPhrase></PrepPhrase></VerbPhrase><STOP>.</STOP></Sentence><Sentence><NounPhrase><NNP>AC</NNP><NN>excitation</NN><NNS>signal's</NNS></NounPhrase><VerbPhrase><VBP>amplitude</VBP></VerbPhrase><COMMA>,</COMMA><CC>5mV</CC><STOP>;</STOP></Sentence><Sentence><NounPhrase><NN>frequency</NN></NounPhrase><COMMA>,</COMMA><PrepPhrase><IN>100mHz～</IN><NounPhrase><CD>100kHz</CD></NounPhrase></PrepPhrase><STOP>;</STOP></Sentence><Sentence><VerbPhrase><VBG>scanning</VBG></VerbPhrase><NounPhrase><NN>speed</NN><COMMA>,</COMMA><MOLECULE><OSCARCM><OSCAR-CM>1mV/s</OSCAR-CM></OSCARCM></MOLECULE></NounPhrase><STOP>;</STOP></Sentence><Sentence><NounPhrase><NN>number</NN><PrepPhrase><IN-OF>of</IN-OF><NounPhrase><NN>sample</NN><COMMA>,</COMMA><CD>30</CD></NounPhrase></PrepPhrase></NounPhrase><STOP>.</STOP></Sentence></Document>
<?xml version="1.0" encoding="UTF-8"?>
<Document><Sentence><ActionPhrase type="Yield"><VerbPhrase><JJ>Test</JJ><VB-YIELD>results</VB-YIELD></VerbPhrase></ActionPhrase><VerbPhrase><VBP>are</VBP><VBN>indicated</VBN><PrepPhrase><IN-BY>by</IN-BY><NounPhrase><NNP>Nyquist</NNP><NNP-LABEL>graph</NNP-LABEL></NounPhrase></PrepPhrase></VerbPhrase><COMMA>,</COMMA><CC>and</CC><ActionPhrase type="ApparatusAction"><NounPhrase><DT-THE>the</DT-THE><MOLECULE><OSCARCM><OSCAR-CM>AC</OSCAR-CM></OSCARCM></MOLECULE><NN>impedance</NN></NounPhrase><VerbPhrase><VBZ>is</VBZ><VB-APPARATUS>fitted</VB-APPARATUS><PrepPhrase><IN-WITH>with</IN-WITH><NounPhrase><MOLECULE><OSCARCM><OSCAR-CM>EG&amp;G</OSCAR-CM></OSCARCM><JJ>attached</JJ></MOLECULE><NNP>Zsimpwin</NNP><NNP>Version</NNP><CD>310</CD><JJ>fitting</JJ><NN>software</NN></NounPhrase></PrepPhrase><PrepPhrase><IN-WITH>with</IN-WITH><NounPhrase><DT-THE>the</DT-THE><NN>instrument</NN><PrepPhrase><IN-OF>of</IN-OF><NounPhrase><NNP>Potentionstat/Galvanostat</NNP><NNP>Model</NNP><UNNAMEDMOLECULE><REFERENCETOCOMPOUND><CD-ALPHANUM>263A</CD-ALPHANUM></REFERENCETOCOMPOUND></UNNAMEDMOLECULE><NN>potentiostat</NN></NounPhrase></PrepPhrase></NounPhrase></PrepPhrase></VerbPhrase></ActionPhrase><VerbPhrase><VBN>producted</VBN><PrepPhrase><IN-BY>by</IN-BY><NounPhrase><MOLECULE><OSCARCM><OSCAR-CM>EG&amp;G</OSCAR-CM></OSCARCM></MOLECULE><NN>company</NN></NounPhrase></PrepPhrase></VerbPhrase><STOP>.</STOP></Sentence></Document>
<?xml version="1.0" encoding="UTF-8"?>
<Document><Sentence><NounPhrase><PROCEDURE><CD>3</CD></PROCEDURE><STOP>.</STOP></NounPhrase></Sentence></Document>
<?xml version="1.0" encoding="UTF-8"?>
<Document/>
