<?xml version="1.0" encoding="UTF-8"?>
<Document><Sentence><NounPhrase><NNP>Data</NNP><NN>analysis</NN><NNP>Traditional</NNP><NN>image</NN><NN>analysis</NN><NNS>routines</NNS></NounPhrase><VerbPhrase><VBP>are</VBP><NEG>not</NEG></VerbPhrase><JJ>suitable</JJ><VerbPhrase><IN-FOR>for</IN-FOR><VBG>processing</VBG></VerbPhrase><NounPhrase><DT-THE>the</DT-THE><JJ>acquired</JJ><JJ>thermal</JJ><NNS>images</NNS></NounPhrase><CC>or</CC><Unmatched><RB>thermograms</RB></Unmatched><Unmatched><COMMA>,</COMMA></Unmatched><PrepPhrase><IN>because</IN><IN-OF>of</IN-OF><NounPhrase><DT-THE>the</DT-THE><JJ-CHEM>heating</JJ-CHEM><NNS>non-uniformities</NNS><COMMA>,</COMMA><WDT>which</WDT></NounPhrase></PrepPhrase><VerbPhrase><MD>could</MD><VB>be</VB></VerbPhrase><ActionPhrase type="Yield"><VerbPhrase><DT>a</DT><VB-YIELD>result</VB-YIELD><PrepPhrase><IN-OF>of</IN-OF><NounPhrase><DT-THE>the</DT-THE><JJ>high</JJ><NNS>tolerances</NNS></NounPhrase></PrepPhrase><PrepPhrase><IN-IN>in</IN-IN><NounPhrase><JJ>protective</JJ><NN>coat-film</NN><NNS>thicknesses</NNS></NounPhrase></PrepPhrase></VerbPhrase></ActionPhrase><COMMA>,</COMMA><NounPhrase><DT-THE>the</DT-THE><NN>touch-up</NN><NNS>jobs</NNS><CC>and</CC><NN>surface</NN><NN>profile</NN><CC>and</CC><NN>geometry</NN></NounPhrase><STOP>.</STOP></Sentence></Document>
<?xml version="1.0" encoding="UTF-8"?>
<Document><Sentence><Unmatched><DT>All</DT></Unmatched><PrepPhrase><IN-OF>of</IN-OF><NounPhrase><DT>this</DT><JJ>creates</JJ><JJ>non-uniform</JJ><JJ>thermal</JJ><NN>maps</NN></NounPhrase></PrepPhrase><STOP>.</STOP></Sentence></Document>
<?xml version="1.0" encoding="UTF-8"?>
<Document><Sentence><ActionPhrase type="Yield"><VerbPhrase><TO>To</TO><VB-YIELD>provide</VB-YIELD></VerbPhrase><NounPhrase><DT>a</DT><JJ>complete</JJ><JJ>automated</JJ><JJ-CHEM>detection</JJ-CHEM><NN>package</NN><COMMA>,</COMMA><NN>image</NN><NN>processing</NN><NN>software</NN></NounPhrase></ActionPhrase><VerbPhrase><VBZ>is</VBZ><VBN>required</VBN></VerbPhrase><ActionPhrase type="Yield"><VerbPhrase><TO>to</TO><VB-YIELD>isolate</VB-YIELD></VerbPhrase><NounPhrase><DT-THE>the</DT-THE><NNS>defectives</NNS></NounPhrase><PrepPhrase><IN-FROM>from</IN-FROM><NounPhrase><PRP_>their</PRP_><NNS>surroundings</NNS></NounPhrase></PrepPhrase></ActionPhrase><STOP>.</STOP></Sentence></Document>
<?xml version="1.0" encoding="UTF-8"?>
<Document><Sentence><ActionPhrase type="Add"><PrepPhrase><IN-IN>In</IN-IN><NounPhrase><UNNAMEDMOLECULE><REFERENCETOCOMPOUND><LSQB>[</LSQB><CD>12</CD><RSQB>]</RSQB></REFERENCETOCOMPOUND></UNNAMEDMOLECULE><PRP>we</PRP></NounPhrase></PrepPhrase><VerbPhrase><VB-ADD>introduced</VB-ADD></VerbPhrase><NounPhrase><DT>a</DT><JJ>new</JJ><JJ-CHEM>image</JJ-CHEM><NN>processing</NN><NN>routine</NN></NounPhrase></ActionPhrase><VerbPhrase><VBN>based</VBN></VerbPhrase><VerbPhrase><IN-ON>on</IN-ON><VBG>dividing</VBG></VerbPhrase><NounPhrase><DT-THE>the</DT-THE><NN>thermogram</NN></NounPhrase><PrepPhrase><IN-INTO>into</IN-INTO><NounPhrase><JJ>localized</JJ><NN>neighborhoods</NN></NounPhrase></PrepPhrase><STOP>.</STOP></Sentence></Document>
<?xml version="1.0" encoding="UTF-8"?>
<Document><Sentence><NounPhrase><DT-THE>The</DT-THE><NN>size</NN><PrepPhrase><IN-OF>of</IN-OF><NounPhrase><DT-THE>the</DT-THE><JJ>local</JJ><NN>neighborhood</NN></NounPhrase></PrepPhrase></NounPhrase><VerbPhrase><MD>should</MD><VB>be</VB><VBN>selected</VBN><JJ>such</JJ><PrepPhrase><IN>that</IN><NounPhrase><PRP>it</PRP></NounPhrase></PrepPhrase></VerbPhrase><VerbPhrase><MD>will</MD><VB>be</VB><JJR>larger</JJR><PrepPhrase><IN>than</IN><NounPhrase><DT-THE>the</DT-THE><NN>defect</NN></NounPhrase></PrepPhrase></VerbPhrase><CC>and</CC><VerbPhrase><VBZ>sizes</VBZ><VBN>sought</VBN></VerbPhrase><CC>and</CC><VerbPhrase><VBP>assure</VBP><TempPhrase><DT>a</DT><JJ>stable</JJ><NN-TEMP>temperature</NN-TEMP></TempPhrase><PrepPhrase><IN>across</IN><NounPhrase><DT-THE>the</DT-THE><NN>region</NN></NounPhrase></PrepPhrase></VerbPhrase><COMMA>,</COMMA><CC>but</CC><Unmatched><JJ>small</JJ></Unmatched><Unmatched><JJ>enough</JJ></Unmatched><VerbPhrase><TO>to</TO><VB>be</VB><VBN>contained</VBN><PrepPhrase><IN>within</IN><NounPhrase><DT-THE>the</DT-THE><JJS>smallest</JJS><NN>area</NN><PrepPhrase><IN-OF>of</IN-OF><NounPhrase><NN>non-uniformity</NN></NounPhrase></PrepPhrase></NounPhrase></PrepPhrase></VerbPhrase><Unmatched><_-LRB->(</_-LRB-></Unmatched><NounPhrase><PRP_>its</PRP_><NN>definition</NN><NN>dependant</NN></NounPhrase><PrepPhrase><IN-ON>on</IN-ON><NounPhrase><DT-THE>the</DT-THE><NN>application</NN></NounPhrase></PrepPhrase><PrepPhrase><IN>at</IN><NounPhrase><NN>hand</NN></NounPhrase></PrepPhrase><Unmatched><_-RRB->)</_-RRB-></Unmatched><STOP>.</STOP></Sentence></Document>
<?xml version="1.0" encoding="UTF-8"?>
<Document><Sentence><NounPhrase><DT>A</DT><JJ>relative</JJ><JJ>thresholding</JJ><PROCEDURE><NN-METHOD>step</NN-METHOD></PROCEDURE></NounPhrase><VerbPhrase><VBZ>follows</VBZ></VerbPhrase><COMMA>,</COMMA><NounPhrase><WRB>where</WRB></NounPhrase><NounPhrase><DT>each</DT><NN>pixel</NN></NounPhrase><PrepPhrase><IN-IN>in</IN-IN><NounPhrase><DT-THE>the</DT-THE><JJ>thermal</JJ><NN>image</NN></NounPhrase></PrepPhrase><VerbPhrase><VBZ>is</VBZ><VBN>compared</VBN><PrepPhrase><IN>against</IN><NounPhrase><DT-THE>the</DT-THE><NN>average</NN><PrepPhrase><IN-OF>of</IN-OF><NounPhrase><PRP_>its</PRP_></NounPhrase></PrepPhrase></NounPhrase></PrepPhrase></VerbPhrase><VerbPhrase><VBG>surrounding</VBG></VerbPhrase><NounPhrase><NN>neighborhood</NN></NounPhrase><STOP>;</STOP></Sentence><Sentence><PrepPhrase><IN>if</IN><NounPhrase><PRP>it</PRP></NounPhrase></PrepPhrase><VerbPhrase><VBZ>passes</VBZ></VerbPhrase><NounPhrase><DT-THE>the</DT-THE><NN>criterion</NN></NounPhrase><PrepPhrase><IN-IN>in</IN-IN><NounPhrase><UNNAMEDMOLECULE><REFERENCETOCOMPOUND><_-LRB->(</_-LRB-><CD>2</CD><_-RRB->)</_-RRB-></REFERENCETOCOMPOUND></UNNAMEDMOLECULE><COMMA>,</COMMA><PRP_>its</PRP_><NN>value</NN></NounPhrase></PrepPhrase><VerbPhrase><VBZ>is</VBZ><VBN>boosted</VBN><PrepPhrase><IN-WITH>with</IN-WITH><NounPhrase><NNS>multiples</NNS><PrepPhrase><IN-OF>of</IN-OF><NounPhrase><DT-THE>the</DT-THE><NN>difference</NN></NounPhrase></PrepPhrase></NounPhrase></PrepPhrase><PrepPhrase><IN-FROM>from</IN-FROM><NounPhrase><DT-THE>the</DT-THE><NN>average</NN><RB>otherwise</RB><PRP_>its</PRP_><NN>value</NN></NounPhrase></PrepPhrase></VerbPhrase><VerbPhrase><VBZ>is</VBZ><VBN>set</VBN><PrepPhrase><TO>to</TO><NounPhrase><CD>zero</CD></NounPhrase></PrepPhrase></VerbPhrase><STOP>.</STOP></Sentence></Document>
<?xml version="1.0" encoding="UTF-8"?>
<Document><Sentence><NounPhrase><PROCEDURE><_-LRB->(</_-LRB-><NN-IDENTIFIER>a</NN-IDENTIFIER><_-RRB->)</_-RRB-></PROCEDURE></NounPhrase></Sentence><Sentence><NounPhrase><CD>1</CD><CD>mm</CD><CD>1.9</CD><CD>mm</CD><CD>2</CD><CD>mm</CD><CD>1</CD><CD>mm</CD><CD>0.75</CD><CD>mm</CD><NNP>Flat</NNP><NN>area</NN></NounPhrase><COMMA>,</COMMA><PrepPhrase><IN-WITHOUT>without</IN-WITHOUT><NounPhrase><NNS>defects</NNS></NounPhrase></PrepPhrase><VerbPhrase><TO>to</TO><VB>investigate</VB><JJ>false</JJ></VerbPhrase><NounPhrase><NNS>positives</NNS><MOLECULE><MIXTURE><_-LRB->(</_-LRB-><REFERENCETOCOMPOUND><NN-IDENTIFIER>b</NN-IDENTIFIER></REFERENCETOCOMPOUND><_-RRB->)</_-RRB-></MIXTURE><MIXTURE><_-LRB->(</_-LRB-><REFERENCETOCOMPOUND><NN-IDENTIFIER>c</NN-IDENTIFIER></REFERENCETOCOMPOUND><_-RRB->)</_-RRB-></MIXTURE><JJ-CHEM>www.ndt.net-3rd</JJ-CHEM><OSCARCM><OSCAR-CM>MENDT-Middle</OSCAR-CM></OSCARCM></MOLECULE><NNP>East</NNP><NNP>Nondestructive</NNP></NounPhrase><VerbPhrase><VBG>Testing</VBG></VerbPhrase><NounPhrase><NNP>Conference</NNP><CC>&amp;</CC><NNP>Exhibition</NNP></NounPhrase><Unmatched><DASH>-</DASH></Unmatched><NounPhrase><CD>27-30</CD><NNP>Nov</NNP><CD>2005</CD><NNP>Bahrain</NNP><COMMA>,</COMMA><NNP>Manama</NNP><NNP>),(</NNP></NounPhrase><STOP>.</STOP></Sentence></Document>
<?xml version="1.0" encoding="UTF-8"?>
<Document><Sentence><NounPhrase><NN>jisurravgpix</NN><MOLECULE><OSCARCM><OSCAR-CM>TT</OSCAR-CM></OSCARCM></MOLECULE><NNP>ση</NNP><NNP>⋅≥-</NNP></NounPhrase><STOP>.</STOP></Sentence></Document>
<?xml version="1.0" encoding="UTF-8"?>
<Document><Sentence><NounPhrase><PROCEDURE><_-LRB->(</_-LRB-><CD>2</CD><_-RRB->)</_-RRB-></PROCEDURE></NounPhrase></Sentence><Sentence><NounPhrase><WRB>Where</WRB><NNP>pixT</NNP></NounPhrase><VerbPhrase><VBZ>is</VBZ></VerbPhrase><NounPhrase><DT-THE>the</DT-THE><NN-TEMP>temperature</NN-TEMP><PrepPhrase><IN-OF>of</IN-OF><NounPhrase><JJ>central</JJ><NN>pixel</NN><COMMA>,</COMMA><NNP>.avgT</NNP></NounPhrase></PrepPhrase></NounPhrase><VerbPhrase><VBZ>is</VBZ></VerbPhrase><NounPhrase><DT-THE>the</DT-THE><JJ>kernel</JJ><NN>average</NN><NN-TEMP>temperature</NN-TEMP><COMMA>,</COMMA><NN>η</NN></NounPhrase><VerbPhrase><VBZ>is</VBZ></VerbPhrase><NounPhrase><DT>a</DT><JJ>scaling</JJ><JJ-CHEM>factor</JJ-CHEM><NN>dependant</NN></NounPhrase><PrepPhrase><IN-ON>on</IN-ON><NounPhrase><DT-THE>the</DT-THE><NN>signal</NN></NounPhrase></PrepPhrase><PrepPhrase><TO>to</TO><NounPhrase><NN>noise</NN><NN>ratio</NN><PrepPhrase><IN-OF>of</IN-OF><NounPhrase><DT-THE>the</DT-THE><NN>thermogram</NN><COMMA>,</COMMA><CC>and</CC><JJ>),(</JJ><NN>jisurrσ</NN></NounPhrase></PrepPhrase></NounPhrase></PrepPhrase><VerbPhrase><VBZ>is</VBZ></VerbPhrase><NounPhrase><DT-THE>the</DT-THE><JJ>standard</JJ><NN>deviation</NN><PrepPhrase><IN-OF>of</IN-OF><NounPhrase><NNS>pixels</NNS></NounPhrase></PrepPhrase></NounPhrase><PrepPhrase><IN-IN>in</IN-IN><NounPhrase><DT-THE>the</DT-THE><JJ>local</JJ><NN>neighborhood</NN></NounPhrase></PrepPhrase><VerbPhrase><VBG>surrounding</VBG><JJ>),(</JJ></VerbPhrase><RB>ji</RB><STOP>.</STOP></Sentence></Document>
<?xml version="1.0" encoding="UTF-8"?>
<Document><Sentence><VerbPhrase><TO>To</TO><VB>illustrate</VB></VerbPhrase><NounPhrase><DT-THE>the</DT-THE><NN>effectiveness</NN><PrepPhrase><IN-OF>of</IN-OF><NounPhrase><DT>this</DT><NN>routine</NN><COMMA>,</COMMA><PRP>we</PRP><RB>apply</RB><PRP>it</PRP></NounPhrase></PrepPhrase></NounPhrase><PrepPhrase><TO>to</TO><NounPhrase><DT-THE>the</DT-THE><NN>thermogram</NN></NounPhrase></PrepPhrase><VerbPhrase><VBN>shown</VBN><PrepPhrase><IN-IN>in</IN-IN><NounPhrase><NNP-LABEL>figure</NNP-LABEL><MOLECULE><OSCARCM><OSCAR-CM>1,b</OSCAR-CM></OSCARCM></MOLECULE><COMMA>,</COMMA><MOLECULE><OSCARCM><OSCAR-CM>3,a</OSCAR-CM></OSCARCM></MOLECULE><CC>and</CC><CD>4,b</CD></NounPhrase></PrepPhrase></VerbPhrase><NounPhrase><DT-THE>The</DT-THE><NN>results</NN></NounPhrase><COMMA>,</COMMA><ActionPhrase type="Remove"><PrepPhrase><IN-IN>in</IN-IN><NounPhrase><NNP-LABEL>figure</NNP-LABEL><MOLECULE><OSCARCM><OSCAR-CM>1,c</OSCAR-CM></OSCARCM></MOLECULE><COMMA>,</COMMA><MOLECULE><OSCARCM><OSCAR-CM>3,b</OSCAR-CM></OSCARCM></MOLECULE><CC>and</CC><MOLECULE><OSCARCM><OSCAR-CM>4,c</OSCAR-CM></OSCARCM></MOLECULE><NN>show</NN></NounPhrase></PrepPhrase><PrepPhrase><IN>that</IN><NounPhrase><DT-THE>the</DT-THE><NN>code</NN></NounPhrase></PrepPhrase><VerbPhrase><RB>successfully</RB><VB-REMOVE>removed</VB-REMOVE></VerbPhrase><Unmatched><DT-THE>the</DT-THE></Unmatched></ActionPhrase><ActionPhrase type="Heat"><VerbPhrase><JJ-CHEM>non-uniform</JJ-CHEM><VB-HEAT>heating</VB-HEAT></VerbPhrase><NounPhrase><NNS>effects</NNS></NounPhrase></ActionPhrase><VerbPhrase><IN>while</IN><VBG>detecting</VBG></VerbPhrase><NounPhrase><DT-THE>the</DT-THE><JJ>thin</JJ><NN>spots</NN></NounPhrase><STOP>.</STOP></Sentence></Document>
<?xml version="1.0" encoding="UTF-8"?>
<Document><Sentence><NounPhrase><CaptionLabel><NNP-LABEL>Figure</NNP-LABEL><CD>5</CD></CaptionLabel></NounPhrase><COMMA>,</COMMA><NounPhrase><DT-THE>The</DT-THE><JJ-CHEM>detection</JJ-CHEM><NN>head</NN></NounPhrase><VerbPhrase><VBN>used</VBN><PrepPhrase><IN-FOR>for</IN-FOR><NounPhrase><JJ>pinhole</JJ><NN>detection</NN></NounPhrase></PrepPhrase></VerbPhrase><VerbPhrase><TO>To</TO><VB>quantify</VB></VerbPhrase><NounPhrase><DT-THE>the</DT-THE><JJ-CHEM>code</JJ-CHEM><NN>performance</NN><COMMA>,</COMMA><PRP>we</PRP></NounPhrase><VerbPhrase><VBP>utilize</VBP></VerbPhrase><NounPhrase><NNP>Tanimoto</NNP><NN>criterion</NN><MIXTURE><_-LRB->(</_-LRB-><CC>or</CC><COMMA>,</COMMA><VB>reveal</VB><NN>ability</NN><MOLECULE><OSCARCM><OSCAR-CM>Re</OSCAR-CM></OSCARCM></MOLECULE><NNP>.v</NNP><_-RRB->)</_-RRB-></MIXTURE></NounPhrase><VerbPhrase><VBN>described</VBN><PrepPhrase><IN-IN>in</IN-IN><NounPhrase><NN>equation</NN><UNNAMEDMOLECULE><REFERENCETOCOMPOUND><_-LRB->(</_-LRB-><CD>3</CD><_-RRB->)</_-RRB-></REFERENCETOCOMPOUND></UNNAMEDMOLECULE></NounPhrase></PrepPhrase></VerbPhrase><COMMA>,</COMMA><CC>and</CC><ActionPhrase type="Add"><VerbPhrase><RB>first</RB><VB-ADD>introduced</VB-ADD><PrepPhrase><IN-IN>in</IN-IN><NounPhrase><UNNAMEDMOLECULE><REFERENCETOCOMPOUND><LSQB>[</LSQB><CD>13</CD><RSQB>]</RSQB></REFERENCETOCOMPOUND></UNNAMEDMOLECULE></NounPhrase></PrepPhrase></VerbPhrase></ActionPhrase><STOP>.</STOP></Sentence></Document>
<?xml version="1.0" encoding="UTF-8"?>
<Document><Sentence><NounPhrase><MOLECULE><OSCARCM><OSCAR-CM>Re</OSCAR-CM></OSCARCM></MOLECULE></NounPhrase><STOP>.</STOP></Sentence></Document>
<?xml version="1.0" encoding="UTF-8"?>
<Document><Sentence><VerbPhrase><JJ>real</JJ><VBN>missed</VBN><RB>real</RB><JJ>false</JJ></VerbPhrase><Unmatched><NN-MOLAR>N</NN-MOLAR></Unmatched><Unmatched><NN-MOLAR>N</NN-MOLAR></Unmatched><NounPhrase><NN>v</NN></NounPhrase><Unmatched><NN-MOLAR>N</NN-MOLAR></Unmatched><NounPhrase><UNNAMEDMOLECULE><REFERENCETOCOMPOUND><_-LRB->N-=-(</_-LRB-><CD>3</CD><_-RRB->)</_-RRB-></REFERENCETOCOMPOUND></UNNAMEDMOLECULE><WRB>where</WRB></NounPhrase><COMMA>,</COMMA><Unmatched><NN-MOLAR>N</NN-MOLAR></Unmatched><VerbPhrase><VBZ>is</VBZ></VerbPhrase><NounPhrase><DT-THE>the</DT-THE><NN>number</NN><PrepPhrase><IN-OF>of</IN-OF><NounPhrase><NNS>defects</NNS></NounPhrase></PrepPhrase></NounPhrase><CC>and</CC><NounPhrase><DT-THE>the</DT-THE><NN>subscripts</NN></NounPhrase><COMMA>,</COMMA><COMMA>,real</COMMA><VerbPhrase><VBD>missed</VBD><JJ>false</JJ><VBP>refer</VBP><PrepPhrase><TO>to</TO><NounPhrase><JJ>real</JJ><NN>defects</NN></NounPhrase></PrepPhrase></VerbPhrase><COMMA>,</COMMA><VerbPhrase><VBD>missed</VBD></VerbPhrase><NounPhrase><NNS>defects</NNS><CC>and</CC><JJ>false</JJ><NNS>positives</NNS></NounPhrase><VerbPhrase><VBD>found</VBD><PrepPhrase><IN-IN>in</IN-IN><NounPhrase><DT-THE>the</DT-THE><JJ>processed</JJ><NN>image</NN></NounPhrase></PrepPhrase></VerbPhrase><STOP>.</STOP></Sentence></Document>
<?xml version="1.0" encoding="UTF-8"?>
<Document><Sentence><VerbPhrase><VBG>Applying</VBG></VerbPhrase><NounPhrase><DT>this</DT><NN>criterion</NN></NounPhrase><PrepPhrase><TO>to</TO><NounPhrase><DT-THE>the</DT-THE><JJ-CHEM>processed</JJ-CHEM><NNS>images</NNS></NounPhrase></PrepPhrase><ActionPhrase type="Yield"><VerbPhrase><VB-YIELD>results</VB-YIELD><PrepPhrase><IN-IN>in</IN-IN><NounPhrase><NN>average</NN><PrepPhrase><IN-OF>of</IN-OF><NounPhrase><NNP>Rev</NNP></NounPhrase></PrepPhrase></NounPhrase></PrepPhrase></VerbPhrase></ActionPhrase><STOP>.</STOP></Sentence><Sentence><NounPhrase><SYM>=</SYM><QUANTITY><PERCENT><CD>95</CD><NN-PERCENT>%</NN-PERCENT></PERCENT></QUANTITY></NounPhrase><STOP>.</STOP></Sentence></Document>
<?xml version="1.0" encoding="UTF-8"?>
<Document><Sentence><NounPhrase><CD>One</CD></NounPhrase><VerbPhrase><MD>should</MD><VB>bear</VB><PrepPhrase><IN-IN>in</IN-IN><NounPhrase><NN>mind</NN></NounPhrase></PrepPhrase></VerbPhrase><VerbPhrase><IN>that</IN><VBG>applying</VBG></VerbPhrase><NounPhrase><NNP>Tanimoto's</NNP><NN>criterion</NN></NounPhrase><PrepPhrase><IN-FOR>for</IN-FOR><NounPhrase><DT>a</DT><JJ>single</JJ><NN>image</NN></NounPhrase></PrepPhrase><PrepPhrase><IN-WITH>with</IN-WITH><NounPhrase><JJ>limited</JJ><NN>number</NN><PrepPhrase><IN-OF>of</IN-OF><NounPhrase><NNS>defectives</NNS></NounPhrase></PrepPhrase></NounPhrase></PrepPhrase><VerbPhrase><VBZ>is</VBZ><VBN>considered</VBN><RB>highly</RB><JJ>conservative</JJ></VerbPhrase><COMMA>,</COMMA><CC>and</CC><Unmatched><RB>so</RB></Unmatched><NounPhrase><DT>any</DT><NNP>Rev</NNP></NounPhrase><STOP>.</STOP></Sentence><Sentence><NounPhrase><SYM>&gt;</SYM><QUANTITY><PERCENT><CD>80</CD><NN-PERCENT>%</NN-PERCENT></PERCENT></QUANTITY></NounPhrase><VerbPhrase><VBZ>indicates</VBZ><JJ>effective</JJ></VerbPhrase><NounPhrase><NN>processing</NN></NounPhrase><STOP>.</STOP></Sentence></Document>
<?xml version="1.0" encoding="UTF-8"?>
<Document><Sentence><NounPhrase><PROCEDURE><CD>4</CD></PROCEDURE><STOP>.</STOP></NounPhrase></Sentence></Document>
<?xml version="1.0" encoding="UTF-8"?>
<Document/>
