<?xml version="1.0" encoding="UTF-8"?>
<Document><Sentence><NounPhrase><MOLECULE><OSCARCM><OSCAR-CM>EXPERIMENTAL</OSCAR-CM></OSCARCM></MOLECULE><PROCEDURE><NN-METHOD>METHODS</NN-METHOD><CD>2.1</CD></PROCEDURE></NounPhrase><STOP>.</STOP></Sentence></Document>
<?xml version="1.0" encoding="UTF-8"?>
<Document><Sentence><NounPhrase><NN-CHEMENTITY>Materials</NN-CHEMENTITY></NounPhrase><NounPhrase><DT-THE>The</DT-THE><NN-CHEMENTITY>materials</NN-CHEMENTITY></NounPhrase><VerbPhrase><VBN>used</VBN><PrepPhrase><IN-IN>in</IN-IN><NounPhrase><DT>this</DT><NN>study</NN></NounPhrase></PrepPhrase><PrepPhrase><IN-AS>as</IN-AS><NounPhrase><NN>substrate</NN></NounPhrase></PrepPhrase></VerbPhrase><VerbPhrase><VBP>are</VBP><JJ>steel</JJ></VerbPhrase><NounPhrase><NN>coupons</NN></NounPhrase><STOP>.</STOP></Sentence></Document>
<?xml version="1.0" encoding="UTF-8"?>
<Document><Sentence><NounPhrase><NNP>Surface</NNP><NN>treatment</NN><NNS>parameters</NNS><PrepPhrase><IN-OF>of</IN-OF><NounPhrase><DT-THE>the</DT-THE><NNS>coupons</NNS></NounPhrase></PrepPhrase></NounPhrase><VerbPhrase><VBP>are</VBP><VBN>given</VBN><PrepPhrase><IN-IN>in</IN-IN><NounPhrase><CaptionLabel><NNP-LABEL>Table</NNP-LABEL><CD>1</CD></CaptionLabel></NounPhrase></PrepPhrase></VerbPhrase><STOP>.</STOP></Sentence></Document>
<?xml version="1.0" encoding="UTF-8"?>
<Document><Sentence><NounPhrase><DT-THE>The</DT-THE><NN>chemical</NN><NNS>compositions</NNS><PrepPhrase><IN-OF>of</IN-OF><NounPhrase><DT-THE>the</DT-THE><NN>steel</NN><NNS>coupons</NNS></NounPhrase></PrepPhrase></NounPhrase><VerbPhrase><VBP>are</VBP></VerbPhrase><NounPhrase><MOLECULE><QUANTITY><PERCENT><CD>0.18</CD><NN-PERCENT>%</NN-PERCENT></PERCENT></QUANTITY><OSCARCM><OSCAR-CM>C</OSCAR-CM></OSCARCM></MOLECULE><COMMA>,</COMMA><MOLECULE><QUANTITY><PERCENT><CD>0.3</CD><NN-PERCENT>%</NN-PERCENT></PERCENT></QUANTITY><OSCARCM><OSCAR-CM>Mn</OSCAR-CM></OSCARCM></MOLECULE><COMMA>,</COMMA><MOLECULE><QUANTITY><PERCENT><CD>0.15</CD><NN-PERCENT>%</NN-PERCENT></PERCENT></QUANTITY><OSCARCM><OSCAR-CM>Si</OSCAR-CM></OSCARCM></MOLECULE><COMMA>,</COMMA><MOLECULE><QUANTITY><PERCENT><CD>0.04</CD><NN-PERCENT>%</NN-PERCENT></PERCENT></QUANTITY><OSCARCM><OSCAR-CM>P</OSCAR-CM></OSCARCM></MOLECULE><COMMA>,</COMMA><CC>and</CC><QUANTITY><PERCENT><CD>0.05</CD><NN-PERCENT>%</NN-PERCENT></PERCENT></QUANTITY><NNP>S</NNP></NounPhrase><STOP>.</STOP></Sentence><Sentence><NounPhrase><NNP>First</NNP><COMMA>,</COMMA><NNS>surfaces</NNS><PrepPhrase><IN-OF>of</IN-OF><NounPhrase><NN>steel</NN><NNS>coupons</NNS><WDT>which</WDT></NounPhrase></PrepPhrase></NounPhrase><VerbPhrase><VBP>have</VBP><JJ>nominal</JJ></VerbPhrase><NounPhrase><NNS>dimensions</NNS><PrepPhrase><IN-OF>of</IN-OF><NounPhrase><CD>40x100</CD><CD>mm</CD></NounPhrase></PrepPhrase></NounPhrase><ActionPhrase type="Wait"><VerbPhrase><VBP>are</VBP><VBN>coated</VBN><PrepPhrase><IN-WITH>with</IN-WITH><NounPhrase><MOLECULE><OSCARCM><OSCAR-CM>iron</OSCAR-CM><OSCAR-CM>phosphate</OSCAR-CM></OSCARCM></MOLECULE></NounPhrase></PrepPhrase><TimePhrase><IN-FOR>for</IN-FOR><CD>10</CD><NN-TIME>min.</NN-TIME></TimePhrase></VerbPhrase></ActionPhrase><Unmatched><_-LRB->(</_-LRB-></Unmatched></Sentence></Document>
<?xml version="1.0" encoding="UTF-8"?>
<Document><Sentence><NounPhrase><NN>sample</NN><CD>1-3,25-27</CD></NounPhrase><Unmatched><_-RRB->)</_-RRB-></Unmatched><Unmatched><COMMA>,</COMMA></Unmatched><NounPhrase><CD>20</CD><NN-TIME>min.</NN-TIME></NounPhrase><Unmatched><_-LRB->(</_-LRB-></Unmatched></Sentence></Document>
<?xml version="1.0" encoding="UTF-8"?>
<Document><Sentence><NounPhrase><NN>sample</NN><CD>4-6,28-30</CD></NounPhrase><Unmatched><_-RRB->)</_-RRB-></Unmatched><Unmatched><CC>and</CC></Unmatched><NounPhrase><CD>30</CD><NN-TIME>min.</NN-TIME></NounPhrase><Unmatched><_-LRB->(</_-LRB-></Unmatched></Sentence></Document>
<?xml version="1.0" encoding="UTF-8"?>
<Document><Sentence><NounPhrase><NN>sample</NN><CD>7-9,31-33</CD></NounPhrase><Unmatched><_-RRB->)</_-RRB-></Unmatched><STOP>.</STOP></Sentence></Document>
<?xml version="1.0" encoding="UTF-8"?>
<Document><Sentence><NounPhrase><DT-THE>The</DT-THE><MOLECULE><OSCARCM><OSCAR-CM>phosphating</OSCAR-CM></OSCARCM></MOLECULE><NN>process</NN></NounPhrase><VerbPhrase><VBZ>is</VBZ><VBN>performed</VBN><PrepPhrase><IN-IN>in</IN-IN><NounPhrase><DT-THE>the</DT-THE><JJ>following</JJ><NN>sequence</NN></NounPhrase></PrepPhrase></VerbPhrase><STOP>.</STOP></Sentence></Document>
<?xml version="1.0" encoding="UTF-8"?>
<Document><Sentence><ActionPhrase type="Wait"><Unmatched><RB>First</RB></Unmatched><Unmatched><COMMA>,</COMMA></Unmatched><NounPhrase><PRP>they</PRP></NounPhrase><VerbPhrase><VBP>are</VBP><VBN>held</VBN><PrepPhrase><IN-IN>in</IN-IN><NounPhrase><DT>a</DT><MOLECULE><OSCARCM><OSCAR-CM>NaOH</OSCAR-CM></OSCARCM><NN-CHEMENTITY>solution</NN-CHEMENTITY></MOLECULE></NounPhrase></PrepPhrase><PrepPhrase><IN-WITH>with</IN-WITH><NounPhrase><QUANTITY><PH><NN-PH>pH</NN-PH><CD>13</CD></PH></QUANTITY></NounPhrase></PrepPhrase><PrepPhrase><IN>at</IN><NounPhrase><CD>60-80</CD><UNNAMEDMOLECULE><REFERENCETOCOMPOUND><CD-ALPHANUM>0C</CD-ALPHANUM></REFERENCETOCOMPOUND></UNNAMEDMOLECULE></NounPhrase></PrepPhrase><TimePhrase><IN-FOR>for</IN-FOR><CD>15</CD><NN-TIME>minutes</NN-TIME></TimePhrase></VerbPhrase></ActionPhrase><COMMA>,</COMMA><ActionPhrase type="Wash"><VerbPhrase><VB-WASH>rinsed</VB-WASH><PrepPhrase><IN-WITH>with</IN-WITH><NounPhrase><JJ>pure</JJ><MOLECULE role="Solvent"><OSCARCM><OSCAR-CM>water</OSCAR-CM></OSCARCM></MOLECULE></NounPhrase></PrepPhrase><PrepPhrase><IN-IN>in</IN-IN><NounPhrase><CD>two</CD><JJ>different</JJ><NN>baths</NN></NounPhrase></PrepPhrase></VerbPhrase></ActionPhrase><COMMA>,</COMMA><RB-CONJ>then</RB-CONJ><VerbPhrase><VB>hold</VB><PrepPhrase><IN-IN>in</IN-IN><MOLECULE><QUANTITY><PERCENT><CD>10</CD><NN-PERCENT>%</NN-PERCENT></PERCENT></QUANTITY><OSCARCM><OSCAR-CM>HCl</OSCAR-CM></OSCARCM></MOLECULE></PrepPhrase></VerbPhrase><COMMA>,</COMMA><NounPhrase><WDT>which</WDT></NounPhrase><VerbPhrase><VBZ>has</VBZ></VerbPhrase><NounPhrase><DT>a</DT><NN-PH>pH</NN-PH><PrepPhrase><IN-OF>of</IN-OF><NounPhrase><CD>0</CD></NounPhrase></PrepPhrase></NounPhrase><COMMA>,</COMMA><ActionPhrase type="Wait"><TimePhrase><IN-FOR>for</IN-FOR><CD>10</CD><NN-TIME>minutes</NN-TIME></TimePhrase></ActionPhrase><COMMA>,</COMMA><ActionPhrase type="Wash"><VerbPhrase><VB-WASH>rinsed</VB-WASH><PrepPhrase><IN-IN>in</IN-IN><NounPhrase><JJ>pure</JJ><JJ>watered</JJ><NNS>baths</NNS></NounPhrase></PrepPhrase></VerbPhrase><RB>again</RB></ActionPhrase><CC>and</CC><ActionPhrase type="Wait"><VerbPhrase><JJ>next</JJ><VBN>held</VBN><PrepPhrase><IN-IN>in</IN-IN><MOLECULE><OSCARCM><OSCAR-CM>phosphoric</OSCAR-CM><OSCAR-CM>acid</OSCAR-CM></OSCARCM><NN-CHEMENTITY>solution</NN-CHEMENTITY></MOLECULE></PrepPhrase><PrepPhrase><IN-WITH>with</IN-WITH><NounPhrase><DT>a</DT><NN-PH>pH</NN-PH><PrepPhrase><IN-OF>of</IN-OF><NounPhrase><CD>3</CD></NounPhrase></PrepPhrase></NounPhrase></PrepPhrase><PrepPhrase><IN>at</IN><NounPhrase><CD>45-55</CD><UNNAMEDMOLECULE><REFERENCETOCOMPOUND><CD-ALPHANUM>0C</CD-ALPHANUM></REFERENCETOCOMPOUND></UNNAMEDMOLECULE></NounPhrase></PrepPhrase><TimePhrase><IN-FOR>for</IN-FOR><CD>10</CD><NN-TIME>minutes</NN-TIME></TimePhrase></VerbPhrase></ActionPhrase><COMMA>,</COMMA><ActionPhrase type="Wash"><VerbPhrase><VB-WASH>rinsed</VB-WASH></VerbPhrase></ActionPhrase><COMMA>,</COMMA><CC>and</CC><ActionPhrase type="Dry"><VerbPhrase><IN>at</IN><JJ>last</JJ><VB-DRY>dried</VB-DRY><PrepPhrase><IN-WITH>with</IN-WITH><NounPhrase><JJ>hot</JJ><NN>air</NN></NounPhrase></PrepPhrase><PrepPhrase><IN>at</IN><NounPhrase><CD>120</CD><UNNAMEDMOLECULE><REFERENCETOCOMPOUND><CD-ALPHANUM>0C</CD-ALPHANUM></REFERENCETOCOMPOUND></UNNAMEDMOLECULE></NounPhrase></PrepPhrase></VerbPhrase></ActionPhrase><STOP>.</STOP></Sentence><Sentence><Unmatched><RB-CONJ>Then</RB-CONJ></Unmatched><NounPhrase><PRP>they</PRP></NounPhrase><VerbPhrase><VBP>are</VBP><VBN>coated</VBN><PrepPhrase><IN-BY>by</IN-BY><NounPhrase><DT>an</DT><JJ>electrostatic</JJ><JJ-CHEM>spray</JJ-CHEM><PROCEDURE><NN>deposition</NN><NN-METHOD>method</NN-METHOD></PROCEDURE><MIXTURE><_-LRB->(</_-LRB-><NNP>EDS</NNP><_-RRB->)</_-RRB-></MIXTURE></NounPhrase></PrepPhrase><PrepPhrase><IN-IN>in</IN-IN><NounPhrase><JJ>different</JJ><NNS>thicknesses</NNS></NounPhrase></PrepPhrase></VerbPhrase><VerbPhrase><IN-BY>by</IN-BY><VB-USE>using</VB-USE></VerbPhrase><NounPhrase><NNP>Akzo</NNP><NNP>Nobel</NNP><NNP>Interpon</NNP><CD>700</CD><MOLECULE><OSCARCM><OSCAR-CM>epoxy-polyester</OSCAR-CM></OSCARCM><NN-STATE>powder</NN-STATE></MOLECULE></NounPhrase><PrepPhrase><IN-FOR>for</IN-FOR><NounPhrase><CD>1</CD><COMMA>,</COMMA><CD>2</CD><COMMA>,</COMMA><CC>and</CC><CD>3</CD><NN-TIME>seconds</NN-TIME></NounPhrase></PrepPhrase><STOP>.</STOP></Sentence></Document>
<?xml version="1.0" encoding="UTF-8"?>
<Document><Sentence><PrepPhrase><IN-IN>In</IN-IN><NounPhrase><DT-THE>the</DT-THE><JJ-CHEM>coating</JJ-CHEM><NN>system</NN><COMMA>,</COMMA><NNP>Wagner</NNP></NounPhrase></PrepPhrase><VerbPhrase><VBD>tribo</VBD><JJ>manual</JJ></VerbPhrase><NounPhrase><NN>gun</NN></NounPhrase><VerbPhrase><VBZ>is</VBZ><VBN>used</VBN></VerbPhrase><STOP>.</STOP></Sentence></Document>
<?xml version="1.0" encoding="UTF-8"?>
<Document><Sentence><PrepPhrase><IN-FOR>For</IN-FOR><NounPhrase><DT-THE>the</DT-THE><JJ-CHEM>coating</JJ-CHEM><NN>process</NN></NounPhrase></PrepPhrase><COMMA>,</COMMA><VerbPhrase><VBG>exiting</VBG></VerbPhrase><NounPhrase><NN>voltage</NN></NounPhrase><COMMA>,</COMMA><Unmatched><JJ>current</JJ></Unmatched><Unmatched><COMMA>,</COMMA></Unmatched><Unmatched><JJ>tribo</JJ></Unmatched><Unmatched><JJ>current</JJ></Unmatched><Unmatched><COMMA>,</COMMA></Unmatched><Unmatched><CC>and</CC></Unmatched><NounPhrase><NN>air</NN><NN-PRESSURE>pressure</NN-PRESSURE></NounPhrase><VerbPhrase><VBP>are</VBP></VerbPhrase><NounPhrase><CD>100</CD><NNP>kV</NNP><COMMA>,</COMMA><CD>150</CD><NNP>mA</NNP><COMMA>,</COMMA><CD>2</CD><NNP>mA</NNP><COMMA>,</COMMA><CC>and</CC><CD>3</CD><NNS>bars</NNS></NounPhrase><RB>respectively</RB><STOP>.</STOP></Sentence></Document>
<?xml version="1.0" encoding="UTF-8"?>
<Document><Sentence><NounPhrase><NNP>Akin</NNP><NNP>Akinci</NNP><NNP>June</NNP><CD>2009</CD></NounPhrase><NounPhrase><DT-THE>The</DT-THE><NNP>Arabian</NNP><NNP>Journal</NNP></NounPhrase><PrepPhrase><IN-FOR>for</IN-FOR><NounPhrase><NNP>Science</NNP><CC>and</CC><NNP>Engineering</NNP><COMMA>,</COMMA><NNP>Volume</NNP><CD>34</CD><COMMA>,</COMMA><NNP>Number</NNP><UNNAMEDMOLECULE><REFERENCETOCOMPOUND><CD-ALPHANUM>1C</CD-ALPHANUM></REFERENCETOCOMPOUND></UNNAMEDMOLECULE><CD>141</CD><CaptionLabel><NNP-LABEL>Table</NNP-LABEL><CD>1</CD></CaptionLabel></NounPhrase></PrepPhrase><STOP>.</STOP></Sentence></Document>
<?xml version="1.0" encoding="UTF-8"?>
<Document><Sentence><NounPhrase><NNP>Surface</NNP><NNP>Treatment</NNP><NNP>Parameters</NNP><PrepPhrase><IN-OF>of</IN-OF><NounPhrase><NNP>Steel</NNP><NNP>Coupons</NNP><NNP>Number</NNP><PrepPhrase><IN-OF>of</IN-OF><NounPhrase><NN>sample</NN><NNP>Sand</NNP><NNP>Blasting</NNP><MOLECULE><OSCARCM><OSCAR-CM>Phosphating</OSCAR-CM></OSCARCM><MIXTURE><LSQB>[</LSQB><NN-TIME>min.</NN-TIME><RSQB>]</RSQB></MIXTURE></MOLECULE></NounPhrase></PrepPhrase></NounPhrase></PrepPhrase></NounPhrase></Sentence></Document>
<?xml version="1.0" encoding="UTF-8"?>
<Document><Sentence><NounPhrase><MOLECULE><OSCARCM><OSCAR-CM>Epoxy-Polyester</OSCAR-CM></OSCARCM></MOLECULE><NNP>Coating</NNP><MIXTURE><LSQB>[</LSQB><PRP>s</PRP><RSQB>]</RSQB></MIXTURE><CC>Curing</CC><NN-TEMP>Temperature</NN-TEMP></NounPhrase><Unmatched><LSQB>[</LSQB></Unmatched><NounPhrase><UNNAMEDMOLECULE><REFERENCETOCOMPOUND><CD-ALPHANUM>0C</CD-ALPHANUM></REFERENCETOCOMPOUND></UNNAMEDMOLECULE><NN-TIME>]/Time</NN-TIME><MIXTURE><LSQB>[</LSQB><NN-TIME>min.</NN-TIME><RSQB>]</RSQB></MIXTURE></NounPhrase></Sentence></Document>
<?xml version="1.0" encoding="UTF-8"?>
<Document><Sentence><ActionPhrase type="Add"><NounPhrase><CD>1</CD><JJ>Untreated</JJ><CD>10</CD><CD>1</CD><CD>200/25</CD><CD>2</CD><JJ>Untreated</JJ><CD>10</CD><CD>2</CD><CD>200/25</CD><CD>3</CD><JJ>Untreated</JJ><CD>10</CD><CD>3</CD><CD>200/25</CD><CD>4</CD><JJ>Untreated</JJ><CD>20</CD><CD>1</CD><CD>200/25</CD><CD>5</CD><NNP>Untreated</NNP><CD>20</CD><CD>2</CD><CD>200/25</CD><CD>6</CD><NNP>Untreated</NNP><CD>20</CD><CD>3</CD><CD>200/25</CD><CD>7</CD><JJ>Untreated</JJ><CD>30</CD><CD>1</CD><CD>200/25</CD><CD>8</CD><NNP>Untreated</NNP><CD>30</CD><CD>2</CD><CD>200/25</CD><CD>9</CD><NNP>Untreated</NNP><CD>30</CD><CD>3</CD><CD>200/25</CD><CD>10</CD><JJ>Treated</JJ><NNP>Untreated</NNP><CD>1</CD><CD>200/25</CD><CD>11</CD><JJ>Treated</JJ><NNP>Untreated</NNP><CD>2</CD><CD>200/25</CD><CD>12</CD><JJ>Treated</JJ><NNP>Untreated</NNP><CD>3</CD><CD>200/25</CD><CD>25</CD></NounPhrase><VerbPhrase><VB-TREAT>Treated</VB-TREAT></VerbPhrase><NounPhrase><CD>10</CD><CD>1</CD><CD>200/25</CD><CD>26</CD></NounPhrase></ActionPhrase><ActionPhrase type="Add"><VerbPhrase><VB-TREAT>Treated</VB-TREAT></VerbPhrase><NounPhrase><CD>10</CD><CD>2</CD><CD>200/25</CD><CD>27</CD></NounPhrase></ActionPhrase><ActionPhrase type="Add"><VerbPhrase><VB-TREAT>Treated</VB-TREAT></VerbPhrase><NounPhrase><CD>10</CD><CD>3</CD><CD>200/25</CD><CD>28</CD></NounPhrase></ActionPhrase><ActionPhrase type="Add"><VerbPhrase><VB-TREAT>Treated</VB-TREAT></VerbPhrase><NounPhrase><CD>20</CD><CD>1</CD><CD>200/25</CD><CD>29</CD></NounPhrase></ActionPhrase><ActionPhrase type="Add"><VerbPhrase><VB-TREAT>Treated</VB-TREAT></VerbPhrase><NounPhrase><CD>20</CD><CD>2</CD><CD>200/25</CD><CD>30</CD></NounPhrase></ActionPhrase><ActionPhrase type="Add"><VerbPhrase><VB-TREAT>Treated</VB-TREAT></VerbPhrase><NounPhrase><CD>20</CD><CD>3</CD><CD>200/25</CD><CD>31</CD></NounPhrase></ActionPhrase><ActionPhrase type="Add"><VerbPhrase><VB-TREAT>Treated</VB-TREAT></VerbPhrase><NounPhrase><CD>30</CD><CD>1</CD><CD>200/25</CD><CD>32</CD></NounPhrase></ActionPhrase><ActionPhrase type="Add"><VerbPhrase><VB-TREAT>Treated</VB-TREAT></VerbPhrase><NounPhrase><CD>30</CD><CD>2</CD><CD>200/25</CD><CD>33</CD></NounPhrase></ActionPhrase><ActionPhrase type="Add"><VerbPhrase><VB-TREAT>Treated</VB-TREAT></VerbPhrase><NounPhrase><CD>30</CD><CD>3</CD><CD>200/25</CD></NounPhrase><NounPhrase><DT-THE>The</DT-THE><JJ-CHEM>curing</JJ-CHEM><NN>process</NN></NounPhrase></ActionPhrase><VerbPhrase><VBZ>is</VBZ><VBN>completed</VBN><PrepPhrase><IN>at</IN><NounPhrase><CD>200</CD><UNNAMEDMOLECULE><REFERENCETOCOMPOUND><CD-ALPHANUM>0C</CD-ALPHANUM></REFERENCETOCOMPOUND></UNNAMEDMOLECULE></NounPhrase></PrepPhrase><PrepPhrase><IN-IN>in</IN-IN><NounPhrase><DT>an</DT><MOLECULE><OSCARCM><OSCAR-CM>LPG</OSCAR-CM></OSCARCM><JJ>heated</JJ></MOLECULE><NN>furnace</NN></NounPhrase></PrepPhrase></VerbPhrase><STOP>.</STOP></Sentence></Document>
<?xml version="1.0" encoding="UTF-8"?>
<Document><Sentence><PrepPhrase><IN-AFTER>After</IN-AFTER><NounPhrase><DT-THE>the</DT-THE><NN>surface</NN><NNS>coatings</NNS><PrepPhrase><IN-OF>of</IN-OF><NounPhrase><NNS>samples</NNS></NounPhrase></PrepPhrase></NounPhrase></PrepPhrase><VerbPhrase><VBP>are</VBP><VBN>completed</VBN></VerbPhrase><NounPhrase><PRP>they</PRP></NounPhrase><VerbPhrase><VBP>are</VBP><VBN>scribed</VBN><PrepPhrase><IN-WITH>with</IN-WITH><NounPhrase><DT>an</DT><NNP>Erichsen</NNP><CD>463</CD><NN>scratch</NN><NN>stylus</NN></NounPhrase></PrepPhrase></VerbPhrase><STOP>.</STOP></Sentence></Document>
<?xml version="1.0" encoding="UTF-8"?>
<Document><Sentence><NounPhrase><DT>This</DT><NN>hand</NN></NounPhrase><VerbPhrase><VBD>operated</VBD></VerbPhrase><NounPhrase><NN>instrument</NN></NounPhrase><VerbPhrase><VBN>completed</VBN><PrepPhrase><IN-WITH>with</IN-WITH><NounPhrase><MOLECULE><OSCARCM><OSCAR-CM>carbide</OSCAR-CM></OSCARCM><JJ>cutting</JJ></MOLECULE><NN>tip</NN></NounPhrase></PrepPhrase></VerbPhrase><ActionPhrase type="Yield"><VerbPhrase><VB-YIELD>provides</VB-YIELD></VerbPhrase><NounPhrase><DT>a</DT><JJ>convenient</JJ><NNS>means</NNS></NounPhrase></ActionPhrase><VerbPhrase><IN-OF>of</IN-OF><VBG>scoring</VBG></VerbPhrase><NounPhrase><DT>a</DT><CD>1</CD><CD>mm</CD><JJ>wide</JJ><JJ>rectangular</JJ><NN>track</NN></NounPhrase><PrepPhrase><IN-IN>in</IN-IN><NounPhrase><DT>a</DT><JJ-CHEM>surface</JJ-CHEM><NN>coating</NN></NounPhrase></PrepPhrase><PrepPhrase><IN-FOR>for</IN-FOR><NounPhrase><NN>corrosion</NN><NNS>tests</NNS></NounPhrase></PrepPhrase><STOP>.</STOP></Sentence></Document>
<?xml version="1.0" encoding="UTF-8"?>
<Document><Sentence><NounPhrase><DT-THE>The</DT-THE><NN>surface</NN></NounPhrase><VerbPhrase><VBZ>is</VBZ><VBN>scribed</VBN><RP>up</RP><PrepPhrase><TO>to</TO><NounPhrase><DT-THE>the</DT-THE><JJ-CHEM>steel</JJ-CHEM><NN>substrate</NN></NounPhrase></PrepPhrase></VerbPhrase><VerbPhrase><VBG>according</VBG><PrepPhrase><TO>to</TO><NounPhrase><NNP>ASTM</NNP><NN-TIME>D</NN-TIME><CD>1654-02</CD></NounPhrase></PrepPhrase></VerbPhrase><STOP>.</STOP></Sentence></Document>
<?xml version="1.0" encoding="UTF-8"?>
<Document><Sentence><NounPhrase><DT>A</DT><NNP>Deflesko</NNP><NN>positector</NN><CD>6000</CD><NNS>FNS</NNS></NounPhrase><VerbPhrase><VBZ>is</VBZ><VBN>used</VBN></VerbPhrase><VerbPhrase><IN-FOR>for</IN-FOR><VBG>measuring</VBG></VerbPhrase><NounPhrase><NNS>thicknesses</NNS><PrepPhrase><IN-OF>of</IN-OF><NounPhrase><DT-THE>the</DT-THE><NN>coatings</NN></NounPhrase></PrepPhrase></NounPhrase><STOP>.</STOP></Sentence></Document>
<?xml version="1.0" encoding="UTF-8"?>
<Document><Sentence><NounPhrase><NNS>Samples</NNS></NounPhrase><VerbPhrase><VBP>are</VBP><VB-SUSPEND>placed</VB-SUSPEND><PrepPhrase><IN-IN>in</IN-IN><NounPhrase><DT>an</DT><NNP>Angelantoni</NNP><NNP>DCTC</NNP><CD>600</CD><NNP>P</NNP><NN>cabinet</NN></NounPhrase></PrepPhrase><PrepPhrase><IN>at</IN><NounPhrase><DT>an</DT><NN>angle</NN><PrepPhrase><IN-OF>of</IN-OF><NounPhrase><CD>15-30</CD><CD>0</CD></NounPhrase></PrepPhrase></NounPhrase></PrepPhrase></VerbPhrase><STOP>.</STOP></Sentence></Document>
<?xml version="1.0" encoding="UTF-8"?>
<Document><Sentence><NounPhrase><JJ>Morphological</JJ><NN>analysis</NN></NounPhrase><VerbPhrase><VBD>was</VBD><VBN>carried</VBN><RP>out</RP><VB-USE>using</VB-USE></VerbPhrase><NounPhrase><DT>a</DT><JJ>high</JJ><JJ-CHEM>resolution</JJ-CHEM><NN>camera</NN><CC>and</CC><JJ>stereo</JJ><NN>microscopy</NN></NounPhrase><PrepPhrase><IN-FOR>for</IN-FOR><NounPhrase><NN>evaluation</NN><PrepPhrase><IN-OF>of</IN-OF><NounPhrase><NN>surface</NN><NN>characterization</NN></NounPhrase></PrepPhrase></NounPhrase></PrepPhrase><STOP>.</STOP></Sentence></Document>
<?xml version="1.0" encoding="UTF-8"?>
<Document><Sentence><NounPhrase><NNP>Process</NNP><NN-TEMP>temperature</NN-TEMP><COMMA>,</COMMA><NN-TIME>time</NN-TIME><COMMA>,</COMMA><NN>humidity</NN></NounPhrase><COMMA>,</COMMA><CC>and</CC><NounPhrase><DT-THE>the</DT-THE><NN>stop</NN><CC>and</CC><NN>motion</NN><NN-TIME>time</NN-TIME><PrepPhrase><IN-OF>of</IN-OF><NounPhrase><NN>device</NN></NounPhrase></PrepPhrase></NounPhrase><VerbPhrase><VBP>are</VBP><VBN>monitorized</VBN><PrepPhrase><IN-WITH>with</IN-WITH><NounPhrase><NNS>graphics</NNS></NounPhrase></PrepPhrase></VerbPhrase><CC>and</CC><VerbPhrase><VBN>saved</VBN><PrepPhrase><IN-WITH>with</IN-WITH><NounPhrase><DT>a</DT><MOLECULE><OSCARCM><OSCAR-CM>PC</OSCAR-CM></OSCARCM><MIXTURE><_-LRB->(</_-LRB-><NNP>WinKratos</NNP><CD>3.21</CD><NN>software</NN><_-RRB->)</_-RRB-></MIXTURE></MOLECULE></NounPhrase></PrepPhrase></VerbPhrase><VerbPhrase><VBN>connected</VBN><PrepPhrase><TO>to</TO><NounPhrase><DT-THE>the</DT-THE><NN>cabinet</NN></NounPhrase></PrepPhrase></VerbPhrase><STOP>.</STOP></Sentence></Document>
<?xml version="1.0" encoding="UTF-8"?>
<Document><Sentence><PrepPhrase><IN>During</IN><NounPhrase><DT-THE>the</DT-THE><JJ>experimental</JJ><NN>study</NN></NounPhrase></PrepPhrase><COMMA>,</COMMA><PrepPhrase><IN>outside</IN><NounPhrase><NN>environment</NN><NNS>temperatures</NNS><PrepPhrase><IN-OF>of</IN-OF><NounPhrase><DT-THE>the</DT-THE><NN>cabinet</NN></NounPhrase></PrepPhrase></NounPhrase></PrepPhrase><VerbPhrase><VBP>are</VBP><VBN>measured</VBN></VerbPhrase><Unmatched><IN>at</IN></Unmatched><Unmatched><JJ>10.00am</JJ></Unmatched><Unmatched><CC>and</CC></Unmatched><PrepPhrase><IN>at</IN><NounPhrase><JJ>05.00pm</JJ><CD>two</CD><NN-TIMES>times</NN-TIMES></NounPhrase></PrepPhrase><STOP>.</STOP></Sentence></Document>
<?xml version="1.0" encoding="UTF-8"?>
<Document><Sentence><PrepPhrase><IN-IN>In</IN-IN><NounPhrase><DT-THE>the</DT-THE><JJ>experimental</JJ><PROCEDURE><NN-METHOD>procedure</NN-METHOD></PROCEDURE></NounPhrase></PrepPhrase><COMMA>,</COMMA><VerbPhrase><VBN>measured</VBN><JJ>minimum</JJ></VerbPhrase><CC>and</CC><NounPhrase><JJ>maximum</JJ><JJ>environmental</JJ><NNS>temperatures</NNS></NounPhrase><VerbPhrase><VBP>are</VBP></VerbPhrase><NounPhrase><CD>8.5</CD><UNNAMEDMOLECULE><REFERENCETOCOMPOUND><CD-ALPHANUM>0C</CD-ALPHANUM></REFERENCETOCOMPOUND></UNNAMEDMOLECULE><CC>and</CC><CD>34</CD><UNNAMEDMOLECULE><REFERENCETOCOMPOUND><CD-ALPHANUM>0C</CD-ALPHANUM></REFERENCETOCOMPOUND></UNNAMEDMOLECULE></NounPhrase><COMMA>,</COMMA><Unmatched><RB>respectively</RB></Unmatched><STOP>.</STOP></Sentence></Document>
<?xml version="1.0" encoding="UTF-8"?>
<Document><Sentence><NounPhrase><DT>This</DT><NN-TEMP>temperature</NN-TEMP><NN>interval</NN></NounPhrase><VerbPhrase><VBZ>is</VBZ><JJ>appropriate</JJ><PrepPhrase><IN-FOR>for</IN-FOR><NounPhrase><DT-THE>the</DT-THE><NN>standards</NN></NounPhrase></PrepPhrase></VerbPhrase><STOP>.</STOP></Sentence></Document>
<?xml version="1.0" encoding="UTF-8"?>
<Document><Sentence><ActionPhrase type="Synthesize"><PrepPhrase><IN>During</IN><NounPhrase><DT-THE>the</DT-THE><NN>experiment</NN></NounPhrase></PrepPhrase><COMMA>,</COMMA><NounPhrase><DT-THE>the</DT-THE><JJ-CHEM>conductivity</JJ-CHEM><NN>value</NN><PrepPhrase><IN-OF>of</IN-OF><NounPhrase><DT-THE>the</DT-THE><JJ-CHEM>purified</JJ-CHEM><MOLECULE><OSCARCM><OSCAR-CM>water</OSCAR-CM></OSCARCM></MOLECULE></NounPhrase></PrepPhrase></NounPhrase><CC>and</CC><NounPhrase><DT-THE>the</DT-THE><JJ-CHEM>pH</JJ-CHEM><NN>value</NN></NounPhrase><VerbPhrase><IN-OF>of</IN-OF><VB-SYNTHESIZE>prepared</VB-SYNTHESIZE></VerbPhrase></ActionPhrase><CC>and</CC><NounPhrase><JJ>sprayed</JJ><NN-CHEMENTITY>solutions</NN-CHEMENTITY></NounPhrase><VerbPhrase><VBP>are</VBP><VBN>controlled</VBN><RB>regularly</RB></VerbPhrase><STOP>.</STOP></Sentence></Document>
<?xml version="1.0" encoding="UTF-8"?>
<Document><Sentence><ActionPhrase type="Purify"><NounPhrase><DT-THE>The</DT-THE><JJ-CHEM>conductivity</JJ-CHEM><NN>value</NN><PrepPhrase><IN-OF>of</IN-OF><NounPhrase><DT-THE>the</DT-THE><NN>type</NN><UNNAMEDMOLECULE><REFERENCETOCOMPOUND><NN-IDENTIFIER>IV</NN-IDENTIFIER></REFERENCETOCOMPOUND></UNNAMEDMOLECULE></NounPhrase></PrepPhrase></NounPhrase><VerbPhrase><VB-PURIFY>purified</VB-PURIFY></VerbPhrase><NounPhrase><MOLECULE><OSCARCM><OSCAR-CM>water</OSCAR-CM></OSCARCM></MOLECULE></NounPhrase></ActionPhrase><ActionPhrase type="Synthesize"><VerbPhrase><VB-SYNTHESIZE>prepared</VB-SYNTHESIZE><PrepPhrase><IN-IN>in</IN-IN><NounPhrase><NNS>terms</NNS><PrepPhrase><IN-OF>of</IN-OF><NounPhrase><MOLECULE><OSCARCM><OSCAR-CM>ASTM</OSCAR-CM></OSCARCM></MOLECULE><NN-TIME>D</NN-TIME><CD>1193</CD><NN>standard</NN></NounPhrase></PrepPhrase></NounPhrase></PrepPhrase></VerbPhrase></ActionPhrase><VerbPhrase><VBZ>is</VBZ><VBN>measured</VBN><PrepPhrase><IN-IN>in</IN-IN><NounPhrase><NNS>units</NNS><PrepPhrase><IN-OF>of</IN-OF><NounPhrase><MOLECULE><OSCARCM><OSCAR-CM>µs</OSCAR-CM></OSCARCM></MOLECULE></NounPhrase></PrepPhrase></NounPhrase></PrepPhrase></VerbPhrase><CC>and</CC><VerbPhrase><RB>continuously</RB><VBD>kept</VBD><RP>down</RP></VerbPhrase><STOP>.</STOP></Sentence></Document>
<?xml version="1.0" encoding="UTF-8"?>
<Document><Sentence><ActionPhrase type="Synthesize"><NounPhrase><DT-THE>The</DT-THE><NN>value</NN><PrepPhrase><IN-OF>of</IN-OF><NounPhrase><NN-PH>pH</NN-PH></NounPhrase></PrepPhrase></NounPhrase><VerbPhrase><IN-OF>of</IN-OF><VB-SYNTHESIZE>prepared</VB-SYNTHESIZE></VerbPhrase></ActionPhrase><CC>and</CC><NounPhrase><JJ>sprayed</JJ><NN-CHEMENTITY>solution</NN-CHEMENTITY></NounPhrase><VerbPhrase><VBZ>is</VBZ><PrepPhrase><IN>between</IN><NounPhrase><CD>6.5-7.2</CD></NounPhrase></PrepPhrase></VerbPhrase><STOP>.</STOP></Sentence></Document>
<?xml version="1.0" encoding="UTF-8"?>
<Document><Sentence><ActionPhrase type="Wait"><NounPhrase><DT-THE>The</DT-THE><JJ-CHEM>treated</JJ-CHEM><NNS>samples</NNS></NounPhrase><VerbPhrase><VBP>are</VBP><VBN>photographed</VBN><RB>once</RB><TimePhrase><IN>per</IN><CD>24</CD><NN-TIME>hours</NN-TIME></TimePhrase></VerbPhrase></ActionPhrase><VerbPhrase><IN-AFTER>after</IN-AFTER><VBG>being</VBG><VBN>taken</VBN><PrepPhrase><IN>out</IN><IN-OF>of</IN-OF><NounPhrase><DT-THE>the</DT-THE><NN>cabinet</NN></NounPhrase></PrepPhrase></VerbPhrase><STOP>.</STOP></Sentence></Document>
<?xml version="1.0" encoding="UTF-8"?>
<Document><Sentence><NounPhrase><JJ>Stereoscopic</JJ><NNS>images</NNS></NounPhrase><VerbPhrase><VBP>are</VBP><VBN>investigated</VBN><PrepPhrase><IN-WITH>with</IN-WITH><NounPhrase><NNP>Leica</NNP><NNP>MZ</NNP><CD>75</CD><NN>stereo</NN><NN>microscopy</NN></NounPhrase></PrepPhrase></VerbPhrase><STOP>.</STOP></Sentence></Document>
<?xml version="1.0" encoding="UTF-8"?>
<Document><Sentence><NounPhrase><PROCEDURE><CD>2.2</CD></PROCEDURE><STOP>.</STOP></NounPhrase></Sentence></Document>
<?xml version="1.0" encoding="UTF-8"?>
<Document><Sentence><NounPhrase><NN-CHEMENTITY>Salt</NN-CHEMENTITY><NNP>Spray</NNP><NNP>Test</NNP><NN-CHEMENTITY>Salt</NN-CHEMENTITY><NN>spray</NN><NNS>tests</NNS></NounPhrase><VerbPhrase><VBD>were</VBD><VBN>carried</VBN><RP>out</RP><PrepPhrase><IN-IN>in</IN-IN><NounPhrase><DT>a</DT><NN-CHEMENTITY>salt</NN-CHEMENTITY><NN>spray</NN><NN>fog</NN><NN>chamber</NN></NounPhrase></PrepPhrase></VerbPhrase><VerbPhrase><VBG>following</VBG></VerbPhrase><NounPhrase><NNP>ASTM</NNP><MOLECULE><OSCARCM><OSCAR-CM>Bll7-02</OSCAR-CM></OSCARCM></MOLECULE><NN>standard</NN></NounPhrase><STOP>.</STOP></Sentence></Document>
<?xml version="1.0" encoding="UTF-8"?>
<Document><Sentence><NounPhrase><NNP>Specimens</NNP></NounPhrase><VerbPhrase><VBD>scribed</VBD><VBN>exposed</VBN><PrepPhrase><TO>to</TO><NounPhrase><DT-THE>the</DT-THE><NN-CHEMENTITY>salt</NN-CHEMENTITY><NN>fog</NN></NounPhrase></PrepPhrase></VerbPhrase><VerbPhrase><VBD>were</VBD><VBN>evaluated</VBN><PrepPhrase><IN-WITH>with</IN-WITH><NounPhrase><NN>respect</NN></NounPhrase></PrepPhrase><PrepPhrase><TO>to</TO><NounPhrase><DT>a</DT><NN>change</NN></NounPhrase></PrepPhrase><PrepPhrase><IN-IN>in</IN-IN><NounPhrase><NN>mass</NN><COMMA>,</COMMA><NN>blistering</NN></NounPhrase></PrepPhrase></VerbPhrase><VerbPhrase><VBN>associated</VBN><PrepPhrase><IN-WITH>with</IN-WITH><NounPhrase><NN>corrosion</NN><COMMA>,</COMMA><CC>and</CC><NN>loss</NN><PrepPhrase><IN-OF>of</IN-OF><NounPhrase><NN>adhesion</NN></NounPhrase></PrepPhrase></NounPhrase></PrepPhrase><PrepPhrase><IN>at</IN><NounPhrase><DT-THE>the</DT-THE><NN>scribed</NN><CC>and</CC><JJ>unscribed</JJ><NN>areas</NN></NounPhrase></PrepPhrase></VerbPhrase><STOP>.</STOP></Sentence></Document>
<?xml version="1.0" encoding="UTF-8"?>
<Document><Sentence><PrepPhrase><IN-IN>In</IN-IN><NounPhrase><CD>one</CD><NN>set</NN><PrepPhrase><IN-OF>of</IN-OF><NounPhrase><NNS>samples</NNS><COMMA>,</COMMA><NN>scratch</NN><NNS>lines</NNS><MIXTURE><_-LRB->(</_-LRB-><NNS>scribes</NNS><_-RRB->)</_-RRB-></MIXTURE></NounPhrase></PrepPhrase></NounPhrase></PrepPhrase><VerbPhrase><VBD>were</VBD><VBN>made</VBN><PrepPhrase><IN>through</IN><NounPhrase><CD>one</CD><NN>corner</NN><PrepPhrase><IN-OF>of</IN-OF><NounPhrase><DT-THE>the</DT-THE><NN>sample</NN></NounPhrase></PrepPhrase></NounPhrase></PrepPhrase><PrepPhrase><TO>to</TO><NounPhrase><DT-THE>the</DT-THE><RB>diagonally</RB><JJ>opposite</JJ><NN>corner</NN><PrepPhrase><IN-OF>of</IN-OF><NounPhrase><DT-THE>the</DT-THE><NN>sample</NN></NounPhrase></PrepPhrase></NounPhrase></PrepPhrase></VerbPhrase><STOP>.</STOP></Sentence></Document>
<?xml version="1.0" encoding="UTF-8"?>
<Document><Sentence><NounPhrase><CD>One</CD><NN>side</NN><PrepPhrase><IN-OF>of</IN-OF><NounPhrase><DT-THE>the</DT-THE><NNS>coupons</NNS></NounPhrase></PrepPhrase></NounPhrase><VerbPhrase><VBD>was</VBD><VBN>scribed</VBN><PrepPhrase><IN>while</IN><NounPhrase><DT-THE>the</DT-THE><JJ>other</JJ><NN>side</NN></NounPhrase></PrepPhrase></VerbPhrase><ActionPhrase type="Wait"><VerbPhrase><VBD>was</VBD><VB-WAIT>left</VB-WAIT><JJ>unscribed</JJ></VerbPhrase></ActionPhrase><STOP>.</STOP></Sentence></Document>
<?xml version="1.0" encoding="UTF-8"?>
<Document><Sentence><NounPhrase><DT-THE>The</DT-THE><NNS>specimens</NNS></NounPhrase><PrepPhrase><IN-WITH>with</IN-WITH><NounPhrase><DT-THE>the</DT-THE><JJ-CHEM>scribe</JJ-CHEM><NN>mark</NN></NounPhrase></PrepPhrase><VerbPhrase><VBD>were</VBD><VBN>weighed</VBN></VerbPhrase><VerbPhrase><IN-BEFORE>before</IN-BEFORE><VBG>starting</VBG></VerbPhrase><NounPhrase><DT-THE>the</DT-THE><NN-CHEMENTITY>salt</NN-CHEMENTITY><NN>spray</NN><NN>test</NN></NounPhrase><STOP>.</STOP></Sentence></Document>
<?xml version="1.0" encoding="UTF-8"?>
<Document><Sentence><PrepPhrase><IN-IN>In</IN-IN><NounPhrase><DT-THE>the</DT-THE><NN-CHEMENTITY>salt</NN-CHEMENTITY><NN>spray</NN><NN>chamber</NN></NounPhrase></PrepPhrase><COMMA>,</COMMA><NounPhrase><DT-THE>the</DT-THE><NNS>specimens</NNS></NounPhrase><VerbPhrase><VBD>were</VBD><VB-SUSPEND>placed</VB-SUSPEND><VBG>meeting</VBG></VerbPhrase><NounPhrase><DT-THE>the</DT-THE><JJ>following</JJ><NN>conditions</NN></NounPhrase><STOP>;</STOP></Sentence><Sentence><Unmatched><DT>all</DT></Unmatched><NounPhrase><DT-THE>the</DT-THE><NNS>specimens</NNS></NounPhrase><VerbPhrase><VBD>were</VBD><VBN>supported</VBN><RB>parallel</RB><PrepPhrase><TO>to</TO><NounPhrase><DT-THE>the</DT-THE><JJ>principal</JJ><NN>direction</NN><PrepPhrase><IN-OF>of</IN-OF><NounPhrase><DT-THE>the</DT-THE><JJ>horizontal</JJ><NN>flow</NN><PrepPhrase><IN-OF>of</IN-OF><NounPhrase><DT-THE>the</DT-THE><NN>fog</NN></NounPhrase></PrepPhrase></NounPhrase></PrepPhrase></NounPhrase></PrepPhrase></VerbPhrase><STOP>.</STOP></Sentence></Document>
<?xml version="1.0" encoding="UTF-8"?>
<Document><Sentence><NounPhrase><DT>A</DT><JJ-CHEM>specimen</JJ-CHEM><NN>holder</NN></NounPhrase><VerbPhrase><VBD>was</VBD><VBN>made</VBN><PrepPhrase><IN-OF>of</IN-OF><NounPhrase><NN>wood</NN></NounPhrase></PrepPhrase></VerbPhrase><CC>and</CC><COMMA>,</COMMA><RB-CONJ>therefore</RB-CONJ><COMMA>,</COMMA><NounPhrase><NNS>specimens</NNS></NounPhrase><VerbPhrase><VBD>were</VBD><NEG>not</NEG><PrepPhrase><IN-IN>in</IN-IN><NounPhrase><NN>contact</NN></NounPhrase></PrepPhrase></VerbPhrase><Unmatched><IN-WITH>with</IN-WITH></Unmatched><Unmatched><DT>each</DT></Unmatched><Unmatched><JJ>other</JJ></Unmatched><Unmatched><CC>or</CC></Unmatched><PrepPhrase><IN-WITH>with</IN-WITH><NounPhrase><DT>any</DT><JJ>metallic</JJ><NN-CHEMENTITY>material</NN-CHEMENTITY></NounPhrase></PrepPhrase><STOP>.</STOP></Sentence></Document>
<?xml version="1.0" encoding="UTF-8"?>
<Document><Sentence><ActionPhrase type="Add"><NounPhrase><DT>A</DT><NN-CHEMENTITY>solution</NN-CHEMENTITY></NounPhrase><VerbPhrase><VB-CONTAIN>containing</VB-CONTAIN></VerbPhrase><NounPhrase><MOLECULE><QUANTITY><PERCENT><CD>5</CD><NN-PERCENT>%</NN-PERCENT></PERCENT></QUANTITY><OSCARCM><OSCAR-CM>sodium</OSCAR-CM><OSCAR-CM>chloride</OSCAR-CM></OSCARCM></MOLECULE></NounPhrase></ActionPhrase><VerbPhrase><VBD>was</VBD><VBN>atomized</VBN><PrepPhrase><IN-BY>by</IN-BY><NounPhrase><JJ>compressed</JJ><NN>air</NN></NounPhrase></PrepPhrase><PrepPhrase><IN-IN>in</IN-IN><NounPhrase><DT-THE>the</DT-THE><NN>chamber</NN></NounPhrase></PrepPhrase></VerbPhrase><STOP>.</STOP></Sentence></Document>
<?xml version="1.0" encoding="UTF-8"?>
<Document><Sentence><NounPhrase><DT-THE>The</DT-THE><NN-TEMP>temperature</NN-TEMP><PrepPhrase><IN-OF>of</IN-OF><NounPhrase><DT-THE>the</DT-THE><NN>chamber</NN></NounPhrase></PrepPhrase></NounPhrase><VerbPhrase><VBD>was</VBD><VBN>kept</VBN><TempPhrase><IN-AS>as</IN-AS><CD>35</CD><NN-TEMP>°C</NN-TEMP></TempPhrase></VerbPhrase><STOP>.</STOP></Sentence></Document>
<?xml version="1.0" encoding="UTF-8"?>
<Document><Sentence><ActionPhrase type="Wait"><NounPhrase><NNS>Specimens</NNS></NounPhrase><VerbPhrase><VBD>were</VBD><VBN>exposed</VBN><PrepPhrase><TO>to</TO><NounPhrase><NNS>tests</NNS></NounPhrase></PrepPhrase><PrepPhrase><IN-UNDER>under</IN-UNDER><NounPhrase><JJ-CHEM>mentioned</JJ-CHEM><NNS>conditions</NNS></NounPhrase></PrepPhrase><TimePhrase><IN-FOR>for</IN-FOR><CD>100</CD><NN-TIME>days</NN-TIME></TimePhrase></VerbPhrase></ActionPhrase><STOP>.</STOP></Sentence></Document>
<?xml version="1.0" encoding="UTF-8"?>
<Document><Sentence><ActionPhrase type="Wait"><NounPhrase><NN-CHEMENTITY>Salt</NN-CHEMENTITY><NN>spray</NN><NN>fog</NN><NN>testing</NN></NounPhrase><VerbPhrase><VBD>was</VBD><VBN>carried</VBN><RP>out</RP><TimePhrase><IN-FOR>for</IN-FOR><CD>2246</CD><NN-TIME>hours</NN-TIME></TimePhrase></VerbPhrase></ActionPhrase><NounPhrase><MIXTURE><_-LRB->(</_-LRB-><JJ>net</JJ><NN-TIME>time</NN-TIME><_-RRB->)</_-RRB-></MIXTURE></NounPhrase><COMMA>,</COMMA><VerbPhrase><VBG>according</VBG><PrepPhrase><TO>to</TO><NounPhrase><DT-THE>the</DT-THE><NNP>ASTM</NNP><CD>B117</CD><NN>standard</NN></NounPhrase></PrepPhrase></VerbPhrase><STOP>.</STOP></Sentence></Document>
<?xml version="1.0" encoding="UTF-8"?>
<Document><Sentence><ActionPhrase type="Wait"><PrepPhrase><IN>During</IN><NounPhrase><DT-THE>the</DT-THE><NN>experiment</NN><COMMA>,</COMMA><NNP>Akin</NNP><NNP>Akinci</NNP></NounPhrase></PrepPhrase><NounPhrase><DT-THE>The</DT-THE><NNP>Arabian</NNP><NNP>Journal</NNP></NounPhrase><PrepPhrase><IN-FOR>for</IN-FOR><NounPhrase><NNP>Science</NNP><CC>and</CC><NNP>Engineering</NNP><COMMA>,</COMMA><NNP>Volume</NNP><CD>34</CD><COMMA>,</COMMA><NNP>Number</NNP><UNNAMEDMOLECULE><REFERENCETOCOMPOUND><CD-ALPHANUM>1C</CD-ALPHANUM></REFERENCETOCOMPOUND></UNNAMEDMOLECULE><NNP>June</NNP><CD>2009</CD><CD>142</CD></NounPhrase></PrepPhrase><NounPhrase><DT-THE>the</DT-THE><NN-CHEMENTITY>salt</NN-CHEMENTITY><NN>spray</NN><NN>cabinet</NN><WDT>which</WDT></NounPhrase><VerbPhrase><VBD>was</VBD><VBN>kept</VBN><PrepPhrase><IN-UNDER>under</IN-UNDER><NounPhrase><NN>control</NN></NounPhrase></PrepPhrase><TimePhrase><IN-FOR>for</IN-FOR><CD>24</CD><NN-TIME>hours</NN-TIME></TimePhrase></VerbPhrase></ActionPhrase><COMMA>,</COMMA><VerbPhrase><VBN>lost</VBN></VerbPhrase><NounPhrase><NN-TIMES>times</NN-TIMES></NounPhrase><VerbPhrase><VBN>occurred</VBN><PrepPhrase><IN-BY>by</IN-BY><NounPhrase><JJ>unwanted</JJ><NNS>stops</NNS></NounPhrase></PrepPhrase><PrepPhrase><IN>because</IN><IN-OF>of</IN-OF><NounPhrase><NN>energy</NN><NN>interruption</NN><CC>and</CC><JJ>controlling</JJ><NN-TIME>time</NN-TIME></NounPhrase></PrepPhrase></VerbPhrase><ActionPhrase type="Wait"><VerbPhrase><VBD>were</VBD><VBN>downgraded</VBN><TimePhrase><IN-FROM>from</IN-FROM><JJ>total</JJ><NN-TIME>time</NN-TIME></TimePhrase></VerbPhrase></ActionPhrase><STOP>.</STOP></Sentence></Document>
<?xml version="1.0" encoding="UTF-8"?>
<Document><Sentence><PrepPhrase><IN-AFTER>After</IN-AFTER><NounPhrase><DT-THE>the</DT-THE><JJ>required</JJ><NN>exposure</NN><NN-TIME>period</NN-TIME></NounPhrase></PrepPhrase><COMMA>,</COMMA><NounPhrase><DT-THE>the</DT-THE><NNS>samples</NNS></NounPhrase><VerbPhrase><VBD>were</VBD><VBN>examined</VBN><VBG>according</VBG><PrepPhrase><TO>to</TO><NounPhrase><NNP>ASTM</NNP><NNP>D1645-02</NNP></NounPhrase></PrepPhrase></VerbPhrase><STOP>.</STOP></Sentence></Document>
<?xml version="1.0" encoding="UTF-8"?>
<Document><Sentence><ActionPhrase type="Yield"><NounPhrase><DT>This</DT><PROCEDURE><NN-METHOD>method</NN-METHOD></PROCEDURE></NounPhrase><VerbPhrase><VB-YIELD>provides</VB-YIELD></VerbPhrase><NounPhrase><DT>a</DT><NN>means</NN></NounPhrase></ActionPhrase><VerbPhrase><IN-OF>of</IN-OF><VBG>evaluating</VBG></VerbPhrase><CC>and</CC><VerbPhrase><VBG>comparing</VBG><JJ>basic</JJ></VerbPhrase><NounPhrase><JJ-CHEM>corrosion</JJ-CHEM><NN>performance</NN><PrepPhrase><IN-OF>of</IN-OF><NounPhrase><DT-THE>the</DT-THE><NN>substrate</NN><COMMA>,</COMMA><NN>pretreatment</NN><COMMA>,</COMMA><CC>or</CC><NN>coating</NN><NN>system</NN></NounPhrase></PrepPhrase></NounPhrase><COMMA>,</COMMA><CC>or</CC><NounPhrase><DT>a</DT><NN>combination</NN></NounPhrase><RB-CONJ>thereof</RB-CONJ><COMMA>,</COMMA><PrepPhrase><IN-AFTER>after</IN-AFTER><NounPhrase><NN>exposure</NN></NounPhrase></PrepPhrase><PrepPhrase><TO>to</TO><NounPhrase><DT>a</DT><JJ>corrosive</JJ><NN>environment</NN></NounPhrase></PrepPhrase><STOP>.</STOP></Sentence></Document>
<?xml version="1.0" encoding="UTF-8"?>
<Document><Sentence><ActionPhrase type="Remove"><NounPhrase><DT-THE>The</DT-THE><NNS>specimens</NNS></NounPhrase><VerbPhrase><VBD>were</VBD><RB>carefully</RB><VB-REMOVE>removed</VB-REMOVE><PrepPhrase><IN-FROM>from</IN-FROM><NounPhrase><DT-THE>the</DT-THE><NN>holder</NN></NounPhrase></PrepPhrase></VerbPhrase></ActionPhrase><CC>and</CC><ActionPhrase type="Wash"><VerbPhrase><RB>gently</RB><VB-WASH>washed</VB-WASH></VerbPhrase></ActionPhrase><VerbPhrase><IN-IN>in</IN-IN><JJ>clean</JJ><VBG>running</VBG></VerbPhrase><NounPhrase><MOLECULE><OSCARCM><OSCAR-CM>water</OSCAR-CM></OSCARCM></MOLECULE></NounPhrase><ActionPhrase type="Remove"><VerbPhrase><TO>to</TO><VB-REMOVE>remove</VB-REMOVE></VerbPhrase><NounPhrase><NN-CHEMENTITY>salt</NN-CHEMENTITY><NNS>deposits</NNS></NounPhrase><PrepPhrase><IN-FROM>from</IN-FROM><NounPhrase><PRP_>their</PRP_><NNS>surfaces</NNS></NounPhrase></PrepPhrase></ActionPhrase><COMMA>,</COMMA><CC>and</CC><RB-CONJ>then</RB-CONJ><ActionPhrase type="Dry"><VerbPhrase><RB>immediately</RB><VB-DRY>dried</VB-DRY><PrepPhrase><IN-IN>in</IN-IN><NounPhrase><NN>air</NN></NounPhrase></PrepPhrase></VerbPhrase></ActionPhrase><STOP>.</STOP></Sentence></Document>
<?xml version="1.0" encoding="UTF-8"?>
<Document><Sentence><NounPhrase><DT-THE>The</DT-THE><NNS>scribes</NNS></NounPhrase><Unmatched><APOST>'</APOST></Unmatched><NounPhrase><NNS>surfaces</NNS></NounPhrase><VerbPhrase><VBD>exposed</VBD><PrepPhrase><TO>to</TO><NounPhrase><DT-THE>the</DT-THE><NN>test</NN></NounPhrase></PrepPhrase></VerbPhrase><VerbPhrase><VBD>were</VBD><VBN>cleaned</VBN><PrepPhrase><IN-WITH>with</IN-WITH><NounPhrase><DT>a</DT><NN>brush</NN></NounPhrase></PrepPhrase></VerbPhrase><ActionPhrase type="Remove"><VerbPhrase><TO>to</TO><VB-REMOVE>remove</VB-REMOVE></VerbPhrase><Unmatched><DT>all</DT></Unmatched><NounPhrase><DT-THE>the</DT-THE><NN>rust</NN></NounPhrase></ActionPhrase><STOP>.</STOP></Sentence></Document>
<?xml version="1.0" encoding="UTF-8"?>
<Document><Sentence><NounPhrase><DT-THE>The</DT-THE><JJ>failed</JJ><NN>area</NN></NounPhrase><VerbPhrase><VBD>was</VBD><VBN>measured</VBN></VerbPhrase><CC>and</CC><VerbPhrase><VBN>rated</VBN><PrepPhrase><IN-IN>in</IN-IN><NounPhrase><NNS>terms</NNS><PrepPhrase><IN-OF>of</IN-OF><NounPhrase><NNP>ASTM</NNP><NNP>Dl654-02</NNP></NounPhrase></PrepPhrase></NounPhrase></PrepPhrase></VerbPhrase><STOP>.</STOP></Sentence></Document>
<?xml version="1.0" encoding="UTF-8"?>
<Document><Sentence><Unmatched><RB>Similarly</RB></Unmatched><Unmatched><COMMA>,</COMMA></Unmatched><NounPhrase><NNS>measurements</NNS></NounPhrase><VerbPhrase><VBD>were</VBD><RB>also</RB><VBN>carried</VBN><RP>out</RP><PrepPhrase><IN-FOR>for</IN-FOR><NounPhrase><DT-THE>the</DT-THE><NNS>blisters</NNS></NounPhrase></PrepPhrase></VerbPhrase><VerbPhrase><VBG>appearing</VBG><PrepPhrase><IN-ON>on</IN-ON><NounPhrase><DT-THE>the</DT-THE><NN>scribed</NN><CC>and</CC><JJ>unscribed</JJ><NN>sides</NN></NounPhrase></PrepPhrase></VerbPhrase><STOP>.</STOP></Sentence></Document>
<?xml version="1.0" encoding="UTF-8"?>
<Document><Sentence><NounPhrase><PROCEDURE><CD>3</CD></PROCEDURE><STOP>.</STOP></NounPhrase></Sentence></Document>
<?xml version="1.0" encoding="UTF-8"?>
<Document/>
