<?xml version="1.0" encoding="UTF-8"?>
<Document><Sentence><NounPhrase><MOLECULE><OSCARCM><OSCAR-CM>EXPERIMENTAL</OSCAR-CM></OSCARCM></MOLECULE><NNP>WORK</NNP><CD>2.1</CD></NounPhrase><STOP>.</STOP></Sentence></Document>
<?xml version="1.0" encoding="UTF-8"?>
<Document><Sentence><NounPhrase><NNP>Electropolymerization</NNP><PrepPhrase><IN-OF>of</IN-OF><NounPhrase><MOLECULE><OSCARCM><OSCAR-CM>aniline</OSCAR-CM></OSCARCM><OSCAR-CJ>Aqueous</OSCAR-CJ></MOLECULE><NN>electropolymerization</NN><PrepPhrase><IN-OF>of</IN-OF><NounPhrase><MOLECULE><OSCARCM><OSCAR-CM>aniline</OSCAR-CM></OSCARCM></MOLECULE></NounPhrase></PrepPhrase></NounPhrase></PrepPhrase></NounPhrase><VerbPhrase><VBD>was</VBD><VBN>performed</VBN><PrepPhrase><IN-IN>in</IN-IN><NounPhrase><CD>one-compartment</CD><NN>cell</NN></NounPhrase></PrepPhrase></VerbPhrase><STOP>.</STOP></Sentence></Document>
<?xml version="1.0" encoding="UTF-8"?>
<Document><Sentence><NounPhrase><DT-THE>The</DT-THE><JJ>working</JJ><NN>electrode</NN></NounPhrase><VerbPhrase><VBD>was</VBD><VBN>made</VBN><PrepPhrase><IN-FROM>from</IN-FROM><NounPhrase><NN>steel</NN><NN>rod</NN><PrepPhrase><IN-OF>of</IN-OF><NounPhrase><JJ>2mm</JJ><NN>diameter</NN><CC>and</CC><CD>30</CD></NounPhrase></PrepPhrase></NounPhrase></PrepPhrase></VerbPhrase><JJ>cm</JJ><JJ>long</JJ><STOP>.</STOP></Sentence></Document>
<?xml version="1.0" encoding="UTF-8"?>
<Document><Sentence><NounPhrase><DT-THE>The</DT-THE><JJ>working</JJ><NN>electrode</NN></NounPhrase><VerbPhrase><VBD>was</VBD><VBN>polished</VBN></VerbPhrase><CC>and</CC><VerbPhrase><VBN>degreased</VBN><PrepPhrase><IN-WITH>with</IN-WITH><NounPhrase><MOLECULE><OSCARCM><OSCAR-CM>acetone</OSCAR-CM></OSCARCM></MOLECULE></NounPhrase></PrepPhrase><PrepPhrase><IN-FOR>for</IN-FOR><IN>about</IN><NounPhrase><CD>10</CD><NN-TIME>minutes</NN-TIME></NounPhrase></PrepPhrase></VerbPhrase><RB-CONJ>prior</RB-CONJ><PrepPhrase><TO>to</TO><NounPhrase><DT-THE>the</DT-THE><NN>electropolymerization</NN></NounPhrase></PrepPhrase><STOP>.</STOP></Sentence></Document>
<?xml version="1.0" encoding="UTF-8"?>
<Document><Sentence><NounPhrase><DT>An</DT><MOLECULE><OSCARCM><OSCAR-CM>Ag</OSCAR-CM><DASH>/</DASH><OSCAR-CM>AgCl</OSCAR-CM></OSCARCM></MOLECULE></NounPhrase><VerbPhrase><VBD>manufactured</VBD><PrepPhrase><IN-BY>by</IN-BY><NounPhrase><NNP>Corning</NNP><NNP>Company</NNP></NounPhrase></PrepPhrase></VerbPhrase><VerbPhrase><VBD>was</VBD><VBN>used</VBN><PrepPhrase><IN-AS>as</IN-AS><NounPhrase><DT-THE>the</DT-THE><JJ-CHEM>reference</JJ-CHEM><NN>electrode</NN></NounPhrase></PrepPhrase></VerbPhrase><STOP>.</STOP></Sentence></Document>
<?xml version="1.0" encoding="UTF-8"?>
<Document><Sentence><NounPhrase><DT-THE>The</DT-THE><JJ>galvanostatic</JJ><PROCEDURE><NN-METHOD>technique</NN-METHOD></PROCEDURE><MIXTURE><_-LRB->(</_-LRB-><JJ>constant</JJ><JJ>current</JJ><PROCEDURE><NN-METHOD>method</NN-METHOD></PROCEDURE><_-RRB->)</_-RRB-></MIXTURE></NounPhrase><VerbPhrase><VBD>was</VBD><VBN>used</VBN><PrepPhrase><TO>to</TO><NounPhrase><RB>electrochemically</RB><NN>coat</NN><NN>steel</NN></NounPhrase></PrepPhrase><PrepPhrase><IN-WITH>with</IN-WITH><NounPhrase><DT-THE>the</DT-THE><NNP>PANi</NNP><NN-CHEMENTITY>layer</NN-CHEMENTITY></NounPhrase></PrepPhrase><PrepPhrase><IN-FROM>from</IN-FROM><NounPhrase><NN-CHEMENTITY>solution</NN-CHEMENTITY><PrepPhrase><IN-OF>of</IN-OF><NounPhrase><MOLECULE><OSCARCM><OSCAR-CM>aniline</OSCAR-CM></OSCARCM><NN-CHEMENTITY>monomer</NN-CHEMENTITY></MOLECULE></NounPhrase></PrepPhrase></NounPhrase></PrepPhrase><PrepPhrase><IN-WITH>with</IN-WITH><NounPhrase><MOLECULE><OSCARCM><OSCAR-CM>oxalic</OSCAR-CM><OSCAR-CM>acid</OSCAR-CM></OSCARCM></MOLECULE><NN>electrolyte</NN></NounPhrase></PrepPhrase></VerbPhrase><COMMA>,</COMMA><VerbPhrase><VB-USE>using</VB-USE></VerbPhrase><NounPhrase><DT>an</DT><NNP>EG&amp;G</NNP><NNP>Princeton</NNP><NNP>Applied</NNP><NNP>Research</NNP><NNP>Potentiostat/Galvanostat</NNP><NNP>Model</NNP><UNNAMEDMOLECULE><REFERENCETOCOMPOUND><CD-ALPHANUM>273A</CD-ALPHANUM></REFERENCETOCOMPOUND></UNNAMEDMOLECULE></NounPhrase><ActionPhrase type="Yield"><VerbPhrase><VB-YIELD>provided</VB-YIELD><PrepPhrase><IN-WITH>with</IN-WITH><NounPhrase><JJ>powerCorr</JJ><NN>software</NN></NounPhrase></PrepPhrase></VerbPhrase></ActionPhrase><STOP>.</STOP></Sentence></Document>
<?xml version="1.0" encoding="UTF-8"?>
<Document><Sentence><NounPhrase><DT-THE>The</DT-THE><JJ>main</JJ><NN>parameter</NN><NNP>Int</NNP></NounPhrase><STOP>.</STOP></Sentence></Document>
<?xml version="1.0" encoding="UTF-8"?>
<Document><Sentence><NounPhrase><PROCEDURE><NN-IDENTIFIER>J</NN-IDENTIFIER></PROCEDURE><STOP>.</STOP></NounPhrase></Sentence><Sentence><NounPhrase><NNP>Electrochem</NNP></NounPhrase><STOP>.</STOP></Sentence></Document>
<?xml version="1.0" encoding="UTF-8"?>
<Document><Sentence><NounPhrase><NNP>Sci</NNP></NounPhrase><STOP>.</STOP></Sentence><Sentence><Unmatched><COMMA>,</COMMA></Unmatched></Sentence></Document>
<?xml version="1.0" encoding="UTF-8"?>
<Document/>
<?xml version="1.0" encoding="UTF-8"?>
<Document><Sentence><NounPhrase><CD>7</CD><COMMA>,</COMMA><CD>2012</CD><CD>5390</CD></NounPhrase><VerbPhrase><VBN>investigated</VBN><VBD>was</VBD></VerbPhrase><ActionPhrase type="Concentrate"><NounPhrase><DT-THE>the</DT-THE><NN>effect</NN><PrepPhrase><IN-OF>of</IN-OF><NounPhrase><MOLECULE><OSCARCM><OSCAR-CM>aniline</OSCAR-CM></OSCARCM></MOLECULE><NN-CONCENTRATE>concentration</NN-CONCENTRATE></NounPhrase></PrepPhrase></NounPhrase></ActionPhrase><VerbPhrase><VBD>ranged</VBD><PrepPhrase><IN-FROM>from</IN-FROM><NounPhrase><CD>0.1</CD></NounPhrase></PrepPhrase><PrepPhrase><TO>to</TO><NounPhrase><QUANTITY><MOLAR><CD>1.0</CD><NN-MOLAR>M</NN-MOLAR></MOLAR></QUANTITY><COMMA>,</COMMA><JJ>current</JJ><NN>density</NN></NounPhrase></PrepPhrase></VerbPhrase><ActionPhrase type="Concentrate"><VerbPhrase><VBD>ranged</VBD><PrepPhrase><IN-FROM>from</IN-FROM><NounPhrase><CD>10</CD></NounPhrase></PrepPhrase><PrepPhrase><TO>to</TO><NounPhrase><MOLECULE><OSCARCM><OSCAR-CM>50mA/cm</OSCAR-CM></OSCARCM><REFERENCETOCOMPOUND><CD>2</CD></REFERENCETOCOMPOUND></MOLECULE><COMMA>,</COMMA><MOLECULE><OSCARCM><OSCAR-CM>oxalic</OSCAR-CM><OSCAR-CM>acid</OSCAR-CM></OSCARCM></MOLECULE><NN-CONCENTRATE>concentration</NN-CONCENTRATE><WDT>that</WDT></NounPhrase></PrepPhrase></VerbPhrase></ActionPhrase><VerbPhrase><VBD>ranged</VBD><PrepPhrase><IN-FROM>from</IN-FROM><NounPhrase><CD>0.1</CD></NounPhrase></PrepPhrase><PrepPhrase><TO>to</TO><NounPhrase><QUANTITY><MOLAR><CD>1.0</CD><NN-MOLAR>M</NN-MOLAR></MOLAR></QUANTITY><CC>and</CC><NN-CHEMENTITY>solution</NN-CHEMENTITY><NN-PH>pH</NN-PH><WDT>which</WDT></NounPhrase></PrepPhrase></VerbPhrase><VerbPhrase><VBD>ranged</VBD><PrepPhrase><IN-FROM>from</IN-FROM><NounPhrase><CD>1</CD></NounPhrase></PrepPhrase><PrepPhrase><TO>to</TO><NounPhrase><CD>4</CD></NounPhrase></PrepPhrase></VerbPhrase><STOP>.</STOP></Sentence></Document>
<?xml version="1.0" encoding="UTF-8"?>
<Document><Sentence><ActionPhrase type="Wait"><NounPhrase><DT-THE>The</DT-THE><NN>electropolymerization</NN><NN-TIME>time</NN-TIME></NounPhrase><VerbPhrase><VBD>was</VBD><VBN>fixed</VBN><TimePhrase><IN>at</IN><CD>20</CD><NN-TIME>minutes</NN-TIME></TimePhrase></VerbPhrase></ActionPhrase><NounPhrase><NN>interval</NN></NounPhrase><PrepPhrase><IN-FOR>for</IN-FOR><NounPhrase><DT>all</DT><NN>experiments</NN></NounPhrase></PrepPhrase><STOP>.</STOP></Sentence></Document>
<?xml version="1.0" encoding="UTF-8"?>
<Document><Sentence><ActionPhrase type="Wash"><PrepPhrase><IN-AFTER>After</IN-AFTER><NounPhrase><DT>each</DT><NN>experiment</NN></NounPhrase></PrepPhrase><COMMA>,</COMMA><NounPhrase><DT-THE>the</DT-THE><NNP>PANi</NNP><JJ>coated</JJ><NN>steel</NN></NounPhrase><VerbPhrase><VBD>was</VBD><VB-WASH>rinsed</VB-WASH><PrepPhrase><IN-WITH>with</IN-WITH><NounPhrase><JJ-CHEM>distilled</JJ-CHEM><MOLECULE role="Solvent"><OSCARCM><OSCAR-CM>water</OSCAR-CM></OSCARCM></MOLECULE><CC>and</CC><MOLECULE role="Solvent"><OSCARCM><OSCAR-CM>methanol</OSCAR-CM></OSCARCM></MOLECULE></NounPhrase></PrepPhrase></VerbPhrase></ActionPhrase><CC>and</CC><ActionPhrase type="Wait"><VerbPhrase><VB-WAIT>left</VB-WAIT></VerbPhrase></ActionPhrase><ActionPhrase type="Dry"><VerbPhrase><TO>to</TO><VB-DRY>dry</VB-DRY></VerbPhrase></ActionPhrase><STOP>.</STOP></Sentence></Document>
<?xml version="1.0" encoding="UTF-8"?>
<Document><Sentence><PrepPhrase><RB>Only</RB><IN>5cm</IN><IN-OF>of</IN-OF><NounPhrase><DT-THE>the</DT-THE><JJ-CHEM>rod</JJ-CHEM><NN>length</NN></NounPhrase></PrepPhrase><VerbPhrase><VBD>was</VBD><VBN>coated</VBN><PrepPhrase><IN-WITH>with</IN-WITH><NounPhrase><DT-THE>the</DT-THE><NNP>PANi</NNP><NN-CHEMENTITY>layer</NN-CHEMENTITY></NounPhrase></PrepPhrase></VerbPhrase><STOP>.</STOP></Sentence></Document>
<?xml version="1.0" encoding="UTF-8"?>
<Document><Sentence><NounPhrase><PROCEDURE><CD>2.3</CD></PROCEDURE><STOP>.</STOP></NounPhrase></Sentence></Document>
<?xml version="1.0" encoding="UTF-8"?>
<Document><Sentence><NounPhrase><NN>Examination</NN><PrepPhrase><IN-OF>of</IN-OF><NounPhrase><DT-THE>the</DT-THE><NN>performance</NN><PrepPhrase><IN-OF>of</IN-OF><NounPhrase><DT-THE>the</DT-THE><MOLECULE><OSCARCM><OSCAR-CM>PANi</OSCAR-CM></OSCARCM><JJ>coated</JJ></MOLECULE><NN>steel</NN></NounPhrase></PrepPhrase></NounPhrase></PrepPhrase></NounPhrase><PrepPhrase><IN>against</IN><NounPhrase><NN>corrosion</NN><JJ>Potentiodynamic</JJ><NN>examination</NN><MIXTURE><_-LRB->(</_-LRB-><JJ>Tafel</JJ><NN>test</NN><_-RRB->)</_-RRB-></MIXTURE></NounPhrase></PrepPhrase><VerbPhrase><VBD>was</VBD><VBN>used</VBN><PrepPhrase><IN-FOR>for</IN-FOR><NounPhrase><DT-THE>the</DT-THE><NN>examination</NN><PrepPhrase><IN-OF>of</IN-OF><NounPhrase><DT-THE>the</DT-THE><JJ-CHEM>corrosion</JJ-CHEM><NN>resistance</NN><PrepPhrase><IN-OF>of</IN-OF><NounPhrase><MOLECULE><OSCARCM><OSCAR-CM>PANi</OSCAR-CM></OSCARCM><JJ>coated</JJ></MOLECULE><NN>steel</NN><WRB>when</WRB></NounPhrase></PrepPhrase></NounPhrase></PrepPhrase></NounPhrase></PrepPhrase></VerbPhrase><VerbPhrase><VBG>rotating</VBG><PrepPhrase><IN>at</IN><NounPhrase><MOLECULE><QUANTITY><PERCENT><CD>3.5</CD><NN-PERCENT>%</NN-PERCENT></PERCENT></QUANTITY><OSCARCM><OSCAR-CM>NaCl</OSCAR-CM></OSCARCM><NN-CHEMENTITY>solution</NN-CHEMENTITY></MOLECULE></NounPhrase></PrepPhrase><PrepPhrase><IN-WITH>with</IN-WITH><NounPhrase><JJ>different</JJ><JJ>rotational</JJ><NN>speed</NN></NounPhrase></PrepPhrase></VerbPhrase><VerbPhrase><VBD>ranged</VBD><PrepPhrase><IN-FROM>from</IN-FROM><NounPhrase><CD>200</CD></NounPhrase></PrepPhrase><PrepPhrase><TO>to</TO><NounPhrase><NN>1000rpm</NN></NounPhrase></PrepPhrase></VerbPhrase><STOP>.</STOP></Sentence></Document>
<?xml version="1.0" encoding="UTF-8"?>
<Document><Sentence><NounPhrase><DT>A</DT><JJ>variable</JJ><NN>speed</NN><NNP>D.C</NNP></NounPhrase><STOP>.</STOP></Sentence><Sentence><NounPhrase><NN>motor</NN><PrepPhrase><IN-OF>of</IN-OF><NounPhrase><CD>0.33hp</CD></NounPhrase></PrepPhrase></NounPhrase><VerbPhrase><VBD>was</VBD><VBN>used</VBN></VerbPhrase><VerbPhrase><IN-FOR>for</IN-FOR><VBG>changing</VBG></VerbPhrase><NounPhrase><DT-THE>the</DT-THE><JJ>rotational</JJ><NN>speed</NN><PrepPhrase><IN-OF>of</IN-OF><NounPhrase><MOLECULE><OSCARCM><OSCAR-CM>PANi</OSCAR-CM></OSCARCM><JJ>coated</JJ></MOLECULE><NN>steel</NN></NounPhrase></PrepPhrase></NounPhrase><STOP>.</STOP></Sentence></Document>
<?xml version="1.0" encoding="UTF-8"?>
<Document><Sentence><VerbPhrase><IN-AS>As</IN-AS><VBN>shown</VBN><PrepPhrase><IN-IN>in</IN-IN><NounPhrase><CaptionLabel><NNP-LABEL>figure</NNP-LABEL><CD>1</CD></CaptionLabel></NounPhrase></PrepPhrase></VerbPhrase><NounPhrase><DT-THE>the</DT-THE><NNP>PANi</NNP><JJ>coated</JJ><NN>steel</NN><CC>and</CC><JJ>stainless</JJ><NN>steel</NN></NounPhrase><VerbPhrase><VBD>were</VBD><VBN>used</VBN><PrepPhrase><IN-AS>as</IN-AS><NounPhrase><NN>anode</NN><CC>and</CC><NN>cathode</NN></NounPhrase></PrepPhrase></VerbPhrase><RB>respectively</RB><COMMA>,</COMMA><NounPhrase><DT-THE>the</DT-THE><NN>corrosion</NN></NounPhrase><JJ>current</JJ><CC>and</CC><VerbPhrase><JJ>potential</JJ><VBD>were</VBD><VBN>measured</VBN><PrepPhrase><IN>against</IN><NounPhrase><MOLECULE><OSCARCM><OSCAR-CM>Ag</OSCAR-CM><DASH>/</DASH><OSCAR-CM>AgCl</OSCAR-CM></OSCARCM></MOLECULE><NN>reference</NN><NN>electrode</NN></NounPhrase></PrepPhrase></VerbPhrase><VerbPhrase><VB-USE>using</VB-USE></VerbPhrase><NounPhrase><DT-THE>the</DT-THE><NNP>EG&amp;G</NNP><NNP>Princeton</NNP><NNP>Applied</NNP><NNP>Research</NNP><NNP>Potentiostat/Galvanostat</NNP><NNP>Model</NNP><UNNAMEDMOLECULE><REFERENCETOCOMPOUND><CD-ALPHANUM>273A</CD-ALPHANUM></REFERENCETOCOMPOUND></UNNAMEDMOLECULE></NounPhrase><ActionPhrase type="Yield"><VerbPhrase><VB-YIELD>provided</VB-YIELD><PrepPhrase><IN-WITH>with</IN-WITH><NounPhrase><JJ>powerCorr</JJ><NN>software</NN></NounPhrase></PrepPhrase></VerbPhrase></ActionPhrase><STOP>.</STOP></Sentence></Document>
<?xml version="1.0" encoding="UTF-8"?>
<Document><Sentence><NounPhrase><DT-THE>The</DT-THE><JJ-CHEM>%</JJ-CHEM><NN>improvement</NN></NounPhrase><PrepPhrase><IN-IN>in</IN-IN><NounPhrase><NN>corrosion</NN><NN>resistance</NN></NounPhrase></PrepPhrase><VerbPhrase><VBD>was</VBD><VBN>evaluated</VBN><PrepPhrase><IN-WITH>with</IN-WITH><NounPhrase><NN>reference</NN></NounPhrase></PrepPhrase><PrepPhrase><TO>to</TO><NounPhrase><JJ>bare</JJ><NN>steel</NN></NounPhrase></PrepPhrase></VerbPhrase><ActionPhrase type="Degass"><VerbPhrase><VB-SUBJECT>subjected</VB-SUBJECT><PrepPhrase><TO>to</TO><NounPhrase><DT-THE>the</DT-THE><JJ>same</JJ><NNS>conditions</NNS><PrepPhrase><IN-OF>of</IN-OF><NounPhrase><JJ>rotational</JJ><NN>speed</NN><CC>and</CC><MOLECULE><OSCARCM><OSCAR-CM>NaCl</OSCAR-CM></OSCARCM></MOLECULE><NN-CONCENTRATE>concentration</NN-CONCENTRATE></NounPhrase></PrepPhrase></NounPhrase></PrepPhrase></VerbPhrase></ActionPhrase><STOP>.</STOP></Sentence></Document>
<?xml version="1.0" encoding="UTF-8"?>
<Document><Sentence><NounPhrase><DT-THE>The</DT-THE><JJ-CHEM>%</JJ-CHEM><NN>improvement</NN></NounPhrase><VerbPhrase><VBD>was</VBD><VBN>calculated</VBN><VBG>according</VBG><PrepPhrase><TO>to</TO><NounPhrase><DT-THE>the</DT-THE><JJ>following</JJ><NN>equation</NN></NounPhrase></PrepPhrase></VerbPhrase><COLON>:</COLON><NounPhrase><WRB>Where</WRB><NNP>CRb</NNP><CC>and</CC><MOLECULE><OSCARCM><OSCAR-CM>CRp</OSCAR-CM></OSCARCM></MOLECULE></NounPhrase><VerbPhrase><VBP>are</VBP></VerbPhrase><NounPhrase><DT-THE>the</DT-THE><JJ-CHEM>corrosion</JJ-CHEM><NN>rate</NN></NounPhrase><Unmatched><IN-OF>of</IN-OF></Unmatched><Unmatched><JJ>bare</JJ></Unmatched><Unmatched><CC>and</CC></Unmatched><NounPhrase><MOLECULE><OSCARCM><OSCAR-CM>PANi</OSCAR-CM></OSCARCM><JJ>coated</JJ></MOLECULE><NN>steel</NN></NounPhrase><RB>respectively</RB><STOP>.</STOP></Sentence></Document>
<?xml version="1.0" encoding="UTF-8"?>
<Document><Sentence><NounPhrase><CaptionLabel><NNP-LABEL>Figure</NNP-LABEL><CD>1</CD></CaptionLabel></NounPhrase><STOP>.</STOP></Sentence></Document>
<?xml version="1.0" encoding="UTF-8"?>
<Document><Sentence><NounPhrase><JJ>Experimental</JJ><NN>setup</NN></NounPhrase><VerbPhrase><VBN>used</VBN><PrepPhrase><IN-FOR>for</IN-FOR><NounPhrase><JJ>potentiodynamic</JJ><NN>examination</NN><PrepPhrase><IN-OF>of</IN-OF><NounPhrase><MOLECULE><OSCARCM><OSCAR-CM>PANi</OSCAR-CM></OSCARCM><JJ>coated</JJ></MOLECULE><NN>steel</NN><PrepPhrase><IN-IN>in</IN-IN><MOLECULE><QUANTITY><PERCENT><CD>3.5</CD><NN-PERCENT>%</NN-PERCENT></PERCENT></QUANTITY><OSCARCM><OSCAR-CM>NaCl</OSCAR-CM></OSCARCM></MOLECULE></PrepPhrase></NounPhrase></PrepPhrase></NounPhrase></PrepPhrase><PrepPhrase><IN>at</IN><NounPhrase><JJ>different</JJ><JJ>rotational</JJ><NN>speed</NN></NounPhrase></PrepPhrase></VerbPhrase><STOP>.</STOP></Sentence></Document>
<?xml version="1.0" encoding="UTF-8"?>
<Document><Sentence><NounPhrase><NNP>Int</NNP></NounPhrase><STOP>.</STOP></Sentence></Document>
<?xml version="1.0" encoding="UTF-8"?>
<Document><Sentence><NounPhrase><PROCEDURE><NN-IDENTIFIER>J</NN-IDENTIFIER></PROCEDURE><STOP>.</STOP></NounPhrase></Sentence><Sentence><NounPhrase><NNP>Electrochem</NNP></NounPhrase><STOP>.</STOP></Sentence></Document>
<?xml version="1.0" encoding="UTF-8"?>
<Document><Sentence><NounPhrase><NNP>Sci</NNP></NounPhrase><STOP>.</STOP></Sentence><Sentence><Unmatched><COMMA>,</COMMA></Unmatched></Sentence></Document>
<?xml version="1.0" encoding="UTF-8"?>
<Document/>
<?xml version="1.0" encoding="UTF-8"?>
<Document><Sentence><NounPhrase><CD>7</CD><COMMA>,</COMMA><CD>2012</CD><CD>5391</CD><CD>3</CD></NounPhrase><STOP>.</STOP></Sentence></Document>
<?xml version="1.0" encoding="UTF-8"?>
<Document/>
