<?xml version="1.0" encoding="UTF-8"?>
<Document><Sentence><VerbPhrase><VBG>Developing</VBG></VerbPhrase><NounPhrase><DT>a</DT><NNP>Empirical</NNP><NNP>Relationship</NNP></NounPhrase><NounPhrase><DT-THE>The</DT-THE><NN>coating</NN><NNS>characteristics</NNS><PrepPhrase><IN-OF>of</IN-OF><NounPhrase><MOLECULE><OSCARCM><OSCAR-CM>aluminum</OSCAR-CM></OSCARCM></MOLECULE></NounPhrase></PrepPhrase></NounPhrase><VerbPhrase><VBZ>is</VBZ><VBN>represented</VBN><PrepPhrase><IN-BY>by</IN-BY><NounPhrase><MOLECULE><OSCARCM><OSCAR-CM>Y</OSCAR-CM></OSCARCM></MOLECULE></NounPhrase></PrepPhrase></VerbPhrase><COMMA>,</COMMA><RB-CONJ>then</RB-CONJ><NounPhrase><DT-THE>the</DT-THE><JJ-CHEM>response</JJ-CHEM><NN>function</NN></NounPhrase><VerbPhrase><MD>can</MD><VB>be</VB><VBN>expressed</VBN><PrepPhrase><IN-AS>as</IN-AS><NounPhrase><MOLECULE><OSCARCM><OSCAR-CM>Y</OSCAR-CM></OSCARCM></MOLECULE><SYM>=</SYM><NN>f</NN></NounPhrase></PrepPhrase></VerbPhrase><Unmatched><_-LRB->(</_-LRB-></Unmatched><NounPhrase><MOLECULE><OSCARCM><OSCAR-CM>F</OSCAR-CM></OSCARCM></MOLECULE></NounPhrase><COMMA>,</COMMA><Unmatched><NN-MOLAR>N</NN-MOLAR></Unmatched><Unmatched><COMMA>,</COMMA></Unmatched><NounPhrase><NNP>V</NNP></NounPhrase><Unmatched><_-RRB->)</_-RRB-></Unmatched><NounPhrase><UNNAMEDMOLECULE><REFERENCETOCOMPOUND><_-LRB->(</_-LRB-><CD>2</CD><_-RRB->)</_-RRB-></REFERENCETOCOMPOUND></UNNAMEDMOLECULE></NounPhrase><NounPhrase><DT-THE>The</DT-THE><NN>model</NN></NounPhrase><VerbPhrase><VBD>selected</VBD><VBD>was</VBD></VerbPhrase><NounPhrase><DT>a</DT><JJ>second</JJ><JJ-CHEM>degree</JJ-CHEM><NN>response</NN></NounPhrase><VerbPhrase><VBD>expressed</VBD></VerbPhrase><VerbPhrase><IN-AS>as</IN-AS><VBZ>follows</VBZ></VerbPhrase><NounPhrase><MOLECULE><OSCARCM><OSCAR-CM>Y</OSCAR-CM></OSCARCM></MOLECULE><SYM>=</SYM><JJ>B0+</JJ><NNP>B(F)+</NNP><UNNAMEDMOLECULE><REFERENCETOCOMPOUND><NN-IDENTIFIER>B2</NN-IDENTIFIER></REFERENCETOCOMPOUND></UNNAMEDMOLECULE></NounPhrase><Unmatched><_-LRB->(</_-LRB-></Unmatched><Unmatched><NN-MOLAR>N</NN-MOLAR></Unmatched><Unmatched><JJ-CHEM>)+B3(V)+B11</JJ-CHEM></Unmatched><Unmatched><_-LRB->(</_-LRB-></Unmatched><NounPhrase><UNNAMEDMOLECULE><REFERENCETOCOMPOUND><NN-IDENTIFIER>F2</NN-IDENTIFIER></REFERENCETOCOMPOUND></UNNAMEDMOLECULE><MOLECULE><OSCARCM><OSCAR-CM>)+B22(N2)+B33(V2)+B12(F*N)+B13(F*V)+B23(N*V)</OSCAR-CM></OSCARCM><REFERENCETOCOMPOUND><_-LRB->(</_-LRB-><CD>3</CD><_-RRB->)</_-RRB-></REFERENCETOCOMPOUND></MOLECULE></NounPhrase><NounPhrase><DT-THE>The</DT-THE><NNS>values</NNS><PrepPhrase><IN-OF>of</IN-OF><NounPhrase><DT-THE>the</DT-THE><NN>coefficient</NN></NounPhrase></PrepPhrase></NounPhrase><VerbPhrase><VBD>were</VBD><VBN>calculated</VBN><PrepPhrase><IN-BY>by</IN-BY><NounPhrase><NN>regression</NN></NounPhrase></PrepPhrase><PrepPhrase><IN-WITH>with</IN-WITH><NounPhrase><DT-THE>the</DT-THE><NN>help</NN><PrepPhrase><IN-OF>of</IN-OF><NounPhrase><DT-THE>the</DT-THE><JJ-CHEM>following</JJ-CHEM><NNS>equations</NNS></NounPhrase></PrepPhrase></NounPhrase></PrepPhrase></VerbPhrase><STOP>.</STOP></Sentence></Document>
<?xml version="1.0" encoding="UTF-8"?>
<Document><Sentence><Unmatched><DT-THE>The</DT-THE></Unmatched><Unmatched><JJ-COMPOUND>final</JJ-COMPOUND></Unmatched><NounPhrase><NN>model</NN></NounPhrase><VerbPhrase><VBD>was</VBD><VBN>developed</VBN></VerbPhrase><VerbPhrase><IN-AFTER>after</IN-AFTER><VBG>determining</VBG></VerbPhrase><NounPhrase><DT-THE>the</DT-THE><JJ>significant</JJ><NN>coefficient</NN><COMMA>,</COMMA><WDT>which</WDT></NounPhrase><VerbPhrase><VBP>lead</VBP></VerbPhrase><NounPhrase><DT-THE>the</DT-THE><JJ>following</JJ><NN>test</NN></NounPhrase><STOP>.</STOP></Sentence></Document>
<?xml version="1.0" encoding="UTF-8"?>
<Document><Sentence><NounPhrase><NNP>Coating</NNP><NN>thickness</NN></NounPhrase><COLON>:</COLON><NounPhrase><NNP>Ct</NNP><SYM>=</SYM><CD>0.84+0.26*F+0.04*N+0.86*V-0.01*F*N-0.0625*F*V</CD><DASH>+</DASH><CD>0.0375*N*V+0.017*F2+0.08*N2+0.01*V2</CD><UNNAMEDMOLECULE><REFERENCETOCOMPOUND><_-LRB->(</_-LRB-><CD>4</CD><_-RRB->)</_-RRB-></REFERENCETOCOMPOUND></UNNAMEDMOLECULE><NNP>Coating</NNP><NN>width</NN></NounPhrase><COLON>:</COLON><NounPhrase><NNP>Cw</NNP><SYM>=</SYM><MOLECULE><OSCARCM><OSCAR-CM>24.01+0.79*F+0.42*N+1.05*V-0.9*F*N-1.96*F*V+0*N*V-1.82*F2-1.66*N2-0.93*V2+0.1*V2</OSCAR-CM></OSCARCM><REFERENCETOCOMPOUND><_-LRB->(</_-LRB-><CD>5</CD><_-RRB->)</_-RRB-></REFERENCETOCOMPOUND></MOLECULE><CD>3.1</CD></NounPhrase><JJ-CHEM>Checking</JJ-CHEM><NounPhrase><DT-THE>the</DT-THE><NNP>Adequacy</NNP><PrepPhrase><IN-OF>of</IN-OF><NounPhrase><NNP>Model</NNP></NounPhrase></PrepPhrase></NounPhrase><NounPhrase><DT-THE>The</DT-THE><NN>adequacy</NN><PrepPhrase><IN-OF>of</IN-OF><NounPhrase><DT-THE>the</DT-THE><NN>model</NN></NounPhrase></PrepPhrase></NounPhrase><VerbPhrase><VBD>was</VBD><VBN>checked</VBN><VB-USE>using</VB-USE></VerbPhrase><NounPhrase><DT-THE>the</DT-THE><NN>analysis</NN><PrepPhrase><IN-OF>of</IN-OF><NounPhrase><NN>variance</NN><MIXTURE><_-LRB->(</_-LRB-><MOLECULE><OSCARCM><OSCAR-CM>ANOVA</OSCAR-CM></OSCARCM></MOLECULE><_-RRB->)</_-RRB-></MIXTURE><PROCEDURE><NN-METHOD>technique</NN-METHOD></PROCEDURE></NounPhrase></PrepPhrase></NounPhrase><STOP>.</STOP></Sentence></Document>
<?xml version="1.0" encoding="UTF-8"?>
<Document><Sentence><PrepPhrase><IN-AS>As</IN-AS><IN>per</IN><NounPhrase><DT-THE>the</DT-THE><PROCEDURE><NN-METHOD>technique</NN-METHOD></PROCEDURE></NounPhrase></PrepPhrase><COMMA>,</COMMA><PrepPhrase><IN>if</IN><NounPhrase><DT-THE>the</DT-THE><JJ>calculated</JJ><NN>value</NN><PrepPhrase><IN-OF>of</IN-OF><NounPhrase><DT-THE>the</DT-THE><JJ>‘</JJ><NNP>F</NNP><NNP>’</NNP><NN>ratio</NN></NounPhrase></PrepPhrase></NounPhrase></PrepPhrase><Unmatched><IN-FOR>for</IN-FOR></Unmatched><Unmatched><DT-THE>the</DT-THE></Unmatched><Unmatched><JJ-COMPOUND>desired</JJ-COMPOUND></Unmatched><NounPhrase><NN>level</NN><PrepPhrase><IN-OF>of</IN-OF><NounPhrase><NN>confidence</NN><MIXTURE><_-LRB->(</_-LRB-><VB>say</VB><QUANTITY><PERCENT><CD>99</CD><NN-PERCENT>%</NN-PERCENT></PERCENT></QUANTITY><_-RRB->)</_-RRB-></MIXTURE></NounPhrase></PrepPhrase></NounPhrase><STOP>.</STOP></Sentence></Document>
<?xml version="1.0" encoding="UTF-8"?>
<Document><Sentence><Unmatched><RB-CONJ>Then</RB-CONJ></Unmatched><NounPhrase><DT-THE>the</DT-THE><NN>model</NN></NounPhrase><VerbPhrase><VBZ>is</VBZ><VBN>conducted</VBN><PrepPhrase><TO>to</TO><NounPhrase><DT-THE>the</DT-THE><JJ-CHEM>adequacy</JJ-CHEM><NN>limit</NN></NounPhrase></PrepPhrase></VerbPhrase><VerbPhrase><VB-USE>using</VB-USE></VerbPhrase><NounPhrase><DT-THE>the</DT-THE><JJ>developed</JJ><NN>model</NN></NounPhrase><Unmatched><IN-FOR>for</IN-FOR></Unmatched><Unmatched><JJ>various</JJ></Unmatched><Unmatched><JJ>mechanical</JJ></Unmatched><Unmatched><CC>and</CC></Unmatched><NounPhrase><JJ>metallurgical</JJ><NN>properties</NN></NounPhrase><STOP>.</STOP></Sentence></Document>
<?xml version="1.0" encoding="UTF-8"?>
<Document><Sentence><ActionPhrase type="Yield"><Unmatched><DT-THE>The</DT-THE></Unmatched><VerbPhrase><VBD>predicted</VBD><VB-YIELD>results</VB-YIELD><PrepPhrase><IN-OF>of</IN-OF><NounPhrase><JJ>different</JJ><NN>combination</NN></NounPhrase></PrepPhrase></VerbPhrase></ActionPhrase><VerbPhrase><VBP>are</VBP><VBN>presented</VBN><PrepPhrase><IN-IN>in</IN-IN><NounPhrase><DT-THE>the</DT-THE><JJ>graphical</JJ><NN>form</NN></NounPhrase></PrepPhrase></VerbPhrase><STOP>.</STOP></Sentence></Document>
<?xml version="1.0" encoding="UTF-8"?>
<Document><Sentence><ActionPhrase type="Yield"><NounPhrase><MOLECULE><OSCARCM><OSCAR-CM>ANOVA</OSCAR-CM></OSCARCM></MOLECULE><NN>test</NN></NounPhrase><VerbPhrase><VB-YIELD>result</VB-YIELD></VerbPhrase></ActionPhrase><VerbPhrase><VBN>presented</VBN><PrepPhrase><IN-IN>in</IN-IN><NounPhrase><DT-THE>the</DT-THE><CaptionLabel><NNP-LABEL>Table</NNP-LABEL><CD>5</CD></CaptionLabel></NounPhrase></PrepPhrase></VerbPhrase><STOP>.</STOP></Sentence></Document>
<?xml version="1.0" encoding="UTF-8"?>
<Document><Sentence><NounPhrase><CD>3.2</CD><NNP>Effect</NNP><PrepPhrase><IN-OF>of</IN-OF><NounPhrase><NNP>Process</NNP><NNP>Parameters</NNP></NounPhrase></PrepPhrase></NounPhrase><PrepPhrase><IN-ON>on</IN-ON><NounPhrase><NNP>Deposit</NNP><NNP>Geometry</NNP><CD>3.2.1</CD><NNP>Effect</NNP><PrepPhrase><IN-OF>of</IN-OF><NounPhrase><NNP>Rotational</NNP><NNP>Speed</NNP></NounPhrase></PrepPhrase></NounPhrase></PrepPhrase><PrepPhrase><IN-ON>on</IN-ON><NounPhrase><NNP>Deposit</NNP><PrepPhrase><IN-OF>of</IN-OF><NounPhrase><NNP>Coating</NNP></NounPhrase></PrepPhrase></NounPhrase></PrepPhrase><NounPhrase><DT-THE>The</DT-THE><NN>deposit</NN></NounPhrase><VerbPhrase><VBD>tended</VBD></VerbPhrase><VerbPhrase><TO>to</TO><VB>be</VB><JJR>greater</JJR><PrepPhrase><IN-IN>in</IN-IN><NounPhrase><NN>thickness</NN></NounPhrase></PrepPhrase></VerbPhrase><ActionPhrase type="Heat"><VerbPhrase><IN-WITH>with</IN-WITH><VB-INCREASE>increasing</VB-INCREASE><JJ>rotational</JJ></VerbPhrase><NounPhrase><NN>speed</NN><PrepPhrase><IN-OF>of</IN-OF><NounPhrase><JJ>consumable</JJ><NN>rod</NN></NounPhrase></PrepPhrase></NounPhrase></ActionPhrase><COMMA>,</COMMA><PrepPhrase><RB>regardless</RB><IN-OF>of</IN-OF><NounPhrase><DT-THE>the</DT-THE><JJ>traverse</JJ><NN>speed</NN><CC>and</CC><NN>axial</NN><NN>force</NN></NounPhrase></PrepPhrase><STOP>.</STOP></Sentence></Document>
<?xml version="1.0" encoding="UTF-8"?>
<Document><Sentence><VerbPhrase><DT>This</DT><MD>might</MD><VB>be</VB><JJ>due</JJ></VerbPhrase><Unmatched><TO>to</TO></Unmatched><ActionPhrase type="Heat"><VerbPhrase><DT>an</DT><VB-INCREASE>increase</VB-INCREASE><PrepPhrase><IN-IN>in</IN-IN><NounPhrase><NN>torque</NN></NounPhrase></PrepPhrase><PrepPhrase><IN>during</IN><NounPhrase><NN>friction</NN></NounPhrase></PrepPhrase><PrepPhrase><IN-WITH>with</IN-WITH><NounPhrase><NN>demand</NN><JJ>rotational</JJ><NN>speed</NN></NounPhrase></PrepPhrase></VerbPhrase></ActionPhrase><CC>and</CC><ActionPhrase type="Heat"><Unmatched><JJ>due</JJ></Unmatched><Unmatched><TO>to</TO></Unmatched><VerbPhrase><DT>an</DT><VB-INCREASE>increase</VB-INCREASE><PrepPhrase><IN-IN>in</IN-IN><NounPhrase><DT-THE>the</DT-THE><NN>thickness</NN><PrepPhrase><IN-OF>of</IN-OF><NounPhrase><NN>deposit</NN></NounPhrase></PrepPhrase></NounPhrase></PrepPhrase><PrepPhrase><IN>because</IN><IN-OF>of</IN-OF><NounPhrase><DT>an</DT><JJ-CHEM>increased</JJ-CHEM><NN>rate</NN><PrepPhrase><IN-OF>of</IN-OF><NounPhrase><NN>deformation</NN><PrepPhrase><IN-OF>of</IN-OF><NounPhrase><JJ>consumable</JJ><NN>rod</NN></NounPhrase></PrepPhrase></NounPhrase></PrepPhrase></NounPhrase></PrepPhrase></VerbPhrase></ActionPhrase><STOP>.</STOP></Sentence></Document>
<?xml version="1.0" encoding="UTF-8"?>
<Document><Sentence><NounPhrase><CD>3.2.2</CD><NNP>Effect</NNP><PrepPhrase><IN-OF>of</IN-OF><NounPhrase><JJ>Axial</JJ><NNP>Force</NNP></NounPhrase></PrepPhrase></NounPhrase><PrepPhrase><IN-ON>on</IN-ON><NounPhrase><NNP>Deposit</NNP><PrepPhrase><IN-OF>of</IN-OF><NounPhrase><NNP>Coating</NNP></NounPhrase></PrepPhrase></NounPhrase></PrepPhrase><NounPhrase><DT-THE>The</DT-THE><NN>effect</NN><PrepPhrase><IN-OF>of</IN-OF><NounPhrase><JJ>axial</JJ><NN>force</NN></NounPhrase></PrepPhrase></NounPhrase><PrepPhrase><IN-ON>on</IN-ON><NounPhrase><DT-THE>the</DT-THE><NN>thickness</NN><PrepPhrase><IN-OF>of</IN-OF><NounPhrase><NN>deposit</NN></NounPhrase></PrepPhrase></NounPhrase></PrepPhrase><VerbPhrase><VBN>decreased</VBN></VerbPhrase><ActionPhrase type="Heat"><VerbPhrase><IN-WITH>with</IN-WITH><VB-INCREASE>increasing</VB-INCREASE><JJ>rotational</JJ></VerbPhrase><NounPhrase><NN>speed</NN><PrepPhrase><IN-OF>of</IN-OF><NounPhrase><JJ>consumable</JJ><NN>rod</NN></NounPhrase></PrepPhrase></NounPhrase></ActionPhrase><COMMA>,</COMMA><VerbPhrase><VBG>making</VBG></VerbPhrase><NounPhrase><DT-THE>the</DT-THE><NN>thickness</NN><PrepPhrase><IN-OF>of</IN-OF><NounPhrase><NN>deposit</NN></NounPhrase></PrepPhrase></NounPhrase><PrepPhrase><RB>almost</RB><JJ>uniform</JJ><IN-OF>of</IN-OF><NounPhrase><DT-THE>the</DT-THE><JJ>rotational</JJ><NN>speed</NN></NounPhrase></PrepPhrase><STOP>.</STOP></Sentence></Document>
<?xml version="1.0" encoding="UTF-8"?>
<Document><Sentence><NounPhrase><CD>3.2.3</CD><NNP>Effect</NNP><PrepPhrase><IN-OF>of</IN-OF><NounPhrase><NNP>Traverse</NNP><NNP>Speed</NNP></NounPhrase></PrepPhrase></NounPhrase><PrepPhrase><IN-ON>on</IN-ON><NounPhrase><NNP>Deposit</NNP><PrepPhrase><IN-OF>of</IN-OF><NounPhrase><NNP>Coating</NNP></NounPhrase></PrepPhrase></NounPhrase></PrepPhrase><NounPhrase><DT-THE>The</DT-THE><NN>width</NN><PrepPhrase><IN-OF>of</IN-OF><NounPhrase><DT-THE>the</DT-THE><NN>deposit</NN></NounPhrase></PrepPhrase></NounPhrase><VerbPhrase><VBD>tented</VBD></VerbPhrase><VerbPhrase><TO>to</TO><VB>decrease</VB></VerbPhrase><ActionPhrase type="Heat"><VerbPhrase><IN-WITH>with</IN-WITH><VB-INCREASE>increased</VB-INCREASE><JJ>rotational</JJ></VerbPhrase><NounPhrase><NN>speed</NN></NounPhrase></ActionPhrase><CC>and</CC><VerbPhrase><VB>traverse</VB></VerbPhrase><NounPhrase><NN>speed</NN></NounPhrase><PrepPhrase><IN-ON>on</IN-ON><NounPhrase><JJ>consumable</JJ><NN>rod</NN></NounPhrase></PrepPhrase><STOP>.</STOP></Sentence></Document>
<?xml version="1.0" encoding="UTF-8"?>
<Document><Sentence><Unmatched><CC>But</CC></Unmatched><NounPhrase><PRP>it</PRP></NounPhrase><VerbPhrase><VBZ>has</VBZ><RB>almost</RB><JJ>uniform</JJ><PrepPhrase><IN-UNDER>under</IN-UNDER><NounPhrase><DT-THE>the</DT-THE><NNS>conditions</NNS><PrepPhrase><IN-OF>of</IN-OF><NounPhrase><DT-THE>the</DT-THE><NN>rotation</NN><PrepPhrase><IN-OF>of</IN-OF><NounPhrase><JJ>consumable</JJ><NN>rod</NN></NounPhrase></PrepPhrase></NounPhrase></PrepPhrase></NounPhrase></PrepPhrase></VerbPhrase><VerbPhrase><VBD>was</VBD><JJ>slow</JJ><COMMA>,</COMMA><PrepPhrase><IN>because</IN><NounPhrase><NN>effect</NN><PrepPhrase><IN-OF>of</IN-OF><NounPhrase><DT-THE>the</DT-THE><JJ>traverse</JJ><NN>speed</NN></NounPhrase></PrepPhrase></NounPhrase></PrepPhrase></VerbPhrase><VerbPhrase><VBD>was</VBD><VBN>limited</VBN></VerbPhrase><STOP>.</STOP></Sentence></Document>
<?xml version="1.0" encoding="UTF-8"?>
<Document><Sentence><VerbPhrase><DT>This</DT><MD>might</MD><VB>be</VB><PrepPhrase><IN>because</IN><NounPhrase><NN>width</NN><PrepPhrase><IN-OF>of</IN-OF><NounPhrase><DT-THE>the</DT-THE><NN>deposit</NN></NounPhrase></PrepPhrase></NounPhrase></PrepPhrase></VerbPhrase><VerbPhrase><MD>may</MD><VB>be</VB><VBN>decreased</VBN><PrepPhrase><IN-BY>by</IN-BY><NounPhrase><DT>a</DT><NN>decrease</NN></NounPhrase></PrepPhrase><PrepPhrase><IN-IN>in</IN-IN><NounPhrase><DT-THE>the</DT-THE><JJ-CHEM>closure</JJ-CHEM><NN>area</NN></NounPhrase></PrepPhrase></VerbPhrase><Unmatched><IN-OF>of</IN-OF></Unmatched><Unmatched><JJ>substrate</JJ></Unmatched><Unmatched><CC>and</CC></Unmatched><NounPhrase><JJ>consumable</JJ><NN>rod</NN></NounPhrase><STOP>.</STOP></Sentence></Document>
<?xml version="1.0" encoding="UTF-8"?>
<Document><Sentence><NounPhrase><DT-THE>The</DT-THE><NN>effect</NN><PrepPhrase><IN-OF>of</IN-OF><NounPhrase><JJ>traverse</JJ><NN>speed</NN></NounPhrase></PrepPhrase></NounPhrase><PrepPhrase><IN-ON>on</IN-ON><NounPhrase><DT-THE>the</DT-THE><NN>thickness</NN><PrepPhrase><IN-OF>of</IN-OF><NounPhrase><NN>deposit</NN></NounPhrase></PrepPhrase></NounPhrase></PrepPhrase><VerbPhrase><VBD>was</VBD></VerbPhrase><NounPhrase><NN>demand</NN></NounPhrase><ActionPhrase type="Heat"><VerbPhrase><IN-WITH>with</IN-WITH><VB-INCREASE>increasing</VB-INCREASE><JJ>rotational</JJ></VerbPhrase><NounPhrase><NN>speed</NN><PrepPhrase><IN-OF>of</IN-OF><NounPhrase><JJ>consumable</JJ><NN>rod</NN></NounPhrase></PrepPhrase></NounPhrase></ActionPhrase><COMMA>,</COMMA><VerbPhrase><VBG>making</VBG></VerbPhrase><NounPhrase><DT-THE>the</DT-THE><NN>thickness</NN><PrepPhrase><IN-OF>of</IN-OF><NounPhrase><NN>deposit</NN></NounPhrase></PrepPhrase></NounPhrase><PrepPhrase><RB>almost</RB><JJ>uniform</JJ><IN>at</IN><NounPhrase><JJ>rotational</JJ><NN>speed</NN></NounPhrase></PrepPhrase><STOP>.</STOP></Sentence></Document>
<?xml version="1.0" encoding="UTF-8"?>
<Document><Sentence><NounPhrase><JJ-CHEM>www.ccsenet.org/mas</JJ-CHEM><NNP>Modern</NNP><NNP>Applied</NNP><NNP>Science</NNP><NNP>Vol.</NNP></NounPhrase></Sentence></Document>
<?xml version="1.0" encoding="UTF-8"?>
<Document><Sentence><NounPhrase><CD>6</CD><COMMA>,</COMMA><MOLECULE><OSCARCM><OSCAR-CM>No</OSCAR-CM></OSCARCM></MOLECULE></NounPhrase><STOP>.</STOP></Sentence></Document>
<?xml version="1.0" encoding="UTF-8"?>
<Document><Sentence><NounPhrase><PROCEDURE><CD>2</CD></PROCEDURE><STOP>;</STOP></NounPhrase></Sentence><Sentence><NounPhrase><NNP>February</NNP><CD>2012</CD><NNP>ISSN</NNP><CD>1913-1844</CD><NNP>E-ISSN</NNP><CD>1913-1852</CD><CD>72</CD><CD>4</CD></NounPhrase><STOP>.</STOP></Sentence></Document>
<?xml version="1.0" encoding="UTF-8"?>
<Document/>
