<?xml version="1.0" encoding="UTF-8"?>
<Document><Sentence><NounPhrase><MOLECULE><OSCARCM><OSCAR-CM>EXPERIMENTS</OSCAR-CM></OSCARCM></MOLECULE></NounPhrase><Unmatched><DT>A</DT></Unmatched><STOP>.</STOP></Sentence><Sentence><NounPhrase><NNP>Electro-spark</NNP><NN>coating</NN></NounPhrase><PrepPhrase><IN-WITH>with</IN-WITH><NounPhrase><DT>a</DT><JJ>stainless</JJ><JJ-CHEM>steel</JJ-CHEM><NN>electrode</NN></NounPhrase></PrepPhrase><PrepPhrase><IN-ON>On</IN-ON><NounPhrase><DT-THE>the</DT-THE><JJ>experimental</JJ><NN>model</NN></NounPhrase></PrepPhrase><COMMA>,</COMMA><NounPhrase><DT>some</DT><NNS>experiments</NNS></NounPhrase><VerbPhrase><VBP>have</VBP><VBN>been</VBN><VBN>done</VBN><COMMA>,</COMMA><PrepPhrase><IN-WITH>with</IN-WITH><NounPhrase><DT-THE>the</DT-THE><NNS>purposes</NNS></NounPhrase></PrepPhrase></VerbPhrase><VerbPhrase><IN-OF>of</IN-OF><VBG>verifying</VBG></VerbPhrase><NounPhrase><DT-THE>the</DT-THE><NN>model</NN></NounPhrase><CC>and</CC><NounPhrase><DT-THE>the</DT-THE><NNS>possibilities</NNS><PrepPhrase><IN-OF>of</IN-OF><NounPhrase><DT-THE>the</DT-THE><NN>process</NN></NounPhrase></PrepPhrase></NounPhrase><COMMA>,</COMMA><VerbPhrase><VBG>concerning</VBG></VerbPhrase><NounPhrase><DT-THE>the</DT-THE><JJ>main</JJ><NNS>characteristics</NNS><PrepPhrase><IN-OF>of</IN-OF><NounPhrase><DT-THE>the</DT-THE><NN>coating</NN><UNNAMEDMOLECULE><REFERENCETOCOMPOUND><LSQB>[</LSQB><CD>6</CD><RSQB>]</RSQB></REFERENCETOCOMPOUND></UNNAMEDMOLECULE></NounPhrase></PrepPhrase></NounPhrase><STOP>.</STOP></Sentence></Document>
<?xml version="1.0" encoding="UTF-8"?>
<Document><Sentence><NounPhrase><DT>A</DT><NN>sample</NN><PrepPhrase><IN-OF>of</IN-OF><NounPhrase><NN>steel</NN><MOLECULE><OSCARCM><OSCAR-CM>S235JR</OSCAR-CM></OSCARCM></MOLECULE></NounPhrase></PrepPhrase></NounPhrase><COMMA>,</COMMA><VerbPhrase><VBG>according</VBG><PrepPhrase><TO>to</TO><NounPhrase><MOLECULE><OSCARCM><OSCAR-CM>EN10027</OSCAR-CM></OSCARCM></MOLECULE></NounPhrase></PrepPhrase></VerbPhrase><COMMA>,</COMMA><ActionPhrase type="Synthesize"><VerbPhrase><VBD>was</VBD><VB-SYNTHESIZE>prepared</VB-SYNTHESIZE><COMMA>,</COMMA><PrepPhrase><IN-WITH>with</IN-WITH><NounPhrase><DT-THE>the</DT-THE><NNS>sizes</NNS></NounPhrase></PrepPhrase><PrepPhrase><IN>60mm</IN><NounPhrase><NN>x</NN></NounPhrase></PrepPhrase><PrepPhrase><IN>50mm</IN><NounPhrase><NNP>x</NNP><CD>25</CD><CD>mm</CD></NounPhrase></PrepPhrase><COMMA>,</COMMA><PrepPhrase><IN-ON>on</IN-ON><NounPhrase><WDT>which</WDT><JJ>local</JJ><NNS>coatings</NNS></NounPhrase></PrepPhrase></VerbPhrase></ActionPhrase><VerbPhrase><VBD>were</VBD><VBN>made</VBN></VerbPhrase><STOP>.</STOP></Sentence></Document>
<?xml version="1.0" encoding="UTF-8"?>
<Document><Sentence><PrepPhrase><IN-IN>In</IN-IN><NounPhrase><NNP-LABEL>fig.</NNP-LABEL></NounPhrase></PrepPhrase></Sentence></Document>
<?xml version="1.0" encoding="UTF-8"?>
<Document><Sentence><NounPhrase><CD>4</CD></NounPhrase><NounPhrase><DT>an</DT><NN>image</NN><PrepPhrase><IN-OF>of</IN-OF><NounPhrase><DT-THE>the</DT-THE><JJ-CHEM>electro-spark</JJ-CHEM><NN>coating</NN><NN>process</NN></NounPhrase></PrepPhrase></NounPhrase><COMMA>,</COMMA><PrepPhrase><IN-WITH>with</IN-WITH><NounPhrase><JJ>stainless</JJ><NN>steel</NN></NounPhrase></PrepPhrase><PrepPhrase><IN-ON>on</IN-ON><NounPhrase><NN>steel</NN><MOLECULE><OSCARCM><OSCAR-CM>S235JR</OSCAR-CM></OSCARCM></MOLECULE></NounPhrase></PrepPhrase><VerbPhrase><VBZ>is</VBZ><VBN>presented</VBN></VerbPhrase><STOP>.</STOP></Sentence></Document>
<?xml version="1.0" encoding="UTF-8"?>
<Document><Sentence><NounPhrase><NNP-LABEL>Fig.</NNP-LABEL></NounPhrase></Sentence></Document>
<?xml version="1.0" encoding="UTF-8"?>
<Document><Sentence><NounPhrase><PROCEDURE><CD>4</CD></PROCEDURE><STOP>.</STOP></NounPhrase></Sentence></Document>
<?xml version="1.0" encoding="UTF-8"?>
<Document><Sentence><NounPhrase><NNS>Experiments</NNS></NounPhrase><PrepPhrase><IN-WITH>with</IN-WITH><NounPhrase><DT-THE>the</DT-THE><JJ-CHEM>electro-spark</JJ-CHEM><NN>coating</NN><NN>process</NN><UNNAMEDMOLECULE><REFERENCETOCOMPOUND><LSQB>[</LSQB><CD>6</CD><RSQB>]</RSQB></REFERENCETOCOMPOUND></UNNAMEDMOLECULE><NNP>Electro-spark</NNP><NNS>coatings</NNS></NounPhrase></PrepPhrase><VerbPhrase><VBD>were</VBD><VBN>performed</VBN><VB-USE>using</VB-USE></VerbPhrase><NounPhrase><DT>a</DT><JJ>stainless</JJ><JJ-CHEM>steel</JJ-CHEM><NN>electrode</NN><NNP>Φ2,5mm</NNP></NounPhrase><STOP>.</STOP></Sentence></Document>
<?xml version="1.0" encoding="UTF-8"?>
<Document><Sentence><NounPhrase><DT-THE>The</DT-THE><NNS>parameters</NNS><PrepPhrase><IN-OF>of</IN-OF><NounPhrase><DT-THE>the</DT-THE><NN>process</NN></NounPhrase></PrepPhrase></NounPhrase><VerbPhrase><VBD>were</VBD></VerbPhrase><COLON>:-Electrode</COLON><VerbPhrase><VB>tilt</VB></VerbPhrase><NounPhrase><NN>angle</NN></NounPhrase><COMMA>,</COMMA><VerbPhrase><VBN>related</VBN></VerbPhrase><Unmatched><TO>to</TO></Unmatched><Unmatched><JJ>horizontal</JJ></Unmatched><Unmatched><COLON>:</COLON></Unmatched><NounPhrase><JJ-CHEM>20º-Electrode</JJ-CHEM><JJ-CHEM>rotative-speed</JJ-CHEM><CD>40-50</CD><NN-TIME>rev/min</NN-TIME></NounPhrase><COMMA>,</COMMA><VerbPhrase><VB>-Open-circuit</VB></VerbPhrase><NounPhrase><NN>voltage</NN><CD>55</CD><NNP>V</NNP><COMMA>,</COMMA><NNP>-Load</NNP><NN>voltage</NN><CD>25...45</CD><NNP>V</NNP><COMMA>,</COMMA><JJ-CHEM>-Average</JJ-CHEM><JJ>current</JJ><CD>2.0...3.5</CD></NounPhrase><Unmatched><DT>A</DT></Unmatched><Unmatched><COMMA>,</COMMA></Unmatched><VerbPhrase><VB>-Travel</VB></VerbPhrase><NounPhrase><NN>speed</NN><CD>2...4</CD><NN-TIME>mm/min</NN-TIME><COMMA>,</COMMA><NNP>-Cross</NNP><NN>oscillation</NN><NN>amplitude</NN><CD>10...12mm</CD><COMMA>,</COMMA><NNP>-Cross</NNP><NN>oscillation</NN><NN>frequency</NN><CD>0.2...1.0</CD><NNP>Hz</NNP></NounPhrase><STOP>.</STOP></Sentence></Document>
<?xml version="1.0" encoding="UTF-8"?>
<Document><Sentence><ActionPhrase type="Wait"><TimePhrase><IN-IN>In</IN-IN><CD>10</CD><NN-TIME>min</NN-TIME></TimePhrase></ActionPhrase><COMMA>,</COMMA><NounPhrase><DT>a</DT><NN>coating</NN><PrepPhrase><IN-OF>of</IN-OF><NounPhrase><JJ>10mm</JJ><NN>x</NN></NounPhrase></PrepPhrase></NounPhrase><STOP>12mm</STOP></Sentence><Sentence><Unmatched><CC>and</CC></Unmatched><NounPhrase><CD>0.05...0.10</CD><CD>mm</CD></NounPhrase><JJ>thick</JJ><VerbPhrase><MD>can</MD><VB>be</VB><VBN>made</VBN></VerbPhrase><STOP>.</STOP></Sentence></Document>
<?xml version="1.0" encoding="UTF-8"?>
<Document><Sentence><ActionPhrase type="Yield"><PrepPhrase><IN-IN>In</IN-IN><NounPhrase><NN>order</NN></NounPhrase></PrepPhrase><VerbPhrase><TO>to</TO><VB-YIELD>obtain</VB-YIELD><JJ>uniform</JJ></VerbPhrase><NounPhrase><NN>coatings</NN></NounPhrase></ActionPhrase><COMMA>,</COMMA><VerbPhrase><VBG>referring</VBG><PrepPhrase><TO>to</TO><NounPhrase><NN>thickness</NN><CC>and</CC><NN>aspect</NN><COMMA>,</COMMA><JJ>constant</JJ><NN>speed</NN><PrepPhrase><IN-OF>of</IN-OF><NounPhrase><DT-THE>the</DT-THE><JJ-CHEM>electrode</JJ-CHEM><NN>travel</NN><CC>and</CC><NN>oscillating</NN><NNS>movements</NNS></NounPhrase></PrepPhrase></NounPhrase></PrepPhrase><PrepPhrase><IN>during</IN><NounPhrase><DT-THE>the</DT-THE><NN>process</NN></NounPhrase></PrepPhrase></VerbPhrase><VerbPhrase><VBP>are</VBP><JJ>necessary</JJ></VerbPhrase><STOP>.</STOP></Sentence></Document>
<?xml version="1.0" encoding="UTF-8"?>
<Document><Sentence><NounPhrase><DT>These</DT><NNS>requirements</NNS></NounPhrase><VerbPhrase><VBP>depend</VBP><PrepPhrase><IN-ON>on</IN-ON><NounPhrase><DT-THE>the</DT-THE><JJ>professional</JJ><NNS>skills</NNS><CC>and</CC><JJ>physical</JJ><NN>status</NN><PrepPhrase><IN-OF>of</IN-OF><NounPhrase><DT-THE>the</DT-THE><JJ-CHEM>welding</JJ-CHEM><NN>operator</NN><COMMA>,</COMMA><WDT>that</WDT></NounPhrase></PrepPhrase></NounPhrase></PrepPhrase></VerbPhrase><VerbPhrase><VBP>are</VBP><NEG>not</NEG></VerbPhrase><JJ>stable</JJ><STOP>.</STOP></Sentence></Document>
<?xml version="1.0" encoding="UTF-8"?>
<Document><Sentence><NounPhrase><DT>This</DT><NN>inconvenient</NN></NounPhrase><VerbPhrase><MD>can</MD><VB>be</VB><VBN>taken</VBN><RB>away</RB></VerbPhrase><VerbPhrase><IN-BY>by</IN-BY><VBG>implementing</VBG></VerbPhrase><Unmatched><DT>a</DT></Unmatched><Unmatched><JJ>mechanized</JJ></Unmatched><Unmatched><COMMA>,</COMMA></Unmatched><VerbPhrase><VBN>automated</VBN></VerbPhrase><CC>or</CC><NounPhrase><NN>robot</NN><NN>process</NN></NounPhrase><COMMA>,</COMMA><PrepPhrase><IN-WITH>with</IN-WITH><NounPhrase><JJ>reproducible</JJ><NN>parameters</NN></NounPhrase></PrepPhrase><STOP>.</STOP></Sentence></Document>
<?xml version="1.0" encoding="UTF-8"?>
<Document><Sentence><NounPhrase><NNP>Nonconventional</NNP><NNPS>Technologies</NNPS><NNP>Review-no</NNP></NounPhrase><STOP>.</STOP></Sentence></Document>
<?xml version="1.0" encoding="UTF-8"?>
<Document><Sentence><NounPhrase><CD>1/2011</CD><CD>59</CD><NNS>wen444cs</NNS></NounPhrase><JJ>下划线</JJ><NounPhrase><DT-THE>The</DT-THE><NN>operator</NN></NounPhrase><VerbPhrase><VBZ>has</VBZ><JJ>full</JJ></VerbPhrase><NounPhrase><NN>control</NN></NounPhrase><PrepPhrase><IN-OVER>over</IN-OVER><NounPhrase><DT-THE>the</DT-THE><NN>process</NN></NounPhrase></PrepPhrase><COMMA>,</COMMA><ActionPhrase type="Wait"><PrepPhrase><IN>during</IN><NounPhrase><PRP_>its</PRP_></NounPhrase></PrepPhrase><VerbPhrase><VBP>run</VBP><TimePhrase><NN-TIME>time</NN-TIME></TimePhrase></VerbPhrase></ActionPhrase><STOP>.</STOP></Sentence></Document>
<?xml version="1.0" encoding="UTF-8"?>
<Document><Sentence><NounPhrase><PRP>It</PRP></NounPhrase><VerbPhrase><VBZ>is</VBZ></VerbPhrase><NounPhrase><DT>a</DT><JJ>cold</JJ><JJ-CHEM>coating</JJ-CHEM><NN>process</NN></NounPhrase><COMMA>,</COMMA><ActionPhrase type="Heat"><VerbPhrase><IN-WITHOUT>without</IN-WITHOUT><VB-HEAT>heating</VB-HEAT></VerbPhrase><NounPhrase><DT-THE>the</DT-THE><NN-CHEMENTITY>base</NN-CHEMENTITY><NN-CHEMENTITY>metal</NN-CHEMENTITY></NounPhrase></ActionPhrase><COMMA>,</COMMA><PrepPhrase><RB>so</RB><IN>that</IN><NounPhrase><DT>no</DT><NN>distortion</NN></NounPhrase></PrepPhrase><VerbPhrase><VBZ>occurs</VBZ></VerbPhrase><STOP>.</STOP></Sentence></Document>
<?xml version="1.0" encoding="UTF-8"?>
<Document><Sentence><NounPhrase><DT-THE>The</DT-THE><JJ-CHEM>coating</JJ-CHEM><NN>rate</NN></NounPhrase><VerbPhrase><VBZ>is</VBZ></VerbPhrase><NounPhrase><CD>17,4</CD></NounPhrase><STOP>.</STOP><STOP>.</STOP><STOP>.</STOP></Sentence><Sentence><NounPhrase><CD>18,6</CD><NN-TIME>g/h</NN-TIME></NounPhrase><STOP>.</STOP></Sentence><Sentence><NounPhrase><NNP>B</NNP></NounPhrase><STOP>.</STOP></Sentence><Sentence><NounPhrase><NNP>Electro-spark</NNP><NN>coating</NN></NounPhrase><PrepPhrase><IN-WITH>with</IN-WITH><NounPhrase><DT>an</DT><MOLECULE><OSCARCM><OSCAR-CM>aluminium</OSCAR-CM></OSCARCM></MOLECULE><NN>electrode</NN></NounPhrase></PrepPhrase><PrepPhrase><IN-ON>On</IN-ON><NounPhrase><DT>a</DT><NN>sample</NN></NounPhrase></PrepPhrase><PrepPhrase><IN-WITH>with</IN-WITH><NounPhrase><DT-THE>the</DT-THE><NNS>sizes</NNS><CD>60</CD><CD>mm</CD><NN>x</NN><CD>50</CD><CD>mm</CD><NN>x</NN><CD>25</CD><CD>mm</CD><PrepPhrase><IN-OF>of</IN-OF><NounPhrase><DT-THE>the</DT-THE><JJ>same</JJ><NN-CHEMENTITY>base</NN-CHEMENTITY><NN-CHEMENTITY>metal</NN-CHEMENTITY></NounPhrase></PrepPhrase></NounPhrase></PrepPhrase><COMMA>,</COMMA><NounPhrase><DT>some</DT><NNS>coatings</NNS></NounPhrase><VerbPhrase><VBD>were</VBD><RB>also</RB><VBN>performed</VBN></VerbPhrase><COMMA>,</COMMA><VerbPhrase><VB-USE>using</VB-USE></VerbPhrase><NounPhrase><DT>an</DT><CD>1.6</CD><CD>mm</CD><NN>diameter</NN><MOLECULE><OSCARCM><OSCAR-CM>aluminium</OSCAR-CM></OSCARCM></MOLECULE><NN>electrode</NN><UNNAMEDMOLECULE><REFERENCETOCOMPOUND><LSQB>[</LSQB><CD>6</CD><RSQB>]</RSQB></REFERENCETOCOMPOUND></UNNAMEDMOLECULE></NounPhrase><STOP>.</STOP></Sentence></Document>
<?xml version="1.0" encoding="UTF-8"?>
<Document><Sentence><NounPhrase><DT-THE>The</DT-THE><JJ>applied</JJ><NNS>parameters</NNS></NounPhrase><VerbPhrase><VBD>were</VBD><PrepPhrase><IN-IN>in</IN-IN><NounPhrase><DT-THE>the</DT-THE><NNS>ranges</NNS></NounPhrase></PrepPhrase></VerbPhrase><VerbPhrase><VBN>mentioned</VBN><PrepPhrase><IN-IN>in</IN-IN><NounPhrase><DT-THE>the</DT-THE><JJ>previous</JJ><NN-EXAMPLE>example</NN-EXAMPLE></NounPhrase></PrepPhrase></VerbPhrase><STOP>.</STOP></Sentence></Document>
<?xml version="1.0" encoding="UTF-8"?>
<Document><Sentence><ActionPhrase type="Wait"><TimePhrase><IN-IN>In</IN-IN><CD>20</CD><NN-TIME>min</NN-TIME></TimePhrase></ActionPhrase><COMMA>,</COMMA><NounPhrase><DT>a</DT><NN>coating</NN><PrepPhrase><IN-OF>of</IN-OF><NounPhrase><RB>approximately</RB><JJ>8mm</JJ><NN>x</NN><NN>12mm</NN></NounPhrase></PrepPhrase></NounPhrase><PrepPhrase><IN-WITH>with</IN-WITH><NounPhrase><JJ>continuous</JJ><NN>aspect</NN></NounPhrase></PrepPhrase><VerbPhrase><VBZ>is</VBZ><VBN>made</VBN><PrepPhrase><IN-ON>on</IN-ON><NounPhrase><DT-THE>the</DT-THE><NN-CHEMENTITY>base</NN-CHEMENTITY><NN-CHEMENTITY>metal</NN-CHEMENTITY><NN>sample</NN></NounPhrase></PrepPhrase></VerbPhrase><STOP>.</STOP></Sentence></Document>
<?xml version="1.0" encoding="UTF-8"?>
<Document><Sentence><NounPhrase><DT-THE>The</DT-THE><NN>thickness</NN><PrepPhrase><IN-OF>of</IN-OF><NounPhrase><DT-THE>the</DT-THE><NN>coating</NN></NounPhrase></PrepPhrase></NounPhrase><VerbPhrase><VBZ>is</VBZ><VBN>estimated</VBN><PrepPhrase><IN>at</IN><NounPhrase><CD>0.05...0.15</CD><CD>mm</CD></NounPhrase></PrepPhrase></VerbPhrase><STOP>.</STOP></Sentence></Document>
<?xml version="1.0" encoding="UTF-8"?>
<Document><Sentence><NounPhrase><DT-THE>The</DT-THE><JJ-CHEM>deposition</JJ-CHEM><NN>rate</NN></NounPhrase><VerbPhrase><VBZ>is</VBZ></VerbPhrase><NounPhrase><CD>18</CD></NounPhrase><STOP>.</STOP><STOP>.</STOP><STOP>.</STOP></Sentence><Sentence><NounPhrase><CD>25</CD><NN-TIME>g/h</NN-TIME></NounPhrase><STOP>.</STOP></Sentence><Sentence><NounPhrase><FW>C</FW></NounPhrase><STOP>.</STOP></Sentence><Sentence><NounPhrase><NNP>Electro-spark</NNP><NN>depositing</NN></NounPhrase><PrepPhrase><IN-WITH>with</IN-WITH><NounPhrase><MOLECULE><OSCARCM><OSCAR-CM>tungsten</OSCAR-CM></OSCARCM></MOLECULE><NNS>carbides</NNS></NounPhrase></PrepPhrase><PrepPhrase><IN-IN>In</IN-IN><NounPhrase><DT>an</DT><NN>experiment</NN><UNNAMEDMOLECULE><REFERENCETOCOMPOUND><LSQB>[</LSQB><CD>7,8</CD><RSQB>]</RSQB></REFERENCETOCOMPOUND></UNNAMEDMOLECULE></NounPhrase></PrepPhrase><COMMA>,</COMMA><NounPhrase><DT-THE>the</DT-THE><NNS>coatings</NNS></NounPhrase><VerbPhrase><VBD>were</VBD><VBN>realized</VBN><PrepPhrase><IN-BY>by</IN-BY><NounPhrase><DT-THE>the</DT-THE><JJ-CHEM>electro-spark</JJ-CHEM><NN>process</NN></NounPhrase></PrepPhrase></VerbPhrase><COMMA>,</COMMA><VerbPhrase><VB-USE>using</VB-USE></VerbPhrase><NounPhrase><DT>a</DT><MOLECULE><OSCARCM><OSCAR-CM>WC-Co</OSCAR-CM></OSCARCM><MIXTURE><_-LRB->(</_-LRB-><QUANTITY><PERCENT><CD>97</CD><NN-PERCENT>%</NN-PERCENT></PERCENT></QUANTITY><OSCARCM><OSCAR-CM>WC</OSCAR-CM></OSCARCM><CC>and</CC><QUANTITY><PERCENT><CD>3</CD><NN-PERCENT>%</NN-PERCENT></PERCENT></QUANTITY><OSCARCM><OSCAR-CM>Co</OSCAR-CM></OSCARCM><_-RRB->)</_-RRB-></MIXTURE></MOLECULE><NN>electrode</NN></NounPhrase><PrepPhrase><IN-WITH>with</IN-WITH><NounPhrase><DT>a</DT><NN>cross-section</NN><PrepPhrase><IN-OF>of</IN-OF><NounPhrase><CD>3</CD><NN>x</NN><CD>4</CD><CD>mm</CD></NounPhrase></PrepPhrase></NounPhrase></PrepPhrase><Unmatched><_-LRB->(</_-LRB-></Unmatched><VerbPhrase><VBN>connected</VBN><PrepPhrase><TO>to</TO><NounPhrase><DT-THE>the</DT-THE><NN>anode</NN></NounPhrase></PrepPhrase></VerbPhrase><Unmatched><_-RRB->)</_-RRB-></Unmatched><Unmatched><COMMA>,</COMMA></Unmatched><PrepPhrase><IN>onto</IN><NounPhrase><NNS>rings</NNS></NounPhrase></PrepPhrase><VerbPhrase><VBN>made</VBN><PrepPhrase><IN-OF>of</IN-OF><NounPhrase><MOLECULE><OSCARCM><OSCAR-CM>carbon</OSCAR-CM></OSCARCM></MOLECULE><NN>steel</NN><MOLECULE><OSCARCM><OSCAR-CM>C45</OSCAR-CM></OSCARCM></MOLECULE></NounPhrase></PrepPhrase></VerbPhrase><Unmatched><_-LRB->(</_-LRB-></Unmatched><VerbPhrase><VBN>connected</VBN><PrepPhrase><TO>to</TO><NounPhrase><DT-THE>the</DT-THE><NN>cathode</NN></NounPhrase></PrepPhrase></VerbPhrase><Unmatched><_-RRB->)</_-RRB-></Unmatched><NounPhrase><UNNAMEDMOLECULE><REFERENCETOCOMPOUND><LSQB>[</LSQB><CD>7,8</CD><RSQB>]</RSQB></REFERENCETOCOMPOUND></UNNAMEDMOLECULE></NounPhrase><STOP>.</STOP></Sentence></Document>
<?xml version="1.0" encoding="UTF-8"?>
<Document><Sentence><NounPhrase><DT-THE>The</DT-THE><MOLECULE><OSCARCM><OSCAR-CM>EIL-8A</OSCAR-CM></OSCARCM></MOLECULE><NN>model</NN></NounPhrase><VerbPhrase><VBD>was</VBD><VBN>used</VBN><PrepPhrase><IN-AS>as</IN-AS><NounPhrase><NN>equipment</NN></NounPhrase></PrepPhrase><PrepPhrase><IN-FOR>for</IN-FOR><NounPhrase><MOLECULE><OSCARCM><OSCAR-CM>ESD</OSCAR-CM></OSCARCM></MOLECULE></NounPhrase></PrepPhrase><COMMA>,</COMMA><PrepPhrase><IN-WITH>with</IN-WITH><NounPhrase><DT-THE>the</DT-THE><JJ-CHEM>following</JJ-CHEM><NNS>parameters</NNS></NounPhrase></PrepPhrase></VerbPhrase><COLON>:</COLON><NounPhrase><NN>·</NN><NN>voltage</NN><MOLECULE><OSCARCM><OSCAR-CM>U</OSCAR-CM></OSCARCM></MOLECULE><SYM>=</SYM><CD>230</CD><NNP>V</NNP><COMMA>,</COMMA><NNP>·</NNP><NN>capacitor</NN><MOLECULE><OSCARCM><OSCAR-CM>C</OSCAR-CM></OSCARCM></MOLECULE><SYM>=</SYM><CD>300</CD><NNP>µF</NNP><COMMA>,</COMMA><JJ>·</JJ><JJ>current</JJ><NN>intensity</NN><PRP>I</PRP><SYM>=</SYM><CD>2.4</CD></NounPhrase><Unmatched><DT>A</DT></Unmatched><STOP>.</STOP></Sentence><Sentence><NounPhrase><DT-THE>The</DT-THE><NN>quality</NN><PrepPhrase><IN-OF>of</IN-OF><NounPhrase><NN>electro-spark</NN><NN>deposition</NN></NounPhrase></PrepPhrase></NounPhrase><VerbPhrase><VBZ>depends</VBZ><RB>mainly</RB><PrepPhrase><IN-ON>on</IN-ON><NounPhrase><DT-THE>the</DT-THE><NN>shape</NN><COMMA>,</COMMA><NN>duration</NN><COMMA>,</COMMA><CC>and</CC><JJ>average</JJ><NN>value</NN></NounPhrase></PrepPhrase></VerbPhrase><Unmatched><IN-OF>of</IN-OF></Unmatched><Unmatched><JJ>current</JJ></Unmatched><Unmatched><CC>or</CC></Unmatched><NounPhrase><NN>pulse</NN><NN>power</NN></NounPhrase><STOP>.</STOP></Sentence></Document>
<?xml version="1.0" encoding="UTF-8"?>
<Document><Sentence><ActionPhrase type="Add"><Unmatched><RB-CONJ>Then</RB-CONJ></Unmatched><Unmatched><COMMA>,</COMMA></Unmatched><NounPhrase><DT-THE>the</DT-THE><NNS>coatings</NNS></NounPhrase><VerbPhrase><VBD>were</VBD><VB-TREAT>treated</VB-TREAT><PrepPhrase><IN-WITH>with</IN-WITH><NounPhrase><DT>an</DT><MOLECULE><OSCARCM><OSCAR-CM>Nd</OSCAR-CM></OSCARCM></MOLECULE></NounPhrase></PrepPhrase></VerbPhrase></ActionPhrase><COLON>:</COLON><JJ>YAG</JJ><NounPhrase><NN>laser</NN><MIXTURE><_-LRB->(</_-LRB-><NN>impulse</NN><NN>mode</NN><_-RRB->)</_-RRB-></MIXTURE><COMMA>,</COMMA><NN>model</NN><NNP>BLS</NNP><CD>720</CD></NounPhrase><COMMA>,</COMMA><PrepPhrase><IN-WITH>with</IN-WITH><NounPhrase><DT-THE>the</DT-THE><JJ-CHEM>following</JJ-CHEM><NNS>parameters</NNS></NounPhrase></PrepPhrase><COLON>:</COLON><JJ>·</JJ><JJ-CHEM>laser</JJ-CHEM><NounPhrase><NN>spot</NN><NN>diameter</NN></NounPhrase><COLON>:</COLON><NounPhrase><NN>d</NN><SYM>=</SYM><CD>0.7</CD><CD>mm</CD><COMMA>,</COMMA><JJ>·</JJ><JJ-CHEM>laser</JJ-CHEM><NN>power</NN></NounPhrase><COLON>:</COLON><NounPhrase><MOLECULE><OSCARCM><OSCAR-CM>P</OSCAR-CM></OSCARCM></MOLECULE><SYM>=</SYM><CD>20</CD><MOLECULE><OSCARCM><OSCAR-CM>W</OSCAR-CM></OSCARCM></MOLECULE></NounPhrase><COMMA>,</COMMA><VerbPhrase><VBZ>·</VBZ><JJ>traverse</JJ></VerbPhrase><NounPhrase><NN>speed</NN></NounPhrase><COLON>:</COLON><NounPhrase><NN>v</NN><SYM>=</SYM><CD>250</CD><NN-TIME>mm/min</NN-TIME></NounPhrase><COMMA>,</COMMA><VerbPhrase><VB>·</VB></VerbPhrase><NounPhrase><NN>nozzle-workpiece</NN><NN>distance</NN></NounPhrase><COLON>:</COLON><NounPhrase><MOLECULE><OSCARCM><OSCAR-CM>Df</OSCAR-CM></OSCARCM></MOLECULE><SYM>=</SYM><CD>1</CD><CD>mm</CD><COMMA>,</COMMA><NN>·</NN><NN>pulse</NN><NN>duration</NN></NounPhrase><COLON>:</COLON><NounPhrase><NNS>ti</NNS><SYM>=</SYM><CD>0.4</CD><NNS>ms</NNS><COMMA>,</COMMA><NNS>·</NNS><NN>pulse</NN><NN>repetition</NN><NN>frequency</NN></NounPhrase><COLON>:</COLON><NounPhrase><NN>f</NN><SYM>=</SYM><CD>50</CD><NNP>Hz</NNP><COMMA>,</COMMA><JJ>·</JJ><JJ-CHEM>laser</JJ-CHEM><NN>beam</NN><NN>shift</NN><NN>jump</NN></NounPhrase><COLON>:</COLON><NounPhrase><MOLECULE><OSCARCM><OSCAR-CM>S</OSCAR-CM></OSCARCM></MOLECULE><SYM>=</SYM><CD>0.4</CD><CD>mm</CD></NounPhrase><STOP>.</STOP></Sentence></Document>
<?xml version="1.0" encoding="UTF-8"?>
<Document><Sentence><NounPhrase><PROCEDURE><CD>5</CD></PROCEDURE><STOP>.</STOP></NounPhrase></Sentence></Document>
<?xml version="1.0" encoding="UTF-8"?>
<Document/>
