<?xml version="1.0" encoding="UTF-8"?>
<Document><Sentence><ActionPhrase type="Yield"><NounPhrase><NNP>IR</NNP><NNP>SPECTRAL</NNP><NNS>STUDIES</NNS></NounPhrase><NounPhrase><DT-THE>The</DT-THE><NNP>FTIR</NNP><NN>spectrum</NN><PrepPhrase><IN-OF>of</IN-OF><NounPhrase><MOLECULE><OSCARCM><OSCAR-CM>OPD</OSCAR-CM></OSCARCM></MOLECULE></NounPhrase></PrepPhrase></NounPhrase><VerbPhrase><VB-YIELD>obtained</VB-YIELD></VerbPhrase><PrepPhrase><IN-AFTER>after</IN-AFTER><NounPhrase><NN>electrolysis</NN></NounPhrase></PrepPhrase></ActionPhrase><CC>and</CC><NounPhrase><DT-THE>the</DT-THE><NN-CHEMENTITY>compound</NN-CHEMENTITY></NounPhrase><VerbPhrase><VBD>adsorbed</VBD><PrepPhrase><IN-ON>on</IN-ON><NounPhrase><DT-THE>the</DT-THE><JJ>mild</JJ><JJ-CHEM>steel</JJ-CHEM><NN>surface</NN></NounPhrase></PrepPhrase></VerbPhrase><VerbPhrase><VBD>was</VBD><VBN>recorded</VBN></VerbPhrase><STOP>.</STOP></Sentence></Document>
<?xml version="1.0" encoding="UTF-8"?>
<Document><Sentence><NounPhrase><DT>These</DT><NNS>spectrums</NNS></NounPhrase><VerbPhrase><VBP>exhibit</VBP></VerbPhrase><NounPhrase><DT-THE>the</DT-THE><JJ-CHEM>following</JJ-CHEM><NNS>features</NNS></NounPhrase><STOP>.</STOP></Sentence></Document>
<?xml version="1.0" encoding="UTF-8"?>
<Document><Sentence><NounPhrase><DT-THE>The</DT-THE><NN>appearance</NN><PrepPhrase><IN-OF>of</IN-OF><NounPhrase><CD>two</CD><NNS>bands</NNS></NounPhrase></PrepPhrase></NounPhrase><PrepPhrase><IN>at</IN><NounPhrase><CD>3386</CD><CC>and</CC><CD>3365</CD><NN>cm</NN><CD>-1</CD><NNS>corresponds</NNS></NounPhrase></PrepPhrase><Unmatched><TO>to</TO></Unmatched><Unmatched><DT-THE>the</DT-THE></Unmatched><Unmatched><JJ>asymmetric</JJ></Unmatched><Unmatched><CC>and</CC></Unmatched><VerbPhrase><JJ>symmetric</JJ><VBG>stretching</VBG></VerbPhrase><NounPhrase><NN>vibration</NN></NounPhrase><PrepPhrase><IN-OF>of-NH</IN-OF><IN-OF>of</IN-OF><NounPhrase><JJ>aromatic</JJ><JJ>primary</JJ><MOLECULE><OSCARCM><OSCAR-CM>amine</OSCAR-CM></OSCARCM></MOLECULE></NounPhrase></PrepPhrase><STOP>.</STOP></Sentence></Document>
<?xml version="1.0" encoding="UTF-8"?>
<Document><Sentence><NounPhrase><DT>A</DT><NN>band</NN></NounPhrase><PrepPhrase><IN>at</IN><NounPhrase><CD>1635</CD><CC>and</CC><CD>1274</CD><NN>cm</NN><CD>-1</CD><NNS>corresponds</NNS></NounPhrase></PrepPhrase><PrepPhrase><TO>to</TO><NounPhrase><MOLECULE><OSCARCM><OSCAR-CM>-NH</OSCAR-CM></OSCARCM><JJ-CHEM>bending</JJ-CHEM></MOLECULE><CC>and</CC><MOLECULE><OSCARCM><OSCAR-CM>-CN</OSCAR-CM></OSCARCM><JJ>stretching</JJ></MOLECULE><NNS>vibrations</NNS></NounPhrase></PrepPhrase><STOP>.</STOP></Sentence></Document>
<?xml version="1.0" encoding="UTF-8"?>
<Document><Sentence><NounPhrase><DT-THE>The</DT-THE><NN>appearance</NN><PrepPhrase><IN-OF>of</IN-OF><NounPhrase><DT>these</DT><NNS>bands</NNS></NounPhrase></PrepPhrase></NounPhrase><VerbPhrase><VBZ>confirms</VBZ></VerbPhrase><NounPhrase><DT-THE>the</DT-THE><NN>formation</NN><PrepPhrase><IN-OF>of</IN-OF><NounPhrase><MOLECULE><OSCARCM><OSCAR-CM>OPD</OSCAR-CM></OSCARCM></MOLECULE></NounPhrase></PrepPhrase></NounPhrase><PrepPhrase><IN-FROM>from</IN-FROM><NounPhrase><MOLECULE><OSCARCM><OSCAR-CM>ONA</OSCAR-CM></OSCARCM></MOLECULE></NounPhrase></PrepPhrase><STOP>.</STOP></Sentence></Document>
<?xml version="1.0" encoding="UTF-8"?>
<Document><Sentence><NounPhrase><DT-THE>The</DT-THE><NNP>FTIR</NNP><NN>spectrum</NN><PrepPhrase><IN-OF>of</IN-OF><NounPhrase><MOLECULE><OSCARCM><OSCAR-CM>OPD</OSCAR-CM></OSCARCM></MOLECULE><NN>coating</NN></NounPhrase></PrepPhrase></NounPhrase><VerbPhrase><VBD>scrapped</VBD><PrepPhrase><IN-FROM>from</IN-FROM><NounPhrase><DT-THE>the</DT-THE><NN-CHEMENTITY>metal</NN-CHEMENTITY><NN>surface</NN></NounPhrase></PrepPhrase></VerbPhrase><VerbPhrase><VBZ>shows</VBZ></VerbPhrase><NounPhrase><DT-THE>the</DT-THE><NN>band</NN></NounPhrase><PrepPhrase><IN>at</IN><NounPhrase><DT>an</DT><JJ-CHEM>absorption</JJ-CHEM><NN>frequency</NN><CD>3452</CD></NounPhrase></PrepPhrase><PrepPhrase><IN>cm</IN><NounPhrase><CD>-1</CD><NNS>corresponds</NNS></NounPhrase></PrepPhrase><PrepPhrase><TO>to</TO><NounPhrase><MOLECULE><OSCARCM><OSCAR-CM>-NH</OSCAR-CM></OSCARCM></MOLECULE></NounPhrase></PrepPhrase><VerbPhrase><VBG>stretching</VBG><PrepPhrase><IN-OF>of</IN-OF><NounPhrase><JJ>aromatic</JJ><MOLECULE><OSCARCM><OSCAR-CM>amine</OSCAR-CM></OSCARCM></MOLECULE></NounPhrase></PrepPhrase></VerbPhrase><STOP>.</STOP></Sentence></Document>
<?xml version="1.0" encoding="UTF-8"?>
<Document><Sentence><NounPhrase><DT>A</DT><NN>peak</NN></NounPhrase><PrepPhrase><IN>at</IN><NounPhrase><CD>1636</CD><CC>and</CC><CD>1276</CD><NN>cm</NN><CD>-1</CD><NNS>corresponds</NNS></NounPhrase></PrepPhrase><PrepPhrase><TO>to</TO><NounPhrase><MOLECULE><OSCARCM><OSCAR-CM>-NH</OSCAR-CM></OSCARCM><JJ-CHEM>bending</JJ-CHEM></MOLECULE><CC>and</CC><MOLECULE><OSCARCM><OSCAR-CM>-CN</OSCAR-CM></OSCARCM><JJ>stretching</JJ></MOLECULE><NNS>vibrations</NNS></NounPhrase></PrepPhrase><STOP>.</STOP></Sentence></Document>
<?xml version="1.0" encoding="UTF-8"?>
<Document><Sentence><NounPhrase><DT-THE>The</DT-THE><NN>appearance</NN><PrepPhrase><IN-OF>of</IN-OF><NounPhrase><DT>these</DT><NNS>bands</NNS></NounPhrase></PrepPhrase></NounPhrase><PrepPhrase><IN-IN>in</IN-IN><NounPhrase><DT-THE>the</DT-THE><NNP>IR</NNP><NN>spectrum</NN><PrepPhrase><IN-OF>of</IN-OF><NounPhrase><NN>coating</NN></NounPhrase></PrepPhrase></NounPhrase></PrepPhrase><VerbPhrase><VBZ>confirms</VBZ></VerbPhrase><NounPhrase><DT-THE>the</DT-THE><NN>formation</NN><PrepPhrase><IN-OF>of</IN-OF><NounPhrase><DT>a</DT><NN-CHEMENTITY>layer</NN-CHEMENTITY><PrepPhrase><IN-OF>of</IN-OF><NounPhrase><MOLECULE><OSCARCM><OSCAR-CM>OPD</OSCAR-CM></OSCARCM></MOLECULE></NounPhrase></PrepPhrase></NounPhrase></PrepPhrase></NounPhrase><PrepPhrase><IN-ON>on</IN-ON><NounPhrase><DT-THE>the</DT-THE><JJ>mild</JJ><JJ-CHEM>steel</JJ-CHEM><NN>surface</NN></NounPhrase></PrepPhrase><STOP>.</STOP></Sentence></Document>
<?xml version="1.0" encoding="UTF-8"?>
<Document><Sentence><NounPhrase><PROCEDURE><CD>6</CD></PROCEDURE><STOP>.</STOP></NounPhrase></Sentence></Document>
<?xml version="1.0" encoding="UTF-8"?>
<Document/>
