<?xml version="1.0" encoding="UTF-8"?>
<Document><Sentence><NounPhrase><JJ>Experimental</JJ><PROCEDURE><NN-METHOD>procedure</NN-METHOD><CD>2.1</CD></PROCEDURE></NounPhrase><STOP>.</STOP></Sentence></Document>
<?xml version="1.0" encoding="UTF-8"?>
<Document><Sentence><NounPhrase><MOLECULE><OSCARCM><OSCAR-CM>ESD</OSCAR-CM></OSCARCM></MOLECULE><NN>device</NN></NounPhrase><NounPhrase><DT>A</DT><JJ>special</JJ><MOLECULE><OSCARCM><OSCAR-CM>ESD</OSCAR-CM></OSCARCM></MOLECULE><NN>machine</NN></NounPhrase><VerbPhrase><VBD>was</VBD><VBN>employed</VBN><PrepPhrase><IN-IN>in</IN-IN><NounPhrase><DT-THE>the</DT-THE><FW>ex-periments</FW></NounPhrase></PrepPhrase></VerbPhrase><STOP>.</STOP></Sentence></Document>
<?xml version="1.0" encoding="UTF-8"?>
<Document><Sentence><NounPhrase><DT-THE>The</DT-THE><NNP>ESD</NNP><NN>coating</NN><NN>system</NN></NounPhrase><VerbPhrase><VBD>was</VBD><VBN>described</VBN><PrepPhrase><IN-IN>in</IN-IN><NounPhrase><JJ>previous</JJ><NN>work</NN><UNNAMEDMOLECULE><REFERENCETOCOMPOUND><LSQB>[</LSQB><CD>9</CD><RSQB>]</RSQB></REFERENCETOCOMPOUND></UNNAMEDMOLECULE></NounPhrase></PrepPhrase></VerbPhrase><STOP>.</STOP></Sentence></Document>
<?xml version="1.0" encoding="UTF-8"?>
<Document><Sentence><ActionPhrase type="Remove"><NounPhrase><PRP_>Its</PRP_><NN>power</NN><NN-REMOVE>consumption</NN-REMOVE></NounPhrase></ActionPhrase><VerbPhrase><VBD>was</VBD></VerbPhrase><NounPhrase><CD>180</CD><NNP>W</NNP></NounPhrase><CC>and</CC><NounPhrase><DT-THE>the</DT-THE><NN>output</NN><PrepPhrase><IN-OF>of</IN-OF><NounPhrase><JJ>stabilized</JJ><NN>voltage</NN></NounPhrase></PrepPhrase></NounPhrase><VerbPhrase><VBD>was</VBD><JJ>constant</JJ><PrepPhrase><IN>at</IN><NounPhrase><CD>40</CD><NNP>V</NNP></NounPhrase></PrepPhrase></VerbPhrase><STOP>.</STOP></Sentence><Sentence><NounPhrase><CD>2.2</CD></NounPhrase><STOP>.</STOP></Sentence></Document>
<?xml version="1.0" encoding="UTF-8"?>
<Document><Sentence><NounPhrase><NN-CHEMENTITY>Materials</NN-CHEMENTITY></NounPhrase><PrepPhrase><IN-IN>In</IN-IN><NounPhrase><DT-THE>the</DT-THE><MOLECULE><OSCARCM><OSCAR-CM>ESD</OSCAR-CM></OSCARCM></MOLECULE><NN>process</NN></NounPhrase></PrepPhrase><COMMA>,</COMMA><NounPhrase><DT>a</DT><NN>number</NN><PrepPhrase><IN-OF>of</IN-OF><NounPhrase><JJ>different</JJ><JJ-CHEM>treat-ing</JJ-CHEM><NN>electrode</NN><NN-CHEMENTITY>materials</NN-CHEMENTITY></NounPhrase></PrepPhrase></NounPhrase><VerbPhrase><MD>can</MD><VB>be</VB><VBN>used</VBN></VerbPhrase><COMMA>,</COMMA><CC>but</CC><NounPhrase><DT>these</DT><NN>mater-ials</NN></NounPhrase><VerbPhrase><MD>must</MD><VB>conduct</VB><JJ>electrical</JJ></VerbPhrase><NounPhrase><NN>current</NN></NounPhrase><STOP>.</STOP></Sentence></Document>
<?xml version="1.0" encoding="UTF-8"?>
<Document><Sentence><ActionPhrase type="Yield"><PrepPhrase><IN-IN>In</IN-IN><NounPhrase><DT>this</DT><NN>study</NN><COMMA>,</COMMA><MOLECULE><OSCARCM><OSCAR-CM>ti-tanium</OSCAR-CM><OSCAR-CM>carbonitride</OSCAR-CM></OSCARCM><MIXTURE><_-LRB->(</_-LRB-><OSCARCM><OSCAR-CM>TiC0.7N0.3</OSCAR-CM></OSCARCM><_-RRB->)</_-RRB-></MIXTURE></MOLECULE></NounPhrase></PrepPhrase><VerbPhrase><VB-YIELD>produced</VB-YIELD><PrepPhrase><IN-BY>by</IN-BY><NounPhrase><DT>a</DT><JJ-CHEM>con-ventional</JJ-CHEM><NN-STATE>powder</NN-STATE><PROCEDURE><NN>metallurgy</NN><NN-METHOD>technique</NN-METHOD></PROCEDURE></NounPhrase></PrepPhrase></VerbPhrase></ActionPhrase><VerbPhrase><VBD>was</VBD><VBN>selected</VBN><PrepPhrase><IN-AS>as</IN-AS><NounPhrase><DT>a</DT><JJ-CHEM>treating</JJ-CHEM><NN>electrode</NN><NN-CHEMENTITY>material</NN-CHEMENTITY></NounPhrase></PrepPhrase></VerbPhrase><STOP>.</STOP></Sentence></Document>
<?xml version="1.0" encoding="UTF-8"?>
<Document><Sentence><ActionPhrase type="Add"><NounPhrase><DT-THE>The</DT-THE><NN-STATE>powder</NN-STATE></NounPhrase><VerbPhrase><VB-ADD>mix-ture</VB-ADD></VerbPhrase></ActionPhrase><COMMA>,</COMMA><VerbPhrase><VBG>consisting</VBG><PrepPhrase><IN-OF>of</IN-OF><NounPhrase><MOLECULE><OSCARCM><OSCAR-CM>TiC(70)-TiN(30)</OSCAR-CM></OSCARCM></MOLECULE><NN>alloy</NN><NN-STATE>powder</NN-STATE></NounPhrase></PrepPhrase></VerbPhrase><CC>and</CC><ActionPhrase type="Synthesize"><NounPhrase><DT>a</DT><JJ>small</JJ><NN>amount</NN><PrepPhrase><IN-OF>of</IN-OF><NounPhrase><FW>Al</FW><NN-STATE>powder</NN-STATE></NounPhrase></PrepPhrase></NounPhrase><RolePrepPhrase><IN-AS>as</IN-AS><DT>a</DT><NN-CHEMENTITY>liquid-phase</NN-CHEMENTITY></RolePrepPhrase><NounPhrase><NN>ad-ditive</NN></NounPhrase><PrepPhrase><IN-FOR>for</IN-FOR><NounPhrase><NN>sintering</NN></NounPhrase></PrepPhrase><COMMA>,</COMMA><VerbPhrase><VBD>was</VBD><VB-SYNTHESIZE>prepared</VB-SYNTHESIZE><PrepPhrase><IN-IN>in</IN-IN><NounPhrase><DT>a</DT><JJ-CHEM>turbula</JJ-CHEM><NN>mixer</NN></NounPhrase></PrepPhrase><TimePhrase><IN-FOR>for</IN-FOR><CD>3</CD><NN-TIME>h</NN-TIME></TimePhrase><PrepPhrase><IN>at</IN><NounPhrase><CD>60</CD><NNP>Hz</NNP><MOLECULE><OSCARCM><OSCAR-CM>s-1</OSCAR-CM></OSCARCM></MOLECULE></NounPhrase></PrepPhrase></VerbPhrase></ActionPhrase><STOP>.</STOP></Sentence></Document>
<?xml version="1.0" encoding="UTF-8"?>
<Document><Sentence><ActionPhrase type="ApparatusAction"><NounPhrase><DT-THE>The</DT-THE><NN-CHEMENTITY>mixture</NN-CHEMENTITY></NounPhrase><VerbPhrase><VBD>was</VBD><RB-CONJ>then</RB-CONJ><RB>uniaxially</RB><VBN>pressed</VBN><PrepPhrase><IN-INTO>into</IN-INTO><NounPhrase><MultipleApparatus><APPARATUS><NN-APPARATUS>bar</NN-APPARATUS></APPARATUS></MultipleApparatus></NounPhrase></PrepPhrase></VerbPhrase></ActionPhrase><NounPhrase><NNS>shapes</NNS><MIXTURE><_-LRB->(</_-LRB-><CD>4</CD><CD>mm</CD><JJ>thick</JJ><SYM>×</SYM><CD>5</CD><CD>mm</CD><JJ>wide</JJ><SYM>×</SYM><JJ>15mm</JJ><JJ>long</JJ><_-RRB->)</_-RRB-></MIXTURE></NounPhrase><PrepPhrase><IN>at</IN><NounPhrase><DT>a</DT><NN-PRESSURE>pressure</NN-PRESSURE><PrepPhrase><IN-OF>of</IN-OF><NounPhrase><CD>450</CD><NNP>MPa</NNP></NounPhrase></PrepPhrase></NounPhrase></PrepPhrase><STOP>.</STOP></Sentence></Document>
<?xml version="1.0" encoding="UTF-8"?>
<Document><Sentence><ActionPhrase type="Wait"><NounPhrase><DT-THE>The</DT-THE><JJ-CHEM>pressed</JJ-CHEM><NNS>compacts</NNS></NounPhrase><VerbPhrase><VBD>were</VBD><VBN>sintered</VBN><PrepPhrase><IN-IN>in</IN-IN><NounPhrase><NN-VACUUM>vacuum</NN-VACUUM></NounPhrase></PrepPhrase><PrepPhrase><IN>at</IN><NounPhrase><CD>1400◦C</CD></NounPhrase></PrepPhrase><TimePhrase><IN-FOR>for</IN-FOR><CD>1</CD><NN-TIME>h</NN-TIME></TimePhrase></VerbPhrase></ActionPhrase><STOP>.</STOP></Sentence><Sentence><VerbPhrase><TO>To</TO><VB>deposit</VB></VerbPhrase><NounPhrase><DT>a</DT><NN>coating</NN></NounPhrase><PrepPhrase><IN-ON>on</IN-ON><NounPhrase><DT-THE>the</DT-THE><MOLECULE><OSCARCM><OSCAR-CM>St37</OSCAR-CM></OSCARCM></MOLECULE><NN>steel</NN><NN>workpiece</NN><MIXTURE><_-LRB->(</_-LRB-><CD>10</CD><SYM>×</SYM><CD>10</CD><SYM>×</SYM><CD>10mm3</CD><_-RRB->)</_-RRB-></MIXTURE></NounPhrase></PrepPhrase><COMMA>,</COMMA><NounPhrase><DT-THE>the</DT-THE><JJ>sintered</JJ><NNS>electrodes</NNS><PrepPhrase><IN-OF>of</IN-OF><NounPhrase><MOLECULE><OSCARCM><OSCAR-CM>TiCN</OSCAR-CM></OSCARCM><JJ-CHEM>containing</JJ-CHEM></MOLECULE><FW>Al</FW></NounPhrase></PrepPhrase></NounPhrase><VerbPhrase><VBD>were</VBD><VBN>used</VBN></VerbPhrase><STOP>.</STOP></Sentence></Document>
<?xml version="1.0" encoding="UTF-8"?>
<Document><Sentence><NounPhrase><PROCEDURE><CD>2.3</CD></PROCEDURE><STOP>.</STOP></NounPhrase></Sentence></Document>
<?xml version="1.0" encoding="UTF-8"?>
<Document><Sentence><NounPhrase><NNP>Coating</NNP><NN>process</NN></NounPhrase><NounPhrase><DT-THE>The</DT-THE><NNP>ESD</NNP><NN>process</NN></NounPhrase><VerbPhrase><VBZ>is</VBZ><VBN>performed</VBN><VB-USE>using</VB-USE></VerbPhrase><NounPhrase><DT>a</DT><JJ-CHEM>hand-held</JJ-CHEM><NN>applicator</NN></NounPhrase><PrepPhrase><IN-IN>in</IN-IN><NounPhrase><NN>air</NN></NounPhrase></PrepPhrase><TempPhrase><IN>at</IN><NN-TEMP>room</NN-TEMP><NN-TEMP>temperature</NN-TEMP></TempPhrase><STOP>.</STOP></Sentence></Document>
<?xml version="1.0" encoding="UTF-8"?>
<Document><Sentence><PrepPhrase><IN-IN>In</IN-IN><NounPhrase><DT-THE>the</DT-THE><NN>system</NN></NounPhrase></PrepPhrase><COMMA>,</COMMA><NounPhrase><DT-THE>the</DT-THE><NN>voltage</NN><NN-VOL>drops</NN-VOL></NounPhrase><PrepPhrase><IN>at</IN><NounPhrase><DT-THE>the</DT-THE><JJ-CHEM>interelectrode</JJ-CHEM><NN>gap</NN><CITATION><_-LRB->(</_-LRB-><CD>17</CD><NNP>V</NNP><_-RRB->)</_-RRB-></CITATION></NounPhrase></PrepPhrase><COMMA>,</COMMA><CC>and</CC><NounPhrase><DT-THE>the</DT-THE><NN>amount</NN><PrepPhrase><IN-OF>of</IN-OF><NounPhrase><NN>electricity</NN><CITATION><_-LRB->(</_-LRB-><CD>3</CD><NNP>C</NNP><_-RRB->)</_-RRB-></CITATION></NounPhrase></PrepPhrase></NounPhrase><VerbPhrase><VBZ>is</VBZ><VBN>kept</VBN><JJ>constant</JJ></VerbPhrase><STOP>.</STOP></Sentence></Document>
<?xml version="1.0" encoding="UTF-8"?>
<Document><Sentence><NounPhrase><DT-THE>The</DT-THE><NNP>ESD</NNP><NN>process</NN></NounPhrase><VerbPhrase><VBD>was</VBD><VBN>conducted</VBN><PrepPhrase><IN-IN>in</IN-IN><NounPhrase><NN>air</NN></NounPhrase></PrepPhrase><PrepPhrase><IN-WITH>with</IN-WITH><NounPhrase><DT>a</DT><NN>series</NN><PrepPhrase><IN-OF>of</IN-OF><NounPhrase><JJ-CHEM>rect-angular</JJ-CHEM><NNS>pulses</NNS><PrepPhrase><IN-OF>of</IN-OF><NounPhrase><DT>a</DT><NN>duration</NN><PrepPhrase><IN-OF>of</IN-OF><NounPhrase><MOLECULE><OSCARCM><OSCAR-CM>200µs</OSCAR-CM></OSCARCM></MOLECULE></NounPhrase></PrepPhrase></NounPhrase></PrepPhrase></NounPhrase></PrepPhrase></NounPhrase></PrepPhrase></VerbPhrase><COMMA>,</COMMA><NounPhrase><DT>a</DT><JJ-CHEM>repetition</JJ-CHEM><NN>rate</NN><PrepPhrase><IN-OF>of</IN-OF><NounPhrase><CD>100</CD><NNP>Hz</NNP><COMMA>,</COMMA><CC>and</CC><NNS>amplitudes</NNS></NounPhrase></PrepPhrase></NounPhrase><Unmatched><IN-OF>of</IN-OF></Unmatched><PrepPhrase><JJ>current</JJ><IN-OF>of</IN-OF><NounPhrase><CD>400</CD></NounPhrase></PrepPhrase><Unmatched><DT>A</DT></Unmatched><STOP>.</STOP></Sentence><Sentence><NounPhrase><CD>2.4</CD></NounPhrase><STOP>.</STOP></Sentence></Document>
<?xml version="1.0" encoding="UTF-8"?>
<Document><Sentence><VerbPhrase><VB>Wear-resistance</VB></VerbPhrase><CC>and</CC><NounPhrase><NN>friction</NN><NNS>tests</NNS></NounPhrase><Unmatched><DT>A</DT></Unmatched><PrepPhrase><JJ>standard</JJ><IN-ON>ball-on-disc</IN-ON><NounPhrase><NN>tribometer</NN><CITATION><_-LRB->(</_-LRB-><NNP>CSM</NNP><NNP>Instru-ments</NNP><_-RRB->)</_-RRB-></CITATION></NounPhrase></PrepPhrase><VerbPhrase><VBD>was</VBD><VBN>employed</VBN></VerbPhrase><VerbPhrase><TO>to</TO><VB>investigate</VB></VerbPhrase><NounPhrase><DT-THE>the</DT-THE><JJ-CHEM>wear</JJ-CHEM><NN>beha-viour</NN></NounPhrase><Unmatched><IN-OF>of</IN-OF></Unmatched><Unmatched><JJ-CHEM>TiCN-coated</JJ-CHEM></Unmatched><Unmatched><CC>and</CC></Unmatched><NounPhrase><JJ>uncoated</JJ><NN>samples</NN></NounPhrase><STOP>.</STOP></Sentence></Document>
<?xml version="1.0" encoding="UTF-8"?>
<Document><Sentence><NounPhrase><DT-THE>The</DT-THE><NN>tri-bometer</NN></NounPhrase><VerbPhrase><VBD>was</VBD><VBN>controlled</VBN><PrepPhrase><IN-BY>by</IN-BY><NounPhrase><PRP_>its</PRP_><NNP>PC</NNP><NN>software</NN><COMMA>,</COMMA><WDT>which</WDT><FW>al-lowed</FW></NounPhrase></PrepPhrase></VerbPhrase><VerbPhrase><TO>to</TO><VB>follow</VB></VerbPhrase><NounPhrase><DT-THE>the</DT-THE><NN>evolution</NN><PrepPhrase><IN-OF>of</IN-OF><NounPhrase><DT-THE>the</DT-THE><JJ-CHEM>friction</JJ-CHEM><NN>coefficient</NN></NounPhrase></PrepPhrase></NounPhrase><STOP>.</STOP></Sentence></Document>
<?xml version="1.0" encoding="UTF-8"?>
<Document><Sentence><NounPhrase><DT-THE>The</DT-THE><NN-CHEMENTITY>dry</NN-CHEMENTITY></NounPhrase><VerbPhrase><VBG>sliding</VBG></VerbPhrase><NounPhrase><NN>wear</NN><NN>test</NN><NNS>experiments</NNS></NounPhrase><VerbPhrase><VBD>were</VBD><VBN>performed</VBN><PrepPhrase><IN-IN>in</IN-IN><NounPhrase><NN>air</NN></NounPhrase></PrepPhrase><TempPhrase><IN>at</IN><NN-TEMP>room</NN-TEMP><NN-TEMP>temperature</NN-TEMP></TempPhrase></VerbPhrase><CC>and</CC><Unmatched><IN>at</IN></Unmatched><Unmatched><DT>a</DT></Unmatched><PrepPhrase><JJ>relative</JJ><JJ-CHEM>humid-ity</JJ-CHEM><IN-OF>of</IN-OF><NounPhrase><UNNAMEDMOLECULE><REFERENCETOCOMPOUND><CD>50±</CD></REFERENCETOCOMPOUND><QUANTITY><PERCENT><CD>2</CD><NN-PERCENT>%</NN-PERCENT></PERCENT></QUANTITY></UNNAMEDMOLECULE></NounPhrase></PrepPhrase><STOP>.</STOP></Sentence></Document>
<?xml version="1.0" encoding="UTF-8"?>
<Document><Sentence><NounPhrase><DT>An</DT><MOLECULE><OSCARCM><OSCAR-CM>alumina</OSCAR-CM></OSCARCM></MOLECULE><NN>ball</NN></NounPhrase><PrepPhrase><IN-WITH>with</IN-WITH><NounPhrase><DT>a</DT><NN>diameter</NN><PrepPhrase><IN-OF>of</IN-OF><NounPhrase><CD>6</CD><CD>mm</CD></NounPhrase></PrepPhrase></NounPhrase></PrepPhrase><VerbPhrase><VBD>was</VBD><VBN>loaded</VBN><PrepPhrase><IN-WITH>with</IN-WITH><NounPhrase><JJ>constant</JJ><JJ>normal</JJ><NNS>loads</NNS><PrepPhrase><IN-OF>of</IN-OF><NounPhrase><QUANTITY><MOLAR><CD>5</CD><NN-MOLAR>N</NN-MOLAR></MOLAR></QUANTITY><CC>and</CC><QUANTITY><MOLAR><CD>10</CD><NN-MOLAR>N</NN-MOLAR></MOLAR></QUANTITY></NounPhrase></PrepPhrase></NounPhrase></PrepPhrase><COMMA>,</COMMA><PrepPhrase><IN>while</IN><NounPhrase><DT-THE>the</DT-THE><JJ>sliding</JJ><NN>speed</NN></NounPhrase></PrepPhrase></VerbPhrase><VerbPhrase><VBD>was</VBD></VerbPhrase><NounPhrase><CD>10</CD><NN>cm</NN><MOLECULE><OSCARCM><OSCAR-CM>s-1</OSCAR-CM></OSCARCM></MOLECULE></NounPhrase><COMMA>,</COMMA><CC>and</CC><NounPhrase><DT-THE>the</DT-THE><JJ>sliding</JJ><NN>distance</NN></NounPhrase><VerbPhrase><VBD>was</VBD></VerbPhrase><NounPhrase><UNNAMEDMOLECULE><REFERENCETOCOMPOUND><CD-ALPHANUM>200m</CD-ALPHANUM></REFERENCETOCOMPOUND></UNNAMEDMOLECULE></NounPhrase><STOP>.</STOP></Sentence></Document>
<?xml version="1.0" encoding="UTF-8"?>
<Document><Sentence><PrepPhrase><IN-AFTER>After</IN-AFTER><NounPhrase><DT-THE>the</DT-THE><NN>wear</NN><NNS>tests</NNS></NounPhrase></PrepPhrase><COMMA>,</COMMA><PrepPhrase><IN-IN>in</IN-IN><NounPhrase><NN>order</NN></NounPhrase></PrepPhrase><VerbPhrase><TO>to</TO><VB>find</VB></VerbPhrase><NounPhrase><DT-THE>the</DT-THE><JJ-CHEM>wear</JJ-CHEM><NN>coefficient</NN></NounPhrase><COMMA>,</COMMA><NounPhrase><DT-THE>the</DT-THE><JJ>lost</JJ><NN>volume</NN><PrepPhrase><IN-OF>of</IN-OF><NounPhrase><DT-THE>the</DT-THE><JJ-CHEM>wear</JJ-CHEM><NN>track</NN></NounPhrase></PrepPhrase></NounPhrase><VerbPhrase><VBD>was</VBD><VBN>measured</VBN></VerbPhrase><VerbPhrase><IN-BY>by</IN-BY><VB-USE>using</VB-USE></VerbPhrase><NounPhrase><DT>an</DT><JJ>optical</JJ><FW>pro-filometer</FW><MIXTURE><_-LRB->(</_-LRB-><MOLECULE><OSCARCM><OSCAR-CM>DEKTAK8</OSCAR-CM></OSCARCM></MOLECULE><COMMA>,</COMMA><NNP>Advanced</NNP><NNP>Development</NNP><FW>Pro-filometer</FW><NNP>Veeco</NNP><_-RRB->)</_-RRB-></MIXTURE></NounPhrase><STOP>.</STOP></Sentence></Document>
<?xml version="1.0" encoding="UTF-8"?>
<Document><Sentence><NounPhrase><PROCEDURE><CD>2.5</CD></PROCEDURE><STOP>.</STOP></NounPhrase></Sentence></Document>
<?xml version="1.0" encoding="UTF-8"?>
<Document><Sentence><NounPhrase><NNP>Characterization</NNP></NounPhrase><Unmatched><DT>Both</DT></Unmatched><NounPhrase><DT-THE>the</DT-THE><JJ-CHEM>surface</JJ-CHEM><NN>morphology</NN></NounPhrase><PrepPhrase><IN-ON>on</IN-ON><NounPhrase><DT-THE>the</DT-THE><JJ>coated</JJ><NN>samp-les</NN><CC>and</CC><NN>thickness</NN><PrepPhrase><IN-OF>of</IN-OF><NounPhrase><DT-THE>the</DT-THE><JJ-CHEM>deposit</JJ-CHEM><NN-CHEMENTITY>layer</NN-CHEMENTITY></NounPhrase></PrepPhrase></NounPhrase></PrepPhrase><VerbPhrase><VBD>were</VBD><JJ-CHEM>invest-igated</JJ-CHEM><VB-USE>using</VB-USE></VerbPhrase><NounPhrase><DT>a</DT><JJ-CHEM>scanning</JJ-CHEM><NN>electron</NN><NN>microscope</NN><CITATION><_-LRB->(</_-LRB-><NNP>SEM</NNP><COMMA>,</COMMA><NNP>Philips</NNP><NNP>XL</NNP><CD>30</CD><NNP>SFEG</NNP><_-RRB->)</_-RRB-></CITATION></NounPhrase><STOP>.</STOP></Sentence></Document>
<?xml version="1.0" encoding="UTF-8"?>
<Document><Sentence><NounPhrase><NN-CHEMENTITY>Phase</NN-CHEMENTITY><NN>composition</NN></NounPhrase><COMMA>,</COMMA><Unmatched><JJ-CHEM>microstruc-ture</JJ-CHEM></Unmatched><Unmatched><COMMA>,</COMMA></Unmatched><Unmatched><CC>and</CC></Unmatched><NounPhrase><JJ>elemental</JJ><NN>distribution</NN><NNS>analyses</NNS><PrepPhrase><IN-OF>of</IN-OF><NounPhrase><DT-THE>the</DT-THE><FW>de-posit</FW><NN-CHEMENTITY>layer</NN-CHEMENTITY></NounPhrase></PrepPhrase></NounPhrase><VerbPhrase><VBD>were</VBD><VBN>performed</VBN><VB-USE>using</VB-USE></VerbPhrase><NounPhrase><DT>an</DT><NNP>X-ray</NNP><FW>diffracto-meter</FW><MIXTURE><_-LRB->(</_-LRB-><NNP>Bruker</NNP><UNNAMEDMOLECULE><REFERENCETOCOMPOUND><NN-IDENTIFIER>D8</NN-IDENTIFIER></REFERENCETOCOMPOUND></UNNAMEDMOLECULE><NNP>Advance</NNP><_-RRB->)</_-RRB-></MIXTURE></NounPhrase><CC>and</CC><NounPhrase><DT>an</DT><JJ-CHEM>embedded</JJ-CHEM><MOLECULE><OSCARCM><OSCAR-CM>EDX</OSCAR-CM></OSCARCM><JJ>digital</JJ></MOLECULE><NN>controller</NN><MIXTURE><_-LRB->(</_-LRB-><MOLECULE><OSCARCM><OSCAR-CM>EDX</OSCAR-CM></OSCARCM></MOLECULE><NN>detector</NN><VBG>operating</VBG><CD>15</CD><NNP>kV</NNP><_-RRB->)</_-RRB-></MIXTURE></NounPhrase><PrepPhrase><IN>at-tached</IN><TO>to</TO><NounPhrase><DT-THE>the</DT-THE><NNP>SEM</NNP></NounPhrase></PrepPhrase><STOP>.</STOP></Sentence></Document>
<?xml version="1.0" encoding="UTF-8"?>
<Document><Sentence><NounPhrase><NN>X-ray</NN><NN>diffraction</NN><NN>pattern</NN><NNS>meas-urements</NNS></NounPhrase><VerbPhrase><VBD>were</VBD><VBN>performed</VBN><PrepPhrase><IN-IN>in</IN-IN><NounPhrase><DT-THE>the</DT-THE><NN>range</NN><PrepPhrase><IN-OF>of</IN-OF><NounPhrase><CD>20◦</CD></NounPhrase></PrepPhrase></NounPhrase></PrepPhrase><PrepPhrase><TO>to</TO><NounPhrase><CD>90◦</CD></NounPhrase></PrepPhrase><COMMA>,</COMMA><PrepPhrase><IN>at</IN><NounPhrase><DT>a</DT><JJ>scanning</JJ><NN>speed</NN><PrepPhrase><IN-OF>of</IN-OF><NounPhrase><JJ>2◦</JJ><NN>min-1</NN></NounPhrase></PrepPhrase></NounPhrase></PrepPhrase><COMMA>,</COMMA><PrepPhrase><IN-IN>in</IN-IN><MOLECULE><OSCARCM><OSCAR-CM>Cu</OSCAR-CM></OSCARCM></MOLECULE></PrepPhrase></VerbPhrase><NounPhrase><NNP>Kα</NNP><NN>radiation</NN></NounPhrase><COMMA>,</COMMA><CC>and</CC><PrepPhrase><IN-WITH>with</IN-WITH><NounPhrase><DT-THE>the</DT-THE><NN>value</NN><PrepPhrase><IN-OF>of</IN-OF><NounPhrase><UNNAMEDMOLECULE><REFERENCETOCOMPOUND><NN-IDENTIFIER>λ</NN-IDENTIFIER></REFERENCETOCOMPOUND></UNNAMEDMOLECULE></NounPhrase></PrepPhrase></NounPhrase></PrepPhrase><PrepPhrase><IN>at</IN><NounPhrase><CD>0.1504</CD><NN>nm</NN></NounPhrase></PrepPhrase><STOP>.</STOP></Sentence></Document>
<?xml version="1.0" encoding="UTF-8"?>
<Document><Sentence><NounPhrase><NNP>Vickers</NNP><NN>microhardness</NN><MIXTURE><_-LRB->(</_-LRB-><NNP>HV</NNP><_-RRB->)</_-RRB-></MIXTURE><NNS>measurements</NNS></NounPhrase><VerbPhrase><VBD>were</VBD><VBN>taken</VBN><PrepPhrase><IN-ON>on</IN-ON><NounPhrase><JJ>polished</JJ><NN>cross-sections</NN><PrepPhrase><IN-OF>of</IN-OF><NounPhrase><DT-THE>the</DT-THE><NN>coatings</NN></NounPhrase></PrepPhrase></NounPhrase></PrepPhrase></VerbPhrase><STOP>.</STOP></Sentence></Document>
<?xml version="1.0" encoding="UTF-8"?>
<Document><Sentence><NounPhrase><DT>These</DT><NNS>measurements</NNS></NounPhrase><VerbPhrase><VBD>were</VBD><VBN>made</VBN><PrepPhrase><IN-WITH>with</IN-WITH><NounPhrase><DT>a</DT><NN>microhardness</NN><MOLECULE><OSCARCM><OSCAR-CM>tester</OSCAR-CM></OSCARCM><CITATION><_-LRB->(</_-LRB-><NNP>MHT-10</NNP><NNP>Microhardness</NNP><NNP>Tester</NNP><COMMA>,</COMMA><NNP>Anton</NNP><NNP>Paar</NNP><_-RRB->)</_-RRB-></CITATION></MOLECULE></NounPhrase></PrepPhrase><PrepPhrase><IN>at</IN><NounPhrase><DT>a</DT><NN>load</NN><PrepPhrase><IN-OF>of</IN-OF><NounPhrase><QUANTITY><MASS><CD>50</CD><NN-MASS>g</NN-MASS></MASS></QUANTITY></NounPhrase></PrepPhrase></NounPhrase></PrepPhrase></VerbPhrase><CC>and</CC><NounPhrase><DT>a</DT><NN>loading</NN><NN-TIME>time</NN-TIME><PrepPhrase><IN-OF>of</IN-OF><NounPhrase><CD>10</CD></NounPhrase></PrepPhrase></NounPhrase><VerbPhrase><VBZ>s</VBZ></VerbPhrase><STOP>.</STOP></Sentence><Sentence><NounPhrase><NNP>Metallographic</NNP><NN>analysis</NN></NounPhrase><VerbPhrase><VBD>was</VBD><VBN>carried</VBN><RP>out</RP><VB-USE>using</VB-USE></VerbPhrase><NounPhrase><DT>an</DT><JJ>optical</JJ><NN>microscope</NN><CITATION><_-LRB->(</_-LRB-><NNP>Zeiss</NNP><NNP>Avio</NNP><COMMA>,</COMMA><NNP>Imager</NNP><_-RRB->)</_-RRB-></CITATION></NounPhrase><ActionPhrase type="ApparatusAction"><VerbPhrase><VB-APPARATUS>equipped</VB-APPARATUS><PrepPhrase><IN-WITH>with</IN-WITH><NounPhrase><NNP>VideoTest</NNP><NNP>Struc-ture</NNP><NN>software</NN></NounPhrase></PrepPhrase></VerbPhrase></ActionPhrase><STOP>.</STOP></Sentence></Document>
<?xml version="1.0" encoding="UTF-8"?>
<Document><Sentence><NounPhrase><NN>Roughness</NN><NNS>measurements</NNS></NounPhrase><VerbPhrase><VBD>were</VBD><JJ-CHEM>conduc-ted</JJ-CHEM></VerbPhrase><VerbPhrase><IN-BY>by</IN-BY><VB-USE>using</VB-USE></VerbPhrase><NounPhrase><DT>a</DT><JJ-CHEM>profilometer</JJ-CHEM><NN>device</NN><CITATION><_-LRB->(</_-LRB-><NNP>SJ-400</NNP><NNP>Mitutoyo</NNP><_-RRB->)</_-RRB-></CITATION></NounPhrase><PrepPhrase><IN-WITH>with</IN-WITH><NounPhrase><DT>a</DT><NN>precision</NN><PrepPhrase><IN-OF>of</IN-OF><NounPhrase><CD>0.01</CD><NN>µm</NN></NounPhrase></PrepPhrase></NounPhrase></PrepPhrase><STOP>.</STOP></Sentence></Document>
<?xml version="1.0" encoding="UTF-8"?>
<Document><Sentence><NounPhrase><DT-THE>The</DT-THE><NN>thickness</NN><PrepPhrase><IN-OF>of</IN-OF><NounPhrase><DT-THE>the</DT-THE><FW>de-posit</FW><NN-CHEMENTITY>layer</NN-CHEMENTITY></NounPhrase></PrepPhrase></NounPhrase><VerbPhrase><VBD>was</VBD><VBN>measured</VBN><PrepPhrase><IN-BY>by</IN-BY><NounPhrase><DT>a</DT><JJ-CHEM>thickness</JJ-CHEM><NN>meter</NN><MOLECULE><OSCARCM><OSCAR-CM>Du-alScope</OSCAR-CM><OSCAR-CM>MP-40</OSCAR-CM></OSCARCM><MIXTURE><_-LRB->(</_-LRB-><NNP>Fischer</NNP><NNP>Inst</NNP><STOP>.</STOP><_-RRB->)</_-RRB-></MIXTURE></MOLECULE></NounPhrase></PrepPhrase></VerbPhrase><STOP>.</STOP></Sentence></Document>
<?xml version="1.0" encoding="UTF-8"?>
<Document><Sentence><NounPhrase><JJ>Mean</JJ><NN>value</NN><CC>and</CC><NN>error</NN><NN>variance</NN></NounPhrase><VerbPhrase><VBD>were</VBD><VBN>calculated</VBN><VBN>based</VBN><PrepPhrase><IN-ON>on</IN-ON><NounPhrase><CD>20</CD><JJ>random</JJ><NNS>meas-urement</NNS><NNS>points</NNS></NounPhrase></PrepPhrase><PrepPhrase><IN>onto</IN><NounPhrase><DT-THE>the</DT-THE><NN>coating</NN><PrepPhrase><IN-OF>of</IN-OF><NounPhrase><DT-THE>the</DT-THE><NN>surface</NN></NounPhrase></PrepPhrase></NounPhrase></PrepPhrase></VerbPhrase><STOP>.</STOP></Sentence></Document>
<?xml version="1.0" encoding="UTF-8"?>
<Document><Sentence><NounPhrase><PROCEDURE><CD>3</CD></PROCEDURE><STOP>.</STOP></NounPhrase></Sentence></Document>
<?xml version="1.0" encoding="UTF-8"?>
<Document/>
