<?xml version="1.0" encoding="UTF-8"?>
<Document><Sentence><NounPhrase><NN-CHEMENTITY>Material</NN-CHEMENTITY><CC>and</CC><PROCEDURE><NN-METHOD>method</NN-METHOD></PROCEDURE><NNP>Surface</NNP><PrepPhrase><IN-OF>of</IN-OF><NounPhrase><JJ>plain</JJ><MOLECULE><OSCARCM><OSCAR-CM>carbon</OSCAR-CM></OSCARCM></MOLECULE><NN>steel</NN><NNS>plates</NNS></NounPhrase></PrepPhrase></NounPhrase><PrepPhrase><IN-IN>in</IN-IN><NounPhrase><DT-THE>the</DT-THE><NN>size</NN><PrepPhrase><IN-OF>of</IN-OF><NounPhrase><CD>20</CD><CD>mm</CD><SYM>×</SYM><CD>20</CD><CD>mm</CD><SYM>×</SYM><CD>2</CD><CD>mm</CD></NounPhrase></PrepPhrase></NounPhrase></PrepPhrase><VerbPhrase><VBD>was</VBD><VBN>roughened</VBN><PrepPhrase><IN-BY>by</IN-BY><NounPhrase><NN>sand</NN><NN>blasting</NN></NounPhrase></PrepPhrase></VerbPhrase><CC>and</CC><RB-CONJ>then</RB-CONJ><VerbPhrase><VBN>coated</VBN><PrepPhrase><IN-WITH>with</IN-WITH><NounPhrase><DT>an</DT><JJ>intermediary</JJ><MOLECULE><OSCARCM><OSCAR-CM>Ni-Cr</OSCAR-CM></OSCARCM><NN-CHEMENTITY>layer</NN-CHEMENTITY></MOLECULE></NounPhrase></PrepPhrase></VerbPhrase><ActionPhrase type="Heat"><VerbPhrase><IN>that</IN><VB-INCREASE>increases</VB-INCREASE></VerbPhrase><NounPhrase><DT-THE>the</DT-THE><NN>adhesion</NN><PrepPhrase><IN-OF>of</IN-OF><NounPhrase><NN>coating</NN></NounPhrase></PrepPhrase></NounPhrase></ActionPhrase><STOP>.</STOP></Sentence></Document>
<?xml version="1.0" encoding="UTF-8"?>
<Document><Sentence><NounPhrase><NNP>Martensitic</NNP><JJ>stainless</JJ><JJ-CHEM>steel</JJ-CHEM><NN>coating</NN></NounPhrase><VerbPhrase><VBD>was</VBD><VBN>applied</VBN><PrepPhrase><IN-BY>by</IN-BY><NounPhrase><NNP>HVOF</NNP><COMMA>thermal</COMMA><NN>spray</NN><NN>process</NN></NounPhrase></PrepPhrase><PrepPhrase><IN-ON>on</IN-ON><NounPhrase><DT-THE>the</DT-THE><NN>steel</NN><NNS>plates</NNS></NounPhrase></PrepPhrase></VerbPhrase><STOP>.</STOP></Sentence></Document>
<?xml version="1.0" encoding="UTF-8"?>
<Document><Sentence><NounPhrase><DT-THE>The</DT-THE><JJ-CHEM>average</JJ-CHEM><NN>coating</NN><NN>thickness</NN></NounPhrase><VerbPhrase><VBD>was</VBD></VerbPhrase><NounPhrase><NN>≈</NN><CD>150</CD><NN>µm</NN></NounPhrase><STOP>.</STOP></Sentence></Document>
<?xml version="1.0" encoding="UTF-8"?>
<Document><Sentence><ActionPhrase type="Synthesize"><NounPhrase><DT-THE>The</DT-THE><JJ>HVOF-sprayed</JJ><CD>420</CD><NN>martensitic</NN><NN>stain-less</NN><NN>steel</NN><NN>coating</NN></NounPhrase><VerbPhrase><VBD>was</VBD><VBN>used</VBN><PrepPhrase><IN-AS>as</IN-AS><NounPhrase><DT-THE>the</DT-THE><JJ>substrate</JJ><NN-CHEMENTITY>material</NN-CHEMENTITY></NounPhrase></PrepPhrase><PrepPhrase><IN-FOR>for</IN-FOR><NounPhrase><DT-THE>the</DT-THE><NN-SYNTHESIZE>preparation</NN-SYNTHESIZE><PrepPhrase><IN-OF>of</IN-OF><NounPhrase><JJ>electroless</JJ><MOLECULE><OSCARCM><OSCAR-CM>Ni-P</OSCAR-CM><DASH>/</DASH><OSCAR-CM>Ni-B</OSCAR-CM></OSCARCM></MOLECULE><NN>duplex</NN><NN>coating</NN></NounPhrase></PrepPhrase></NounPhrase></PrepPhrase></VerbPhrase></ActionPhrase><STOP>.</STOP></Sentence></Document>
<?xml version="1.0" encoding="UTF-8"?>
<Document><Sentence><VerbPhrase><TO>To</TO><VB>generate</VB></VerbPhrase><NounPhrase><DT>a</DT><MOLECULE><OSCARCM><OSCAR-CM>Ni-P</OSCAR-CM><DASH>/</DASH><OSCAR-CM>Ni-B</OSCAR-CM></OSCARCM></MOLECULE><NN>duplex</NN><NN>coating</NN></NounPhrase><COMMA>,</COMMA><ActionPhrase type="Synthesize"><NounPhrase><DT-THE>the</DT-THE><NN>surface</NN><PrepPhrase><IN-OF>of</IN-OF><NounPhrase><DT-THE>the</DT-THE><JJ>HVOF-sprayed</JJ><CD>420</CD><NN>martensitic</NN><JJ>stainless</JJ><NN>steel</NN><MOLECULE><OSCARCM><OSCAR-CM>coa-ting</OSCAR-CM></OSCARCM></MOLECULE></NounPhrase></PrepPhrase></NounPhrase><VerbPhrase><VBD>was</VBD><VB-SYNTHESIZE>prepared</VB-SYNTHESIZE><PrepPhrase><IN-FOR>for</IN-FOR><NounPhrase><NN>plating</NN></NounPhrase></PrepPhrase><PrepPhrase><IN-BY>by</IN-BY><NounPhrase><JJ>mechanical</JJ><NN>grinding</NN><COMMA>,</COMMA><MOLECULE><OSCARCM><OSCAR-CM>acetone</OSCAR-CM></OSCARCM></MOLECULE><NN>degreasing</NN><CC>and</CC><NN>etching</NN></NounPhrase></PrepPhrase><PrepPhrase><IN-IN>in</IN-IN><NounPhrase><DT>a</DT><MOLECULE><QUANTITY><PERCENT><CD>30</CD><NN>vol.</NN><NN-PERCENT>%</NN-PERCENT></PERCENT></QUANTITY><OSCARCM><OSCAR-CM>HCl</OSCAR-CM></OSCARCM></MOLECULE><FW>solu-tion</FW></NounPhrase></PrepPhrase><TimePhrase><IN-FOR>for</IN-FOR><CD>1</CD><NN-TIME>min</NN-TIME></TimePhrase></VerbPhrase></ActionPhrase><STOP>.</STOP></Sentence></Document>
<?xml version="1.0" encoding="UTF-8"?>
<Document><Sentence><NounPhrase><DT>A</DT><JJ>continuous</JJ><MOLECULE><OSCARCM><OSCAR-CM>Ni-P</OSCAR-CM></OSCARCM></MOLECULE><NN>deposit</NN></NounPhrase><VerbPhrase><VBD>was</VBD><VBN>applied</VBN></VerbPhrase><ActionPhrase type="Yield"><VerbPhrase><TO>to</TO><VB-YIELD>form</VB-YIELD></VerbPhrase><NounPhrase><DT-THE>the</DT-THE><JJ>first</JJ><NN-CHEMENTITY>layer</NN-CHEMENTITY></NounPhrase><PrepPhrase><IN-BEFORE>before</IN-BEFORE><NounPhrase><NN>immersion</NN></NounPhrase></PrepPhrase><PrepPhrase><IN-IN>in</IN-IN><NounPhrase><DT-THE>the</DT-THE><APPARATUS><NN>electro-less</NN><MOLECULE><OSCARCM><OSCAR-CM>Ni-B</OSCAR-CM></OSCARCM></MOLECULE><NN-APPARATUS>bath</NN-APPARATUS></APPARATUS></NounPhrase></PrepPhrase><PrepPhrase><IN-FOR>for</IN-FOR><NounPhrase><DT-THE>the</DT-THE><JJ>second</JJ><NN-CHEMENTITY>layer</NN-CHEMENTITY></NounPhrase></PrepPhrase></ActionPhrase><STOP>.</STOP></Sentence></Document>
<?xml version="1.0" encoding="UTF-8"?>
<Document><Sentence><ActionPhrase type="Synthesize"><PrepPhrase><IN-BY>By</IN-BY><NounPhrase><DT-THE>the</DT-THE><NN-SYNTHESIZE>preparation</NN-SYNTHESIZE><PrepPhrase><IN-OF>of</IN-OF><NounPhrase><MOLECULE><OSCARCM><OSCAR-CM>Ni-P</OSCAR-CM></OSCARCM></MOLECULE><NN>coating</NN></NounPhrase></PrepPhrase></NounPhrase></PrepPhrase></ActionPhrase><COMMA>,</COMMA><NounPhrase><DT>a</DT><JJ>commercial</JJ><MOLECULE><OSCARCM><OSCAR-CM>Ni-P</OSCAR-CM></OSCARCM><JJ>electroless</JJ><NN-CHEMENTITY>solution</NN-CHEMENTITY><CITATION><_-LRB->(</_-LRB-><FW>Durni-Coat</FW><NNP>DNC</NNP><CD>520-9</CD><_-RRB->)</_-RRB-></CITATION></MOLECULE></NounPhrase><VerbPhrase><VBD>was</VBD><VBN>used</VBN></VerbPhrase><STOP>.</STOP></Sentence></Document>
<?xml version="1.0" encoding="UTF-8"?>
<Document><Sentence><NounPhrase><DT-THE>The</DT-THE><JJ-CHEM>stirring</JJ-CHEM><NN>rate</NN></NounPhrase><VerbPhrase><IN-OF>of</IN-OF><VBG>plating</VBG></VerbPhrase><NounPhrase><MultipleApparatus><APPARATUS><NN-APPARATUS>bath</NN-APPARATUS></APPARATUS></MultipleApparatus></NounPhrase><ActionPhrase type="Wait"><VerbPhrase><VBD>was</VBD><TimePhrase><IN>about</IN><CD>250</CD><NN-TIME>r/min</NN-TIME></TimePhrase></VerbPhrase></ActionPhrase><COMMA>,</COMMA><VerbPhrase><VB-USE>using</VB-USE></VerbPhrase><ActionPhrase type="Stir"><VerbPhrase><DT>a</DT><JJ>magnetic</JJ><VB-STIR>stir-rer</VB-STIR></VerbPhrase></ActionPhrase><CC>and</CC><NounPhrase><DT>a</DT><MOLECULE><OSCARCM><OSCAR-CM>polytetrafluoroethylene</OSCAR-CM></OSCARCM><MIXTURE><_-LRB->(</_-LRB-><OSCARCM><OSCAR-CM>PTFE</OSCAR-CM></OSCARCM><_-RRB->)</_-RRB-></MIXTURE></MOLECULE><JJ>coated</JJ><NN>magnet</NN></NounPhrase><PrepPhrase><IN-WITH>with</IN-WITH><NounPhrase><CD>2</CD><JJ>cm</JJ><NN>length</NN><CC>and</CC><CD>5</CD><CD>mm</CD></NounPhrase></PrepPhrase><PrepPhrase><IN-IN>in</IN-IN><NounPhrase><NN>diameter</NN></NounPhrase></PrepPhrase><STOP>.</STOP></Sentence></Document>
<?xml version="1.0" encoding="UTF-8"?>
<Document><Sentence><NounPhrase><DT-THE>The</DT-THE><NN>deposition</NN></NounPhrase><VerbPhrase><VBD>was</VBD><VBN>carried</VBN><RP>out</RP><PrepPhrase><IN-IN>in</IN-IN><NounPhrase><DT>a</DT><QUANTITY><VOLUME><CD>100</CD><NN-VOL>ml</NN-VOL></VOLUME><DT>thermostated</DT></QUANTITY><JJ>double</JJ><NN>wall</NN></NounPhrase></PrepPhrase></VerbPhrase><ActionPhrase type="Wait"><VerbPhrase><VB>be-aker</VB><PrepPhrase><IN>at</IN><NounPhrase><CD>90</CD><NNS>◦C</NNS><CC>and</CC><QUANTITY><PH><NN-PH>pH</NN-PH><CD>4.6</CD></PH></QUANTITY></NounPhrase></PrepPhrase><TimePhrase><IN-FOR>for</IN-FOR><CD>2</CD><NN-TIME>h</NN-TIME></TimePhrase></VerbPhrase></ActionPhrase><VerbPhrase><TO>to</TO><VB>achieve</VB></VerbPhrase><NounPhrase><DT>a</DT><NN>thickness</NN><PrepPhrase><IN-OF>of</IN-OF><NounPhrase><JJ>≈</JJ><CD>3.5</CD><NN>µm</NN></NounPhrase></PrepPhrase></NounPhrase><STOP>.</STOP></Sentence></Document>
<?xml version="1.0" encoding="UTF-8"?>
<Document><Sentence><NounPhrase><DT-THE>The</DT-THE><MOLECULE><OSCARCM><OSCAR-CM>Ni-B</OSCAR-CM></OSCARCM></MOLECULE><NN>plating</NN></NounPhrase><VerbPhrase><VBD>took</VBD></VerbPhrase><NounPhrase><NN>place</NN></NounPhrase><PrepPhrase><IN>at</IN><NounPhrase><CD>95</CD><NNP>◦C</NNP><CC>and</CC><QUANTITY><PH><NN-PH>pH</NN-PH><CD>13.5</CD></PH></QUANTITY></NounPhrase></PrepPhrase><TimePhrase><IN-FOR>for</IN-FOR><CD>2</CD><NN-TIME>h</NN-TIME></TimePhrase><VerbPhrase><TO>to</TO><VB>achieve</VB></VerbPhrase><NounPhrase><DT>a</DT><NN>thickness</NN><PrepPhrase><IN-OF>of</IN-OF><NounPhrase><NNP>≈</NNP><CD>36</CD><NN>µm</NN></NounPhrase></PrepPhrase></NounPhrase><PrepPhrase><IN-IN>in</IN-IN><NounPhrase><DT>a</DT><JJ>thermostated</JJ><NN>cell</NN></NounPhrase></PrepPhrase><PrepPhrase><IN-WITH>with</IN-WITH><NounPhrase><DT>a</DT><NN>volume</NN><PrepPhrase><IN-OF>of</IN-OF><NounPhrase><QUANTITY><VOLUME><CD>100</CD><NN-VOL>ml</NN-VOL></VOLUME></QUANTITY></NounPhrase></PrepPhrase></NounPhrase></PrepPhrase><STOP>.</STOP></Sentence></Document>
<?xml version="1.0" encoding="UTF-8"?>
<Document><Sentence><NounPhrase><DT-THE>The</DT-THE><JJ-CHEM>elec-troless</JJ-CHEM><MOLECULE><OSCARCM><OSCAR-CM>Ni-B</OSCAR-CM></OSCARCM></MOLECULE><APPARATUS><NN-APPARATUS>bath</NN-APPARATUS></APPARATUS></NounPhrase><VerbPhrase><VBN>used</VBN><PrepPhrase><IN-FOR>for</IN-FOR><NounPhrase><DT>this</DT><NN>study</NN></NounPhrase></PrepPhrase></VerbPhrase><VerbPhrase><VBZ>uses</VBZ></VerbPhrase><NounPhrase><MOLECULE><OSCARCM><OSCAR-CM>sodium</OSCAR-CM><OSCAR-CM>bo-rohydride</OSCAR-CM></OSCARCM></MOLECULE></NounPhrase><PrepPhrase><IN-AS>as</IN-AS><NounPhrase><DT>a</DT><NN>reducer</NN><COMMA>,</COMMA><MOLECULE><OSCARCM><OSCAR-CM>nickel</OSCAR-CM><OSCAR-CM>chloride</OSCAR-CM><OSCAR-CM>hexahydrate</OSCAR-CM></OSCARCM></MOLECULE></NounPhrase></PrepPhrase><PrepPhrase><IN-AS>as</IN-AS><NounPhrase><DT>a</DT><MOLECULE><OSCARCM><OSCAR-CM>nickel</OSCAR-CM></OSCARCM></MOLECULE><NN>source</NN><COMMA>,</COMMA><MOLECULE><OSCARCM><OSCAR-CM>ethylene</OSCAR-CM><OSCAR-CM>diamine</OSCAR-CM></OSCARCM></MOLECULE></NounPhrase></PrepPhrase><PrepPhrase><IN-AS>as</IN-AS><NounPhrase><DT>a</DT><JJ-CHEM>complexing</JJ-CHEM><NN>agent</NN><CC>and</CC><NN>lead</NN><MOLECULE><OSCARCM><OSCAR-CM>nitrate</OSCAR-CM></OSCARCM></MOLECULE></NounPhrase></PrepPhrase><PrepPhrase><IN-AS>as</IN-AS><NounPhrase><DT>a</DT><NN>stabilizer</NN></NounPhrase></PrepPhrase><STOP>.</STOP></Sentence></Document>
<?xml version="1.0" encoding="UTF-8"?>
<Document><Sentence><NounPhrase><JJR>More</JJR><NNS>details</NNS></NounPhrase><PrepPhrase><IN-ON>on</IN-ON><NounPhrase><DT-THE>the</DT-THE><APPARATUS><NN-APPARATUS>bath</NN-APPARATUS></APPARATUS><NN>composition</NN></NounPhrase></PrepPhrase><VerbPhrase><VBP>have</VBP><VBN>been</VBN><VBN>given</VBN><PrepPhrase><IN-BY>by</IN-BY><NounPhrase><NNP>Bulbul</NNP><UNNAMEDMOLECULE><REFERENCETOCOMPOUND><LSQB>[</LSQB><CD>7</CD><RSQB>]</RSQB></REFERENCETOCOMPOUND></UNNAMEDMOLECULE></NounPhrase></PrepPhrase></VerbPhrase><STOP>.</STOP></Sentence></Document>
<?xml version="1.0" encoding="UTF-8"?>
<Document><Sentence><NounPhrase><DT-THE>The</DT-THE><NN>cross-section</NN><PrepPhrase><IN-OF>of</IN-OF><NounPhrase><DT-THE>the</DT-THE><NN>coating</NN></NounPhrase></PrepPhrase></NounPhrase><VerbPhrase><VBD>was</VBD><VBN>included</VBN><PrepPhrase><IN-IN>in</IN-IN><NounPhrase><JJ>epoxy</JJ><NN-CHEMENTITY>resin</NN-CHEMENTITY></NounPhrase></PrepPhrase><CC>and</CC><PrepPhrase><JJ>polished</JJ><IN-BY>by</IN-BY><NounPhrase><JJ>metallographic</JJ><PROCEDURE><NN-METHOD>procedures</NN-METHOD></PROCEDURE></NounPhrase></PrepPhrase></VerbPhrase><STOP>.</STOP></Sentence></Document>
<?xml version="1.0" encoding="UTF-8"?>
<Document><Sentence><NounPhrase><PROCEDURE><_-LRB->(</_-LRB-><CD>64</CD><_-RRB->)</_-RRB-></PROCEDURE></NounPhrase></Sentence><Sentence><NounPhrase><NN>http</NN></NounPhrase><COLON>://doi.org</COLON><Unmatched><DASH>/</DASH></Unmatched><NounPhrase><CD>10.12693/APhysPolA.131.64</CD><NN>mailto</NN></NounPhrase><COLON>:</COLON><JJ>ferda.mindivan@bilecik.edu.tr</JJ><NounPhrase><NN>mailto</NN></NounPhrase><COLON>:</COLON><JJ>ferda.mindivan@bilecik.edu.tr</JJ><NounPhrase><DT-THE>The</DT-THE><NNP>Study</NNP><PrepPhrase><IN-OF>of</IN-OF><NounPhrase><NNP>Electroless</NNP><NNP>Ni-P/Ni-B</NNP><NNP>Duplex</NNP><NNP>Coating</NNP></NounPhrase></PrepPhrase></NounPhrase><STOP>.</STOP><STOP>.</STOP><STOP>.</STOP></Sentence></Document>
<?xml version="1.0" encoding="UTF-8"?>
<Document><Sentence><NounPhrase><CD>65</CD><NNP>Characteristics</NNP><PrepPhrase><IN-OF>of</IN-OF><NounPhrase><DT-THE>the</DT-THE><JJ>HVOF-sprayed</JJ><JJ-CHEM>martensitic</JJ-CHEM><JJ>stainless</JJ><JJ-CHEM>steel</JJ-CHEM><NN>coating</NN><CC>and</CC><JJ>duplex</JJ><JJ-CHEM>treated</JJ-CHEM><NN>coating</NN></NounPhrase></PrepPhrase></NounPhrase><VerbPhrase><VBD>were</VBD><VBN>investigated</VBN><PrepPhrase><IN-BY>by</IN-BY><NounPhrase><JJ>microscopic</JJ><NN>examinations</NN><COMMA>,</COMMA><NNP>X-ray</NNP></NounPhrase></PrepPhrase><PrepPhrase><IN>dif-fraction</IN><NounPhrase><MIXTURE><_-LRB->(</_-LRB-><NNP>XRD</NNP><_-RRB->)</_-RRB-></MIXTURE><NNS>analyses</NNS><COMMA>,</COMMA><NN>microhardness</NN><NNS>measurements</NNS></NounPhrase></PrepPhrase></VerbPhrase><COMMA>,</COMMA><ActionPhrase type="Dry"><VerbPhrase><VB-DRY>dry</VB-DRY></VerbPhrase></ActionPhrase><VerbPhrase><VBG>sliding</VBG></VerbPhrase><NounPhrase><NN>wear</NN><CC>and</CC><NN>corrosion</NN><NNS>tests</NNS></NounPhrase><STOP>.</STOP></Sentence></Document>
<?xml version="1.0" encoding="UTF-8"?>
<Document><Sentence><NounPhrase><DT-THE>The</DT-THE><JJ-CHEM>cross-sectional</JJ-CHEM><NN>microstructure</NN><PrepPhrase><IN-OF>of</IN-OF><NounPhrase><DT-THE>the</DT-THE><NNS>coatings</NNS></NounPhrase></PrepPhrase></NounPhrase><VerbPhrase><VBD>was</VBD><VBN>inspected</VBN><PrepPhrase><IN-WITH>with</IN-WITH><NounPhrase><DT>an</DT><JJ>optical</JJ><NN>microscopy</NN><MIXTURE><_-LRB->(</_-LRB-><NNP>OM</NNP><_-RRB->)</_-RRB-></MIXTURE></NounPhrase></PrepPhrase></VerbPhrase><CC>and</CC><ActionPhrase type="ApparatusAction"><NounPhrase><DT>a</DT><JJ-CHEM>scanning</JJ-CHEM><NN>electron</NN><NNS>mi-croscope</NNS><MIXTURE><_-LRB->(</_-LRB-><NNP>SEM</NNP><_-RRB->)</_-RRB-></MIXTURE></NounPhrase><VerbPhrase><VB-APPARATUS>equipped</VB-APPARATUS><PrepPhrase><IN-WITH>with</IN-WITH><NounPhrase><DT>an</DT><JJ-CHEM>energy</JJ-CHEM><JJ>dispersive</JJ><NN>spectroscopy</NN><MIXTURE><_-LRB->(</_-LRB-><NNP>EDS</NNP><_-RRB->)</_-RRB-></MIXTURE></NounPhrase></PrepPhrase></VerbPhrase></ActionPhrase><STOP>.</STOP></Sentence></Document>
<?xml version="1.0" encoding="UTF-8"?>
<Document><Sentence><NounPhrase><DT-THE>The</DT-THE><JJ-CHEM>cross-sectional</JJ-CHEM><NN>microhardness</NN><NNS>measurements</NNS></NounPhrase><VerbPhrase><VBD>were</VBD><VBN>carried</VBN><RP>out</RP><VB-USE>using</VB-USE></VerbPhrase><NounPhrase><DT>a</DT><NNP>Vickers</NNP><MOLECULE><JJ-CHEM>micro-hardness</JJ-CHEM><OSCARCM><OSCAR-CM>tester</OSCAR-CM></OSCARCM><MIXTURE><_-LRB->(</_-LRB-><NNP>Shimadzu</NNP><_-RRB->)</_-RRB-></MIXTURE></MOLECULE></NounPhrase><PrepPhrase><IN-WITH>with</IN-WITH><NounPhrase><DT>a</DT><NN>load</NN><QUANTITY><MASS><CD>50</CD><NN-MASS>g</NN-MASS></MASS></QUANTITY></NounPhrase></PrepPhrase><CC>and</CC><NounPhrase><DT>a</DT><JJ>dwell</JJ><NN-TIME>time</NN-TIME><PrepPhrase><IN-OF>of</IN-OF><NounPhrase><CD>10</CD></NounPhrase></PrepPhrase></NounPhrase><VerbPhrase><VBZ>s</VBZ></VerbPhrase><STOP>.</STOP></Sentence><Sentence><ActionPhrase type="Dry"><VerbPhrase><VB-DRY>Dry</VB-DRY></VerbPhrase></ActionPhrase><VerbPhrase><VBG>sliding</VBG></VerbPhrase><NounPhrase><NN>wear</NN><NNS>performances</NNS><PrepPhrase><IN-OF>of</IN-OF><NounPhrase><DT-THE>the</DT-THE><NNS>coatings</NNS></NounPhrase></PrepPhrase></NounPhrase><VerbPhrase><VBD>were</VBD><VBN>performed</VBN><PrepPhrase><IN-ON>on</IN-ON><NounPhrase><DT>a</DT><JJ-CHEM>reciprocating</JJ-CHEM><NN>wear</NN><MOLECULE><OSCARCM><OSCAR-CM>tester</OSCAR-CM></OSCARCM><JJ-CHEM>operating</JJ-CHEM></MOLECULE></NounPhrase></PrepPhrase><PrepPhrase><IN-IN>in</IN-IN><IN-ON>ball-on-disc</IN-ON><NounPhrase><NN>configuration</NN></NounPhrase></PrepPhrase><TempPhrase><IN>at</IN><NN-TEMP>room</NN-TEMP><NN-TEMP>temperature</NN-TEMP></TempPhrase></VerbPhrase><STOP>.</STOP></Sentence></Document>
<?xml version="1.0" encoding="UTF-8"?>
<Document><Sentence><PrepPhrase><IN-IN>In</IN-IN><NounPhrase><DT>this</DT><NN>configuration</NN></NounPhrase></PrepPhrase><COMMA>,</COMMA><NounPhrase><DT>an</DT><MOLECULE><OSCARCM><OSCAR-CM>Al2O3</OSCAR-CM></OSCARCM></MOLECULE><NN>ball</NN></NounPhrase><PrepPhrase><IN-WITH>with</IN-WITH><NounPhrase><DT>a</DT><NN>diameter</NN><PrepPhrase><IN-OF>of</IN-OF><NounPhrase><CD>10</CD><CD>mm</CD></NounPhrase></PrepPhrase></NounPhrase></PrepPhrase><VerbPhrase><VBD>was</VBD><VBG>sliding</VBG><RB>forward</RB><CC>and</CC><PrepPhrase><RB>backward</RB><IN>against</IN><NounPhrase><DT-THE>the</DT-THE><NNS>coatings</NNS></NounPhrase></PrepPhrase><PrepPhrase><IN-WITH>with</IN-WITH><NounPhrase><DT>a</DT><JJ>sliding</JJ><NN>speed</NN><PrepPhrase><IN-OF>of</IN-OF><NounPhrase><CD>1.7</CD><MOLECULE><JJ>cm</JJ><OSCARCM><OSCAR-CM>s-1</OSCAR-CM></OSCARCM></MOLECULE></NounPhrase></PrepPhrase></NounPhrase></PrepPhrase></VerbPhrase><STOP>.</STOP></Sentence></Document>
<?xml version="1.0" encoding="UTF-8"?>
<Document><Sentence><NounPhrase><JJ>Normal</JJ><NN>load</NN><PrepPhrase><IN-OF>of</IN-OF><NounPhrase><DT-THE>the</DT-THE><NN>test</NN></NounPhrase></PrepPhrase></NounPhrase><COMMA>,</COMMA><VerbPhrase><VBG>sliding</VBG></VerbPhrase><NounPhrase><NN>amplitude</NN><MIXTURE><_-LRB->(</_-LRB-><NN>wear</NN><NN>track</NN><NN>length</NN><_-RRB->)</_-RRB-></MIXTURE><PrepPhrase><IN-OF>of</IN-OF><NounPhrase><DT-THE>the</DT-THE><JJ-CHEM>reci-procating</JJ-CHEM><NN>motion</NN></NounPhrase></PrepPhrase></NounPhrase><COMMA>,</COMMA><CC>and</CC><VerbPhrase><JJ>overall</JJ><VBG>sliding</VBG></VerbPhrase><NounPhrase><NN>distance</NN></NounPhrase><VerbPhrase><VBD>were</VBD></VerbPhrase><NounPhrase><QUANTITY><MOLAR><CD>5</CD><NN-MOLAR>N</NN-MOLAR></MOLAR></QUANTITY><COMMA>,</COMMA><CD>10</CD><CD>mm</CD><COMMA>,</COMMA><CC>and</CC><CD>50</CD><NN>m</NN></NounPhrase><COMMA>,</COMMA><Unmatched><RB>respectively</RB></Unmatched><STOP>.</STOP></Sentence></Document>
<?xml version="1.0" encoding="UTF-8"?>
<Document><Sentence><ActionPhrase type="Heat"><PrepPhrase><IN>During</IN><NounPhrase><DT-THE>the</DT-THE><NN>wear</NN><NNS>tests</NNS></NounPhrase></PrepPhrase><COMMA>,</COMMA><NounPhrase><DT-THE>the</DT-THE><NN-TEMP>temperature</NN-TEMP></NounPhrase><CC>and</CC><NounPhrase><DT-THE>the</DT-THE><JJ>relative</JJ><NN>humidity</NN></NounPhrase><VerbPhrase><VBD>were</VBD><VB-HEAT>maintained</VB-HEAT><PrepPhrase><IN-AS>as</IN-AS><NounPhrase><CD>20±5</CD><MOLECULE><OSCARCM><OSCAR-CM>◦C</OSCAR-CM></OSCARCM></MOLECULE><CC>and</CC><QUANTITY><PERCENT><CD>30±5</CD><NN-PERCENT>%</NN-PERCENT></PERCENT></QUANTITY></NounPhrase></PrepPhrase></VerbPhrase></ActionPhrase><COMMA>,</COMMA><Unmatched><RB>respectively</RB></Unmatched><STOP>.</STOP></Sentence></Document>
<?xml version="1.0" encoding="UTF-8"?>
<Document><Sentence><NounPhrase><DT-THE>The</DT-THE><JJ-CHEM>friction</JJ-CHEM><JJ-CHEM>coef-ficient</JJ-CHEM><NN>force</NN></NounPhrase><VerbPhrase><VBD>was</VBD><RB>continuously</RB><VBN>recorded</VBN><PrepPhrase><IN>during</IN><NounPhrase><DT-THE>the</DT-THE><NN>tests</NN></NounPhrase></PrepPhrase></VerbPhrase><STOP>.</STOP></Sentence></Document>
<?xml version="1.0" encoding="UTF-8"?>
<Document><Sentence><ActionPhrase type="Yield"><PrepPhrase><IN-AFTER>After</IN-AFTER><NounPhrase><DT-THE>the</DT-THE><JJ-CHEM>wear</JJ-CHEM><NN>test</NN></NounPhrase></PrepPhrase><COMMA>,</COMMA><NounPhrase><DT-THE>the</DT-THE><NN>wear</NN><NNS>tracks</NNS></NounPhrase><VerbPhrase><VB-YIELD>formed</VB-YIELD><PrepPhrase><IN-ON>on</IN-ON><NounPhrase><DT-THE>the</DT-THE><NN>co-atings</NN></NounPhrase></PrepPhrase></VerbPhrase></ActionPhrase><VerbPhrase><VBD>were</VBD><VBN>detected</VBN><PrepPhrase><IN-BY>by</IN-BY><NounPhrase><DT>a</DT><JJ-CHEM>surface</JJ-CHEM><NN>profilometer</NN><CITATION><_-LRB->(</_-LRB-><NNP>Surftest</NNP><NNP>SJ</NNP><CD>400</CD><_-RRB->)</_-RRB-></CITATION></NounPhrase></PrepPhrase></VerbPhrase><STOP>.</STOP></Sentence></Document>
<?xml version="1.0" encoding="UTF-8"?>
<Document><Sentence><NounPhrase><DT-THE>The</DT-THE><NN>wear</NN><PrepPhrase><IN-OF>of</IN-OF><NounPhrase><DT-THE>the</DT-THE><MOLECULE><OSCARCM><OSCAR-CM>Al2O3</OSCAR-CM></OSCARCM></MOLECULE><NNS>balls</NNS></NounPhrase></PrepPhrase></NounPhrase><VerbPhrase><VBD>were</VBD><VBN>evaluated</VBN><PrepPhrase><IN-BY>by</IN-BY><NounPhrase><DT>an</DT><MOLECULE><OSCARCM><OSCAR-CM>OM</OSCAR-CM></OSCARCM></MOLECULE><NN>examination</NN><PrepPhrase><IN-OF>of</IN-OF><NounPhrase><PRP_>their</PRP_><NN>contact</NN><NNS>surfaces</NNS></NounPhrase></PrepPhrase></NounPhrase></PrepPhrase></VerbPhrase><STOP>.</STOP></Sentence></Document>
<?xml version="1.0" encoding="UTF-8"?>
<Document><Sentence><PrepPhrase><TO>To</TO><NounPhrase><FW>evalu-ate</FW><NN>wear</NN><NNS>mechanisms</NNS><COMMA>,</COMMA><NN>wear</NN><NNS>tracks</NNS><PrepPhrase><IN-OF>of</IN-OF><NounPhrase><DT-THE>the</DT-THE><NNS>coatings</NNS></NounPhrase></PrepPhrase></NounPhrase></PrepPhrase><VerbPhrase><VBD>were</VBD><RB>further</RB><VBN>studied</VBN><VB-USE>using</VB-USE></VerbPhrase><NounPhrase><DT>a</DT><NNP>SEM</NNP></NounPhrase><STOP>.</STOP></Sentence></Document>
<?xml version="1.0" encoding="UTF-8"?>
<Document><Sentence><NounPhrase><DT-THE>The</DT-THE><JJ>electrochemical</JJ><NN>corrosion</NN><NNS>tests</NNS><PrepPhrase><IN-OF>of</IN-OF><NounPhrase><DT-THE>the</DT-THE><NNS>coatings</NNS></NounPhrase></PrepPhrase></NounPhrase><VerbPhrase><VBD>were</VBD><VBN>performed</VBN><VBG>utilizing</VBG></VerbPhrase><NounPhrase><DT>a</DT><JJ>typical</JJ><CD>three</CD><NN>electrode</NN><JJ-CHEM>potenti-odynamic</JJ-CHEM><JJ-CHEM>polarization</JJ-CHEM><NN>test</NN><NN>unit</NN></NounPhrase><PrepPhrase><IN-IN>in</IN-IN><NounPhrase><DT-THE>the</DT-THE><JJ>corroding</JJ><NNS>media</NNS><PrepPhrase><IN-OF>of</IN-OF><NounPhrase><JJ>aerated</JJ><NN-CHEMENTITY>solution</NN-CHEMENTITY><PrepPhrase><IN-OF>of</IN-OF><NounPhrase><MOLECULE><QUANTITY><PERCENT><CD>3.5</CD><NN>wt</NN><NN-PERCENT>%</NN-PERCENT></PERCENT></QUANTITY><OSCARCM><OSCAR-CM>NaCl</OSCAR-CM></OSCARCM></MOLECULE></NounPhrase></PrepPhrase></NounPhrase></PrepPhrase></NounPhrase></PrepPhrase><TempPhrase><IN>at</IN><NN-TEMP>room</NN-TEMP><NN-TEMP>temperature</NN-TEMP></TempPhrase><STOP>.</STOP></Sentence></Document>
<?xml version="1.0" encoding="UTF-8"?>
<Document><Sentence><PrepPhrase><IN-BEFORE>Before</IN-BEFORE><NounPhrase><JJ>potentiodynamic</JJ><NN>polarization</NN><NNS>measurements</NNS></NounPhrase></PrepPhrase><COMMA>,</COMMA><Unmatched><DT>an</DT></Unmatched><Unmatched><JJ-COMPOUND>initial</JJ-COMPOUND></Unmatched><NounPhrase><NN>delay</NN><PrepPhrase><IN-OF>of</IN-OF><NounPhrase><CD>45</CD><NN-TIME>min</NN-TIME></NounPhrase></PrepPhrase></NounPhrase><VerbPhrase><VBD>was</VBD><VBN>employed</VBN><PrepPhrase><IN-IN>in</IN-IN><NounPhrase><NN>order</NN></NounPhrase></PrepPhrase></VerbPhrase><VerbPhrase><TO>to</TO><VB>measure</VB></VerbPhrase><NounPhrase><DT-THE>the</DT-THE><JJ>open</JJ><JJ-CHEM>circuit</JJ-CHEM><NN>potential</NN></NounPhrase><VerbPhrase><IN>between</IN><VBG>working</VBG></VerbPhrase><CC>and</CC><NounPhrase><NN>reference</NN><NNS>electrodes</NNS></NounPhrase><STOP>.</STOP></Sentence></Document>
<?xml version="1.0" encoding="UTF-8"?>
<Document><Sentence><NounPhrase><JJ>Potentiodynamic</JJ><NN>polarization</NN><NNS>curves</NNS></NounPhrase><VerbPhrase><VBD>were</VBD><JJ-CHEM>ge-nerated</JJ-CHEM></VerbPhrase><VerbPhrase><IN-BY>by</IN-BY><VBG>sweeping</VBG></VerbPhrase><Unmatched><DT-THE>the</DT-THE></Unmatched><Unmatched><JJ>potential</JJ></Unmatched><Unmatched><IN-FROM>from</IN-FROM></Unmatched><PrepPhrase><JJ>cathodic</JJ><TO>to</TO><NounPhrase><DT>ano-dic</DT><NN>direction</NN></NounPhrase></PrepPhrase><PrepPhrase><IN>at</IN><NounPhrase><DT>a</DT><JJ>scan</JJ><NN>rate</NN><PrepPhrase><IN-OF>of</IN-OF><NounPhrase><CD>1</CD><NNP>mV</NNP><MOLECULE><OSCARCM><OSCAR-CM>s-1</OSCAR-CM></OSCARCM></MOLECULE></NounPhrase></PrepPhrase></NounPhrase></PrepPhrase><COMMA>,</COMMA><VerbPhrase><VBG>starting</VBG><PrepPhrase><IN-FROM>from</IN-FROM><NounPhrase><CD>-0.25</CD></NounPhrase></PrepPhrase><PrepPhrase><RB>up</RB><TO>to+0.25</TO><NounPhrase><NNP>V</NNP></NounPhrase></PrepPhrase></VerbPhrase><STOP>.</STOP></Sentence><Sentence><NounPhrase><DT-THE>The</DT-THE><JJ-CHEM>corrosion</JJ-CHEM><NN>potential</NN><MIXTURE><_-LRB->(</_-LRB-><NNP>Ecorr</NNP><_-RRB->)</_-RRB-></MIXTURE><CC>and</CC><NN>corrosion</NN><JJ>current</JJ><NN>density</NN><MIXTURE><_-LRB->(</_-LRB-><NN>icorr</NN><_-RRB->)</_-RRB-></MIXTURE></NounPhrase><VerbPhrase><VBD>were</VBD><VBN>determined</VBN><VB-USE>using</VB-USE></VerbPhrase><NounPhrase><DT-THE>the</DT-THE><NNP>Tafel</NNP><PROCEDURE><NN>extrapolation</NN><NN-METHOD>method</NN-METHOD></PROCEDURE></NounPhrase><STOP>.</STOP></Sentence></Document>
<?xml version="1.0" encoding="UTF-8"?>
<Document><Sentence><Unmatched><RB>Finally</RB></Unmatched><Unmatched><COMMA>,</COMMA></Unmatched><NounPhrase><DT-THE>the</DT-THE><JJ-CHEM>surface</JJ-CHEM><NN>ima-ges</NN><PrepPhrase><IN-OF>of</IN-OF><NounPhrase><DT-THE>the</DT-THE><JJ>corroded</JJ><NNS>coatings</NNS></NounPhrase></PrepPhrase></NounPhrase><VerbPhrase><VBD>were</VBD><VBN>examined</VBN><VB-USE>using</VB-USE></VerbPhrase><NounPhrase><DT>an</DT><NNP>OM</NNP></NounPhrase><PrepPhrase><IN-IN>in</IN-IN><NounPhrase><NN>order</NN></NounPhrase></PrepPhrase><VerbPhrase><TO>to</TO><VB>determine</VB></VerbPhrase><NounPhrase><DT-THE>the</DT-THE><NN>morphology</NN><PrepPhrase><IN-OF>of</IN-OF><NounPhrase><DT-THE>the</DT-THE><JJ>developed</JJ><NN>corrosion</NN></NounPhrase></PrepPhrase></NounPhrase><STOP>.</STOP></Sentence></Document>
<?xml version="1.0" encoding="UTF-8"?>
<Document><Sentence><NounPhrase><PROCEDURE><CD>3</CD></PROCEDURE><STOP>.</STOP></NounPhrase></Sentence></Document>
<?xml version="1.0" encoding="UTF-8"?>
<Document/>
