<?xml version="1.0" encoding="UTF-8"?>
<Document><Sentence><ActionPhrase type="Synthesize"><NounPhrase><JJ>Experimental</JJ><PROCEDURE><NN-METHOD>Procedures</NN-METHOD></PROCEDURE><CC>and</CC><PROCEDURE><NN-METHOD>Methods</NN-METHOD><CD>2.1</CD></PROCEDURE><NN-SYNTHESIZE>Preparation</NN-SYNTHESIZE><CC>and</CC><NN>characterization</NN></NounPhrase><PrepPhrase><IN-OF>of</IN-OF><IN-IN>in-flight</IN-IN><NounPhrase><NN>particle</NN><CC>and</CC><JJ>splat</JJ><JJ>Stainless</JJ><NN>steel</NN><CITATION><_-LRB->(</_-LRB-><CD>316</CD><NNP>ls</NNP><_-RRB->)</_-RRB-></CITATION><NN>wire</NN></NounPhrase></PrepPhrase><PrepPhrase><IN-WITH>with</IN-WITH><NounPhrase><NN>diameter</NN><PrepPhrase><IN-OF>of</IN-OF><NounPhrase><CD>1.2</CD><CD>mm</CD></NounPhrase></PrepPhrase></NounPhrase></PrepPhrase></ActionPhrase><VerbPhrase><VBD>was</VBD><VBN>sprayed</VBN><PrepPhrase><IN-BY>by</IN-BY><NounPhrase><NN>arc</NN><NN>spray</NN><NN>system</NN><CITATION><_-LRB->(</_-LRB-><NNP>MEC</NNP><NNP>Arcjet</NNP><CD>95</CD><_-RRB->)</_-RRB-></CITATION></NounPhrase></PrepPhrase></VerbPhrase><COMMA>,</COMMA><VerbPhrase><VB-USE>using</VB-USE><JJ>different</JJ></VerbPhrase><NounPhrase><NN>spray</NN><NNS>parameters</NNS></NounPhrase><VerbPhrase><IN-AS>as</IN-AS><VBN>shown</VBN><PrepPhrase><IN-IN>in</IN-IN><MOLECULE><OSCARCM><OSCAR-CM>Table1</OSCAR-CM></OSCARCM></MOLECULE></PrepPhrase></VerbPhrase><STOP>.</STOP></Sentence></Document>
<?xml version="1.0" encoding="UTF-8"?>
<Document><Sentence><ActionPhrase type="Recover"><PrepPhrase><IN-IN>In-flight</IN-IN><NounPhrase><NNS>particles</NNS></NounPhrase></PrepPhrase><VerbPhrase><VBD>were</VBD><VB-RECOVER>collected</VB-RECOVER></VerbPhrase></ActionPhrase><VerbPhrase><IN-BY>by</IN-BY><VBG>spraying</VBG></VerbPhrase><ActionPhrase type="Purify"><VerbPhrase><IN-INTO>into</IN-INTO><VB-PURIFY>distilled</VB-PURIFY></VerbPhrase><NounPhrase><MOLECULE><OSCARCM><OSCAR-CM>water</OSCAR-CM></OSCARCM></MOLECULE><CC>and</CC><NNS>splats</NNS></NounPhrase></ActionPhrase><ActionPhrase type="Recover"><VerbPhrase><VBD>were</VBD><VB-RECOVER>collected</VB-RECOVER></VerbPhrase></ActionPhrase><VerbPhrase><IN-BY>by</IN-BY><VBG>spraying</VBG></VerbPhrase><VerbPhrase><IN>onto</IN><VBN>polished</VBN><JJ>stainless</JJ></VerbPhrase><NounPhrase><JJ-CHEM>steel</JJ-CHEM><NN>substrate</NN><UNNAMEDMOLECULE><REFERENCETOCOMPOUND><LSQB>[</LSQB><CD>3</CD><RSQB>]</RSQB></REFERENCETOCOMPOUND></UNNAMEDMOLECULE></NounPhrase><STOP>.</STOP></Sentence></Document>
<?xml version="1.0" encoding="UTF-8"?>
<Document><Sentence><NounPhrase><NNP>Morphology</NNP></NounPhrase><PrepPhrase><IN-OF>of</IN-OF><IN-IN>in-flight</IN-IN><NounPhrase><NNS>particles</NNS><CC>and</CC><NNS>splats</NNS></NounPhrase></PrepPhrase><VerbPhrase><VBD>were</VBD><VBN>revealed</VBN><PrepPhrase><IN-BY>by</IN-BY><NounPhrase><JJ>optical</JJ><NN>microscope</NN><MIXTURE><_-LRB->(</_-LRB-><NNP>Olympus</NNP><COMMA>,</COMMA><MOLECULE><OSCARCM><OSCAR-CM>BX60M</OSCAR-CM></OSCARCM></MOLECULE><_-RRB->)</_-RRB-></MIXTURE></NounPhrase></PrepPhrase></VerbPhrase><STOP>.</STOP></Sentence></Document>
<?xml version="1.0" encoding="UTF-8"?>
<Document><Sentence><NounPhrase><NNP>Size</NNP><NN>measurement</NN></NounPhrase><Unmatched><IN-FOR>for</IN-FOR></Unmatched><Unmatched><DT>both</DT></Unmatched><PrepPhrase><IN-IN>in-flight</IN-IN><NounPhrase><NNS>particles</NNS><CC>and</CC><NNS>splats</NNS></NounPhrase></PrepPhrase><VerbPhrase><VBD>were</VBD><VBN>performed</VBN><PrepPhrase><IN-BY>by</IN-BY><NounPhrase><JJ>optical</JJ><NN>microscope</NN></NounPhrase></PrepPhrase><PrepPhrase><IN-WITH>with</IN-WITH><NounPhrase><CD>100</CD><NNS>particles</NNS><CC>and</CC><CD>100</CD><NNS>splats</NNS></NounPhrase></PrepPhrase></VerbPhrase><VerbPhrase><TO>to</TO><VB>evaluate</VB></VerbPhrase><NounPhrase><NN>size</NN><NN>distribution</NN></NounPhrase><CC>and</CC><VerbPhrase><VB>calculate</VB></VerbPhrase><NounPhrase><DT-THE>the</DT-THE><JJ>average</JJ><NN>size</NN></NounPhrase><STOP>.</STOP></Sentence></Document>
<?xml version="1.0" encoding="UTF-8"?>
<Document><Sentence><ActionPhrase type="Synthesize"><NounPhrase><CD>2.2</CD><NNP>Coating</NNP><NN-SYNTHESIZE>preparation</NN-SYNTHESIZE><CC>and</CC><NN>characterization</NN><JJ>Stainless</JJ><JJ-CHEM>steel</JJ-CHEM><NN>wire</NN></NounPhrase></ActionPhrase><VerbPhrase><VBD>was</VBD><VBN>sprayed</VBN></VerbPhrase><VerbPhrase><IN>onto</IN><VBN>polished</VBN><JJ>mild</JJ></VerbPhrase><NounPhrase><NN>steel</NN><NNS>substrates</NNS></NounPhrase><PrepPhrase><IN-WITH>with</IN-WITH><NounPhrase><JJ>different</JJ><NN>spray</NN><NNS>parameters</NNS></NounPhrase></PrepPhrase><VerbPhrase><VBN>detailed</VBN><PrepPhrase><IN-IN>in</IN-IN><NounPhrase><CaptionLabel><NNP-LABEL>Table</NNP-LABEL><CD>1</CD></CaptionLabel></NounPhrase></PrepPhrase></VerbPhrase><STOP>.</STOP></Sentence></Document>
<?xml version="1.0" encoding="UTF-8"?>
<Document><Sentence><NounPhrase><NN>Number</NN><PrepPhrase><IN-OF>of</IN-OF><NounPhrase><NN>spray</NN><NNS>passes</NNS></NounPhrase></PrepPhrase></NounPhrase><VerbPhrase><VBD>were</VBD><VBN>kept</VBN><JJ>constant</JJ><PrepPhrase><IN-FOR>for</IN-FOR><NounPhrase><DT>all</DT><NNS>samples</NNS></NounPhrase></PrepPhrase><PrepPhrase><IN-IN>in</IN-IN><NounPhrase><NN>order</NN></NounPhrase></PrepPhrase></VerbPhrase><VerbPhrase><TO>to</TO><VB>compare</VB></VerbPhrase><NounPhrase><NN>coating</NN></NounPhrase><ActionPhrase type="Yield"><VerbPhrase><IN>thickness</IN><VB-YIELD>obtained</VB-YIELD></VerbPhrase></ActionPhrase><STOP>.</STOP></Sentence></Document>
<?xml version="1.0" encoding="UTF-8"?>
<Document><Sentence><NounPhrase><CaptionLabel><NNP-LABEL>Table</NNP-LABEL><CD>1</CD></CaptionLabel></NounPhrase><STOP>.</STOP></Sentence></Document>
<?xml version="1.0" encoding="UTF-8"?>
<Document><Sentence><NounPhrase><JJ>Experimental</JJ><NNS>conditions</NNS></NounPhrase><PrepPhrase><IN-FOR>for</IN-FOR><NounPhrase><JJ>stainless</JJ><NN>steel</NN><CD>316</CD><MOLECULE><OSCARCM><OSCAR-CM>ls</OSCAR-CM></OSCARCM></MOLECULE><NN>wire</NN><NN>arc</NN><NN>spraying</NN></NounPhrase></PrepPhrase><STOP>.</STOP></Sentence></Document>
<?xml version="1.0" encoding="UTF-8"?>
<Document><Sentence><NounPhrase><NNP>Parameters</NNP><UNNAMEDMOLECULE><REFERENCETOCOMPOUND><NN-IDENTIFIER>C1</NN-IDENTIFIER></REFERENCETOCOMPOUND></UNNAMEDMOLECULE><UNNAMEDMOLECULE><REFERENCETOCOMPOUND><NN-IDENTIFIER>C2</NN-IDENTIFIER></REFERENCETOCOMPOUND></UNNAMEDMOLECULE><UNNAMEDMOLECULE><REFERENCETOCOMPOUND><NN-IDENTIFIER>C3</NN-IDENTIFIER></REFERENCETOCOMPOUND></UNNAMEDMOLECULE><UNNAMEDMOLECULE><REFERENCETOCOMPOUND><NN-IDENTIFIER>C4</NN-IDENTIFIER></REFERENCETOCOMPOUND></UNNAMEDMOLECULE><NNP>Voltage</NNP><UNNAMEDMOLECULE><REFERENCETOCOMPOUND><_-LRB->(</_-LRB-><NN-IDENTIFIER>V</NN-IDENTIFIER><_-RRB->)</_-RRB-></REFERENCETOCOMPOUND></UNNAMEDMOLECULE><CD>26</CD><CD>26</CD><CD>26</CD><CD>26</CD><NNP>Spray</NNP><NN>distance</NN><UNNAMEDMOLECULE><REFERENCETOCOMPOUND><_-LRB->(</_-LRB-><CD>mm</CD><_-RRB->)</_-RRB-></REFERENCETOCOMPOUND></UNNAMEDMOLECULE><CD>200</CD><CD>200</CD><CD>300</CD><CD>300</CD><NNP>Air</NNP><NN-PRESSURE>pressure</NN-PRESSURE><MIXTURE><_-LRB->(</_-LRB-><NNP>kPa</NNP><_-RRB->)</_-RRB-></MIXTURE><CD>420</CD><CD>520</CD><CD>420</CD><CD>520</CD><MOLECULE><OSCARCM><OSCAR-CM>MP03</OSCAR-CM></OSCARCM></MOLECULE><NN>mailto</NN></NounPhrase><COLON>:</COLON><NounPhrase><NN>reungruthai@hotmail.com</NN><NNP>Surface</NNP><NN>roughness</NN><PrepPhrase><IN-OF>of</IN-OF><NounPhrase><DT-THE>the</DT-THE><JJ>as-sprayed</JJ><NNS>coatings</NNS></NounPhrase></PrepPhrase></NounPhrase><VerbPhrase><VBD>were</VBD><VBN>measured</VBN><PrepPhrase><IN-BY>by</IN-BY><NounPhrase><NN>roughness</NN><NN>checker</NN><MIXTURE><_-LRB->(</_-LRB-><NNP>Taylor</NNP><NNP>Hobson</NNP><COMMA>,</COMMA><MOLECULE><OSCARCM><OSCAR-CM>SURTRONIC</OSCAR-CM></OSCARCM></MOLECULE><NN>3+</NN><_-RRB->)</_-RRB-></MIXTURE></NounPhrase></PrepPhrase></VerbPhrase><STOP>.</STOP></Sentence></Document>
<?xml version="1.0" encoding="UTF-8"?>
<Document><Sentence><NounPhrase><NNS>Coatings</NNS></NounPhrase><VerbPhrase><VBD>were</VBD><JJ-CHEM>cross-sectioned</JJ-CHEM></VerbPhrase><COMMA>,</COMMA><VerbPhrase><VBD>mounted</VBD><PrepPhrase><IN-WITH>with</IN-WITH><NounPhrase><NN-CHEMENTITY>resin</NN-CHEMENTITY><COMMA>,</COMMA><NN>ground</NN></NounPhrase></PrepPhrase><PrepPhrase><IN-WITH>with</IN-WITH><NounPhrase><MOLECULE><OSCARCM><OSCAR-CM>SiC</OSCAR-CM></OSCARCM></MOLECULE><NNS>papers</NNS></NounPhrase></PrepPhrase></VerbPhrase><CC>and</CC><VerbPhrase><VBN>polished</VBN><PrepPhrase><IN-WITH>with</IN-WITH><NounPhrase><CD>1</CD><NN>µm</NN><MOLECULE><OSCARCM><OSCAR-CM>alumina</OSCAR-CM></OSCARCM></MOLECULE><NN>slurry</NN></NounPhrase></PrepPhrase></VerbPhrase><RB-CONJ>prior</RB-CONJ><PrepPhrase><TO>to</TO><NounPhrase><NN>characterization</NN></NounPhrase></PrepPhrase><STOP>.</STOP></Sentence></Document>
<?xml version="1.0" encoding="UTF-8"?>
<Document><Sentence><NounPhrase><NNP>Porosity</NNP><CC>and</CC><MOLECULE><OSCARCM><OSCAR-CM>oxide</OSCAR-CM></OSCARCM></MOLECULE><NN>content</NN></NounPhrase><VerbPhrase><VBD>were</VBD><VBN>evaluated</VBN><PrepPhrase><IN-BY>by</IN-BY><NounPhrase><NN>image</NN><NN>analysis</NN><MIXTURE><_-LRB->(</_-LRB-><MOLECULE><OSCARCM><OSCAR-CM>ZIEEZ</OSCAR-CM></OSCARCM></MOLECULE><COMMA>,</COMMA><MOLECULE><OSCARCM><OSCAR-CM>AXIO</OSCAR-CM></OSCARCM></MOLECULE><_-RRB->)</_-RRB-></MIXTURE></NounPhrase></PrepPhrase></VerbPhrase><STOP>.</STOP></Sentence></Document>
<?xml version="1.0" encoding="UTF-8"?>
<Document><Sentence><NounPhrase><NNP>Vickers</NNP><NN>microhardness</NN><NN>measurement</NN><CITATION><_-LRB->(</_-LRB-><NNP>Toolquip</NNP><COMMA>,</COMMA><NNP>Galileo</NNP><NNP>Microscan</NNP><NNP>OD</NNP><_-RRB->)</_-RRB-></CITATION></NounPhrase><VerbPhrase><VBD>was</VBD><VBN>carried</VBN><RP>out</RP><VB-USE>using</VB-USE></VerbPhrase><NounPhrase><DT>a</DT><NN>load</NN><PrepPhrase><IN-OF>of</IN-OF><NounPhrase><QUANTITY><MASS><CD>300</CD><NN-MASS>g</NN-MASS></MASS></QUANTITY></NounPhrase></PrepPhrase></NounPhrase><STOP>.</STOP></Sentence><Sentence><NounPhrase><UNNAMEDMOLECULE><REFERENCETOCOMPOUND><_-LRB->(</_-LRB-><NN-IDENTIFIER>e</NN-IDENTIFIER><_-RRB->)</_-RRB-></REFERENCETOCOMPOUND><MIXTURE><_-LRB->(</_-LRB-><REFERENCETOCOMPOUND><NN-IDENTIFIER>a</NN-IDENTIFIER></REFERENCETOCOMPOUND><_-RRB->)</_-RRB-></MIXTURE><MIXTURE><_-LRB->(</_-LRB-><REFERENCETOCOMPOUND><NN-IDENTIFIER>b</NN-IDENTIFIER></REFERENCETOCOMPOUND><_-RRB->)</_-RRB-></MIXTURE><MIXTURE><_-LRB->(</_-LRB-><REFERENCETOCOMPOUND><NN-IDENTIFIER>f</NN-IDENTIFIER></REFERENCETOCOMPOUND><_-RRB->)</_-RRB-></MIXTURE></UNNAMEDMOLECULE><CD>3</CD></NounPhrase><STOP>.</STOP></Sentence></Document>
<?xml version="1.0" encoding="UTF-8"?>
<Document/>
