<?xml version="1.0" encoding="UTF-8"?>
<Document><Sentence><NounPhrase><MOLECULE><OSCARCM><OSCAR-CM>EXPERIMENTAL</OSCAR-CM></OSCARCM><REFERENCETOCOMPOUND><CD>2.1</CD></REFERENCETOCOMPOUND></MOLECULE><NN-CHEMENTITY>Materials</NN-CHEMENTITY><MOLECULE><OSCARCM><OSCAR-CM>Phosphoric</OSCAR-CM><OSCAR-CM>acid</OSCAR-CM></OSCARCM><QUANTITY><_-LRB->(</_-LRB-><PERCENT><CD>85</CD><NN-PERCENT>%</NN-PERCENT></PERCENT><_-RRB->)</_-RRB-></QUANTITY></MOLECULE><COMMA>,</COMMA><MOLECULE><OSCARCM><OSCAR-CM>triethylamine</OSCAR-CM></OSCARCM></MOLECULE><COMMA>,</COMMA><JJ-CHEM>concentrated</JJ-CHEM><MOLECULE><OSCARCM><OSCAR-CM>HCl</OSCAR-CM></OSCARCM></MOLECULE><COMMA>,</COMMA><MOLECULE><OSCARCM><OSCAR-CM>acetone</OSCAR-CM></OSCARCM></MOLECULE><COMMA>,</COMMA><MOLECULE><OSCARCM><OSCAR-CM>ethanol</OSCAR-CM></OSCARCM></MOLECULE><CC>and</CC><MOLECULE><OSCARCM><OSCAR-CM>sodium</OSCAR-CM><OSCAR-CM>chloride</OSCAR-CM></OSCARCM></MOLECULE></NounPhrase><VerbPhrase><VBD>were</VBD><VBN>purchased</VBN><PrepPhrase><IN-FROM>from</IN-FROM><NounPhrase><NNP>Aladdin</NNP><NNP>Industrial</NNP><NNP>Corporation</NNP></NounPhrase></PrepPhrase></VerbPhrase><COMMA>,</COMMA><CC>and</CC><ActionPhrase type="Purify"><VerbPhrase><VBD>were</VBD><VBN>used</VBN><PrepPhrase><IN-WITHOUT>without</IN-WITHOUT><NounPhrase><JJ>further</JJ><NN-PURIFY>purification</NN-PURIFY></NounPhrase></PrepPhrase></VerbPhrase></ActionPhrase><STOP>.</STOP></Sentence></Document>
<?xml version="1.0" encoding="UTF-8"?>
<Document><Sentence><ActionPhrase type="Yield"><NounPhrase><MOLECULE><OSCARCM><OSCAR-CM>Bisphenol</OSCAR-CM></OSCARCM></MOLECULE></NounPhrase><NounPhrase><DT>A</DT><JJ-CHEM>epoxy</JJ-CHEM><NN-CHEMENTITY>resin</NN-CHEMENTITY><MOLECULE><OSCARCM><OSCAR-CM>E44</OSCAR-CM></OSCARCM></MOLECULE></NounPhrase><VerbPhrase><VBD>was</VBD><VB-YIELD>provided</VB-YIELD><PrepPhrase><IN-BY>by</IN-BY><NounPhrase><NNP>Northwest</NNP><NNP>Yongxin</NNP><NNP>Paint</NNP><CC>&amp;</CC><NNP>Coatings</NNP><MOLECULE><OSCARCM><OSCAR-CM>Co</OSCAR-CM></OSCARCM></MOLECULE></NounPhrase></PrepPhrase></VerbPhrase></ActionPhrase><STOP>.</STOP></Sentence><Sentence><Unmatched><COMMA>,</COMMA></Unmatched><NounPhrase><NNP>Ltd</NNP></NounPhrase><STOP>.</STOP><STOP>.</STOP></Sentence><Sentence><NounPhrase><NNP>Waterborne</NNP><NN>epoxy</NN><NN-CHEMENTITY>resin</NN-CHEMENTITY><MIXTURE><_-LRB->(</_-LRB-><JJ>EP-AB-W53</JJ><_-RRB->)</_-RRB-></MIXTURE><CC>and</CC><JJ>curing</JJ><NN>agent</NN><MIXTURE><_-LRB->(</_-LRB-><MOLECULE><OSCARCM><OSCAR-CM>HGA-AB-20</OSCAR-CM></OSCARCM></MOLECULE><_-RRB->)</_-RRB-></MIXTURE></NounPhrase><VerbPhrase><VBD>was</VBD><VBN>purchased</VBN><PrepPhrase><IN-FROM>from</IN-FROM><NounPhrase><NNP>Zhejiang</NNP><NNP>Business</NNP><NNP>Development</NNP><NNP>New</NNP><NN-CHEMENTITY>Materials</NN-CHEMENTITY><MOLECULE><OSCARCM><OSCAR-CM>Co</OSCAR-CM></OSCARCM></MOLECULE></NounPhrase></PrepPhrase></VerbPhrase><STOP>.</STOP></Sentence><Sentence><Unmatched><COMMA>,</COMMA></Unmatched><NounPhrase><NNP>Ltd</NNP></NounPhrase><STOP>.</STOP></Sentence><Sentence><NounPhrase><DT-THE>The</DT-THE><NNPS>Q235</NNPS><NN>steel</NN><NN>electrode</NN></NounPhrase><VerbPhrase><VBD>was</VBD><VBN>selected</VBN><PrepPhrase><IN-FOR>for</IN-FOR><NounPhrase><NN>anticorrosion</NN><NN>test</NN></NounPhrase></PrepPhrase></VerbPhrase><STOP>.</STOP></Sentence></Document>
<?xml version="1.0" encoding="UTF-8"?>
<Document><Sentence><NounPhrase><DT-THE>The</DT-THE><JJ-CHEM>electrode</JJ-CHEM><NN>surface</NN></NounPhrase><VerbPhrase><VBD>was</VBD><RB>gradually</RB><VBN>abraded</VBN><PrepPhrase><IN-WITH>with</IN-WITH><NounPhrase><MOLECULE><OSCARCM><OSCAR-CM>SiC</OSCAR-CM></OSCARCM><JJ>abrasive</JJ></MOLECULE><NN>paper</NN></NounPhrase></PrepPhrase><PrepPhrase><RP>up</RP><TO>to</TO><NounPhrase><CD>1500</CD><NN>grit</NN></NounPhrase></PrepPhrase></VerbPhrase><COMMA>,</COMMA><RB-CONJ>then</RB-CONJ><ActionPhrase type="Wash"><VerbPhrase><VB-WASH>rinsed</VB-WASH><PrepPhrase><IN-WITH>with</IN-WITH><NounPhrase><JJ-CHEM>distilled</JJ-CHEM><MOLECULE role="Solvent"><OSCARCM><OSCAR-CM>water</OSCAR-CM></OSCARCM></MOLECULE></NounPhrase></PrepPhrase></VerbPhrase></ActionPhrase><CC>and</CC><ActionPhrase type="Dry"><VerbPhrase><VB-DRY>dried</VB-DRY><PrepPhrase><IN-IN>in</IN-IN><NounPhrase><NN>air</NN><COMMA>,</COMMA><RB>eventually</RB><JJ>formed</JJ><JJ>rust</JJ><NN>spot</NN></NounPhrase></PrepPhrase><PrepPhrase><IN-ON>on</IN-ON><NounPhrase><DT-THE>the</DT-THE><NN>surface</NN></NounPhrase></PrepPhrase></VerbPhrase></ActionPhrase><STOP>.</STOP></Sentence></Document>
<?xml version="1.0" encoding="UTF-8"?>
<Document><Sentence><NounPhrase><NNP>Int</NNP></NounPhrase><STOP>.</STOP></Sentence></Document>
<?xml version="1.0" encoding="UTF-8"?>
<Document><Sentence><NounPhrase><PROCEDURE><NN-IDENTIFIER>J</NN-IDENTIFIER></PROCEDURE><STOP>.</STOP></NounPhrase></Sentence><Sentence><NounPhrase><NNP>Electrochem</NNP></NounPhrase><STOP>.</STOP></Sentence></Document>
<?xml version="1.0" encoding="UTF-8"?>
<Document><Sentence><NounPhrase><NNP>Sci</NNP></NounPhrase><STOP>.</STOP></Sentence><Sentence><Unmatched><COMMA>,</COMMA></Unmatched></Sentence></Document>
<?xml version="1.0" encoding="UTF-8"?>
<Document/>
<?xml version="1.0" encoding="UTF-8"?>
<Document><Sentence><ActionPhrase type="Synthesize"><NounPhrase><CD>11</CD><COMMA>,</COMMA><CD>2016</CD><CD>7068</CD><CD>2.2</CD><NN-SYNTHESIZE>Synthesis</NN-SYNTHESIZE><PrepPhrase><IN-OF>of</IN-OF><NounPhrase><NN>epoxy</NN><MOLECULE><OSCARCM><OSCAR-CM>phosphate</OSCAR-CM></OSCARCM><MIXTURE><_-LRB->(</_-LRB-><OSCARCM><OSCAR-CM>WEP</OSCAR-CM></OSCARCM><_-RRB->)</_-RRB-></MIXTURE></MOLECULE><NNP>Epoxy</NNP><MOLECULE><OSCARCM><OSCAR-CM>phosphate</OSCAR-CM></OSCARCM></MOLECULE></NounPhrase></PrepPhrase></NounPhrase></ActionPhrase><ActionPhrase type="Synthesize"><VerbPhrase><VBD>was</VBD><VB-SYNTHESIZE>synthesized</VB-SYNTHESIZE></VerbPhrase></ActionPhrase><VerbPhrase><IN-AS>as</IN-AS><RBR>earlier</RBR><VBN>reported</VBN></VerbPhrase><NounPhrase><UNNAMEDMOLECULE><REFERENCETOCOMPOUND><LSQB>[</LSQB><CD>24</CD><RSQB>]</RSQB></REFERENCETOCOMPOUND></UNNAMEDMOLECULE></NounPhrase><STOP>.</STOP></Sentence></Document>
<?xml version="1.0" encoding="UTF-8"?>
<Document><Sentence><ActionPhrase type="Dissolve"><NounPhrase><MOLECULE><OSCARCM><OSCAR-CM>Phosphoric</OSCAR-CM><OSCAR-CM>acid</OSCAR-CM></OSCARCM><QUANTITY><_-LRB->(</_-LRB-><MASS><CD>7.69</CD><NN-MASS>g</NN-MASS></MASS><_-RRB->)</_-RRB-></QUANTITY></MOLECULE></NounPhrase><VerbPhrase><VBD>was</VBD><VB-DISSOLVE>dissolved</VB-DISSOLVE><PrepPhrase><IN-IN>in</IN-IN><MOLECULE role="Solvent"><QUANTITY><VOLUME><CD>20</CD><NN-VOL>mL</NN-VOL></VOLUME></QUANTITY><OSCARCM><OSCAR-CM>acetone</OSCAR-CM></OSCARCM></MOLECULE></PrepPhrase></VerbPhrase></ActionPhrase><COMMA>,</COMMA><NounPhrase><MOLECULE><OSCARCM><OSCAR-CM>epoxy</OSCAR-CM></OSCARCM><NN-CHEMENTITY>resin</NN-CHEMENTITY></MOLECULE></NounPhrase><STOP>E44</STOP></Sentence><Sentence><ActionPhrase type="Dissolve"><NounPhrase><MIXTURE><_-LRB->(</_-LRB-><QUANTITY><MASS><CD>20</CD><NN-MASS>g</NN-MASS></MASS></QUANTITY><COMMA>,</COMMA><VB-DISSOLVE>dissolved</VB-DISSOLVE><IN-IN>in</IN-IN><MOLECULE><QUANTITY><VOLUME><CD>40</CD><NN-VOL>mL</NN-VOL></VOLUME></QUANTITY><OSCARCM><OSCAR-CM>acetone</OSCAR-CM></OSCARCM></MOLECULE><_-RRB->)</_-RRB-></MIXTURE></NounPhrase></ActionPhrase><ActionPhrase type="Add"><VerbPhrase><VBD>was</VBD><VB-ADD>added</VB-ADD><PrepPhrase><IN-INTO>into</IN-INTO><NounPhrase><DT-THE>the</DT-THE><MOLECULE><OSCARCM><OSCAR-CM>phosphoric</OSCAR-CM><OSCAR-CM>acid</OSCAR-CM></OSCARCM><NN-CHEMENTITY>solution</NN-CHEMENTITY></MOLECULE></NounPhrase></PrepPhrase></VerbPhrase><RB>dropwise</RB><Unmatched><_-LRB->(</_-LRB-></Unmatched><Unmatched><DT-THE>the</DT-THE></Unmatched><Unmatched><NN-MOLAR>molar</NN-MOLAR></Unmatched><NounPhrase><NN>ratio</NN><PrepPhrase><IN-OF>of</IN-OF><NounPhrase><MOLECULE><OSCARCM><OSCAR-CM>phosphoric</OSCAR-CM><OSCAR-CM>acid</OSCAR-CM></OSCARCM></MOLECULE><CC>and</CC><MOLECULE><OSCARCM><OSCAR-CM>epoxy</OSCAR-CM></OSCARCM></MOLECULE><NN>group</NN></NounPhrase></PrepPhrase></NounPhrase></ActionPhrase><VerbPhrase><VBZ>is</VBZ></VerbPhrase><NounPhrase><RATIO><CD>3</CD><COLON>:</COLON><CD>2.5</CD></RATIO></NounPhrase><Unmatched><_-RRB->)</_-RRB-></Unmatched><Unmatched><COMMA>,</COMMA></Unmatched><Unmatched><RB-CONJ>then</RB-CONJ></Unmatched><NounPhrase><DT-THE>the</DT-THE><NN-CHEMENTITY>mixture</NN-CHEMENTITY></NounPhrase><ActionPhrase type="Stir"><VerbPhrase><VBD>was</VBD><VB-STIR>stirred</VB-STIR><JJ>vigorous</JJ><PrepPhrase><IN>until</IN><NounPhrase><DT-THE>the</DT-THE><NN-CHEMENTITY>acid</NN-CHEMENTITY><NN>value</NN></NounPhrase></PrepPhrase></VerbPhrase></ActionPhrase><VerbPhrase><VBZ>remains</VBZ><JJ>unchanged</JJ></VerbPhrase><NounPhrase><MIXTURE><_-LRB->(</_-LRB-><MOLECULE><QUANTITY><MASS><CD>92.14</CD><NN-MASS>mg</NN-MASS></MASS></QUANTITY><OSCARCM><OSCAR-CM>KOH/g</OSCAR-CM></OSCARCM></MOLECULE><_-RRB->)</_-RRB-></MIXTURE></NounPhrase><STOP>.</STOP></Sentence></Document>
<?xml version="1.0" encoding="UTF-8"?>
<Document><Sentence><ActionPhrase type="Add"><Unmatched><IN-AFTER>After</IN-AFTER></Unmatched><Unmatched><DT>that</DT></Unmatched><Unmatched><COMMA>,</COMMA></Unmatched><NounPhrase><MOLECULE><OSCARCM><OSCAR-CM>triethylamine</OSCAR-CM></OSCARCM><QUANTITY><_-LRB->(</_-LRB-><MASS><CD>11.90</CD><NN-MASS>g</NN-MASS></MASS><_-RRB->)</_-RRB-></QUANTITY></MOLECULE><CC>and</CC><MOLECULE><OSCARCM><OSCAR-CM>water</OSCAR-CM></OSCARCM></MOLECULE></NounPhrase><VerbPhrase><VBD>were</VBD><VB-ADD>added</VB-ADD><PrepPhrase><IN-INTO>into</IN-INTO><NounPhrase><DT-THE>the</DT-THE><NN-CHEMENTITY>solution</NN-CHEMENTITY></NounPhrase></PrepPhrase></VerbPhrase><RB>dropwise</RB></ActionPhrase><STOP>.</STOP></Sentence></Document>
<?xml version="1.0" encoding="UTF-8"?>
<Document><Sentence><ActionPhrase type="Synthesize"><Unmatched><IN-AFTER>After</IN-AFTER></Unmatched><PrepPhrase><JJ>complete</JJ><IN-OF>of</IN-OF><NounPhrase><DT-THE>the</DT-THE><NN-SYNTHESIZE>reaction</NN-SYNTHESIZE><COMMA>,</COMMA><MOLECULE><OSCARCM><OSCAR-CM>acetone</OSCAR-CM></OSCARCM></MOLECULE></NounPhrase></PrepPhrase></ActionPhrase><ActionPhrase type="Remove"><VerbPhrase><VBD>was</VBD><VB-REMOVE>removed</VB-REMOVE><PrepPhrase><IN>through</IN><NounPhrase><JJ>rotary</JJ><NN-REMOVE>evaporator</NN-REMOVE></NounPhrase></PrepPhrase></VerbPhrase></ActionPhrase><COMMA>,</COMMA><RB-CONJ>then</RB-CONJ><NounPhrase><PRP>we</PRP></NounPhrase><VerbPhrase><VBD>got</VBD></VerbPhrase><NounPhrase><DT-THE>the</DT-THE><NN>emulsion</NN><CC>and</CC><NN-STATE>solid</NN-STATE><NN>content</NN><PrepPhrase><IN-OF>of</IN-OF><NounPhrase><DT-THE>the</DT-THE><NN>emulsion</NN></NounPhrase></PrepPhrase></NounPhrase><VerbPhrase><VBZ>is</VBZ></VerbPhrase><NounPhrase><QUANTITY><PERCENT><CD>40</CD><NN>wt</NN><NN-PERCENT>%</NN-PERCENT></PERCENT></QUANTITY></NounPhrase><STOP>.</STOP></Sentence></Document>
<?xml version="1.0" encoding="UTF-8"?>
<Document><Sentence><NounPhrase><PROCEDURE><CD>2.3</CD></PROCEDURE><STOP>.</STOP></NounPhrase></Sentence></Document>
<?xml version="1.0" encoding="UTF-8"?>
<Document><Sentence><ActionPhrase type="Synthesize"><NounPhrase><NN-SYNTHESIZE>Preparation</NN-SYNTHESIZE><PrepPhrase><IN-OF>of</IN-OF><NounPhrase><DT-THE>the</DT-THE><NN>epoxy</NN><MOLECULE><OSCARCM><OSCAR-CM>phosphate</OSCAR-CM></OSCARCM></MOLECULE></NounPhrase></PrepPhrase></NounPhrase></ActionPhrase><VerbPhrase><VBN>modified</VBN></VerbPhrase><NounPhrase><MOLECULE><OSCARCM><OSCAR-CM>epoxy</OSCAR-CM></OSCARCM></MOLECULE><NN>coating</NN><QUANTITY><MASS><CD>0.25</CD><NN-MASS>g</NN-MASS></MASS></QUANTITY><NN>epoxy</NN><MOLECULE><OSCARCM><OSCAR-CM>phosphate</OSCAR-CM></OSCARCM></MOLECULE><NN>emulsion</NN><QUANTITY><_-LRB->(</_-LRB-><PERCENT><CD>5</CD><NN>wt</NN><NN-PERCENT>%</NN-PERCENT></PERCENT><_-RRB->)</_-RRB-></QUANTITY><CC>and</CC><QUANTITY><MASS><CD>0.9</CD><NN-MASS>g</NN-MASS></MASS></QUANTITY><NN>curing</NN><NN>agent</NN></NounPhrase><ActionPhrase type="Stir"><VerbPhrase><VBD>were</VBD><VB-STIR>stirred</VB-STIR><PrepPhrase><IN-WITH>with</IN-WITH><NounPhrase><NN-STATE>glass</NN-STATE><NN>rod</NN></NounPhrase></PrepPhrase></VerbPhrase></ActionPhrase><STOP>.</STOP></Sentence></Document>
<?xml version="1.0" encoding="UTF-8"?>
<Document><Sentence><ActionPhrase type="Add"><Unmatched><RB-CONJ>Then</RB-CONJ></Unmatched><NounPhrase><QUANTITY><MASS><CD>5</CD><NN-MASS>g</NN-MASS></MASS></QUANTITY><NN>epoxy</NN><NN-CHEMENTITY>resin</NN-CHEMENTITY><NN>emulsion</NN><NN>dispersion</NN></NounPhrase><VerbPhrase><VBD>was</VBD><VB-ADD>added</VB-ADD><PrepPhrase><TO>to</TO><NounPhrase><DT-THE>the</DT-THE><NN-CHEMENTITY>mixture</NN-CHEMENTITY></NounPhrase></PrepPhrase></VerbPhrase></ActionPhrase><CC>and</CC><ActionPhrase type="Stir"><NounPhrase><DT-THE>the</DT-THE><NN>system</NN></NounPhrase><VerbPhrase><VBD>was</VBD><VB-STIR>stirred</VB-STIR><PrepPhrase><IN>at</IN><NounPhrase><DT>a</DT><JJ>high</JJ><NN>speed</NN></NounPhrase></PrepPhrase><TimePhrase><IN-FOR>for</IN-FOR><CD>20</CD><NN-TIME>min</NN-TIME></TimePhrase></VerbPhrase></ActionPhrase><STOP>.</STOP></Sentence></Document>
<?xml version="1.0" encoding="UTF-8"?>
<Document><Sentence><NounPhrase><DT-THE>The</DT-THE><NN-STATE>liquid</NN-STATE><NN>coating</NN></NounPhrase><VerbPhrase><VBD>was</VBD><VBN>applied</VBN><PrepPhrase><IN>onto</IN><NounPhrase><DT-THE>the</DT-THE><MOLECULE><OSCARCM><OSCAR-CM>Q235</OSCAR-CM></OSCARCM><JJ>rusty</JJ></MOLECULE><JJ-CHEM>steel</JJ-CHEM><NN>surface</NN></NounPhrase></PrepPhrase><PrepPhrase><IN-WITH>with</IN-WITH><NounPhrase><DT>a</DT><JJ>10#</JJ><MIXTURE><_-LRB->(</_-LRB-><CD>50</CD><NN>µm</NN><_-RRB->)</_-RRB-></MIXTURE><NN>wire</NN><NN>rod</NN></NounPhrase></PrepPhrase></VerbPhrase><STOP>.</STOP></Sentence></Document>
<?xml version="1.0" encoding="UTF-8"?>
<Document><Sentence><ActionPhrase type="Wait"><Unmatched><RB-CONJ>Then</RB-CONJ></Unmatched><NounPhrase><NNS>coatings</NNS></NounPhrase><VerbPhrase><VBD>were</VBD><VBN>cured</VBN><TempPhrase><IN>at</IN><NN-TEMP>room</NN-TEMP><NN-TEMP>temperature</NN-TEMP></TempPhrase><TimePhrase><IN-FOR>for</IN-FOR><CD>1</CD><NN-TIME>h</NN-TIME></TimePhrase></VerbPhrase></ActionPhrase><CC>and</CC><RB-CONJ>then</RB-CONJ><ActionPhrase type="Wait"><NounPhrase><JJ>baked</JJ><PRP>them</PRP></NounPhrase><PrepPhrase><IN-IN>in</IN-IN><NounPhrase><NN-VACUUM>vacuum</NN-VACUUM><APPARATUS><NN-APPARATUS>oven</NN-APPARATUS></APPARATUS></NounPhrase></PrepPhrase><TempPhrase><IN>at</IN><CD>80</CD><NN-TEMP>°C</NN-TEMP></TempPhrase><TimePhrase><IN-FOR>for</IN-FOR><CD>5</CD><NN-TIME>h</NN-TIME></TimePhrase></ActionPhrase><STOP>.</STOP></Sentence><Sentence><NounPhrase><DT-THE>The</DT-THE><JJ-CHEM>coating</JJ-CHEM><NN>thickness</NN></NounPhrase><VerbPhrase><VBD>was</VBD></VerbPhrase><NounPhrase><CD>25±2</CD><NN>µm</NN></NounPhrase><STOP>.</STOP></Sentence></Document>
<?xml version="1.0" encoding="UTF-8"?>
<Document><Sentence><ActionPhrase type="Synthesize"><PrepPhrase><IN-FOR>For</IN-FOR><NounPhrase><NN>comparison</NN></NounPhrase></PrepPhrase><COMMA>,</COMMA><NounPhrase><DT-THE>the</DT-THE><JJ>pure</JJ><MOLECULE><OSCARCM><OSCAR-CM>epoxy</OSCAR-CM></OSCARCM></MOLECULE><NN>coating</NN></NounPhrase><VerbPhrase><VBD>was</VBD><VB-SYNTHESIZE>prepared</VB-SYNTHESIZE><PrepPhrase><IN-IN>in</IN-IN><NounPhrase><DT>a</DT><JJ>similar</JJ><NN>way</NN></NounPhrase></PrepPhrase></VerbPhrase></ActionPhrase><STOP>.</STOP></Sentence></Document>
<?xml version="1.0" encoding="UTF-8"?>
<Document><Sentence><NounPhrase><CD>2.4</CD><NNP>Characterizations</NNP><NNP>Fourier</NNP></NounPhrase><VerbPhrase><VB>transform</VB><VBN>infrared</VBN></VerbPhrase><NounPhrase><MIXTURE><_-LRB->(</_-LRB-><NNP>FTIR</NNP><_-RRB->)</_-RRB-></MIXTURE><NN>spectra</NN></NounPhrase><VerbPhrase><VBD>were</VBD><VBN>performed</VBN><PrepPhrase><IN-ON>on</IN-ON><NounPhrase><NN>spectrometer</NN><MIXTURE><_-LRB->(</_-LRB-><MOLECULE><OSCARCM><OSCAR-CM>NICOLET</OSCAR-CM></OSCARCM><REFERENCETOCOMPOUND><CD>6700</CD></REFERENCETOCOMPOUND></MOLECULE><COMMA>,</COMMA><NNP>Thermo</NNP><_-RRB->)</_-RRB-></MIXTURE></NounPhrase></PrepPhrase></VerbPhrase><VerbPhrase><IN-BY>by</IN-BY><VBG>collecting</VBG></VerbPhrase><NounPhrase><CD>32</CD><NNS>scans</NNS></NounPhrase><PrepPhrase><IN>at</IN><NounPhrase><DT>a</DT><JJ>spectral</JJ><NN>resolution</NN><PrepPhrase><IN-OF>of</IN-OF><NounPhrase><CD>4</CD><NN>cm</NN><CD>-1</CD></NounPhrase></PrepPhrase></NounPhrase></PrepPhrase><STOP>.</STOP></Sentence></Document>
<?xml version="1.0" encoding="UTF-8"?>
<Document><Sentence><NounPhrase><DT-THE>The</DT-THE><NN>morphology</NN><PrepPhrase><IN-OF>of</IN-OF><NounPhrase><DT-THE>the</DT-THE><NNS>coatings</NNS></NounPhrase></PrepPhrase></NounPhrase><VerbPhrase><VBD>was</VBD><VBN>examined</VBN><VB-USE>using</VB-USE></VerbPhrase><NounPhrase><NNP>FEI</NNP><NNP>Quanta</NNP><NNP>FEG</NNP><CD>250</CD><NN>scanning</NN><NN>electron</NN><NN>microscope</NN><MIXTURE><_-LRB->(</_-LRB-><NNP>SEM</NNP><_-RRB->)</_-RRB-></MIXTURE></NounPhrase><STOP>.</STOP></Sentence></Document>
<?xml version="1.0" encoding="UTF-8"?>
<Document><Sentence><NounPhrase><DT-THE>The</DT-THE><NN>anticorrosion</NN><NNS>performances</NNS><PrepPhrase><IN-OF>of</IN-OF><NounPhrase><NNS>coatings</NNS></NounPhrase></PrepPhrase></NounPhrase><VerbPhrase><VBD>were</VBD><VBN>evaluated</VBN><PrepPhrase><IN-ON>on</IN-ON><NounPhrase><MOLECULE><OSCARCM><OSCAR-CM>CHI-660E</OSCAR-CM></OSCARCM><JJ>electrochemical</JJ></MOLECULE><NN>system</NN><CC>and</CC><OSCAR-CJ>aqueous</OSCAR-CJ><MOLECULE><QUANTITY><PERCENT><CD>3.5</CD><NN>wt</NN><NN-PERCENT>%</NN-PERCENT></PERCENT></QUANTITY><OSCARCM><OSCAR-CM>NaCl</OSCAR-CM></OSCARCM></MOLECULE></NounPhrase></PrepPhrase></VerbPhrase><VerbPhrase><VBD>was</VBD><VBN>used</VBN><PrepPhrase><IN-AS>as</IN-AS><NounPhrase><JJ>corrosive</JJ><NN>medium</NN></NounPhrase></PrepPhrase></VerbPhrase><STOP>.</STOP></Sentence></Document>
<?xml version="1.0" encoding="UTF-8"?>
<Document><Sentence><NounPhrase><JJ>Test</JJ><NN>system</NN></NounPhrase><VerbPhrase><VBD>consisted</VBD><PrepPhrase><IN-OF>of</IN-OF><NounPhrase><CD>three</CD><NNS>electrodes</NNS></NounPhrase></PrepPhrase></VerbPhrase><Unmatched><_-LRB->(</_-LRB-></Unmatched><NounPhrase><JJ-CHEM>saturated</JJ-CHEM><JJ-CHEM>calomel</JJ-CHEM><NN>electrode</NN><MIXTURE><_-LRB->(</_-LRB-><NNP>SCE</NNP><_-RRB->)</_-RRB-></MIXTURE></NounPhrase><PrepPhrase><IN-AS>as</IN-AS><NounPhrase><NN>reference</NN><NN>electrode</NN><COMMA>,</COMMA><MOLECULE><OSCARCM><OSCAR-CM>platinum</OSCAR-CM></OSCARCM></MOLECULE><NN>plate</NN><PrepPhrase><IN-OF>of</IN-OF><NounPhrase><CD>2.5</CD><NN>cm</NN><CD>2</CD></NounPhrase></PrepPhrase></NounPhrase></PrepPhrase><PrepPhrase><IN-AS>as</IN-AS><NounPhrase><NN>counter</NN><NN>electrode</NN><CC>and</CC><JJ>coated</JJ><JJ>rusty</JJ><NN>steel</NN></NounPhrase></PrepPhrase><VerbPhrase><VBD>was</VBD><VBN>used</VBN><PrepPhrase><IN-AS>as</IN-AS><NounPhrase><NN>work</NN><NN>electrode</NN></NounPhrase></PrepPhrase></VerbPhrase><COMMA>,</COMMA><Unmatched><RB>respectively</RB></Unmatched><Unmatched><_-RRB->)</_-RRB-></Unmatched><STOP>.</STOP></Sentence></Document>
<?xml version="1.0" encoding="UTF-8"?>
<Document><Sentence><NounPhrase><JJ>Test</JJ><JJ-CHEM>frequency</JJ-CHEM><NN>range</NN></NounPhrase><VerbPhrase><VBD>was</VBD><PrepPhrase><IN>from10</IN><NounPhrase><CD>5</CD></NounPhrase></PrepPhrase><PrepPhrase><TO>to</TO><NounPhrase><CD>10</CD><CD>-2</CD><NNP>Hz</NNP></NounPhrase></PrepPhrase></VerbPhrase><CC>and</CC><NounPhrase><DT-THE>the</DT-THE><NN>amplitude</NN><PrepPhrase><IN-OF>of</IN-OF><NounPhrase><DT-THE>the</DT-THE><JJ>sinusoidal</JJ><JJ-CHEM>voltage</JJ-CHEM><NN>signal</NN></NounPhrase></PrepPhrase></NounPhrase><VerbPhrase><VBD>was</VBD><PrepPhrase><IN-FROM>from</IN-FROM><NounPhrase><CD>20</CD></NounPhrase></PrepPhrase><PrepPhrase><TO>to</TO><NounPhrase><CD>50</CD><NNP>mV</NNP></NounPhrase></PrepPhrase><PrepPhrase><IN-FOR>for</IN-FOR><NounPhrase><JJ>electrochemical</JJ><JJ-CHEM>impedance</JJ-CHEM><NN>spectroscopy</NN><MIXTURE><_-LRB->(</_-LRB-><NNP>EIS</NNP><_-RRB->)</_-RRB-></MIXTURE></NounPhrase></PrepPhrase></VerbPhrase><COMMA>,</COMMA><Unmatched><DT>All</DT></Unmatched><NounPhrase><DT-THE>the</DT-THE><NNS>samples</NNS></NounPhrase><VerbPhrase><VBD>were</VBD><VB-IMMERSE>immersed</VB-IMMERSE><PrepPhrase><IN-IN>in</IN-IN><MOLECULE><QUANTITY><PERCENT><CD>3.5</CD><NN>wt</NN><NN-PERCENT>%</NN-PERCENT></PERCENT></QUANTITY><OSCARCM><OSCAR-CM>NaCl</OSCAR-CM></OSCARCM><OSCAR-CJ>aqueous</OSCAR-CJ></MOLECULE></PrepPhrase><PrepPhrase><IN-WITH>with</IN-WITH><NounPhrase><DT-THE>the</DT-THE><JJ>same</JJ><NN-TIME>time</NN-TIME></NounPhrase></PrepPhrase></VerbPhrase><CC>and</CC><RB-CONJ>then</RB-CONJ><NounPhrase><NN>polarization</NN><NNS>curves</NNS></NounPhrase><VerbPhrase><VBD>were</VBD><VBN>tested</VBN><PrepPhrase><IN-WITH>with</IN-WITH><NounPhrase><JJ>scan</JJ><NN>rate</NN><PrepPhrase><IN-OF>of</IN-OF><NounPhrase><CD>0.5</CD><NNP>mV/s</NNP><COMMA>,</COMMA><JJ>scan</JJ><NN>range</NN></NounPhrase></PrepPhrase></NounPhrase></PrepPhrase></VerbPhrase><VerbPhrase><VBD>was</VBD></VerbPhrase><NounPhrase><CD>-200-200</CD><NNP>mV</NNP><NN>vs</NN></NounPhrase><STOP>.</STOP></Sentence><Sentence><NounPhrase><FW>OCP</FW></NounPhrase><STOP>.</STOP></Sentence></Document>
<?xml version="1.0" encoding="UTF-8"?>
<Document><Sentence><NounPhrase><PROCEDURE><CD>3</CD></PROCEDURE><STOP>.</STOP></NounPhrase></Sentence></Document>
<?xml version="1.0" encoding="UTF-8"?>
<Document/>
