<?xml version="1.0" encoding="UTF-8"?>
<Document><Sentence><NounPhrase><JJ>EXPERIMENTAL</JJ><JJ>Galvanized</JJ><NN>steel</NN><NNS>plates</NNS></NounPhrase><VerbPhrase><VBD>were</VBD><VBN>employed</VBN><PrepPhrase><IN-AS>as</IN-AS><NounPhrase><JJ>metallic</JJ><NN>substrates</NN></NounPhrase></PrepPhrase></VerbPhrase><STOP>.</STOP></Sentence></Document>
<?xml version="1.0" encoding="UTF-8"?>
<Document><Sentence><ActionPhrase type="Wash"><NounPhrase><NN-CHEMENTITY>Metal</NN-CHEMENTITY><NNS>surfaces</NNS></NounPhrase><VerbPhrase><VBD>were</VBD><RB>carefully</RB><VB-WASH>washed</VB-WASH><PrepPhrase><IN-IN>in</IN-IN><MOLECULE><OSCARCM><OSCAR-CM>acetone</OSCAR-CM></OSCARCM></MOLECULE></PrepPhrase></VerbPhrase></ActionPhrase><COMMA>,</COMMA><ActionPhrase type="Dry"><NounPhrase><MOLECULE><OSCARCM><OSCAR-CM>ethanol</OSCAR-CM></OSCARCM></MOLECULE><CC>and</CC><RB>doubly</RB><JJ-CHEM>distilled</JJ-CHEM><MOLECULE><OSCARCM><OSCAR-CM>water</OSCAR-CM></OSCARCM></MOLECULE></NounPhrase><COMMA>,</COMMA><CC>and</CC><RB-CONJ>then</RB-CONJ><VerbPhrase><VB-DRY>dried</VB-DRY></VerbPhrase></ActionPhrase><RB-CONJ>prior</RB-CONJ><PrepPhrase><TO>to</TO><NounPhrase><DT-THE>the</DT-THE><JJ-CHEM>coating</JJ-CHEM><NN>process</NN></NounPhrase></PrepPhrase><STOP>.</STOP></Sentence></Document>
<?xml version="1.0" encoding="UTF-8"?>
<Document><Sentence><NounPhrase><CD>Three</CD><JJ>commercial</JJ><NN>paint</NN><NNS>systems</NNS></NounPhrase><PrepPhrase><IN-FROM>from</IN-FROM><NounPhrase><NNP>Sigma</NNP><NNP>Coatings</NNP><NNP>B.V</NNP></NounPhrase></PrepPhrase><STOP>.</STOP></Sentence><Sentence><Unmatched><_-LRB->(</_-LRB-></Unmatched><NounPhrase><NNP>Amsterdam</NNP></NounPhrase><COMMA>,</COMMA><NounPhrase><DT-THE>The</DT-THE><NNP>Netherlands</NNP></NounPhrase><Unmatched><_-RRB->)</_-RRB-></Unmatched><VerbPhrase><VBD>were</VBD><VBN>considered</VBN></VerbPhrase><COMMA>,</COMMA><CC>and</CC><NounPhrase><PRP>they</PRP></NounPhrase><VerbPhrase><VBP>are</VBP><VBN>given</VBN><PrepPhrase><IN-IN>in</IN-IN><NounPhrase><NNP-LABEL>Table</NNP-LABEL></NounPhrase></PrepPhrase><PrepPhrase><IN>1.The</IN><NounPhrase><NNS>samples</NNS></NounPhrase></PrepPhrase></VerbPhrase><VerbPhrase><VBD>were</VBD></VerbPhrase><NounPhrase><NN>spray</NN></NounPhrase><VerbPhrase><VBN>painted</VBN></VerbPhrase><COMMA>,</COMMA><CC>and</CC><RB-CONJ>then</RB-CONJ><VerbPhrase><VBD>allowed</VBD></VerbPhrase><VerbPhrase><TO>to</TO><VB>cure</VB><TempPhrase><IN>at</IN><NN-TEMP>room</NN-TEMP><NN-TEMP>temperature</NN-TEMP></TempPhrase></VerbPhrase><CC>and</CC><ActionPhrase type="Wait"><NounPhrase><NN>humidity</NN></NounPhrase><TimePhrase><IN-FOR>for</IN-FOR><CD>five</CD><NN-TIME>days</NN-TIME></TimePhrase></ActionPhrase><RB-CONJ>prior</RB-CONJ><PrepPhrase><TO>to</TO><NounPhrase><NN>testing</NN></NounPhrase></PrepPhrase><STOP>.</STOP></Sentence></Document>
<?xml version="1.0" encoding="UTF-8"?>
<Document><Sentence><NounPhrase><DT-THE>The</DT-THE><NN>thickness</NN><PrepPhrase><IN-OF>of</IN-OF><NounPhrase><DT-THE>the</DT-THE><JJ-CHEM>dry</JJ-CHEM><NNS>coatings</NNS></NounPhrase></PrepPhrase></NounPhrase><VerbPhrase><VBD>was</VBD><VBN>measured</VBN><PrepPhrase><IN-WITH>with</IN-WITH><NounPhrase><DT>a</DT><NNP>Mega-Check</NNP><NNP>FN</NNP><NNP>Coating-Thickness-meter</NNP><MIXTURE><_-LRB->(</_-LRB-><VB>List-Magnetik</VB><NNP>GmbH</NNP><COMMA>,</COMMA><NNP>Germany</NNP><_-RRB->)</_-RRB-></MIXTURE></NounPhrase></PrepPhrase></VerbPhrase><STOP>.</STOP></Sentence></Document>
<?xml version="1.0" encoding="UTF-8"?>
<Document><Sentence><NounPhrase><CaptionLabel><NNP-LABEL>Table</NNP-LABEL><CD>1</CD></CaptionLabel></NounPhrase><STOP>.</STOP></Sentence></Document>
<?xml version="1.0" encoding="UTF-8"?>
<Document><Sentence><NounPhrase><NNP>Characteristics</NNP><PrepPhrase><IN-OF>of</IN-OF><NounPhrase><DT-THE>the</DT-THE><NNS>coatings</NNS><CC>and</CC><NN>convention</NN></NounPhrase></PrepPhrase></NounPhrase><PrepPhrase><IN-FOR>for</IN-FOR><NounPhrase><NN>reference</NN></NounPhrase></PrepPhrase><PrepPhrase><IN-IN>in</IN-IN><NounPhrase><DT-THE>the</DT-THE><NN>text</NN></NounPhrase></PrepPhrase><STOP>.</STOP></Sentence></Document>
<?xml version="1.0" encoding="UTF-8"?>
<Document><Sentence><NounPhrase><NN>Paint</NN><NN>system</NN></NounPhrase><NounPhrase><DT>A</DT><JJ-CHEM>Paint</JJ-CHEM><NN>system</NN><NNP>B</NNP><NNP>Paint</NNP><NN>system</NN><NNP>C</NNP><NNP>Primer</NNP><JJ-CHEM>Polyamide-Epoxy</JJ-CHEM><CITATION><_-LRB->(</_-LRB-><NNP>Sigmacover</NNP><CD>280</CD><_-RRB->)</_-RRB-></CITATION><JJ-CHEM>Polyamide-Epoxy</JJ-CHEM><CITATION><_-LRB->(</_-LRB-><NNP>Sigmacover</NNP><CD>280</CD><_-RRB->)</_-RRB-></CITATION><JJ-CHEM>Polyamide-Epoxy</JJ-CHEM><CITATION><_-LRB->(</_-LRB-><NNP>Sigmacover</NNP><CD>280</CD><_-RRB->)</_-RRB-></CITATION><JJ-CHEM>Sealing-Polyamide-Epoxy</JJ-CHEM><CITATION><_-LRB->(</_-LRB-><NNP>Sigmacover</NNP><CD>435</CD><_-RRB->)</_-RRB-></CITATION><JJ-CHEM>Polyamide-Epoxy</JJ-CHEM><CITATION><_-LRB->(</_-LRB-><NNP>Sigmacover</NNP><CD>435</CD><_-RRB->)</_-RRB-></CITATION><JJ-CHEM>Topcoat--Polyurethane-aliphatic</JJ-CHEM><MIXTURE><_-LRB->(</_-LRB-><JJ>Sigmadur</JJ><CD>550</CD><_-RRB->)</_-RRB-></MIXTURE><JJ>Total</JJ><NN>thickness</NN><MIXTURE><_-LRB->(</_-LRB-><NN>µm</NN><_-RRB->)</_-RRB-></MIXTURE><CD>60</CD><CD>185</CD><CD>244</CD></NounPhrase><NounPhrase><DT-THE>The</DT-THE><JJ-CHEM>test</JJ-CHEM><NN-CHEMENTITY>solution</NN-CHEMENTITY></NounPhrase><VerbPhrase><VBD>was</VBD></VerbPhrase><NounPhrase><DT>a</DT><MOLECULE><QUANTITY><PERCENT><CD>3</CD><NN>wt.</NN><NN-PERCENT>%</NN-PERCENT></PERCENT></QUANTITY><OSCARCM><OSCAR-CM>NaCl</OSCAR-CM></OSCARCM><OSCAR-CJ>aqueous</OSCAR-CJ><NN-CHEMENTITY>solution</NN-CHEMENTITY></MOLECULE></NounPhrase><COMMA>,</COMMA><PrepPhrase><JJ>open</JJ><TO>to</TO><NounPhrase><NN>air</NN></NounPhrase></PrepPhrase><COMMA>,</COMMA><VerbPhrase><VBD>held</VBD><TempPhrase><IN>at</IN><NN-TEMP>room</NN-TEMP><NN-TEMP>temperature</NN-TEMP></TempPhrase></VerbPhrase><STOP>.</STOP></Sentence></Document>
<?xml version="1.0" encoding="UTF-8"?>
<Document><Sentence><NounPhrase><DT-THE>The</DT-THE><NN-TIME>time</NN-TIME><PrepPhrase><IN-OF>of</IN-OF><NounPhrase><NN>exposure</NN></NounPhrase></PrepPhrase></NounPhrase><VerbPhrase><VBD>was</VBD><VBG>ca.</VBG></VerbPhrase></Sentence></Document>
<?xml version="1.0" encoding="UTF-8"?>
<Document><Sentence><NounPhrase><CD>40</CD><NN-TIME>hours</NN-TIME><COMMA>,</COMMA><WDT>which</WDT></NounPhrase><VerbPhrase><VBD>was</VBD><RB>long</RB><RB>enough</RB><PrepPhrase><IN-FOR>for</IN-FOR><NounPhrase><DT-THE>the</DT-THE><MOLECULE><OSCARCM><OSCAR-CM>water</OSCAR-CM></OSCARCM></MOLECULE><PROCEDURE><NN>saturation</NN><NN-METHOD>stage</NN-METHOD></PROCEDURE></NounPhrase></PrepPhrase></VerbPhrase><VerbPhrase><TO>to</TO><VB>be</VB><VBN>attained</VBN></VerbPhrase><Unmatched><IN-BY>by</IN-BY></Unmatched><Unmatched><DT>all</DT></Unmatched><NounPhrase><DT-THE>the</DT-THE><NN>paint</NN><NNS>systems</NNS></NounPhrase><STOP>.</STOP></Sentence></Document>
<?xml version="1.0" encoding="UTF-8"?>
<Document><Sentence><NounPhrase><DT>A</DT><CD>three-electrode</CD><NN>cell</NN><NN>arrangement</NN></NounPhrase><VerbPhrase><VBD>was</VBD><VBN>used</VBN><PrepPhrase><IN-IN>in</IN-IN><NounPhrase><DT-THE>the</DT-THE><NN>experiments</NN></NounPhrase></PrepPhrase></VerbPhrase><STOP>.</STOP></Sentence></Document>
<?xml version="1.0" encoding="UTF-8"?>
<Document><Sentence><NounPhrase><DT-THE>The</DT-THE><JJ>electrochemical</JJ><NN>cell</NN></NounPhrase><VerbPhrase><VBD>was</VBD></VerbPhrase><ActionPhrase type="Yield"><VerbPhrase><DT>a</DT><JJ-CHEM>flat-cell</JJ-CHEM><VB-YIELD>provided</VB-YIELD><PrepPhrase><IN-WITH>with</IN-WITH><NounPhrase><DT>a</DT><RB>sufficiently</RB><JJ>large</JJ><JJ>stainless</JJ><JJ-CHEM>steel</JJ-CHEM><NN>counter</NN><NN>electrode</NN><WDT>that</WDT></NounPhrase></PrepPhrase></VerbPhrase></ActionPhrase><VerbPhrase><VBD>was</VBD><VBN>positioned</VBN><RB>parallel</RB><PrepPhrase><TO>to</TO><NounPhrase><DT-THE>the</DT-THE><CD>13</CD><NN>cm</NN><CD>2</CD><JJ>working</JJ><NN>electrode</NN><NN>surface</NN></NounPhrase></PrepPhrase></VerbPhrase><STOP>.</STOP></Sentence></Document>
<?xml version="1.0" encoding="UTF-8"?>
<Document><Sentence><NounPhrase><DT>A</DT><JJ-CHEM>saturated</JJ-CHEM><JJ-CHEM>calomel</JJ-CHEM><NN>electrode</NN><MIXTURE><_-LRB->(</_-LRB-><NNP>SCE</NNP><_-RRB->)</_-RRB-></MIXTURE></NounPhrase><VerbPhrase><VBD>was</VBD><VBN>employed</VBN><PrepPhrase><IN-AS>as</IN-AS><NounPhrase><NN>reference</NN><NN>electrode</NN></NounPhrase></PrepPhrase></VerbPhrase><STOP>.</STOP></Sentence></Document>
<?xml version="1.0" encoding="UTF-8"?>
<Document><Sentence><NounPhrase><NNP>Electrochemical</NNP><NN>impedance</NN><NN>spectroscopy</NN><NNS>data</NNS></NounPhrase><VerbPhrase><VBD>were</VBD><VBN>acquired</VBN><VB-USE>using</VB-USE></VerbPhrase><NounPhrase><DT>a</DT><JJ-CHEM>computer-controlled</JJ-CHEM><NNP>EG&amp;G</NNP><NNP>Model</NNP><CD>5210</CD></NounPhrase><PrepPhrase><IN-IN>lock-in</IN-IN><NounPhrase><NN>amplifier</NN></NounPhrase></PrepPhrase><VerbPhrase><VBN>connected</VBN><PrepPhrase><IN-WITH>with</IN-WITH><NounPhrase><DT>an</DT><NNP>EG&amp;G</NNP><NNP>Model</NNP><UNNAMEDMOLECULE><REFERENCETOCOMPOUND><CD-ALPHANUM>283A</CD-ALPHANUM></REFERENCETOCOMPOUND></UNNAMEDMOLECULE><NN>potentiostat</NN></NounPhrase></PrepPhrase></VerbPhrase><STOP>.</STOP></Sentence></Document>
<?xml version="1.0" encoding="UTF-8"?>
<Document><Sentence><NounPhrase><DT-THE>The</DT-THE><JJ-CHEM>impedance</JJ-CHEM><NN>spectra</NN></NounPhrase><VerbPhrase><VBD>contained</VBD></VerbPhrase><NounPhrase><CD>10</CD><NNS>points</NNS><MIXTURE><_-LRB->(</_-LRB-><JJ>logarithmic</JJ><NN>spaced</NN><_-RRB->)</_-RRB-></MIXTURE></NounPhrase><PrepPhrase><IN-IN>in</IN-IN><NounPhrase><DT-THE>the</DT-THE><JJ-CHEM>frequency</JJ-CHEM><NN>range</NN><PrepPhrase><IN-OF>of</IN-OF><NounPhrase><CD>50</CD><NNP>kHz</NNP></NounPhrase></PrepPhrase></NounPhrase></PrepPhrase><Unmatched><DASH>-</DASH></Unmatched><NounPhrase><CD>0.5</CD><NNP>kHz</NNP></NounPhrase><COMMA>,</COMMA><VerbPhrase><VB-USE>using</VB-USE></VerbPhrase><NounPhrase><DT>a</DT><CD>15</CD><NNP>mV</NNP><NN>amplitude</NN><PrepPhrase><IN-OF>of</IN-OF><NounPhrase><JJ>sinusoidal</JJ><NN>voltage</NN></NounPhrase></PrepPhrase></NounPhrase><STOP>.</STOP></Sentence></Document>
<?xml version="1.0" encoding="UTF-8"?>
<Document><Sentence><NounPhrase><DT-THE>The</DT-THE><JJ-CHEM>data</JJ-CHEM><NN>quality</NN><NN>acquisition</NN></NounPhrase><VerbPhrase><VBD>was</VBD><VBN>established</VBN><PrepPhrase><IN-IN>in</IN-IN><NounPhrase><CYCLES><CD>four</CD><NN-CYCLE>cycles</NN-CYCLE></CYCLES></NounPhrase></PrepPhrase><PrepPhrase><IN>at</IN><NounPhrase><DT>each</DT><NN>frequency</NN></NounPhrase></PrepPhrase></VerbPhrase><COMMA>,</COMMA><ActionPhrase type="Yield"><VerbPhrase><RB>thus</RB><VB-YIELD>providing</VB-YIELD><JJ>good</JJ></VerbPhrase><NounPhrase><NN>signal-to-noise</NN><NNS>ratios</NNS></NounPhrase><PrepPhrase><IN>at</IN><NounPhrase><DT>all</DT><NN>frequencies</NN></NounPhrase></PrepPhrase></ActionPhrase><STOP>.</STOP></Sentence></Document>
<?xml version="1.0" encoding="UTF-8"?>
<Document><Sentence><NounPhrase><DT-THE>The</DT-THE><NN>software</NN></NounPhrase><VerbPhrase><VBD>used</VBD></VerbPhrase><VerbPhrase><TO>to</TO><VB>acquire</VB></VerbPhrase><CC>and</CC><VerbPhrase><VB>analyze</VB></VerbPhrase><NounPhrase><DT-THE>the</DT-THE><NN>data</NN></NounPhrase><VerbPhrase><VBN>allowed</VBN></VerbPhrase><NounPhrase><NN>representation</NN><PrepPhrase><IN-OF>of</IN-OF><NounPhrase><DT-THE>the</DT-THE><NNS>data</NNS></NounPhrase></PrepPhrase></NounPhrase><PrepPhrase><IN-IN>in</IN-IN><NounPhrase><NNS>terms</NNS><PrepPhrase><IN-OF>of</IN-OF><NounPhrase><DT>both</DT><NNP>Bode</NNP></NounPhrase></PrepPhrase></NounPhrase></PrepPhrase><Unmatched><_-LRB->(</_-LRB-></Unmatched><NounPhrase><NN>logarithm</NN><PrepPhrase><IN-OF>of</IN-OF><NounPhrase><DT-THE>the</DT-THE><JJ-CHEM>impedance</JJ-CHEM><NN>modulus</NN><MOLECULE><OSCARCM><OSCAR-CM>|Z|</OSCAR-CM></OSCARCM></MOLECULE><CC>and</CC><NN-CHEMENTITY>phase</NN-CHEMENTITY><NN>angle</NN><NN></NN></NounPhrase></PrepPhrase></NounPhrase><PrepPhrase><IN-AS>as</IN-AS><NounPhrase><DT>a</DT><NN>function</NN><PrepPhrase><IN-OF>of</IN-OF><NounPhrase><DT-THE>the</DT-THE><NN>logarithm</NN><PrepPhrase><IN-OF>of</IN-OF><NounPhrase><DT-THE>the</DT-THE><JJ-CHEM>frequency</JJ-CHEM><NN>f</NN></NounPhrase></PrepPhrase></NounPhrase></PrepPhrase></NounPhrase></PrepPhrase><Unmatched><_-RRB->)</_-RRB-></Unmatched><Unmatched><CC>and</CC></Unmatched><NounPhrase><NNP>Nyquist</NNP></NounPhrase><Unmatched><_-LRB->(</_-LRB-></Unmatched><NounPhrase><NN>imaginary</NN><NN>component</NN><PrepPhrase><IN-OF>of</IN-OF><NounPhrase><DT-THE>the</DT-THE><NN>impedance</NN></NounPhrase></PrepPhrase></NounPhrase><PrepPhrase><IN-AS>as</IN-AS><NounPhrase><DT>a</DT><NN>function</NN><PrepPhrase><IN-OF>of</IN-OF><NounPhrase><DT-THE>the</DT-THE><JJ>real</JJ><NN>component</NN></NounPhrase></PrepPhrase></NounPhrase></PrepPhrase><Unmatched><_-RRB->)</_-RRB-></Unmatched><NounPhrase><NNS>plots</NNS></NounPhrase><STOP>.</STOP></Sentence></Document>
<?xml version="1.0" encoding="UTF-8"?>
<Document><Sentence><NounPhrase><DT-THE>The</DT-THE><JJ-CHEM>impedance</JJ-CHEM><NN>spectra</NN></NounPhrase><VerbPhrase><VBD>were</VBD><VBN>modeled</VBN><VB-USE>using</VB-USE><JJ>Yeum’s</JJ></VerbPhrase><NounPhrase><NNS>“</NNS></NounPhrase><PrepPhrase><IN>ZsimpWin</IN><NounPhrase><CD>2.00</CD><JJ>”</JJ><NN>software</NN><UNNAMEDMOLECULE><REFERENCETOCOMPOUND><LSQB>[</LSQB><CD>21</CD><RSQB>]</RSQB></REFERENCETOCOMPOUND></UNNAMEDMOLECULE></NounPhrase></PrepPhrase><STOP>.</STOP></Sentence></Document>
<?xml version="1.0" encoding="UTF-8"?>
<Document><Sentence><NounPhrase><NNP>Int</NNP></NounPhrase><STOP>.</STOP></Sentence></Document>
<?xml version="1.0" encoding="UTF-8"?>
<Document><Sentence><NounPhrase><PROCEDURE><NN-IDENTIFIER>J</NN-IDENTIFIER></PROCEDURE><STOP>.</STOP></NounPhrase></Sentence><Sentence><NounPhrase><NNP>Electrochem</NNP></NounPhrase><STOP>.</STOP></Sentence></Document>
<?xml version="1.0" encoding="UTF-8"?>
<Document><Sentence><NounPhrase><NNP>Sci</NNP></NounPhrase><STOP>.</STOP></Sentence><Sentence><Unmatched><COMMA>,</COMMA></Unmatched></Sentence></Document>
<?xml version="1.0" encoding="UTF-8"?>
<Document/>
<?xml version="1.0" encoding="UTF-8"?>
<Document><Sentence><NounPhrase><CD>7</CD><COMMA>,</COMMA><CD>2012</CD><CD>7395</CD><CD>3</CD></NounPhrase><STOP>.</STOP></Sentence></Document>
<?xml version="1.0" encoding="UTF-8"?>
<Document/>
