<?xml version="1.0" encoding="UTF-8"?>
<Document><Sentence><NounPhrase><JJ>Experimental</JJ><NNP>Section</NNP><CD>3.1</CD></NounPhrase><STOP>.</STOP></Sentence></Document>
<?xml version="1.0" encoding="UTF-8"?>
<Document><Sentence><NounPhrase><NN-CHEMENTITY>Material</NN-CHEMENTITY><MOLECULE><OSCARCM><OSCAR-CM>Sodium</OSCAR-CM><OSCAR-CM>hydroxide</OSCAR-CM></OSCARCM><MIXTURE><_-LRB->(</_-LRB-><OSCARCM><OSCAR-CM>NaOH</OSCAR-CM></OSCARCM><_-RRB->)</_-RRB-></MIXTURE></MOLECULE></NounPhrase><VerbPhrase><VBD>was</VBD><VBN>procured</VBN><PrepPhrase><IN-FROM>from</IN-FROM><NounPhrase><NNP>Merck</NNP><NNP>Millipore</NNP></NounPhrase></PrepPhrase></VerbPhrase><STOP>.</STOP></Sentence></Document>
<?xml version="1.0" encoding="UTF-8"?>
<Document><Sentence><ActionPhrase type="Yield"><NounPhrase><NN>Class</NN><NN>f-fly</NN><NN>ash</NN></NounPhrase><VerbPhrase><VBD>was</VBD><VB-YIELD>obtained</VB-YIELD><PrepPhrase><IN-FROM>from</IN-FROM><NounPhrase><DT>a</DT><JJ>local</JJ><JJ-CHEM>power</JJ-CHEM><NN>plant</NN></NounPhrase></PrepPhrase></VerbPhrase></ActionPhrase><CC>and</CC><VerbPhrase><VBD>was</VBD><VBN>sieved</VBN><PrepPhrase><IN>through</IN><NounPhrase><DT>a</DT><CD>45</CD><NN>µm</NN><NN>sieve</NN></NounPhrase></PrepPhrase></VerbPhrase><VerbPhrase><VB-USE>using</VB-USE></VerbPhrase><NounPhrase><MOLECULE><OSCARCM><OSCAR-CM>RETSCH</OSCAR-CM></OSCARCM><JJ>vibratory</JJ></MOLECULE><JJ-CHEM>sieve</JJ-CHEM><NN>shaker</NN></NounPhrase><PrepPhrase><IN-AS>AS</IN-AS><NounPhrase><CD>200</CD></NounPhrase></PrepPhrase><JJ>basic</JJ><STOP>.</STOP></Sentence></Document>
<?xml version="1.0" encoding="UTF-8"?>
<Document><Sentence><NounPhrase><NNP>Mild</NNP><NN>steel</NN><NNS>bars</NNS><MIXTURE><_-LRB->(</_-LRB-><JJ>3mm</JJ><NN>x</NN><IN>50mm</IN><JJ>x</JJ><CD>127mm</CD><_-RRB->)</_-RRB-></MIXTURE></NounPhrase><VerbPhrase><VBD>were</VBD><VBN>purchased</VBN><PrepPhrase><IN-FROM>from</IN-FROM><NounPhrase><NNP>TSA</NNP><NNP>Sdn</NNP></NounPhrase></PrepPhrase></VerbPhrase><STOP>.</STOP></Sentence></Document>
<?xml version="1.0" encoding="UTF-8"?>
<Document><Sentence><NounPhrase><NNP>Bhd</NNP></NounPhrase><STOP>.</STOP></Sentence></Document>
<?xml version="1.0" encoding="UTF-8"?>
<Document><Sentence><NounPhrase><NNP>Malaysia</NNP></NounPhrase><STOP>.</STOP></Sentence></Document>
<?xml version="1.0" encoding="UTF-8"?>
<Document><Sentence><NounPhrase><JJ>Demineralized</JJ><MOLECULE><OSCARCM><OSCAR-CM>water</OSCAR-CM></OSCARCM></MOLECULE></NounPhrase><COMMA>,</COMMA><VerbPhrase><VBD>was</VBD><VBN>used</VBN><PrepPhrase><IN>throughout</IN><NounPhrase><DT-THE>the</DT-THE><NN>experiments</NN></NounPhrase></PrepPhrase></VerbPhrase><STOP>.</STOP></Sentence></Document>
<?xml version="1.0" encoding="UTF-8"?>
<Document><Sentence><NounPhrase><PROCEDURE><CD>3.2</CD></PROCEDURE><STOP>.</STOP></NounPhrase></Sentence></Document>
<?xml version="1.0" encoding="UTF-8"?>
<Document><Sentence><ActionPhrase type="Add"><NounPhrase><PROCEDURE><NN-METHOD>Methods</NN-METHOD></PROCEDURE><RB>Fly</RB><NN>ash</NN></NounPhrase><VerbPhrase><VBD>was</VBD><VB-ADD>mixed</VB-ADD><PrepPhrase><IN-WITH>with</IN-WITH><NounPhrase><MOLECULE><OSCARCM><OSCAR-CM>sodium</OSCAR-CM><OSCAR-CM>hydroxide</OSCAR-CM></OSCARCM><NN-CHEMENTITY>solution</NN-CHEMENTITY></MOLECULE></NounPhrase></PrepPhrase></VerbPhrase><Unmatched><_-LRB->(</_-LRB-></Unmatched></ActionPhrase><ActionPhrase type="Synthesize"><VerbPhrase><VB-SYNTHESIZE>prepared</VB-SYNTHESIZE><RB>independently</RB><PrepPhrase><IN-FOR>for</IN-FOR><NounPhrase><DT>every</DT><NN>formulation</NN></NounPhrase></PrepPhrase></VerbPhrase><Unmatched><_-RRB->)</_-RRB-></Unmatched></ActionPhrase><VerbPhrase><VBG>according</VBG><PrepPhrase><TO>to</TO><NounPhrase><CaptionLabel><NNP-LABEL>Table</NNP-LABEL><CD>1</CD></CaptionLabel></NounPhrase></PrepPhrase></VerbPhrase><STOP>.</STOP></Sentence></Document>
<?xml version="1.0" encoding="UTF-8"?>
<Document><Sentence><NounPhrase><MOLECULE><OSCARCM><OSCAR-CM>Sodium</OSCAR-CM><OSCAR-CM>silicate</OSCAR-CM></OSCARCM><NN-CHEMENTITY>solution</NN-CHEMENTITY></MOLECULE></NounPhrase><VerbPhrase><VBD>was</VBD><NEG>not</NEG><VBN>used</VBN><PrepPhrase><IN-IN>in</IN-IN><NounPhrase><DT>this</DT><NN>experiment</NN></NounPhrase></PrepPhrase></VerbPhrase><STOP>.</STOP></Sentence></Document>
<?xml version="1.0" encoding="UTF-8"?>
<Document><Sentence><NounPhrase><DT>All</DT><NNS>samples</NNS></NounPhrase><VerbPhrase><VBD>were</VBD><RB>uniformly</RB><VBN>homogenized</VBN></VerbPhrase><Unmatched><IN-WITH>with</IN-WITH></Unmatched><Unmatched><DT>an</DT></Unmatched><PrepPhrase><IN-OVER>over</IN-OVER><NounPhrase><MultipleApparatus><APPARATUS><NN>head</NN><JJ>mechanical</JJ><NN-APPARATUS>stirrer</NN-APPARATUS></APPARATUS></MultipleApparatus></NounPhrase></PrepPhrase><TimePhrase><IN-FOR>for</IN-FOR><CD>5</CD><NN-TIME>minutes</NN-TIME></TimePhrase><STOP>.</STOP></Sentence></Document>
<?xml version="1.0" encoding="UTF-8"?>
<Document><Sentence><VerbPhrase><VBN>Cleaned</VBN></VerbPhrase><CC>and</CC><NounPhrase><JJ>pretreated</JJ><NN>steel</NN><NNS>plates</NNS></NounPhrase><VerbPhrase><VBD>were</VBD><JJ>coated</JJ><PrepPhrase><IN-WITH>with</IN-WITH><NounPhrase><NN>geopolymer</NN><NN>paste</NN></NounPhrase></PrepPhrase></VerbPhrase><VerbPhrase><VB-USE>using</VB-USE></VerbPhrase><NounPhrase><NN>dip</NN><NN>coating</NN></NounPhrase><CC>and</CC><VerbPhrase><VBD>were</VBD></VerbPhrase><NounPhrase><MultipleApparatus><APPARATUS><NN-APPARATUS>oven</NN-APPARATUS></APPARATUS></MultipleApparatus></NounPhrase><ActionPhrase type="Wait"><VerbPhrase><VBN>cured</VBN><PrepPhrase><IN>at</IN><NounPhrase><CD>60</CD></NounPhrase></PrepPhrase><TimePhrase><IN>oCfor</IN><CD>28</CD><NN-TIME>days</NN-TIME><NN-TIME>period</NN-TIME></TimePhrase></VerbPhrase></ActionPhrase><STOP>.</STOP></Sentence></Document>
<?xml version="1.0" encoding="UTF-8"?>
<Document><Sentence><NounPhrase><NN>Part</NN><PrepPhrase><IN-OF>of</IN-OF><NounPhrase><DT-THE>the</DT-THE><NN>sample</NN></NounPhrase></PrepPhrase></NounPhrase><VerbPhrase><VBD>was</VBD><VB-SUSPEND>placed</VB-SUSPEND><PrepPhrase><IN-IN>in</IN-IN><NounPhrase><DT-THE>the</DT-THE><JJ-CHEM>sample</JJ-CHEM><NN>holder</NN></NounPhrase></PrepPhrase><PrepPhrase><IN-FOR>for</IN-FOR><NounPhrase><NN>setting</NN><NN-TIME>time</NN-TIME><NN>analysis</NN></NounPhrase></PrepPhrase><PrepPhrase><IN>at</IN><NounPhrase><DT-THE>the</DT-THE><JJ>constant</JJ><NN-TEMP>temperature</NN-TEMP></NounPhrase></PrepPhrase></VerbPhrase><STOP>.</STOP></Sentence></Document>
<?xml version="1.0" encoding="UTF-8"?>
<Document><Sentence><ActionPhrase type="Add"><NounPhrase><CaptionLabel><NNP-LABEL>Table</NNP-LABEL><CD>1</CD></CaptionLabel></NounPhrase><COLON>:</COLON><VerbPhrase><VB-ADD>Mix</VB-ADD></VerbPhrase><NounPhrase><NN>design</NN></NounPhrase></ActionPhrase><ActionPhrase type="Synthesize"><PrepPhrase><IN-FOR>for</IN-FOR><NounPhrase><NN>geopolymer</NN><NN-SYNTHESIZE>synthesis</NN-SYNTHESIZE><NNP>Sample</NNP><NNP>ID</NNP><MOLECULE><OSCARCM><OSCAR-CM>Si</OSCAR-CM></OSCARCM></MOLECULE></NounPhrase></PrepPhrase></ActionPhrase><COLON>:</COLON><NounPhrase><FW>Al</FW><NN>ratio</NN><MOLECULE><OSCARCM><OSCAR-CM>Na</OSCAR-CM></OSCARCM></MOLECULE></NounPhrase><COLON>:</COLON><NounPhrase><FW>AL</FW><NN>ratio</NN><MOLECULE><OSCARCM><OSCAR-CM>Water</OSCAR-CM></OSCARCM></MOLECULE></NounPhrase><COLON>:</COLON><NounPhrase><NN-STATE>solid</NN-STATE><NN>ratio</NN></NounPhrase><VerbPhrase><VBG>Curing</VBG></VerbPhrase><NounPhrase><NN>temp</NN></NounPhrase><STOP>.</STOP></Sentence></Document>
<?xml version="1.0" encoding="UTF-8"?>
<Document><Sentence><NounPhrase><JJ>Curing</JJ><NN-TIME>time</NN-TIME><MOLECULE><OSCARCM><OSCAR-CM>AD</OSCAR-CM></OSCARCM><REFERENCETOCOMPOUND><CD>01</CD></REFERENCETOCOMPOUND></MOLECULE><CD>1.78</CD><CD>0.6</CD><CD>0.33</CD><CD>60</CD><NN-TEMP>oC</NN-TEMP><CD>28</CD><NN-TIME>days</NN-TIME><NNP>AD</NNP><CD>02</CD><CD>1.78</CD><CD>0.8</CD><CD>0.33</CD><CD>60</CD><NN-TEMP>oC</NN-TEMP><CD>28</CD><NN-TIME>days</NN-TIME><NNP>AD</NNP><CD>03</CD><CD>1.78</CD><CD>1.0</CD><CD>0.33</CD><CD>60</CD><NN-TEMP>oC</NN-TEMP><CD>28</CD><NN-TIME>days</NN-TIME><NNP>AD</NNP><CD>04</CD><CD>1.78</CD><CD>1.2</CD><CD>0.33</CD><CD>60</CD><NN-TEMP>oC</NN-TEMP><CD>28</CD><NN-TIME>days</NN-TIME><CD>3.3</CD></NounPhrase><STOP>.</STOP></Sentence></Document>
<?xml version="1.0" encoding="UTF-8"?>
<Document><Sentence><NounPhrase><NNP>Characterization</NNP><NNP>Adhesion</NNP><NN>strength</NN><PrepPhrase><IN-OF>of</IN-OF><NounPhrase><DT-THE>the</DT-THE><JJ-CHEM>coating</JJ-CHEM><NN-CHEMENTITY>material</NN-CHEMENTITY></NounPhrase></PrepPhrase></NounPhrase><VerbPhrase><VBD>was</VBD><VBN>determined</VBN><VB-USE>using</VB-USE></VerbPhrase><NounPhrase><NNP>Elcometer</NNP><CD>108</CD></NounPhrase><PrepPhrase><JJ-CHEM>according</JJ-CHEM><TO>to</TO><NounPhrase><NNP>ASTM</NNP><NN-TIME>D</NN-TIME><CD>4541</CD></NounPhrase></PrepPhrase><STOP>.</STOP></Sentence></Document>
<?xml version="1.0" encoding="UTF-8"?>
<Document><Sentence><VerbPhrase><RB>Dolly</RB><VBD>fixed</VBD><PrepPhrase><IN-WITH>with</IN-WITH><NounPhrase><NN>coating</NN><NN>surface</NN></NounPhrase></PrepPhrase><PrepPhrase><IN-BY>by</IN-BY><NounPhrase><MOLECULE><OSCARCM><OSCAR-CM>epoxy</OSCAR-CM></OSCARCM></MOLECULE></NounPhrase></PrepPhrase></VerbPhrase><ActionPhrase type="Wait"><VerbPhrase><VBD>was</VBD><VBN>cured</VBN><PrepPhrase><IN-IN>in</IN-IN><NounPhrase><DT-THE>the</DT-THE><APPARATUS><NN-APPARATUS>oven</NN-APPARATUS></APPARATUS></NounPhrase></PrepPhrase><TimePhrase><IN-FOR>for</IN-FOR><CD>24</CD><NN-TIME>hours</NN-TIME></TimePhrase></VerbPhrase></ActionPhrase><CC>and</CC><VerbPhrase><VBD>pulled</VBD><PrepPhrase><IN-WITH>with</IN-WITH><NounPhrase><NNP>Elcometer</NNP></NounPhrase></PrepPhrase></VerbPhrase><STOP>.</STOP></Sentence></Document>
<?xml version="1.0" encoding="UTF-8"?>
<Document><Sentence><NounPhrase><NNP>Adhesion</NNP><NN>strength</NN><PrepPhrase><IN-OF>of</IN-OF><NounPhrase><CD>3</CD><COMMA>,</COMMA><CD>7</CD><CC>and</CC><CD>28</CD><NN-TIME>days</NN-TIME></NounPhrase></PrepPhrase></NounPhrase><VerbPhrase><VBD>was</VBD><VBN>recorded</VBN></VerbPhrase><STOP>.</STOP></Sentence></Document>
<?xml version="1.0" encoding="UTF-8"?>
<Document><Sentence><ActionPhrase type="Wait"><VerbPhrase><VBG>Setting</VBG><TimePhrase><NN-TIME>time</NN-TIME></TimePhrase></VerbPhrase></ActionPhrase><NounPhrase><NN>analysis</NN></NounPhrase><VerbPhrase><VBD>was</VBD><VBN>performed</VBN><VB-USE>using</VB-USE></VerbPhrase><NounPhrase><NNP>Vicat</NNP><NN>apparatus</NN></NounPhrase><VerbPhrase><VBG>according</VBG><PrepPhrase><TO>to</TO><NounPhrase><NNP>ASTM</NNP><NNP>C</NNP><CD>266-13</CD></NounPhrase></PrepPhrase></VerbPhrase><STOP>.</STOP></Sentence></Document>
<?xml version="1.0" encoding="UTF-8"?>
<Document><Sentence><NounPhrase><NNS>Samples</NNS></NounPhrase><VerbPhrase><VBD>were</VBD><VB-SUSPEND>placed</VB-SUSPEND><PrepPhrase><IN-UNDER>under</IN-UNDER><NounPhrase><NNP>Vicat</NNP><NN>apparatus</NN><CC>and</CC><NN>setting</NN><NN-TIME>time</NN-TIME></NounPhrase></PrepPhrase></VerbPhrase><VerbPhrase><VBD>was</VBD><VBN>recorded</VBN><PrepPhrase><IN-WITH>with</IN-WITH><NounPhrase><NN-STATE>needle</NN-STATE></NounPhrase></PrepPhrase></VerbPhrase><VerbPhrase><VBG>having</VBG></VerbPhrase><NounPhrase><CD>1.13</CD><CD>mm</CD><NN>diameter</NN></NounPhrase><CC>and</CC><VerbPhrase><VBN>fixed</VBN><PrepPhrase><IN-ON>on</IN-ON><NounPhrase><DT>a</DT><QUANTITY><MASS><CD>300</CD><NN-MASS>g</NN-MASS></MASS></QUANTITY><NN>movable</NN><NN>rod</NN></NounPhrase></PrepPhrase></VerbPhrase><VerbPhrase><VBG>Coating</VBG></VerbPhrase><NounPhrase><NN-CHEMENTITY>material</NN-CHEMENTITY></NounPhrase><VerbPhrase><VBD>was</VBD><RB>microscopically</RB><VBN>analyzed</VBN><VB-USE>using</VB-USE><JJ>variable</JJ></VerbPhrase><NounPhrase><NN-PRESSURE>pressure</NN-PRESSURE><NN>field</NN><NN>emission</NN><NN>electron</NN><NN>microscope</NN><MIXTURE><_-LRB->(</_-LRB-><NNP>VPFESEM</NNP><_-RRB->)</_-RRB-></MIXTURE><COMMA>,</COMMA><NN>model</NN><NNP>Zeiss</NNP><NNP>Supra</NNP><CD>55</CD><NNP>VP</NNP></NounPhrase><STOP>.</STOP></Sentence></Document>
<?xml version="1.0" encoding="UTF-8"?>
<Document><Sentence><NounPhrase><NNP>Perkin</NNP><NNP>Elmer</NNP><NNP>Spectrum</NNP><CD>One</CD><COMMA>,</COMMA><NNP>Fourier</NNP><NNP>Transform</NNP><NNP>Infra</NNP><NNP>Red</NNP><NN>spectrometer</NN><MIXTURE><_-LRB->(</_-LRB-><NNP>FTIR</NNP><_-RRB->)</_-RRB-></MIXTURE></NounPhrase><VerbPhrase><VBD>was</VBD><VBN>used</VBN></VerbPhrase><VerbPhrase><TO>to</TO><VB>determine</VB></VerbPhrase><NounPhrase><NNP>IR</NNP><NN>analysis</NN><PrepPhrase><IN-OF>of</IN-OF><NounPhrase><DT-THE>the</DT-THE><NN>geopolymer</NN></NounPhrase></PrepPhrase></NounPhrase><VerbPhrase><VB-USE>using</VB-USE></VerbPhrase><NounPhrase><MOLECULE><OSCARCM><OSCAR-CM>KBr</OSCAR-CM></OSCARCM></MOLECULE><NN>pellet</NN></NounPhrase><STOP>.</STOP></Sentence></Document>
<?xml version="1.0" encoding="UTF-8"?>
<Document><Sentence><NounPhrase><PROCEDURE><CD>4</CD></PROCEDURE><STOP>.</STOP></NounPhrase></Sentence></Document>
<?xml version="1.0" encoding="UTF-8"?>
<Document/>
