<?xml version="1.0" encoding="UTF-8"?>
<Document><Sentence><PrepPhrase><JJ>Experimental</JJ><JJS>Most</JJS><IN-OF>of</IN-OF><NounPhrase><DT-THE>the</DT-THE><JJ>galvanized</JJ><NN>steel</NN><NNS>sheets</NNS></NounPhrase></PrepPhrase><VerbPhrase><VBN>used</VBN><PrepPhrase><IN-FOR>for</IN-FOR><NounPhrase><DT-THE>the</DT-THE><NNS>tests</NNS></NounPhrase></PrepPhrase></VerbPhrase><VerbPhrase><VBD>were</VBD></VerbPhrase><NounPhrase><FW>pro-duced</FW></NounPhrase><PrepPhrase><IN-ON>on</IN-ON><NounPhrase><DT>a</DT><JJ-CHEM>batch</JJ-CHEM><NN>type</NN></NounPhrase></PrepPhrase><VerbPhrase><VBG>galvanizing</VBG></VerbPhrase><NounPhrase><NN>simulator</NN></NounPhrase><PrepPhrase><IN-FOR>for</IN-FOR><NounPhrase><NN>laboratory</NN><NN>use</NN><MIXTURE><_-LRB->(</_-LRB-><NNP>Rhesca</NNP><VBP>make</VBP><_-RRB->)</_-RRB-></MIXTURE></NounPhrase></PrepPhrase><STOP>.</STOP></Sentence></Document>
<?xml version="1.0" encoding="UTF-8"?>
<Document><Sentence><ActionPhrase type="Heat"><NounPhrase><NN-CHEMENTITY>Material</NN-CHEMENTITY><NNS>sheets</NNS><PrepPhrase><IN-OF>of</IN-OF><NounPhrase><DT>a</DT><JJ>low</JJ><MOLECULE><OSCARCM><OSCAR-CM>carbon</OSCAR-CM></OSCARCM><JJ>Al-killed</JJ></MOLECULE><NN>steel</NN></NounPhrase></PrepPhrase></NounPhrase><VerbPhrase><VBD>were</VBD><VB-HEAT>heated</VB-HEAT><TempPhrase><TO>to</TO><CD>800</CD><NN-TEMP>°C</NN-TEMP></TempPhrase></VerbPhrase><Unmatched><IN-IN>in</IN-IN></Unmatched><Unmatched><DT>an</DT></Unmatched><Unmatched><NN-MOLAR>N</NN-MOLAR></Unmatched><NounPhrase><CD>2</CD><NN-ATMOSPHERE>atmosphere</NN-ATMOSPHERE></NounPhrase></ActionPhrase><ActionPhrase type="Add"><VerbPhrase><VB-CONTAIN>containing</VB-CONTAIN></VerbPhrase><NounPhrase><UNNAMEDMOLECULE><QUANTITY><PERCENT><CD>10</CD><NN>volume</NN><NN-PERCENT>%</NN-PERCENT></PERCENT></QUANTITY><IN-OF>of</IN-OF><REFERENCETOCOMPOUND><NN-IDENTIFIER>H</NN-IDENTIFIER></REFERENCETOCOMPOUND></UNNAMEDMOLECULE><CD>2</CD></NounPhrase></ActionPhrase><COMMA>,</COMMA><VerbPhrase><VBN>held</VBN><PrepPhrase><IN>at</IN><NounPhrase><DT-THE>the</DT-THE><NN-TEMP>temperature</NN-TEMP></NounPhrase></PrepPhrase><PrepPhrase><IN-FOR>for</IN-FOR><NounPhrase><CD>60</CD></NounPhrase></PrepPhrase></VerbPhrase><VerbPhrase><VBZ>s</VBZ></VerbPhrase><COMMA>,</COMMA><ActionPhrase type="Cool"><VerbPhrase><VB-COOL>cooled</VB-COOL></VerbPhrase><Unmatched><IN-WITH>with</IN-WITH></Unmatched><Unmatched><NN-MOLAR>N</NN-MOLAR></Unmatched><NounPhrase><CD>2</CD><NN-STATE>gas</NN-STATE></NounPhrase><TempPhrase><TO>to</TO><CD>500</CD><NN-TEMP>°C</NN-TEMP></TempPhrase></ActionPhrase><COMMA>,</COMMA><RB-CONJ>then</RB-CONJ><VerbPhrase><VBD>dipped</VBD><PrepPhrase><IN-IN>in</IN-IN><NounPhrase><DT>a</DT><MOLECULE><OSCARCM><OSCAR-CM>Zn</OSCAR-CM></OSCARCM></MOLECULE><NN>alloy</NN></NounPhrase></PrepPhrase></VerbPhrase><VerbPhrase><VBG>plating</VBG></VerbPhrase><NounPhrase><MultipleApparatus><APPARATUS><NN-APPARATUS>bath</NN-APPARATUS></APPARATUS></MultipleApparatus></NounPhrase><TempPhrase><IN>at</IN><CD>450</CD><NN-TEMP>°C</NN-TEMP></TempPhrase><PrepPhrase><IN-FOR>for</IN-FOR><NounPhrase><CD>3</CD></NounPhrase></PrepPhrase><VerbPhrase><VBZ>s</VBZ></VerbPhrase><COMMA>,</COMMA><CC>and</CC><ActionPhrase type="Cool"><VerbPhrase><VB-COOL>cooled</VB-COOL><PrepPhrase><TO>to</TO><NounPhrase><DT-THE>the</DT-THE><NN-TEMP>room</NN-TEMP><NN-TEMP>temperature</NN-TEMP></NounPhrase></PrepPhrase></VerbPhrase></ActionPhrase><VerbPhrase><IN-AFTER>after</IN-AFTER><VBG>controlling</VBG></VerbPhrase><NounPhrase><DT-THE>the</DT-THE><JJ-CHEM>coating</JJ-CHEM><NN>weight</NN></NounPhrase><Unmatched><IN-BY>by</IN-BY></Unmatched><Unmatched><NN-MOLAR>N</NN-MOLAR></Unmatched><NounPhrase><CD>2</CD><NN-STATE>gas</NN-STATE><NN>wip-ing</NN></NounPhrase><STOP>.</STOP></Sentence></Document>
<?xml version="1.0" encoding="UTF-8"?>
<Document><Sentence><NounPhrase><DT-THE>The</DT-THE><NN>composition</NN><PrepPhrase><IN-OF>of</IN-OF><NounPhrase><DT-THE>the</DT-THE><MOLECULE><OSCARCM><OSCAR-CM>Zn</OSCAR-CM></OSCARCM></MOLECULE><NN>alloy</NN></NounPhrase></PrepPhrase></NounPhrase><VerbPhrase><VBG>plating</VBG></VerbPhrase><NounPhrase><MultipleApparatus><APPARATUS><NN-APPARATUS>bath</NN-APPARATUS></APPARATUS></MultipleApparatus></NounPhrase><VerbPhrase><VBD>was</VBD><VB-CHANGE>changed</VB-CHANGE><PrepPhrase><IN>within</IN><NounPhrase><DT-THE>the</DT-THE><JJ-CHEM>following</JJ-CHEM><NNS>ranges</NNS></NounPhrase></PrepPhrase></VerbPhrase><COLON>:</COLON><NounPhrase><FW>Al</FW></NounPhrase><COMMA>,</COMMA><PrepPhrase><IN-FROM>from</IN-FROM><NounPhrase><CD>5</CD></NounPhrase></PrepPhrase><PrepPhrase><TO>to</TO><NounPhrase><QUANTITY><PERCENT><CD>11</CD><NN-PERCENT>%</NN-PERCENT></PERCENT></QUANTITY></NounPhrase></PrepPhrase><STOP>;</STOP></Sentence><Sentence><Unmatched><NN-MASS>Mg</NN-MASS></Unmatched><Unmatched><COMMA>,</COMMA></Unmatched><PrepPhrase><IN-FROM>from</IN-FROM><NounPhrase><CD>0</CD></NounPhrase></PrepPhrase><PrepPhrase><TO>to</TO><NounPhrase><QUANTITY><PERCENT><CD>3</CD><NN-PERCENT>%</NN-PERCENT></PERCENT></QUANTITY></NounPhrase></PrepPhrase><STOP>;</STOP></Sentence><Sentence><Unmatched><CC>and</CC></Unmatched><NounPhrase><MOLECULE><OSCARCM><OSCAR-CM>Si</OSCAR-CM></OSCARCM></MOLECULE></NounPhrase><COMMA>,</COMMA><PrepPhrase><IN-FROM>from</IN-FROM><NounPhrase><CD>0</CD></NounPhrase></PrepPhrase><PrepPhrase><TO>to</TO><NounPhrase><QUANTITY><PERCENT><CD>0.2</CD><NN-PERCENT>%</NN-PERCENT></PERCENT></QUANTITY></NounPhrase></PrepPhrase><STOP>.</STOP></Sentence></Document>
<?xml version="1.0" encoding="UTF-8"?>
<Document><Sentence><NounPhrase><DT-THE>The</DT-THE><NN>composition</NN><PrepPhrase><IN-OF>of</IN-OF><NounPhrase><DT-THE>the</DT-THE><JJ-CHEM>plating</JJ-CHEM><NN-CHEMENTITY>layers</NN-CHEMENTITY><PrepPhrase><IN-OF>of</IN-OF><NounPhrase><NN>test</NN><NNS>pieces</NNS></NounPhrase></PrepPhrase></NounPhrase></PrepPhrase></NounPhrase><VerbPhrase><VBD>was</VBD><VBN>analyzed</VBN></VerbPhrase><Unmatched><IN-BY>by</IN-BY></Unmatched><Unmatched><DT-THE>the</DT-THE></Unmatched><VerbPhrase><JJ>inductive</JJ><VBN>coupled</VBN></VerbPhrase><NounPhrase><PROCEDURE><NN>plasma</NN><NN-METHOD>method</NN-METHOD></PROCEDURE><MIXTURE><_-LRB->(</_-LRB-><NNP>ICP</NNP><_-RRB->)</_-RRB-></MIXTURE></NounPhrase><ActionPhrase type="Dissolve"><VerbPhrase><IN-AFTER>after</IN-AFTER><VB-DISSOLVE>dissolving</VB-DISSOLVE></VerbPhrase><NounPhrase><PRP>them</PRP></NounPhrase></ActionPhrase><VerbPhrase><VB-USE>using</VB-USE></VerbPhrase><NounPhrase><MOLECULE><OSCARCM><OSCAR-CM>hydrochloric</OSCAR-CM><OSCAR-CM>acid</OSCAR-CM></OSCARCM></MOLECULE></NounPhrase><STOP>.</STOP></Sentence></Document>
<?xml version="1.0" encoding="UTF-8"?>
<Document><Sentence><NounPhrase><DT-THE>The</DT-THE><JJ-CHEM>corrosion</JJ-CHEM><NN>resistance</NN><PrepPhrase><IN-OF>of</IN-OF><NounPhrase><NN>plating</NN></NounPhrase></PrepPhrase></NounPhrase><VerbPhrase><VBD>was</VBD><VBN>evaluated</VBN></VerbPhrase><VerbPhrase><IN-ON>on</IN-ON><VBN>plated</VBN></VerbPhrase><NounPhrase><NNS>speci-mens</NNS></NounPhrase><PrepPhrase><IN-WITHOUT>without</IN-WITHOUT><NounPhrase><DT>any</DT><JJ>additional</JJ><NN>treatment</NN></NounPhrase></PrepPhrase><PrepPhrase><IN>through</IN><NounPhrase><NN>measurement</NN><PrepPhrase><IN-OF>of</IN-OF><NounPhrase><JJ-CHEM>cor-rosion</JJ-CHEM><JJ-CHEM>weight</JJ-CHEM><NN>loss</NN></NounPhrase></PrepPhrase></NounPhrase></PrepPhrase><PrepPhrase><IN>at</IN><NounPhrase><DT>a</DT><NN-CHEMENTITY>salt</NN-CHEMENTITY><NN>spray</NN><NN>test</NN></NounPhrase></PrepPhrase><PrepPhrase><IN-IN>in</IN-IN><NounPhrase><NN>accordance</NN></NounPhrase></PrepPhrase><PrepPhrase><IN-WITH>with</IN-WITH><NounPhrase><MOLECULE><OSCARCM><OSCAR-CM>JIS</OSCAR-CM></OSCARCM></MOLECULE><NNP>Z</NNP><CD>2371</CD><MIXTURE><_-LRB->(</_-LRB-><IN>hereinafter</IN><MOLECULE><OSCARCM><OSCAR-CM>SST</OSCAR-CM></OSCARCM></MOLECULE><_-RRB->)</_-RRB-></MIXTURE></NounPhrase></PrepPhrase><STOP>.</STOP></Sentence></Document>
<?xml version="1.0" encoding="UTF-8"?>
<Document><Sentence><NounPhrase><DT-THE>The</DT-THE><JJ-CHEM>corrosion</JJ-CHEM><NN>resistance</NN></NounPhrase><PrepPhrase><IN-AFTER>after</IN-AFTER><NounPhrase><NN>painting</NN></NounPhrase></PrepPhrase><VerbPhrase><VBD>was</VBD></VerbPhrase><NounPhrase><FW>evalu-NIPPON</FW><NNP>STEEL</NNP><MOLECULE><OSCARCM><OSCAR-CM>TECHNICAL</OSCAR-CM></OSCARCM></MOLECULE><NNP>REPORT</NNP><NNP>No</NNP></NounPhrase><STOP>.</STOP></Sentence></Document>
<?xml version="1.0" encoding="UTF-8"?>
<Document><Sentence><ActionPhrase type="Degass"><NounPhrase><CD>87</CD><MOLECULE><OSCARCM><OSCAR-CM>JANUARY</OSCAR-CM></OSCARCM><JJ-CHEM>2003-25-ated</JJ-CHEM></MOLECULE></NounPhrase><PrepPhrase><IN-IN>in</IN-IN><NounPhrase><DT-THE>the</DT-THE><JJ>following</JJ><NN>manner</NN></NounPhrase></PrepPhrase><COLON>:</COLON><NounPhrase><NNS>specimens</NNS></NounPhrase><VerbPhrase><VBD>were</VBD><VB-SUBJECT>subjected</VB-SUBJECT><PrepPhrase><TO>to</TO><NounPhrase><DT>a</DT><JJ-CHEM>chro-mate</JJ-CHEM><NN>treatment</NN><PrepPhrase><IN-OF>of</IN-OF><NounPhrase><QUANTITY><MASS><CD>50</CD><NN-MASS>mg/m2</NN-MASS></MASS></QUANTITY></NounPhrase></PrepPhrase></NounPhrase></PrepPhrase><PrepPhrase><IN-IN>in</IN-IN><NounPhrase><NNS>terms</NNS><PrepPhrase><IN-OF>of</IN-OF><NounPhrase><MOLECULE><OSCARCM><OSCAR-CM>Cr</OSCAR-CM></OSCARCM></MOLECULE><NN>deposit</NN></NounPhrase></PrepPhrase></NounPhrase></PrepPhrase></VerbPhrase></ActionPhrase><STOP>;</STOP></Sentence><Sentence><Unmatched><RB-CONJ>then</RB-CONJ></Unmatched><Unmatched><COMMA>,</COMMA></Unmatched><NounPhrase><DT>an</DT><JJ>epoxy</JJ><NN>paint</NN><CD>5</CD><NN>µm</NN></NounPhrase><PrepPhrase><IN-IN>in</IN-IN><NounPhrase><NN>thickness</NN></NounPhrase></PrepPhrase><CC>and</CC><NounPhrase><DT>an</DT><MOLECULE><OSCARCM><OSCAR-CM>acrylic</OSCAR-CM></OSCARCM></MOLECULE><NN>paint</NN><CD>15</CD><NN>µm</NN></NounPhrase><PrepPhrase><IN-IN>in</IN-IN><NounPhrase><NN>thickness</NN></NounPhrase></PrepPhrase><VerbPhrase><VBD>were</VBD><VBN>applied</VBN><PrepPhrase><TO>to</TO><NounPhrase><PRP>them</PRP></NounPhrase></PrepPhrase><PrepPhrase><IN-AS>as</IN-AS><NounPhrase><DT>a</DT><NN>primer</NN></NounPhrase></PrepPhrase></VerbPhrase><CC>and</CC><NounPhrase><DT>a</DT><JJ>top</JJ><NN>coat</NN></NounPhrase><COMMA>,</COMMA><Unmatched><RB>respectively</RB></Unmatched><STOP>;</STOP></Sentence><Sentence><ActionPhrase type="Degass"><NounPhrase><DT-THE>the</DT-THE><NNS>speci-mens</NNS></NounPhrase><VerbPhrase><VB-DEGASS>underwent</VB-DEGASS></VerbPhrase><NounPhrase><DT>a</DT><JJ-CHEM>corrosion</JJ-CHEM><NN>test</NN></NounPhrase><PrepPhrase><IN-UNDER>under</IN-UNDER><NounPhrase><DT-THE>the</DT-THE><NN-CYCLE>cycle</NN-CYCLE></NounPhrase></PrepPhrase></ActionPhrase><VerbPhrase><VBN>shown</VBN><PrepPhrase><IN-IN>in</IN-IN><NounPhrase><NNP-LABEL>Fig.</NNP-LABEL></NounPhrase></PrepPhrase></VerbPhrase></Sentence></Document>
<?xml version="1.0" encoding="UTF-8"?>
<Document><Sentence><NounPhrase><PROCEDURE><CD>1</CD></PROCEDURE><STOP>;</STOP></NounPhrase></Sentence><Sentence><Unmatched><CC>and</CC></Unmatched><NounPhrase><DT-THE>the</DT-THE><NN>edge</NN></NounPhrase><VerbPhrase><VBP>creep</VBP><JJ>width</JJ><PrepPhrase><IN>at</IN><NounPhrase><DT>a</DT><JJ-CHEM>cut</JJ-CHEM><NN>end</NN><NN>face</NN></NounPhrase></PrepPhrase></VerbPhrase><VerbPhrase><VBD>was</VBD><VBN>measured</VBN></VerbPhrase><STOP>.</STOP></Sentence></Document>
<?xml version="1.0" encoding="UTF-8"?>
<Document><Sentence><NounPhrase><DT-THE>The</DT-THE><NN>polarization</NN><PrepPhrase><IN-OF>of</IN-OF><NounPhrase><DT>a</DT><JJ-CHEM>plating</JJ-CHEM><NN>film</NN></NounPhrase></PrepPhrase></NounPhrase><VerbPhrase><VBD>was</VBD><VBN>measured</VBN><VB-USE>using</VB-USE></VerbPhrase><NounPhrase><DT>a</DT><NN>potentiostat</NN><MIXTURE><_-LRB->(</_-LRB-><NNP>Solortron</NNP><VBP>make</VBP><_-RRB->)</_-RRB-></MIXTURE></NounPhrase><STOP>.</STOP></Sentence></Document>
<?xml version="1.0" encoding="UTF-8"?>
<Document><Sentence><ActionPhrase type="Wait"><NounPhrase><DT-THE>The</DT-THE><NNS>specimens</NNS></NounPhrase><VerbPhrase><VBD>were</VBD><VB-IMMERSE>immersed</VB-IMMERSE><PrepPhrase><IN-IN>in</IN-IN><NounPhrase><DT>a</DT><MOLECULE><QUANTITY><PERCENT><CD>5</CD><NN-PERCENT>%</NN-PERCENT></PERCENT></QUANTITY><OSCARCM><OSCAR-CM>NaCl</OSCAR-CM></OSCARCM><NN-CHEMENTITY>solution</NN-CHEMENTITY></MOLECULE></NounPhrase></PrepPhrase><TimePhrase><IN-FOR>for</IN-FOR><CD>3</CD><NN-TIME>h</NN-TIME></TimePhrase></VerbPhrase></ActionPhrase><COMMA>,</COMMA><VerbPhrase><VB-USE>using</VB-USE></VerbPhrase><NounPhrase><DT>a</DT><MOLECULE><OSCARCM><OSCAR-CM>Pt</OSCAR-CM></OSCARCM></MOLECULE><NN>electrode</NN></NounPhrase><PrepPhrase><IN-AS>as</IN-AS><NounPhrase><DT>a</DT><JJ-CHEM>counter</JJ-CHEM><NN>electrode</NN></NounPhrase></PrepPhrase><CC>and</CC><NounPhrase><DT>an</DT><MOLECULE><OSCARCM><OSCAR-CM>Ag</OSCAR-CM><DASH>/</DASH><OSCAR-CM>AgCl</OSCAR-CM></OSCARCM></MOLECULE><NN>electrode</NN></NounPhrase><PrepPhrase><IN-AS>as</IN-AS><NounPhrase><DT>a</DT><JJ-CHEM>reference</JJ-CHEM><NN>electrode</NN></NounPhrase></PrepPhrase><COMMA>,</COMMA><CC>and</CC><RB-CONJ>then</RB-CONJ><COMMA>,</COMMA><NounPhrase><NN>anode</NN><CC>and</CC><NN>cathode</NN><NN>polarization</NN></NounPhrase><VerbPhrase><VBD>was</VBD><VBN>conducted</VBN><PrepPhrase><IN>at</IN><NounPhrase><DT>a</DT><JJ>potential</JJ><JJ-CHEM>scanning</JJ-CHEM><NN>rate</NN><PrepPhrase><IN-OF>of</IN-OF><NounPhrase><CD>1</CD><NNP>mV/s</NNP></NounPhrase></PrepPhrase></NounPhrase></PrepPhrase></VerbPhrase><STOP>.</STOP></Sentence></Document>
<?xml version="1.0" encoding="UTF-8"?>
<Document><Sentence><NounPhrase><PROCEDURE><CD>3</CD></PROCEDURE><STOP>.</STOP></NounPhrase></Sentence></Document>
<?xml version="1.0" encoding="UTF-8"?>
<Document/>
