<?xml version="1.0" encoding="UTF-8"?>
<Document><Sentence><NounPhrase><MOLECULE><OSCARCM><OSCAR-CM>EXPERIMENTAL</OSCAR-CM></OSCARCM><REFERENCETOCOMPOUND><CD>2.1</CD></REFERENCETOCOMPOUND></MOLECULE></NounPhrase><STOP>.</STOP></Sentence></Document>
<?xml version="1.0" encoding="UTF-8"?>
<Document><Sentence><NounPhrase><NN-CHEMENTITY>Solutions</NN-CHEMENTITY></NounPhrase><NounPhrase><DT-THE>The</DT-THE><JJ>following</JJ><NN-CHEMENTITY>reagents</NN-CHEMENTITY></NounPhrase><VerbPhrase><VBD>were</VBD><VBN>used</VBN></VerbPhrase><VerbPhrase><TO>to</TO><VB>make</VB></VerbPhrase><NounPhrase><DT-THE>the</DT-THE><NN-CHEMENTITY>solutions</NN-CHEMENTITY></NounPhrase><COLON>:</COLON><NounPhrase><MOLECULE><OSCARCM><OSCAR-CM>FLUKA</OSCAR-CM></OSCARCM><JJ>analytical</JJ></MOLECULE><NN>grade</NN><MOLECULE><OSCARCM><OSCAR-CM>sodium</OSCAR-CM><OSCAR-CM>chloride</OSCAR-CM></OSCARCM><MIXTURE><_-LRB->(</_-LRB-><OSCARCM><OSCAR-CM>NaCl</OSCAR-CM></OSCARCM><_-RRB->)</_-RRB-></MIXTURE></MOLECULE><CC>and</CC><MOLECULE><OSCARCM><OSCAR-CM>POCH</OSCAR-CM></OSCARCM><JJ>analytical</JJ></MOLECULE><NN>grade</NN><MOLECULE><OSCARCM><OSCAR-CM>hydrochloric</OSCAR-CM><OSCAR-CM>acid</OSCAR-CM></OSCARCM><MIXTURE><_-LRB->(</_-LRB-><OSCARCM><OSCAR-CM>HCl</OSCAR-CM></OSCARCM><_-RRB->)</_-RRB-></MIXTURE></MOLECULE></NounPhrase><STOP>.</STOP></Sentence></Document>
<?xml version="1.0" encoding="UTF-8"?>
<Document><Sentence><ActionPhrase type="Purify"><NounPhrase><MOLECULE><OSCARCM><OSCAR-CM>Water</OSCAR-CM></OSCARCM></MOLECULE><COMMA>,</COMMA><WDT>which</WDT></NounPhrase><VerbPhrase><VBD>was</VBD><VB-PURIFY>distilled</VB-PURIFY></VerbPhrase><NounPhrase><CD>three</CD><NN-TIMES>times</NN-TIMES></NounPhrase></ActionPhrase><COMMA>,</COMMA><VerbPhrase><VBD>was</VBD><VBN>used</VBN><RolePrepPhrase><IN-AS>as</IN-AS><DT>a</DT><NN-CHEMENTITY>solvent</NN-CHEMENTITY></RolePrepPhrase></VerbPhrase><STOP>.</STOP></Sentence></Document>
<?xml version="1.0" encoding="UTF-8"?>
<Document><Sentence><ActionPhrase type="Yield"><NounPhrase><DT-THE>The</DT-THE><JJ>corrosive</JJ><NN>environment</NN><MIXTURE><_-LRB->(</_-LRB-><JJ>supporting</JJ><NN>electrolyte</NN><_-RRB->)</_-RRB-></MIXTURE></NounPhrase><VerbPhrase><VBD>was</VBD><VB-YIELD>obtained</VB-YIELD></VerbPhrase></ActionPhrase><ActionPhrase type="Add"><VerbPhrase><IN-BY>by</IN-BY><VB-ADD>mixing</VB-ADD></VerbPhrase><NounPhrase><DT-THE>the</DT-THE><MOLECULE><OSCARCM><OSCAR-CM>sodium</OSCAR-CM><OSCAR-CM>chloride</OSCAR-CM></OSCARCM><QUANTITY><_-LRB->(</_-LRB-><MOLAR><CD>1</CD><NN-MOLAR>M</NN-MOLAR></MOLAR><_-RRB->)</_-RRB-></QUANTITY></MOLECULE><CC>and</CC><MOLECULE><OSCARCM><OSCAR-CM>hydrochloric</OSCAR-CM><OSCAR-CM>acid</OSCAR-CM></OSCARCM><QUANTITY><_-LRB->(</_-LRB-><MOLAR><CD>1</CD><NN-MOLAR>M</NN-MOLAR></MOLAR><_-RRB->)</_-RRB-></QUANTITY></MOLECULE></NounPhrase></ActionPhrase><COMMA>,</COMMA><PrepPhrase><IN>so</IN><NounPhrase><DT-THE>the</DT-THE><NN>concentration</NN><PrepPhrase><IN-OF>of</IN-OF><NounPhrase><MOLECULE><OSCARCM><OSCAR-CM>Cl-ions</OSCAR-CM></OSCARCM></MOLECULE></NounPhrase></PrepPhrase></NounPhrase></PrepPhrase><VerbPhrase><VBD>was</VBD></VerbPhrase><NounPhrase><QUANTITY><MOLAR><CD>1.2</CD><NN-MOLAR>M</NN-MOLAR></MOLAR></QUANTITY></NounPhrase><CC>and</CC><NounPhrase><DT-THE>the</DT-THE><NN-PH>pH</NN-PH></NounPhrase><VerbPhrase><VBD>was</VBD></VerbPhrase><NounPhrase><CD>1.5</CD></NounPhrase><STOP>.</STOP></Sentence></Document>
<?xml version="1.0" encoding="UTF-8"?>
<Document><Sentence><NounPhrase><NNP>Int</NNP></NounPhrase><STOP>.</STOP></Sentence></Document>
<?xml version="1.0" encoding="UTF-8"?>
<Document><Sentence><NounPhrase><PROCEDURE><NN-IDENTIFIER>J</NN-IDENTIFIER></PROCEDURE><STOP>.</STOP></NounPhrase></Sentence><Sentence><NounPhrase><NNP>Electrochem</NNP></NounPhrase><STOP>.</STOP></Sentence></Document>
<?xml version="1.0" encoding="UTF-8"?>
<Document><Sentence><NounPhrase><NNP>Sci</NNP></NounPhrase><STOP>.</STOP></Sentence><Sentence><Unmatched><COMMA>,</COMMA></Unmatched></Sentence></Document>
<?xml version="1.0" encoding="UTF-8"?>
<Document/>
<?xml version="1.0" encoding="UTF-8"?>
<Document><Sentence><NounPhrase><CD>8</CD><COMMA>,</COMMA><CD>2013</CD><CD>9266</CD><CD>2.2</CD></NounPhrase><STOP>.</STOP></Sentence></Document>
<?xml version="1.0" encoding="UTF-8"?>
<Document><Sentence><NounPhrase><NNP>Electrodes</NNP></NounPhrase><NounPhrase><DT-THE>The</DT-THE><JJ-CHEM>working</JJ-CHEM><NN>electrode</NN></NounPhrase><Unmatched><_-LRB->(</_-LRB-></Unmatched><NounPhrase><DT>a</DT><NN>stationary</NN></NounPhrase><Unmatched><_-RRB->)</_-RRB-></Unmatched><VerbPhrase><VBD>was</VBD><VBN>made</VBN><PrepPhrase><IN-FROM>from</IN-FROM><NounPhrase><NNP>C45</NNP><MOLECULE><OSCARCM><OSCAR-CM>carbon</OSCAR-CM></OSCARCM></MOLECULE><NN>steel</NN></NounPhrase></PrepPhrase></VerbPhrase><STOP>.</STOP></Sentence></Document>
<?xml version="1.0" encoding="UTF-8"?>
<Document><Sentence><NounPhrase><DT-THE>The</DT-THE><JJ>elemental</JJ><NN>composition</NN><PrepPhrase><IN-OF>of</IN-OF><NounPhrase><DT-THE>the</DT-THE><NN>steel</NN></NounPhrase></PrepPhrase></NounPhrase><VerbPhrase><VBD>was</VBD></VerbPhrase><VerbPhrase><IN-AS>as</IN-AS><VBZ>follows</VBZ></VerbPhrase><NounPhrase><MIXTURE><_-LRB->(</_-LRB-><NN>wt.</NN><NN-PERCENT>%</NN-PERCENT><_-RRB->)</_-RRB-></MIXTURE></NounPhrase><COLON>:</COLON><NounPhrase><NNP>C</NNP></NounPhrase><COLON>:</COLON><NounPhrase><CD>0.42-0.50</CD><COMMA>,</COMMA><MOLECULE><OSCARCM><OSCAR-CM>Mn</OSCAR-CM></OSCARCM></MOLECULE></NounPhrase><COLON>:</COLON><NounPhrase><CD>0.50-0.80</CD><COMMA>,</COMMA><MOLECULE><OSCARCM><OSCAR-CM>Si</OSCAR-CM></OSCARCM></MOLECULE></NounPhrase><COLON>:</COLON><NounPhrase><CD>0.10-0.40</CD><COMMA>,</COMMA><MOLECULE><OSCARCM><OSCAR-CM>P</OSCAR-CM></OSCARCM></MOLECULE></NounPhrase><COLON>:</COLON><NounPhrase><CD>0.04</CD><COMMA>,</COMMA><NNP>S</NNP></NounPhrase><COLON>:</COLON><NounPhrase><CD>0.04</CD></NounPhrase><STOP>.</STOP></Sentence></Document>
<?xml version="1.0" encoding="UTF-8"?>
<Document><Sentence><ActionPhrase type="Yield"><NounPhrase><DT-THE>The</DT-THE><NNS>coatings</NNS></NounPhrase><VerbPhrase><VBD>were</VBD><VB-YIELD>produced</VB-YIELD><PrepPhrase><IN-BY>by</IN-BY><NounPhrase><JJ>electrospark</JJ><PROCEDURE><NN-METHOD>technique</NN-METHOD></PROCEDURE></NounPhrase></PrepPhrase></VerbPhrase></ActionPhrase><STOP>.</STOP></Sentence></Document>
<?xml version="1.0" encoding="UTF-8"?>
<Document><Sentence><NounPhrase><JJ>Cylindrical</JJ><NN>electrodes</NN><COMMA>,</COMMA><CD>5</CD><CD>mm</CD></NounPhrase><PrepPhrase><IN-IN>in</IN-IN><NounPhrase><NN>diameter</NN><CC>and</CC><CD>10</CD><CD>mm</CD></NounPhrase></PrepPhrase><PrepPhrase><IN-IN>in</IN-IN><NounPhrase><NN>height</NN></NounPhrase></PrepPhrase><VerbPhrase><VBD>were</VBD><VBN>used</VBN></VerbPhrase><VerbPhrase><TO>to</TO><VB>deposit</VB></VerbPhrase><NounPhrase><DT-THE>the</DT-THE><NNS>coatings</NNS><MOLECULE><OSCARCM><OSCAR-CM>WC-Cu</OSCAR-CM></OSCARCM></MOLECULE></NounPhrase><PrepPhrase><IN-ON>on</IN-ON><NounPhrase><DT-THE>the</DT-THE><JJ-CHEM>steel</JJ-CHEM><NN>surface</NN></NounPhrase></PrepPhrase><VerbPhrase><IN-OF>of</IN-OF><VBG>working</VBG></VerbPhrase><NounPhrase><NN>electrode</NN></NounPhrase><STOP>.</STOP></Sentence></Document>
<?xml version="1.0" encoding="UTF-8"?>
<Document><Sentence><ActionPhrase type="Yield"><NounPhrase><PRP>They</PRP></NounPhrase><VerbPhrase><VBD>were</VBD><VB-YIELD>produced</VB-YIELD><PrepPhrase><IN-BY>by</IN-BY><NounPhrase><NNS>means</NNS><PrepPhrase><IN-OF>of</IN-OF><NounPhrase><DT-THE>the</DT-THE><JJ-CHEM>impulse-plasma</JJ-CHEM><PROCEDURE><NN>sintering</NN><NN-METHOD>method</NN-METHOD></PROCEDURE></NounPhrase></PrepPhrase></NounPhrase></PrepPhrase><PrepPhrase><IN-IN>in</IN-IN><NounPhrase><DT>a</DT><MOLECULE><OSCARCM><OSCAR-CM>graphite</OSCAR-CM></OSCARCM></MOLECULE><NN>matrix</NN><PrepPhrase><IN-OF>of</IN-OF><NounPhrase><MOLECULE><OSCARCM><OSCAR-CM>tungsten</OSCAR-CM><OSCAR-CM>carbide</OSCAR-CM></OSCARCM><MIXTURE><_-LRB->(</_-LRB-><NN>particle</NN><NN>diameter</NN><JJ>~0,2</JJ><NN>m</NN><_-RRB->)</_-RRB-></MIXTURE></MOLECULE><CC>and</CC><JJ>metallic</JJ><MOLECULE><OSCARCM><OSCAR-CM>copper</OSCAR-CM></OSCARCM><MIXTURE><_-LRB->(</_-LRB-><NN>particle</NN><NN>diameter</NN><CD>~0.04</CD><NN>m</NN><_-RRB->)</_-RRB-></MIXTURE></MOLECULE><NNS>nanopowders</NNS></NounPhrase></PrepPhrase></NounPhrase></PrepPhrase><TempPhrase><IN>at</IN><DT>a</DT><NN-TEMP>temperature</NN-TEMP></TempPhrase><TempPhrase><IN-OF>of</IN-OF><CD>950</CD><NN-TEMP>°C</NN-TEMP></TempPhrase><COMMA>,</COMMA><PrepPhrase><IN-UNDER>under</IN-UNDER><NounPhrase><DT>a</DT><NN-PRESSURE>pressure</NN-PRESSURE><PrepPhrase><IN-OF>of</IN-OF><NounPhrase><CD>40</CD><NNP>MPa</NNP></NounPhrase></PrepPhrase></NounPhrase></PrepPhrase></VerbPhrase></ActionPhrase><STOP>.</STOP></Sentence></Document>
<?xml version="1.0" encoding="UTF-8"?>
<Document><Sentence><ActionPhrase type="Add"><NounPhrase><DT-THE>The</DT-THE><NNS>nanopowders</NNS></NounPhrase><VerbPhrase><VBD>were</VBD><VB-ADD>mixed</VB-ADD><PrepPhrase><IN-IN>in</IN-IN><NounPhrase><DT-THE>the</DT-THE><JJ>following</JJ><NNS>proportions</NNS></NounPhrase></PrepPhrase></VerbPhrase></ActionPhrase><COLON>:</COLON><NounPhrase><MOLECULE><QUANTITY><PERCENT><CD>75</CD><NN-PERCENT>%</NN-PERCENT></PERCENT></QUANTITY><OSCARCM><OSCAR-CM>WC</OSCAR-CM></OSCARCM></MOLECULE><CC>and</CC><MOLECULE><QUANTITY><PERCENT><CD>25</CD><NN-PERCENT>%</NN-PERCENT></PERCENT></QUANTITY><OSCARCM><OSCAR-CM>Cu</OSCAR-CM></OSCARCM></MOLECULE><COMMA>,</COMMA><MOLECULE><QUANTITY><PERCENT><CD>50</CD><NN-PERCENT>%</NN-PERCENT></PERCENT></QUANTITY><OSCARCM><OSCAR-CM>WC</OSCAR-CM></OSCARCM></MOLECULE><CC>and</CC><MOLECULE><QUANTITY><PERCENT><CD>50</CD><NN-PERCENT>%</NN-PERCENT></PERCENT></QUANTITY><OSCARCM><OSCAR-CM>Cu</OSCAR-CM></OSCARCM></MOLECULE><COMMA>,</COMMA><MOLECULE><QUANTITY><PERCENT><CD>25</CD><NN-PERCENT>%</NN-PERCENT></PERCENT></QUANTITY><OSCARCM><OSCAR-CM>WC</OSCAR-CM></OSCARCM></MOLECULE><CC>and</CC><MOLECULE><QUANTITY><PERCENT><CD>75</CD><NN-PERCENT>%</NN-PERCENT></PERCENT></QUANTITY><OSCARCM><OSCAR-CM>Cu</OSCAR-CM></OSCARCM></MOLECULE></NounPhrase><STOP>.</STOP></Sentence></Document>
<?xml version="1.0" encoding="UTF-8"?>
<Document><Sentence><NounPhrase><DT-THE>The</DT-THE><JJ-CHEM>following</JJ-CHEM><NNS>designations</NNS></NounPhrase><VerbPhrase><VBD>were</VBD><VBN>given</VBN><PrepPhrase><TO>to</TO><NounPhrase><DT-THE>the</DT-THE><JJ>particular</JJ><NNS>electrodes</NNS></NounPhrase></PrepPhrase></VerbPhrase><COLON>:</COLON><NounPhrase><MOLECULE><OSCARCM><OSCAR-CM>WC25-Cu75</OSCAR-CM></OSCARCM></MOLECULE><COMMA>,</COMMA><MOLECULE><OSCARCM><OSCAR-CM>WC50-Cu50</OSCAR-CM></OSCARCM></MOLECULE><CC>and</CC><MOLECULE><OSCARCM><OSCAR-CM>WC25-Cu75</OSCAR-CM></OSCARCM></MOLECULE><COMMA>,</COMMA><CaptionLabel><NNP-LABEL>Figure</NNP-LABEL><CD>1</CD></CaptionLabel></NounPhrase><STOP>.</STOP></Sentence></Document>
<?xml version="1.0" encoding="UTF-8"?>
<Document><Sentence><NounPhrase><CaptionLabel><NNP-LABEL>Figure</NNP-LABEL><CD>1</CD></CaptionLabel></NounPhrase><STOP>.</STOP></Sentence></Document>
<?xml version="1.0" encoding="UTF-8"?>
<Document><Sentence><ActionPhrase type="Add"><NounPhrase><NN>Composition</NN><PrepPhrase><IN-OF>of</IN-OF><NounPhrase><NNS>nanopowders</NNS><NN-CHEMENTITY>mixture</NN-CHEMENTITY></NounPhrase></PrepPhrase></NounPhrase><VerbPhrase><VB-CONTAIN>containing</VB-CONTAIN></VerbPhrase><NounPhrase><MOLECULE><OSCARCM><OSCAR-CM>tungsten</OSCAR-CM><OSCAR-CM>carbide</OSCAR-CM></OSCARCM></MOLECULE><CC>and</CC><MOLECULE><OSCARCM><OSCAR-CM>copper</OSCAR-CM></OSCARCM></MOLECULE></NounPhrase><NounPhrase><DT>An</DT><MOLECULE><OSCARCM><OSCAR-CM>EIL-8A</OSCAR-CM></OSCARCM></MOLECULE><NN>pulse</NN><NN>spark</NN><NN-CHEMENTITY>generator</NN-CHEMENTITY></NounPhrase></ActionPhrase><VerbPhrase><VBD>was</VBD><VBN>used</VBN></VerbPhrase><VerbPhrase><TO>to</TO><VB>deposit</VB></VerbPhrase><NounPhrase><DT-THE>the</DT-THE><NNS>coatings</NNS></NounPhrase><PrepPhrase><IN-ON>on</IN-ON><NounPhrase><DT-THE>the</DT-THE><JJ-CHEM>steel</JJ-CHEM><NN>surface</NN></NounPhrase></PrepPhrase><STOP>.</STOP></Sentence></Document>
<?xml version="1.0" encoding="UTF-8"?>
<Document><Sentence><NounPhrase><DT-THE>The</DT-THE><JJ>maximum</JJ><JJ-CHEM>output</JJ-CHEM><NN>power</NN><PrepPhrase><IN-OF>of</IN-OF><NounPhrase><DT-THE>the</DT-THE><JJ-CHEM>electrospark</JJ-CHEM><NN>deposition</NN><NN>welder</NN></NounPhrase></PrepPhrase></NounPhrase><VerbPhrase><VBD>was</VBD></VerbPhrase><NounPhrase><CD>4</CD><MOLECULE><OSCARCM><OSCAR-CM>KW</OSCAR-CM></OSCARCM></MOLECULE></NounPhrase><COMMA>,</COMMA><PrepPhrase><IN-WITH>with</IN-WITH><NounPhrase><NN>output</NN><PrepPhrase><IN-OF>of</IN-OF><NounPhrase><NN>voltage</NN><CD>250</CD><NNP>V</NNP><CITATION><_-LRB->(</_-LRB-><CD>50</CD><NNP>Hz</NNP><_-RRB->)</_-RRB-></CITATION></NounPhrase></PrepPhrase></NounPhrase></PrepPhrase><RB>continuously</RB><JJ>regulating</JJ><COMMA>,</COMMA><CC>and</CC><NounPhrase><PROCEDURE><NN-METHOD>eight-step</NN-METHOD></PROCEDURE><NN>capacitance</NN><CITATION><_-LRB->(</_-LRB-><CD>470</CD><NNP>µF</NNP><_-RRB->)</_-RRB-></CITATION></NounPhrase><STOP>.</STOP></Sentence></Document>
<?xml version="1.0" encoding="UTF-8"?>
<Document><Sentence><NounPhrase><DT-THE>The</DT-THE><JJ>revolving</JJ><NN>electrode</NN></NounPhrase><VerbPhrase><VBD>was</VBD><VBN>held</VBN><PrepPhrase><IN-ON>on</IN-ON><NounPhrase><DT-THE>the</DT-THE><JJ-CHEM>deposition</JJ-CHEM><NN>gun</NN><WDT>that</WDT></NounPhrase></PrepPhrase></VerbPhrase><VerbPhrase><VBZ>rotates</VBZ><JJ>round</JJ></VerbPhrase><NounPhrase><PRP_>its</PRP_><JJ>own</JJ><NN>axis</NN></NounPhrase><PrepPhrase><IN>at</IN><NounPhrase><DT-THE>the</DT-THE><NN>speed</NN><PrepPhrase><IN-OF>of</IN-OF><NounPhrase><CD>2400</CD><NNS>circles/minute</NNS></NounPhrase></PrepPhrase></NounPhrase></PrepPhrase><PrepPhrase><IN>during</IN><NounPhrase><DT-THE>the</DT-THE><NN>work</NN><NN-TIME>time</NN-TIME></NounPhrase></PrepPhrase><STOP>.</STOP></Sentence></Document>
<?xml version="1.0" encoding="UTF-8"?>
<Document><Sentence><NounPhrase><PROCEDURE><NN-METHOD>Scheme</NN-METHOD></PROCEDURE><PrepPhrase><IN-OF>of</IN-OF><NounPhrase><NN>formation</NN></NounPhrase></PrepPhrase></NounPhrase><NounPhrase><DT-THE>the</DT-THE><NN-CHEMENTITY>layer</NN-CHEMENTITY></NounPhrase><PrepPhrase><IN-ON>on</IN-ON><NounPhrase><DT-THE>the</DT-THE><NN>surface</NN><PrepPhrase><IN-OF>of</IN-OF><NounPhrase><NN-CHEMENTITY>metal</NN-CHEMENTITY><MIXTURE><_-LRB->(</_-LRB-><NN>electrode</NN><_-RRB->)</_-RRB-></MIXTURE></NounPhrase></PrepPhrase></NounPhrase></PrepPhrase><VerbPhrase><VBZ>is</VBZ><VBN>shown</VBN><PrepPhrase><IN-IN>in</IN-IN><NounPhrase><CaptionLabel><NNP-LABEL>Figure</NNP-LABEL><CD>2</CD></CaptionLabel><UNNAMEDMOLECULE><REFERENCETOCOMPOUND><LSQB>[</LSQB><CD>5</CD><RSQB>]</RSQB></REFERENCETOCOMPOUND></UNNAMEDMOLECULE></NounPhrase></PrepPhrase></VerbPhrase><STOP>.</STOP></Sentence></Document>
<?xml version="1.0" encoding="UTF-8"?>
<Document><Sentence><NounPhrase><DT-THE>The</DT-THE><NN>quality</NN><PrepPhrase><IN-OF>of</IN-OF><NounPhrase><NN>electrospark</NN><NN>deposition</NN></NounPhrase></PrepPhrase></NounPhrase><VerbPhrase><VBZ>depends</VBZ><RB>mainly</RB><PrepPhrase><IN-ON>on</IN-ON><NounPhrase><DT-THE>the</DT-THE><NN>shape</NN><COMMA>,</COMMA><NN>duration</NN><COMMA>,</COMMA><CC>and</CC><JJ>average</JJ><NN>value</NN></NounPhrase></PrepPhrase></VerbPhrase><Unmatched><IN-OF>of</IN-OF></Unmatched><Unmatched><JJ>current</JJ></Unmatched><Unmatched><CC>or</CC></Unmatched><NounPhrase><NN>pulse</NN><NN>power</NN></NounPhrase><STOP>.</STOP></Sentence></Document>
<?xml version="1.0" encoding="UTF-8"?>
<Document><Sentence><NounPhrase><DT>An</DT><JJ>average</JJ><NN>value</NN></NounPhrase><VerbPhrase><IN-OF>of</IN-OF><JJ>current</JJ><VBZ>is</VBZ><RB>directly</RB><JJ>proportional</JJ><PrepPhrase><TO>to</TO><NounPhrase><DT-THE>the</DT-THE><NN>number</NN><PrepPhrase><IN-OF>of</IN-OF><NounPhrase><NN-CHEMENTITY>generators</NN-CHEMENTITY></NounPhrase></PrepPhrase></NounPhrase></PrepPhrase></VerbPhrase><VerbPhrase><VBG>operating</VBG><PrepPhrase><IN-IN>in</IN-IN><NounPhrase><NN>parallel</NN></NounPhrase></PrepPhrase></VerbPhrase><STOP>.</STOP></Sentence></Document>
<?xml version="1.0" encoding="UTF-8"?>
<Document><Sentence><NounPhrase><CaptionLabel><NNP-LABEL>Figure</NNP-LABEL><CD-ALPHANUM>2a</CD-ALPHANUM></CaptionLabel></NounPhrase><VerbPhrase><VBZ>shows</VBZ></VerbPhrase><NounPhrase><DT-THE>the</DT-THE><NNP>SEM</NNP><NN>image</NN><PrepPhrase><IN-OF>of</IN-OF><NounPhrase><DT-THE>the</DT-THE><JJ>top</JJ><NN>surface</NN><PrepPhrase><IN-OF>of</IN-OF><NounPhrase><DT-THE>the</DT-THE><MOLECULE><OSCARCM><OSCAR-CM>WC50-Cu50</OSCAR-CM></OSCARCM></MOLECULE><NN>coating</NN></NounPhrase></PrepPhrase></NounPhrase></PrepPhrase></NounPhrase><PrepPhrase><IN-ON>on</IN-ON><NounPhrase><DT-THE>the</DT-THE><NNP>C45</NNP><MOLECULE><OSCARCM><OSCAR-CM>carbon</OSCAR-CM></OSCARCM></MOLECULE><NN>steel</NN><NN>surface</NN></NounPhrase></PrepPhrase><STOP>.</STOP></Sentence></Document>
<?xml version="1.0" encoding="UTF-8"?>
<Document><Sentence><NounPhrase><DT-THE>The</DT-THE><JJ-CHEM>splash</JJ-CHEM><NN>appearance</NN><CC>and</CC><NN>spattering</NN><NNS>particles</NNS></NounPhrase><VerbPhrase><MD>can</MD><VB>be</VB><VBN>seen</VBN></VerbPhrase><STOP>.</STOP></Sentence></Document>
<?xml version="1.0" encoding="UTF-8"?>
<Document><Sentence><ActionPhrase type="Yield"><NounPhrase><DT-THE>The</DT-THE><JJ>molten</JJ><NNS>droplets</NNS></NounPhrase><VerbPhrase><VB-YIELD>formed</VB-YIELD><PrepPhrase><IN-ON>on</IN-ON><NounPhrase><DT-THE>the</DT-THE><JJ-CHEM>electrode</JJ-CHEM><NN>tip</NN></NounPhrase></PrepPhrase><PrepPhrase><IN>during</IN><NounPhrase><DT-THE>the</DT-THE><JJ-CHEM>heating</JJ-CHEM><NN>process</NN></NounPhrase></PrepPhrase></VerbPhrase></ActionPhrase><STOP>.</STOP></Sentence></Document>
<?xml version="1.0" encoding="UTF-8"?>
<Document><Sentence><NounPhrase><DT-THE>The</DT-THE><NNS>droplets</NNS></NounPhrase><VerbPhrase><VBP>are</VBP><VBN>accelerated</VBN><PrepPhrase><IN-BY>by</IN-BY><NounPhrase><JJ>high</JJ><JJ>current</JJ><NN>plasma</NN><COMMA>,</COMMA><CC>and</CC><NN>impinge</NN></NounPhrase></PrepPhrase><PrepPhrase><IN-ON>on</IN-ON><NounPhrase><DT-THE>the</DT-THE><JJ>substrate</JJ><NN>surface</NN></NounPhrase></PrepPhrase></VerbPhrase><COMMA>,</COMMA><ActionPhrase type="Yield"><VerbPhrase><VB-YIELD>resulting</VB-YIELD><PrepPhrase><IN-IN>in</IN-IN><NounPhrase><DT-THE>the</DT-THE><NN>splash</NN></NounPhrase></PrepPhrase><PrepPhrase><IN>at</IN><NounPhrase><JJ>different</JJ><NN>directions</NN></NounPhrase></PrepPhrase></VerbPhrase></ActionPhrase><STOP>.</STOP></Sentence></Document>
<?xml version="1.0" encoding="UTF-8"?>
<Document><Sentence><NounPhrase><DT-THE>The</DT-THE><NNP>SEM</NNP><NN>image</NN><PrepPhrase><IN-OF>of</IN-OF><NounPhrase><DT-THE>the</DT-THE><JJ>top</JJ><NN>surface</NN><PrepPhrase><IN-OF>of</IN-OF><NounPhrase><DT-THE>the</DT-THE><JJ-CHEM>single-pulse</JJ-CHEM><NN>deposition</NN></NounPhrase></PrepPhrase></NounPhrase></PrepPhrase></NounPhrase><VerbPhrase><VBZ>is</VBZ><VBN>illustrated</VBN><PrepPhrase><IN-IN>in</IN-IN><NounPhrase><CaptionLabel><NNP-LABEL>Figure</NNP-LABEL><CD-ALPHANUM>2b</CD-ALPHANUM></CaptionLabel><COMMA>,</COMMA><WDT>which</WDT></NounPhrase></PrepPhrase></VerbPhrase><VerbPhrase><VBZ>appears</VBZ><PrepPhrase><IN-AS>as</IN-AS><NounPhrase><CD>one</CD><PrepPhrase><IN-OF>of</IN-OF><NounPhrase><DT-THE>the</DT-THE><NNS>units</NNS><PrepPhrase><IN-OF>of</IN-OF><NounPhrase><DT-THE>the</DT-THE><NN>coating</NN></NounPhrase></PrepPhrase></NounPhrase></PrepPhrase></NounPhrase></PrepPhrase></VerbPhrase><STOP>.</STOP></Sentence></Document>
<?xml version="1.0" encoding="UTF-8"?>
<Document><Sentence><NounPhrase><DT-THE>The</DT-THE><JJ>countless</JJ><JJ-CHEM>single-pulse</JJ-CHEM><NNS>points</NNS></NounPhrase><VerbPhrase><VBP>overlap</VBP></VerbPhrase><Unmatched><IN-WITH>with</IN-WITH></Unmatched><Unmatched><DT>each</DT></Unmatched><Unmatched><JJ>other</JJ></Unmatched><Unmatched><CC>and</CC></Unmatched><VerbPhrase><VB>make</VB><RP>up</RP></VerbPhrase><NounPhrase><DT-THE>the</DT-THE><NN>coating</NN></NounPhrase><PrepPhrase><IN-ON>on</IN-ON><NounPhrase><DT-THE>the</DT-THE><NN>surface</NN><PrepPhrase><IN-OF>of</IN-OF><NounPhrase><NN-CHEMENTITY>metal</NN-CHEMENTITY></NounPhrase></PrepPhrase></NounPhrase></PrepPhrase><STOP>.</STOP></Sentence></Document>
<?xml version="1.0" encoding="UTF-8"?>
<Document><Sentence><NounPhrase><NNP>Int</NNP></NounPhrase><STOP>.</STOP></Sentence></Document>
<?xml version="1.0" encoding="UTF-8"?>
<Document><Sentence><NounPhrase><PROCEDURE><NN-IDENTIFIER>J</NN-IDENTIFIER></PROCEDURE><STOP>.</STOP></NounPhrase></Sentence><Sentence><NounPhrase><NNP>Electrochem</NNP></NounPhrase><STOP>.</STOP></Sentence></Document>
<?xml version="1.0" encoding="UTF-8"?>
<Document><Sentence><NounPhrase><NNP>Sci</NNP></NounPhrase><STOP>.</STOP></Sentence><Sentence><Unmatched><COMMA>,</COMMA></Unmatched></Sentence></Document>
<?xml version="1.0" encoding="UTF-8"?>
<Document/>
<?xml version="1.0" encoding="UTF-8"?>
<Document><Sentence><NounPhrase><CD>8</CD><COMMA>,</COMMA><CD>2013</CD><CD>9267</CD><CaptionLabel><NNP-LABEL>Figure</NNP-LABEL><CD>2</CD></CaptionLabel></NounPhrase><STOP>.</STOP></Sentence></Document>
<?xml version="1.0" encoding="UTF-8"?>
<Document><Sentence><NounPhrase><PROCEDURE><NN-METHOD>Scheme</NN-METHOD></PROCEDURE><PrepPhrase><IN-OF>of</IN-OF><NounPhrase><NN>formation</NN></NounPhrase></PrepPhrase></NounPhrase><NounPhrase><DT-THE>the</DT-THE><NN-CHEMENTITY>layer</NN-CHEMENTITY></NounPhrase><PrepPhrase><IN-ON>on</IN-ON><NounPhrase><DT-THE>the</DT-THE><NN>surface</NN></NounPhrase></PrepPhrase><VerbPhrase><IN-OF>of</IN-OF><VBG>working</VBG></VerbPhrase><NounPhrase><NN>electrode</NN><CaptionLabel><NNP-LABEL>Figure</NNP-LABEL><CD-ALPHANUM>2a</CD-ALPHANUM></CaptionLabel></NounPhrase><STOP>.</STOP></Sentence></Document>
<?xml version="1.0" encoding="UTF-8"?>
<Document><Sentence><NounPhrase><NNP>SEM</NNP><NN>image</NN><PrepPhrase><IN-OF>of</IN-OF><NounPhrase><DT-THE>the</DT-THE><JJ>top</JJ><NN>surface</NN><PrepPhrase><IN-OF>of</IN-OF><NounPhrase><MOLECULE><OSCARCM><OSCAR-CM>WC50-Cu50</OSCAR-CM></OSCARCM></MOLECULE><NN>coating</NN></NounPhrase></PrepPhrase></NounPhrase></PrepPhrase></NounPhrase><PrepPhrase><IN-ON>on</IN-ON><NounPhrase><DT-THE>the</DT-THE><NNP>C45</NNP><MOLECULE><OSCARCM><OSCAR-CM>carbon</OSCAR-CM></OSCARCM></MOLECULE><NN>steel</NN><NN>surface</NN></NounPhrase></PrepPhrase><STOP>.</STOP></Sentence></Document>
<?xml version="1.0" encoding="UTF-8"?>
<Document><Sentence><NounPhrase><NNP>Magnification</NNP><CD>100</CD><SYM>×</SYM><CaptionLabel><NNP-LABEL>Figure</NNP-LABEL><CD-ALPHANUM>2b</CD-ALPHANUM></CaptionLabel></NounPhrase><STOP>.</STOP></Sentence></Document>
<?xml version="1.0" encoding="UTF-8"?>
<Document><Sentence><NounPhrase><NNP>SEM</NNP><NN>image</NN><PrepPhrase><IN-OF>of</IN-OF><NounPhrase><DT-THE>the</DT-THE><JJ>top</JJ><NN>surface</NN><PrepPhrase><IN-OF>of</IN-OF><NounPhrase><MOLECULE><OSCARCM><OSCAR-CM>WC50-Cu50</OSCAR-CM></OSCARCM><JJ-CHEM>single-pulse</JJ-CHEM></MOLECULE><NN>deposition</NN></NounPhrase></PrepPhrase></NounPhrase></PrepPhrase></NounPhrase><PrepPhrase><IN-ON>on</IN-ON><NounPhrase><DT-THE>the</DT-THE><NNP>C45</NNP><MOLECULE><OSCARCM><OSCAR-CM>carbon</OSCAR-CM></OSCARCM></MOLECULE><NN>steel</NN><NN>surface</NN></NounPhrase></PrepPhrase><STOP>.</STOP></Sentence></Document>
<?xml version="1.0" encoding="UTF-8"?>
<Document><Sentence><NounPhrase><NNP>Magnification</NNP><CD>150</CD><SYM>×</SYM><NNP>Int</NNP></NounPhrase><STOP>.</STOP></Sentence></Document>
<?xml version="1.0" encoding="UTF-8"?>
<Document><Sentence><NounPhrase><PROCEDURE><NN-IDENTIFIER>J</NN-IDENTIFIER></PROCEDURE><STOP>.</STOP></NounPhrase></Sentence><Sentence><NounPhrase><NNP>Electrochem</NNP></NounPhrase><STOP>.</STOP></Sentence></Document>
<?xml version="1.0" encoding="UTF-8"?>
<Document><Sentence><NounPhrase><NNP>Sci</NNP></NounPhrase><STOP>.</STOP></Sentence><Sentence><Unmatched><COMMA>,</COMMA></Unmatched></Sentence></Document>
<?xml version="1.0" encoding="UTF-8"?>
<Document/>
<?xml version="1.0" encoding="UTF-8"?>
<Document><Sentence><NounPhrase><CD>8</CD><COMMA>,</COMMA><CD>2013</CD><CD>9268</CD></NounPhrase><NounPhrase><DT-THE>The</DT-THE><JJ>geometric</JJ><JJ-CHEM>surface</JJ-CHEM><NN>area</NN><PrepPhrase><IN-OF>of</IN-OF><NounPhrase><DT-THE>the</DT-THE><JJ>working</JJ><NN>electrode</NN></NounPhrase></PrepPhrase></NounPhrase><VerbPhrase><VBD>was</VBD></VerbPhrase><NounPhrase><CD>4.5</CD><NN>cm</NN><CD>2</CD></NounPhrase><STOP>.</STOP></Sentence></Document>
<?xml version="1.0" encoding="UTF-8"?>
<Document><Sentence><PrepPhrase><IN-BEFORE>Before</IN-BEFORE><NounPhrase><DT>every</DT><NN>measurement</NN></NounPhrase></PrepPhrase><COMMA>,</COMMA><NounPhrase><DT>each</DT><NN>electrode</NN></NounPhrase><VerbPhrase><VBD>was</VBD><RB>carefully</RB><VBN>polished</VBN><PrepPhrase><IN-WITH>with</IN-WITH><NounPhrase><NN>emery</NN><NN>paper</NN><CD>2500</CD><NN>grade</NN></NounPhrase></PrepPhrase></VerbPhrase><STOP>.</STOP></Sentence></Document>
<?xml version="1.0" encoding="UTF-8"?>
<Document><Sentence><ActionPhrase type="Wash"><Unmatched><RB-CONJ>Then</RB-CONJ></Unmatched><NounPhrase><DT-THE>the</DT-THE><NN>electrode</NN></NounPhrase><VerbPhrase><VBD>was</VBD><VB-WASH>rinsed</VB-WASH></VerbPhrase></ActionPhrase><ActionPhrase type="Purify"><VerbPhrase><IN-WITH>with</IN-WITH><JJ>double</JJ><VB-PURIFY>distilled</VB-PURIFY></VerbPhrase><NounPhrase><MOLECULE><OSCARCM><OSCAR-CM>water</OSCAR-CM></OSCARCM></MOLECULE></NounPhrase></ActionPhrase><CC>and</CC><VerbPhrase><VBD>degreased</VBD><PrepPhrase><IN-IN>in</IN-IN><MOLECULE><OSCARCM><OSCAR-CM>ethanol</OSCAR-CM></OSCARCM></MOLECULE></PrepPhrase></VerbPhrase><STOP>.</STOP></Sentence></Document>
<?xml version="1.0" encoding="UTF-8"?>
<Document><Sentence><ActionPhrase type="Synthesize"><NounPhrase><DT-THE>The</DT-THE><JJ>working</JJ><NN>electrode</NN></NounPhrase><VerbPhrase><VB-SYNTHESIZE>prepared</VB-SYNTHESIZE></VerbPhrase><Unmatched><IN-IN>in</IN-IN></Unmatched><Unmatched><JJ>such</JJ></Unmatched><NounPhrase><DT>a</DT><NN>way</NN></NounPhrase></ActionPhrase><VerbPhrase><VBD>was</VBD><RB>immediately</RB><VB-IMMERSE>immersed</VB-IMMERSE><PrepPhrase><IN-IN>in</IN-IN><NounPhrase><DT-THE>the</DT-THE><JJ-CHEM>test</JJ-CHEM><NN-CHEMENTITY>solution</NN-CHEMENTITY></NounPhrase></PrepPhrase></VerbPhrase><STOP>.</STOP></Sentence></Document>
<?xml version="1.0" encoding="UTF-8"?>
<Document><Sentence><NounPhrase><DT>A</DT><JJ-CHEM>saturated</JJ-CHEM><JJ-CHEM>calomel</JJ-CHEM><NN>electrode</NN><MIXTURE><_-LRB->(</_-LRB-><NNP>SCE</NNP><_-RRB->)</_-RRB-></MIXTURE></NounPhrase><VerbPhrase><VBD>was</VBD><VBN>used</VBN><PrepPhrase><IN-AS>as</IN-AS><NounPhrase><DT-THE>the</DT-THE><NN>reference</NN></NounPhrase></PrepPhrase></VerbPhrase><STOP>.</STOP></Sentence></Document>
<?xml version="1.0" encoding="UTF-8"?>
<Document><Sentence><NounPhrase><PRP>It</PRP></NounPhrase><VerbPhrase><VBD>was</VBD><VBN>connected</VBN><PrepPhrase><IN-WITH>with</IN-WITH><NounPhrase><DT-THE>the</DT-THE><NN-CHEMENTITY>solution</NN-CHEMENTITY></NounPhrase></PrepPhrase></VerbPhrase><VerbPhrase><VB-USE>using</VB-USE></VerbPhrase><NounPhrase><DT>a</DT><NNP>Luggin</NNP><NN>capillary</NN></NounPhrase><STOP>.</STOP></Sentence></Document>
<?xml version="1.0" encoding="UTF-8"?>
<Document><Sentence><NounPhrase><DT-THE>The</DT-THE><JJ-CHEM>capillary</JJ-CHEM><NN>tip</NN></NounPhrase><VerbPhrase><VBD>was</VBD><JJ>opposite</JJ><PrepPhrase><TO>to</TO><NounPhrase><DT-THE>the</DT-THE><NN>end</NN></NounPhrase></PrepPhrase></VerbPhrase><VerbPhrase><IN-OF>of</IN-OF><VBG>working</VBG></VerbPhrase><NounPhrase><NN>electrode</NN></NounPhrase><PrepPhrase><IN>about</IN><NounPhrase><CD>3</CD><CD>mm</CD></NounPhrase></PrepPhrase><PrepPhrase><IN-FROM>from</IN-FROM><NounPhrase><PRP>it</PRP></NounPhrase></PrepPhrase><STOP>.</STOP></Sentence></Document>
<?xml version="1.0" encoding="UTF-8"?>
<Document><Sentence><NounPhrase><DT-THE>The</DT-THE><JJ-CHEM>counter</JJ-CHEM><NN>electrode</NN><MIXTURE><_-LRB->(</_-LRB-><CD>1</CD><NN>cm</NN><CD>2</CD><_-RRB->)</_-RRB-></MIXTURE></NounPhrase><VerbPhrase><VBD>was</VBD><VBN>made</VBN><PrepPhrase><IN-FROM>from</IN-FROM><NounPhrase><MOLECULE><OSCARCM><OSCAR-CM>platinum</OSCAR-CM></OSCARCM></MOLECULE><NN>foil</NN><MIXTURE><_-LRB->(</_-LRB-><MOLECULE><QUANTITY><PERCENT><CD>99.99</CD><NN-PERCENT>%</NN-PERCENT></PERCENT></QUANTITY><OSCARCM><OSCAR-CM>Pt</OSCAR-CM></OSCARCM></MOLECULE><_-RRB->)</_-RRB-></MIXTURE></NounPhrase></PrepPhrase></VerbPhrase><STOP>.</STOP></Sentence></Document>
<?xml version="1.0" encoding="UTF-8"?>
<Document><Sentence><NounPhrase><PROCEDURE><CD>2.3</CD></PROCEDURE><STOP>.</STOP></NounPhrase></Sentence></Document>
<?xml version="1.0" encoding="UTF-8"?>
<Document><Sentence><NounPhrase><NN>Measuring</NN><NNS>instruments</NNS></NounPhrase><NounPhrase><DT>All</DT><JJ>electrochemical</JJ><NNS>measurements</NNS></NounPhrase><VerbPhrase><VBD>were</VBD><VBN>made</VBN><VB-USE>using</VB-USE></VerbPhrase><NounPhrase><DT>a</DT><NN>potentiostat/galvanostat</NN><MOLECULE><OSCARCM><OSCAR-CM>PGSTAT</OSCAR-CM></OSCARCM><QUANTITY><MOLAR><CD>128</CD><NN-MOLAR>N</NN-MOLAR></MOLAR></QUANTITY></MOLECULE><COMMA>,</COMMA><NNP>AutoLab</NNP><COMMA>,</COMMA><NNP>Netherlands</NNP></NounPhrase><PrepPhrase><IN-WITH>with</IN-WITH><NounPhrase><MOLECULE><OSCARCM><OSCAR-CM>NOVA</OSCAR-CM></OSCARCM><REFERENCETOCOMPOUND><CD>1.7</CD></REFERENCETOCOMPOUND></MOLECULE><NN>software</NN></NounPhrase></PrepPhrase><NounPhrase><DT-THE>the</DT-THE><JJ>same</JJ><NN>firm</NN></NounPhrase><STOP>.</STOP></Sentence></Document>
<?xml version="1.0" encoding="UTF-8"?>
<Document><Sentence><ActionPhrase type="Add"><NounPhrase><DT-THE>The</DT-THE><NNS>coatings</NNS><MOLECULE><OSCARCM><OSCAR-CM>WC-Cu</OSCAR-CM></OSCARCM></MOLECULE></NounPhrase><VerbPhrase><VBD>were</VBD><VB-TREAT>treated</VB-TREAT><PrepPhrase><IN-WITH>with</IN-WITH><NounPhrase><DT>an</DT><MOLECULE><OSCARCM><OSCAR-CM>Nd</OSCAR-CM></OSCARCM></MOLECULE></NounPhrase></PrepPhrase></VerbPhrase></ActionPhrase><COLON>:</COLON><JJ>YAG</JJ><NounPhrase><NN>laser</NN><MIXTURE><_-LRB->(</_-LRB-><NN>impulse</NN><NN>mode</NN><_-RRB->)</_-RRB-></MIXTURE><NN>model</NN><NNP>BLS</NNP><CD>720</CD></NounPhrase><STOP>.</STOP></Sentence></Document>
<?xml version="1.0" encoding="UTF-8"?>
<Document><Sentence><NounPhrase><MOLECULE><OSCARCM><OSCAR-CM>Nitrogen</OSCAR-CM></OSCARCM><IN-AS>as</IN-AS><JJ>protective</JJ><NN-STATE>gas</NN-STATE></MOLECULE></NounPhrase><VerbPhrase><VBD>was</VBD><VBN>applied</VBN></VerbPhrase><STOP>.</STOP></Sentence></Document>
<?xml version="1.0" encoding="UTF-8"?>
<Document><Sentence><NounPhrase><DT-THE>The</DT-THE><NNS>samples</NNS></NounPhrase><PrepPhrase><IN-WITH>with</IN-WITH><NounPhrase><NN>electrospark</NN></NounPhrase></PrepPhrase><VerbPhrase><VBN>alloyed</VBN></VerbPhrase><NounPhrase><NNS>coatings</NNS></NounPhrase><VerbPhrase><VBD>were</VBD><VBN>lased</VBN><VBN>modified</VBN><PrepPhrase><IN-WITH>with</IN-WITH><NounPhrase><DT-THE>the</DT-THE><JJ-CHEM>following</JJ-CHEM><NNS>parameters</NNS></NounPhrase></PrepPhrase></VerbPhrase><COLON>:</COLON><NounPhrase><NN>laser</NN><NN>spot</NN><NN>diameter</NN><CD>0.7</CD><CD>mm</CD><COMMA>,</COMMA><NN>laser</NN><NN>power</NN></NounPhrase><VerbPhrase><VBD>was</VBD><VB-CHANGE>changed</VB-CHANGE><PrepPhrase><IN-IN>in</IN-IN><NounPhrase><NN>range</NN></NounPhrase></PrepPhrase><PrepPhrase><IN-FROM>from</IN-FROM><NounPhrase><CD>50</CD></NounPhrase></PrepPhrase><PrepPhrase><TO>to</TO><NounPhrase><CD>70</CD><MOLECULE><OSCARCM><OSCAR-CM>W</OSCAR-CM></OSCARCM></MOLECULE><COMMA>,</COMMA><JJ>traverse</JJ><NN>speed</NN><CD>250</CD><NN-TIME>mm/min</NN-TIME><COMMA>,</COMMA><NN>pulse</NN><NN>duration</NN><CD>0.4</CD><NNS>ms</NNS><COMMA>,</COMMA><NN>pulse</NN><NN>repetition</NN><NN>frequency</NN><CD>50</CD><NNP>Hz</NNP><COMMA>,</COMMA><CC>and</CC><NN>laser</NN><NN>beam</NN><NN>shift</NN><NN>jump</NN><CD>0.4</CD><CD>mm</CD></NounPhrase></PrepPhrase></VerbPhrase><STOP>.</STOP></Sentence></Document>
<?xml version="1.0" encoding="UTF-8"?>
<Document><Sentence><NounPhrase><NNP>Surface</NNP><NN>topography</NN></NounPhrase><VerbPhrase><VBD>was</VBD><VBN>observed</VBN><VB-USE>using</VB-USE></VerbPhrase><NounPhrase><DT>a</DT><JJ-CHEM>scanning</JJ-CHEM><NN>electron</NN><NN>microscope</NN><MIXTURE><_-LRB->(</_-LRB-><NNP>SEM</NNP><_-RRB->)</_-RRB-></MIXTURE><NNP>Joel</NNP><COMMA>,</COMMA><NN>type</NN><MOLECULE><OSCARCM><OSCAR-CM>JSM-5400</OSCAR-CM></OSCARCM></MOLECULE></NounPhrase><STOP>.</STOP></Sentence></Document>
<?xml version="1.0" encoding="UTF-8"?>
<Document><Sentence><NounPhrase><DT-THE>The</DT-THE><JJ>accelerating</JJ><NN>voltage</NN></NounPhrase><VerbPhrase><VBD>was</VBD></VerbPhrase><NounPhrase><CD>20</CD><NNP>kV</NNP></NounPhrase><STOP>.</STOP></Sentence><Sentence><NounPhrase><DT>An</DT><NN>analysis</NN><PrepPhrase><IN-OF>of</IN-OF><NounPhrase><DT-THE>the</DT-THE><NN-CHEMENTITY>phase</NN-CHEMENTITY><NN>composition</NN><PrepPhrase><IN-OF>of</IN-OF><NounPhrase><DT-THE>the</DT-THE><MOLECULE><OSCARCM><OSCAR-CM>WC-Cu</OSCAR-CM></OSCARCM></MOLECULE><NNS>coatings</NNS></NounPhrase></PrepPhrase></NounPhrase></PrepPhrase></NounPhrase><VerbPhrase><VBD>was</VBD><VBN>carried</VBN><RP>out</RP><PrepPhrase><IN-BY>by</IN-BY><NounPhrase><NNS>means</NNS><PrepPhrase><IN-OF>of</IN-OF><NounPhrase><DT-THE>the</DT-THE><JJ-CHEM>X-ray</JJ-CHEM><PROCEDURE><NN>diffraction</NN><NN-METHOD>method</NN-METHOD></PROCEDURE></NounPhrase></PrepPhrase></NounPhrase></PrepPhrase></VerbPhrase><VerbPhrase><VB-USE>using</VB-USE></VerbPhrase><NounPhrase><DT>a</DT><NNP>Philips</NNP><NNP>PW</NNP><CD>1830</CD><NN>spectrometer</NN></NounPhrase><COMMA>,</COMMA><ActionPhrase type="ApparatusAction"><VerbPhrase><VB-APPARATUS>equipped</VB-APPARATUS><PrepPhrase><IN-WITH>with</IN-WITH><NounPhrase><DT>a</DT><MOLECULE><OSCARCM><OSCAR-CM>copper</OSCAR-CM></OSCARCM></MOLECULE></NounPhrase></PrepPhrase><PrepPhrase><IN>anode</IN><NounPhrase><MultipleApparatus><APPARATUS><NN-APPARATUS>tube</NN-APPARATUS></APPARATUS></MultipleApparatus></NounPhrase></PrepPhrase></VerbPhrase></ActionPhrase><VerbPhrase><VBN>powered</VBN><PrepPhrase><IN-WITH>with</IN-WITH><NounPhrase><DT>a</DT><NN>voltage</NN><PrepPhrase><IN-OF>of</IN-OF><NounPhrase><CD>40</CD><NNP>kV</NNP></NounPhrase></PrepPhrase></NounPhrase></PrepPhrase></VerbPhrase><COMMA>,</COMMA><CC>and</CC><Unmatched><DT>a</DT></Unmatched><PrepPhrase><JJ>current</JJ><IN-OF>of</IN-OF><NounPhrase><CD>30</CD><NNP>mA</NNP></NounPhrase></PrepPhrase><STOP>.</STOP></Sentence><Sentence><PrepPhrase><IN>During</IN><NounPhrase><DT-THE>the</DT-THE><NN>measurement</NN></NounPhrase></PrepPhrase><COMMA>,</COMMA><NounPhrase><DT-THE>the</DT-THE><CD>2</CD><JJ></JJ><NN>angle</NN></NounPhrase><VerbPhrase><VBD>was</VBD><VB-CHANGE>changed</VB-CHANGE><PrepPhrase><IN-IN>in</IN-IN><NounPhrase><NN>range</NN><CD>30-60</CD><CD>0</CD></NounPhrase></PrepPhrase></VerbPhrase><COMMA>,</COMMA><NounPhrase><DT-THE>the</DT-THE><JJ>scan</JJ><NN>rate</NN></NounPhrase><VerbPhrase><VBD>was</VBD></VerbPhrase><NounPhrase><CD>0.05</CD><CD>0/3</CD><NN-TIME>seconds</NN-TIME></NounPhrase><STOP>.</STOP></Sentence></Document>
<?xml version="1.0" encoding="UTF-8"?>
<Document><Sentence><NounPhrase><DT-THE>The</DT-THE><NN>microhardness</NN><NNS>values</NNS><PrepPhrase><IN-OF>of</IN-OF><NounPhrase><MOLECULE><OSCARCM><OSCAR-CM>WC-Cu</OSCAR-CM></OSCARCM></MOLECULE><NNS>coatings</NNS></NounPhrase></PrepPhrase></NounPhrase><VerbPhrase><VBD>were</VBD><VBN>determined</VBN><PrepPhrase><IN-BY>by</IN-BY><NounPhrase><NNS>means</NNS><PrepPhrase><IN-OF>of</IN-OF><NounPhrase><DT-THE>the</DT-THE><NNP>Vickers</NNP><NN>hardness</NN><NN>test</NN></NounPhrase></PrepPhrase></NounPhrase></PrepPhrase></VerbPhrase><VerbPhrase><VB-USE>using</VB-USE></VerbPhrase><NounPhrase><DT>a</DT><NNP>Microtech</NNP><MOLECULE><OSCARCM><OSCAR-CM>MX3</OSCAR-CM></OSCARCM></MOLECULE><NN>microhardness</NN><MOLECULE><OSCARCM><OSCAR-CM>tester</OSCAR-CM></OSCARCM></MOLECULE></NounPhrase><VerbPhrase><VBN>set</VBN><PrepPhrase><TO>to</TO><NounPhrase><DT>a</DT><NN>load</NN><PrepPhrase><IN-OF>of</IN-OF><NounPhrase><QUANTITY><MOLAR><CD>0.4</CD><NN-MOLAR>N</NN-MOLAR></MOLAR></QUANTITY></NounPhrase></PrepPhrase></NounPhrase></PrepPhrase></VerbPhrase><STOP>.</STOP></Sentence><Sentence><NounPhrase><DT>All</DT><NNS>measurements</NNS></NounPhrase><VerbPhrase><VBD>were</VBD><VBN>carried</VBN><RP>out</RP><TempPhrase><IN>at</IN><DT>a</DT><NN-TEMP>temperature</NN-TEMP></TempPhrase><PrepPhrase><IN-OF>of</IN-OF><NounPhrase><CD>25±0.5</CD><CD>0</CD><MOLECULE><OSCARCM><OSCAR-CM>C</OSCAR-CM></OSCARCM></MOLECULE><COMMA>,</COMMA><WDT>which</WDT></NounPhrase></PrepPhrase></VerbPhrase><ActionPhrase type="Heat"><VerbPhrase><VBD>were</VBD><VB-HEAT>maintained</VB-HEAT></VerbPhrase></ActionPhrase><VerbPhrase><VB-USE>using</VB-USE></VerbPhrase><NounPhrase><DT>an</DT><JJ-CHEM>air</JJ-CHEM><NN>thermostat</NN></NounPhrase><STOP>.</STOP></Sentence></Document>
<?xml version="1.0" encoding="UTF-8"?>
<Document><Sentence><ActionPhrase type="Wait"><NounPhrase><DT-THE>The</DT-THE><NN>experiment</NN></NounPhrase><VerbPhrase><VBD>was</VBD><VBN>started</VBN><TimePhrase><IN-AFTER>after</IN-AFTER><CD>30</CD><NN-TIME>min</NN-TIME></TimePhrase><PrepPhrase><IN-OF>of</IN-OF><NounPhrase><NN>immersion</NN><PrepPhrase><IN-OF>of</IN-OF><NounPhrase><DT-THE>the</DT-THE><NN>electrode</NN></NounPhrase></PrepPhrase></NounPhrase></PrepPhrase><PrepPhrase><IN-IN>in</IN-IN><NounPhrase><DT-THE>the</DT-THE><JJ-CHEM>testing</JJ-CHEM><NN-CHEMENTITY>solution</NN-CHEMENTITY><COMMA>,</COMMA><WDT>which</WDT></NounPhrase></PrepPhrase></VerbPhrase></ActionPhrase><ActionPhrase type="Add"><VerbPhrase><VBD>was</VBD><NEG>not</NEG><VB-ADD>mixed</VB-ADD></VerbPhrase></ActionPhrase><COMMA>,</COMMA><CC>and</CC><Unmatched><NEG>not</NEG></Unmatched><VerbPhrase><VBN>deoxidized</VBN></VerbPhrase><STOP>.</STOP></Sentence></Document>
<?xml version="1.0" encoding="UTF-8"?>
<Document><Sentence><NounPhrase><PROCEDURE><CD>2.4</CD></PROCEDURE><STOP>.</STOP></NounPhrase></Sentence></Document>
<?xml version="1.0" encoding="UTF-8"?>
<Document><Sentence><NounPhrase><JJ>Potentiodynamic</JJ><NN>polarization</NN><NNS>curves</NNS></NounPhrase><NounPhrase><DT-THE>The</DT-THE><JJ>potentiodynamic</JJ><NN>polarization</NN><NNS>curves</NNS></NounPhrase><VerbPhrase><VBD>were</VBD><VBN>recorded</VBN><PrepPhrase><IN-IN>in</IN-IN><NounPhrase><DT>a</DT><MOLECULE><QUANTITY><MOLAR><CD>1.2</CD><NN-MOLAR>M</NN-MOLAR></MOLAR></QUANTITY><OSCARCM><OSCAR-CM>Cl-acid</OSCAR-CM></OSCARCM><NN-CHEMENTITY>solution</NN-CHEMENTITY></MOLECULE></NounPhrase></PrepPhrase></VerbPhrase><STOP>.</STOP></Sentence></Document>
<?xml version="1.0" encoding="UTF-8"?>
<Document><Sentence><NounPhrase><NNS>Measurements</NNS></NounPhrase><VerbPhrase><VBD>were</VBD><VBN>carried</VBN><RP>out</RP><PrepPhrase><IN-UNDER>under</IN-UNDER><NounPhrase><DT>a</DT><JJ>potential</JJ><NN>range</NN></NounPhrase></PrepPhrase><PrepPhrase><IN-FROM>from</IN-FROM><NounPhrase><CD>-800</CD></NounPhrase></PrepPhrase><PrepPhrase><TO>to</TO><NounPhrase><CD>-200</CD><NNP>mV</NNP><NN>vs</NN></NounPhrase></PrepPhrase></VerbPhrase><STOP>.</STOP></Sentence><Sentence><NounPhrase><NNP>SCE</NNP></NounPhrase><PrepPhrase><IN>whereas</IN><NounPhrase><DT-THE>the</DT-THE><JJ>potential</JJ><JJ-CHEM>change</JJ-CHEM><NN>rate</NN></NounPhrase></PrepPhrase><VerbPhrase><VBD>was</VBD></VerbPhrase><NounPhrase><CD>1</CD><NNP>mV</NNP></NounPhrase><VerbPhrase><VBZ>s</VBZ></VerbPhrase><NounPhrase><CD>-1</CD></NounPhrase><STOP>.</STOP></Sentence></Document>
<?xml version="1.0" encoding="UTF-8"?>
<Document><Sentence><NounPhrase><JJ>Potentiodynamic</JJ><NN>polarization</NN><NNS>curves</NNS></NounPhrase><VerbPhrase><VBD>were</VBD><VBN>used</VBN></VerbPhrase><VerbPhrase><TO>to</TO><VB>designate</VB></VerbPhrase><NounPhrase><DT-THE>the</DT-THE><JJ-CHEM>corrosion</JJ-CHEM><NN>potential</NN><MIXTURE><_-LRB->(</_-LRB-><NNP>Ecorr</NNP><_-RRB->)</_-RRB-></MIXTURE><CC>and</CC><NN>corrosion</NN><JJ>current</JJ><NN>density</NN><MIXTURE><_-LRB->(</_-LRB-><NN>jcorr</NN><_-RRB->)</_-RRB-></MIXTURE></NounPhrase><STOP>.</STOP></Sentence></Document>
<?xml version="1.0" encoding="UTF-8"?>
<Document><Sentence><NounPhrase><DT-THE>The</DT-THE><JJ-CHEM>corrosion</JJ-CHEM><NN>rate</NN></NounPhrase><VerbPhrase><VBD>was</VBD><VBN>calculated</VBN><VB-USE>using</VB-USE></VerbPhrase><NounPhrase><DT-THE>the</DT-THE><JJ>following</JJ><NN>equation</NN><UNNAMEDMOLECULE><REFERENCETOCOMPOUND><LSQB>[</LSQB><CD>9-11</CD><RSQB>]</RSQB></REFERENCETOCOMPOUND></UNNAMEDMOLECULE></NounPhrase><COLON>:</COLON><JJ>n</JJ><NounPhrase><NNP>Mj</NNP><NNP>.k</NNP><NN>corr</NN><NN>corr</NN><NN></NN><CD>2683</CD><UNNAMEDMOLECULE><REFERENCETOCOMPOUND><_-LRB->(</_-LRB-><CD>1</CD><_-RRB->)</_-RRB-></REFERENCETOCOMPOUND></UNNAMEDMOLECULE><NNP>Int</NNP></NounPhrase><STOP>.</STOP></Sentence></Document>
<?xml version="1.0" encoding="UTF-8"?>
<Document><Sentence><NounPhrase><PROCEDURE><NN-IDENTIFIER>J</NN-IDENTIFIER></PROCEDURE><STOP>.</STOP></NounPhrase></Sentence><Sentence><NounPhrase><NNP>Electrochem</NNP></NounPhrase><STOP>.</STOP></Sentence></Document>
<?xml version="1.0" encoding="UTF-8"?>
<Document><Sentence><NounPhrase><NNP>Sci</NNP></NounPhrase><STOP>.</STOP></Sentence><Sentence><Unmatched><COMMA>,</COMMA></Unmatched></Sentence></Document>
<?xml version="1.0" encoding="UTF-8"?>
<Document/>
<?xml version="1.0" encoding="UTF-8"?>
<Document><Sentence><NounPhrase><CD>8</CD><COMMA>,</COMMA><CD>2013</CD><CD>9269</CD><WRB>where</WRB><NNP>jcorr</NNP></NounPhrase><VerbPhrase><VBZ>is</VBZ></VerbPhrase><NounPhrase><DT-THE>the</DT-THE><JJ-CHEM>corrosion</JJ-CHEM><JJ>current</JJ><NN>density</NN><COMMA>,</COMMA><JJ-CHEM>M-molecular</JJ-CHEM><NN>weight</NN><PrepPhrase><IN-OF>of</IN-OF><NounPhrase><MOLECULE><OSCARCM><OSCAR-CM>iron</OSCAR-CM></OSCARCM></MOLECULE></NounPhrase></PrepPhrase></NounPhrase><COMMA>,</COMMA><PrepPhrase><RB>n-number</RB><IN-OF>of</IN-OF><NounPhrase><NNS>electrons</NNS></NounPhrase></PrepPhrase><VerbPhrase><VBD>exchanged</VBD></VerbPhrase><COMMA>,</COMMA><NounPhrase><MOLECULE><OSCARCM><OSCAR-CM>-iron</OSCAR-CM></OSCARCM></MOLECULE><NN>density</NN></NounPhrase><STOP>.</STOP></Sentence></Document>
<?xml version="1.0" encoding="UTF-8"?>
<Document><Sentence><NounPhrase><PROCEDURE><CD>3</CD></PROCEDURE><STOP>.</STOP></NounPhrase></Sentence></Document>
<?xml version="1.0" encoding="UTF-8"?>
<Document/>
