<?xml version="1.0" encoding="UTF-8"?>
<Document><Sentence><NounPhrase><MOLECULE><OSCARCM><OSCAR-CM>EXPERIMENTAL</OSCAR-CM></OSCARCM><REFERENCETOCOMPOUND><CD>2.1</CD></REFERENCETOCOMPOUND></MOLECULE></NounPhrase><STOP>.</STOP></Sentence></Document>
<?xml version="1.0" encoding="UTF-8"?>
<Document><Sentence><NounPhrase><NN-CHEMENTITY>Materials</NN-CHEMENTITY><CC>and</CC><NNS>chemicals</NNS><CaptionLabel><NNP-LABEL>Table</NNP-LABEL><CD>1</CD></CaptionLabel></NounPhrase><STOP>.</STOP></Sentence></Document>
<?xml version="1.0" encoding="UTF-8"?>
<Document><Sentence><VerbPhrase><VBG>Coating</VBG></VerbPhrase><NounPhrase><NNS>characteristics</NNS><PrepPhrase><IN-OF>of</IN-OF><NounPhrase><DT-THE>the</DT-THE><JJ-CHEM>painted</JJ-CHEM><NNS>specimens</NNS></NounPhrase></PrepPhrase></NounPhrase><VerbPhrase><VBD>investigated</VBD></VerbPhrase><STOP>.</STOP></Sentence></Document>
<?xml version="1.0" encoding="UTF-8"?>
<Document><Sentence><NounPhrase><NNP>Sample</NNP><NNS>characteristics</NNS></NounPhrase><VerbPhrase><VBG>Coating</VBG></VerbPhrase><NounPhrase><NN>thickness</NN><NNP>Primer</NNP><MIXTURE><_-LRB->(</_-LRB-><JJ-CHEM>single-coat</JJ-CHEM><_-RRB->)</_-RRB-></MIXTURE><CD>28.5</CD></NounPhrase><PrepPhrase><IN>±</IN><NounPhrase><CD>0.4</CD><NN>µm</NN><NNP>Primer</NNP><MIXTURE><_-LRB->(</_-LRB-><JJ-CHEM>single-coat</JJ-CHEM><_-RRB->)</_-RRB-></MIXTURE><CD>94.8</CD><NN>±</NN><CD>1.4</CD><NN>µm</NN><NNP>Primer</NNP><MIXTURE><_-LRB->(</_-LRB-><JJ-CHEM>double-coat</JJ-CHEM><_-RRB->)</_-RRB-></MIXTURE><MIXTURE><_-LRB->(</_-LRB-><CD>96.0</CD><NN>±</NN><CD>4.1</CD><_-RRB->)</_-RRB-></MIXTURE><NN>µm</NN></NounPhrase></PrepPhrase><Unmatched><_-LRB->(</_-LRB-></Unmatched><NounPhrase><JJ>first</JJ><NN-CHEMENTITY>layer</NN-CHEMENTITY><MIXTURE><_-LRB->)+(</_-LRB-><CD>80.0</CD><JJ>±</JJ><CD>4.4</CD><_-RRB->)</_-RRB-></MIXTURE><FW>µm</FW><MIXTURE><_-LRB->(</_-LRB-><JJ>second</JJ><NN-CHEMENTITY>layer</NN-CHEMENTITY><_-RRB->)</_-RRB-></MIXTURE><JJ-CHEM>Primer+topcoat</JJ-CHEM><MIXTURE><_-LRB->(</_-LRB-><CD>91.4</CD><NN>±</NN><CD>1.6</CD><_-RRB->)</_-RRB-></MIXTURE><FW>µm</FW></NounPhrase><Unmatched><_-LRB->(</_-LRB-></Unmatched><NounPhrase><NN>primer</NN><MIXTURE><_-LRB->)+(</_-LRB-><CD>89.0</CD><NN>±</NN><CD>3.9</CD><_-RRB->)</_-RRB-></MIXTURE><NN>µm</NN><MOLECULE><MIXTURE><_-LRB->(</_-LRB-><JJ>top</JJ><NN>coat</NN><_-RRB->)</_-RRB-></MIXTURE><OSCARCM><OSCAR-CM>Carbon</OSCAR-CM></OSCARCM></MOLECULE><NN>steel</NN><NNS>plates</NNS></NounPhrase><VerbPhrase><VBD>were</VBD><VBN>employed</VBN><PrepPhrase><IN-AS>as</IN-AS><NounPhrase><JJ>metallic</JJ><NN>substrates</NN></NounPhrase></PrepPhrase></VerbPhrase><STOP>.</STOP></Sentence></Document>
<?xml version="1.0" encoding="UTF-8"?>
<Document><Sentence><NounPhrase><NN-CHEMENTITY>Metal</NN-CHEMENTITY><NNS>surfaces</NNS></NounPhrase><VerbPhrase><VBD>were</VBD><VBN>abraded</VBN></VerbPhrase><Unmatched><TO>to</TO></Unmatched><Unmatched><DT>a</DT></Unmatched><Unmatched><JJ-COMPOUND>final</JJ-COMPOUND></Unmatched><NounPhrase><CD>2000</CD><JJ>grit</JJ><NN>finish</NN></NounPhrase><COMMA>,</COMMA><ActionPhrase type="Wash"><VerbPhrase><RB>subsequently</RB><VB-WASH>washed</VB-WASH><PrepPhrase><IN-IN>in</IN-IN><MOLECULE><OSCARCM><OSCAR-CM>acetone</OSCAR-CM></OSCARCM></MOLECULE></PrepPhrase></VerbPhrase></ActionPhrase><COMMA>,</COMMA><ActionPhrase type="Dry"><NounPhrase><MOLECULE><OSCARCM><OSCAR-CM>ethanol</OSCAR-CM></OSCARCM></MOLECULE><CC>and</CC><RB>doubly</RB><JJ-CHEM>distilled</JJ-CHEM><MOLECULE><OSCARCM><OSCAR-CM>water</OSCAR-CM></OSCARCM></MOLECULE></NounPhrase><COMMA>,</COMMA><CC>and</CC><RB-CONJ>then</RB-CONJ><VerbPhrase><VB-DRY>dried</VB-DRY></VerbPhrase></ActionPhrase><RB-CONJ>prior</RB-CONJ><PrepPhrase><TO>to</TO><NounPhrase><DT-THE>the</DT-THE><JJ-CHEM>coating</JJ-CHEM><NN>process</NN></NounPhrase></PrepPhrase><STOP>.</STOP></Sentence></Document>
<?xml version="1.0" encoding="UTF-8"?>
<Document><Sentence><NounPhrase><DT>A</DT><JJ>commercial</JJ><JJ-CHEM>paint</JJ-CHEM><NN>system</NN></NounPhrase><PrepPhrase><IN-FROM>from</IN-FROM><NounPhrase><NNP>Sigma</NNP><NNP>Coatings</NNP><NNP>B.V</NNP></NounPhrase></PrepPhrase><STOP>.</STOP></Sentence><Sentence><Unmatched><_-LRB->(</_-LRB-></Unmatched><NounPhrase><NNP>Amsterdam</NNP></NounPhrase><COMMA>,</COMMA><NounPhrase><DT-THE>The</DT-THE><NNP>Netherlands</NNP></NounPhrase><Unmatched><_-RRB->)</_-RRB-></Unmatched><VerbPhrase><VBD>was</VBD><VBN>considered</VBN></VerbPhrase><COMMA>,</COMMA><VerbPhrase><VBG>consisting</VBG><PrepPhrase><IN-OF>of</IN-OF><NounPhrase><DT>an</DT><MOLECULE><OSCARCM><OSCAR-CM>acrylic</OSCAR-CM></OSCARCM></MOLECULE><NN>primer</NN></NounPhrase></PrepPhrase></VerbPhrase><ActionPhrase type="Add"><VerbPhrase><VB-CONTAIN>containing</VB-CONTAIN></VerbPhrase><NounPhrase><MOLECULE><OSCARCM><OSCAR-CM>zinc</OSCAR-CM><OSCAR-CM>phosphate</OSCAR-CM></OSCARCM></MOLECULE></NounPhrase><PrepPhrase><IN-AS>as</IN-AS><NounPhrase><NN>pigment</NN><CITATION><_-LRB->(</_-LRB-><NNP>Sigma</NNP><NNP>Aquacover</NNP><CD>20</CD><_-RRB->)</_-RRB-></CITATION></NounPhrase></PrepPhrase></ActionPhrase><COMMA>,</COMMA><CC>and</CC><NounPhrase><DT>an</DT><MOLECULE><OSCARCM><OSCAR-CM>acrylic</OSCAR-CM></OSCARCM></MOLECULE><NN>topcoat</NN><CITATION><_-LRB->(</_-LRB-><NNP>Sigma</NNP><NNP>Aquacover</NNP><CD>40</CD><_-RRB->)</_-RRB-></CITATION></NounPhrase><STOP>.</STOP></Sentence></Document>
<?xml version="1.0" encoding="UTF-8"?>
<Document><Sentence><PrepPhrase><IN-IN>In</IN-IN><NounPhrase><NN>order</NN></NounPhrase></PrepPhrase><VerbPhrase><TO>to</TO><VB>investigate</VB></VerbPhrase><NounPhrase><DT-THE>the</DT-THE><NN>performance</NN><PrepPhrase><IN-OF>of</IN-OF><NounPhrase><DT-THE>the</DT-THE><JJ>various</JJ><NNS>components</NNS><PrepPhrase><IN-OF>of</IN-OF><NounPhrase><DT-THE>the</DT-THE><JJ-CHEM>paint</JJ-CHEM><NN>coating</NN></NounPhrase></PrepPhrase></NounPhrase></PrepPhrase></NounPhrase><COMMA>,</COMMA><VerbPhrase><VBN>selected</VBN></VerbPhrase><NounPhrase><NNS>samples</NNS></NounPhrase><VerbPhrase><VBD>were</VBD><VBN>coated</VBN><RB>only</RB></VerbPhrase><NounPhrase><NNP>Int</NNP></NounPhrase><STOP>.</STOP></Sentence></Document>
<?xml version="1.0" encoding="UTF-8"?>
<Document><Sentence><NounPhrase><PROCEDURE><NN-IDENTIFIER>J</NN-IDENTIFIER></PROCEDURE><STOP>.</STOP></NounPhrase></Sentence><Sentence><NounPhrase><NNP>Electrochem</NNP></NounPhrase><STOP>.</STOP></Sentence></Document>
<?xml version="1.0" encoding="UTF-8"?>
<Document><Sentence><NounPhrase><NNP>Sci</NNP></NounPhrase><STOP>.</STOP></Sentence><Sentence><Unmatched><COMMA>,</COMMA></Unmatched></Sentence></Document>
<?xml version="1.0" encoding="UTF-8"?>
<Document/>
<?xml version="1.0" encoding="UTF-8"?>
<Document><Sentence><NounPhrase><CD>9</CD><COMMA>,</COMMA><CD>2014</CD><CD>2069</CD></NounPhrase><PrepPhrase><IN-WITH>with</IN-WITH><NounPhrase><DT-THE>the</DT-THE><NN>primer</NN></NounPhrase></PrepPhrase><VerbPhrase><VBD>applied</VBD><RB>either</RB><PrepPhrase><IN-AS>as</IN-AS><NounPhrase><CD>one</CD><CC>or</CC><CD>two</CD><NN>coat</NN><NN-CHEMENTITY>layers</NN-CHEMENTITY><COMMA>,</COMMA><CC>and</CC><JJ>other</JJ><NNS>samples</NNS></NounPhrase></PrepPhrase></VerbPhrase><VerbPhrase><VBD>were</VBD><VBN>coated</VBN><PrepPhrase><IN-WITH>with</IN-WITH><NounPhrase><DT-THE>the</DT-THE><CD>two</CD><NNS>components</NNS><PrepPhrase><IN-OF>of</IN-OF><NounPhrase><DT-THE>the</DT-THE><JJ-CHEM>paint</JJ-CHEM><NN>system</NN></NounPhrase></PrepPhrase></NounPhrase></PrepPhrase></VerbPhrase><STOP>.</STOP></Sentence></Document>
<?xml version="1.0" encoding="UTF-8"?>
<Document><Sentence><NounPhrase><DT-THE>The</DT-THE><JJ>different</JJ><NNS>combinations</NNS></NounPhrase><VerbPhrase><VBN>considered</VBN><PrepPhrase><IN-IN>in</IN-IN><NounPhrase><DT>this</DT><NN>work</NN></NounPhrase></PrepPhrase></VerbPhrase><VerbPhrase><VBP>are</VBP><VBN>given</VBN><PrepPhrase><IN-IN>in</IN-IN><NounPhrase><CaptionLabel><NNP-LABEL>Table</NNP-LABEL><CD>1</CD></CaptionLabel></NounPhrase></PrepPhrase></VerbPhrase><STOP>.</STOP></Sentence></Document>
<?xml version="1.0" encoding="UTF-8"?>
<Document><Sentence><ActionPhrase type="Synthesize"><NounPhrase><DT-THE>The</DT-THE><NN>paint</NN></NounPhrase><VerbPhrase><VBD>was</VBD><VB-SYNTHESIZE>prepared</VB-SYNTHESIZE><PrepPhrase><IN-IN>in</IN-IN><NounPhrase><DT-THE>the</DT-THE><NN>laboratory</NN></NounPhrase></PrepPhrase><PrepPhrase><IN-IN>in</IN-IN><NounPhrase><NN>order</NN></NounPhrase></PrepPhrase></VerbPhrase></ActionPhrase><VerbPhrase><TO>to</TO><VB>control</VB></VerbPhrase><NounPhrase><DT-THE>the</DT-THE><NN>quality</NN><PrepPhrase><IN-OF>of</IN-OF><NounPhrase><DT-THE>the</DT-THE><NN>coatings</NN></NounPhrase></PrepPhrase></NounPhrase><STOP>.</STOP></Sentence></Document>
<?xml version="1.0" encoding="UTF-8"?>
<Document><Sentence><NounPhrase><DT-THE>The</DT-THE><NNS>samples</NNS></NounPhrase><VerbPhrase><VBD>were</VBD><VBN>painted</VBN><PrepPhrase><IN-WITH>with</IN-WITH><NounPhrase><DT>a</DT><JJ-CHEM>withdrawing</JJ-CHEM><PROCEDURE><NN-METHOD>technique</NN-METHOD></PROCEDURE></NounPhrase></PrepPhrase></VerbPhrase><VerbPhrase><VB-USE>using</VB-USE></VerbPhrase><NounPhrase><DT>an</DT><JJ>accurate</JJ><JJ-CHEM>speed</JJ-CHEM><NN>motor</NN></NounPhrase><CC>and</CC><NounPhrase><DT>a</DT><NN>system</NN><PrepPhrase><IN-OF>of</IN-OF><NounPhrase><NNS>gears</NNS></NounPhrase></PrepPhrase></NounPhrase><COMMA>,</COMMA><CC>and</CC><RB-CONJ>then</RB-CONJ><VerbPhrase><VBD>allowed</VBD></VerbPhrase><VerbPhrase><TO>to</TO><VB>cure</VB><TempPhrase><IN>at</IN><NN-TEMP>room</NN-TEMP><NN-TEMP>temperature</NN-TEMP></TempPhrase></VerbPhrase><CC>and</CC><ActionPhrase type="Wait"><NounPhrase><NN>humidity</NN></NounPhrase><TimePhrase><IN-FOR>for</IN-FOR><CD>five</CD><NN-TIME>days</NN-TIME></TimePhrase></ActionPhrase><RB-CONJ>prior</RB-CONJ><PrepPhrase><TO>to</TO><NounPhrase><NN>testing</NN></NounPhrase></PrepPhrase><STOP>.</STOP></Sentence></Document>
<?xml version="1.0" encoding="UTF-8"?>
<Document><Sentence><NounPhrase><DT-THE>The</DT-THE><NN>thickness</NN><PrepPhrase><IN-OF>of</IN-OF><NounPhrase><DT-THE>the</DT-THE><JJ-CHEM>dry</JJ-CHEM><NNS>coatings</NNS></NounPhrase></PrepPhrase></NounPhrase><VerbPhrase><VBD>was</VBD><VBN>measured</VBN><PrepPhrase><IN-WITH>with</IN-WITH><NounPhrase><DT>a</DT><NNP>Mega-Check</NNP><NNP>FN</NNP><NNP>Coating-Thickness-meter</NNP><MIXTURE><_-LRB->(</_-LRB-><VB>List-Magnetik</VB><NNP>GmbH</NNP><COMMA>,</COMMA><NNP>Germany</NNP><_-RRB->)</_-RRB-></MIXTURE></NounPhrase></PrepPhrase></VerbPhrase><STOP>.</STOP></Sentence></Document>
<?xml version="1.0" encoding="UTF-8"?>
<Document><Sentence><ActionPhrase type="Synthesize"><NounPhrase><NN-CHEMENTITY>Solutions</NN-CHEMENTITY></NounPhrase><VerbPhrase><VBD>were</VBD><VB-SYNTHESIZE>prepared</VB-SYNTHESIZE><PrepPhrase><IN-FROM>from</IN-FROM><NounPhrase><JJ>analytical</JJ><JJ-CHEM>grade</JJ-CHEM><NN-CHEMENTITY>reagents</NN-CHEMENTITY></NounPhrase></PrepPhrase></VerbPhrase></ActionPhrase><CC>and</CC><ActionPhrase type="Purify"><VerbPhrase><VB-PURIFY>twice-distilled</VB-PURIFY></VerbPhrase><NounPhrase><MOLECULE><OSCARCM><OSCAR-CM>water</OSCAR-CM></OSCARCM></MOLECULE></NounPhrase></ActionPhrase><STOP>.</STOP></Sentence></Document>
<?xml version="1.0" encoding="UTF-8"?>
<Document><Sentence><NounPhrase><DT-THE>The</DT-THE><NN>testing</NN><NNS>media</NNS></NounPhrase><VerbPhrase><VBD>was</VBD></VerbPhrase><NounPhrase><MOLECULE><QUANTITY><PERCENT><CD>3</CD><NN>wt.</NN><NN-PERCENT>%</NN-PERCENT></PERCENT></QUANTITY><OSCARCM><OSCAR-CM>NaCl</OSCAR-CM></OSCARCM></MOLECULE></NounPhrase><STOP>.</STOP></Sentence></Document>
<?xml version="1.0" encoding="UTF-8"?>
<Document><Sentence><NounPhrase><NNS>Experiments</NNS></NounPhrase><VerbPhrase><VBD>were</VBD><VBN>carried</VBN><RP>out</RP><TempPhrase><IN>at</IN><JJ>ambient</JJ><NN-TEMP>temperature</NN-TEMP></TempPhrase></VerbPhrase><Unmatched><_-LRB->(</_-LRB-></Unmatched><NounPhrase><NN>ca.</NN></NounPhrase></Sentence></Document>
<?xml version="1.0" encoding="UTF-8"?>
<Document><Sentence><NounPhrase><CD>20</CD><NN-TEMP>ºC</NN-TEMP></NounPhrase><Unmatched><_-RRB->)</_-RRB-></Unmatched><PrepPhrase><IN-IN>in</IN-IN><NounPhrase><RB>naturally</RB><JJ>aerated</JJ><NN-CHEMENTITY>solutions</NN-CHEMENTITY></NounPhrase></PrepPhrase><STOP>.</STOP></Sentence></Document>
<?xml version="1.0" encoding="UTF-8"?>
<Document><Sentence><NounPhrase><PROCEDURE><CD>2.2</CD></PROCEDURE><STOP>.</STOP></NounPhrase></Sentence></Document>
<?xml version="1.0" encoding="UTF-8"?>
<Document><Sentence><NounPhrase><NNP>Electrochemical</NNP><NN>evaluation</NN></NounPhrase><NounPhrase><DT-THE>The</DT-THE><JJ>electrochemical</JJ><NNS>measurements</NNS></NounPhrase><VerbPhrase><VBN>made</VBN></VerbPhrase><NounPhrase><NN>use</NN><PrepPhrase><IN-OF>of</IN-OF><NounPhrase><DT>a</DT><JJ>conventional</JJ><CD>three-electrode</CD><NN>arrangement</NN></NounPhrase></PrepPhrase></NounPhrase><CC>and</CC><NounPhrase><DT>an</DT><JJ-CHEM>automated</JJ-CHEM><NNP>EG&amp;G</NNP><NNP>Princeton</NNP><NNP>Applied</NNP><NNP>Research</NNP><NN>model</NN><CD>2263</CD><NNP>Parstat</NNP></NounPhrase><VerbPhrase><VBN>controlled</VBN><PrepPhrase><IN-FROM>from</IN-FROM><NounPhrase><DT>a</DT><MOLECULE><OSCARCM><OSCAR-CM>PC</OSCAR-CM></OSCARCM></MOLECULE><NN>computer</NN></NounPhrase></PrepPhrase></VerbPhrase><STOP>.</STOP></Sentence></Document>
<?xml version="1.0" encoding="UTF-8"?>
<Document><Sentence><NounPhrase><DT-THE>The</DT-THE><JJ>painted</JJ><NNS>coupons</NNS></NounPhrase><VerbPhrase><VBD>were</VBD><VB-SUSPEND>placed</VB-SUSPEND></VerbPhrase><Unmatched><IN>at</IN></Unmatched><Unmatched><DT-THE>the</DT-THE></Unmatched><PrepPhrase><JJ>bottom</JJ><IN-OF>of</IN-OF><NounPhrase><DT-THE>the</DT-THE><JJ>flat</JJ><JJ>electrochemical</JJ><NN>cell</NN></NounPhrase></PrepPhrase><PrepPhrase><IN-WITH>with</IN-WITH><NounPhrase><DT-THE>the</DT-THE><JJ>coated</JJ><NN>side</NN></NounPhrase></PrepPhrase><VerbPhrase><VBG>facing</VBG><RB>upwards</RB><PrepPhrase><TO>to</TO><NounPhrase><DT-THE>the</DT-THE><JJ-CHEM>test</JJ-CHEM><NN-CHEMENTITY>solution</NN-CHEMENTITY></NounPhrase></PrepPhrase></VerbPhrase><STOP>.</STOP></Sentence></Document>
<?xml version="1.0" encoding="UTF-8"?>
<Document><Sentence><NounPhrase><DT-THE>The</DT-THE><JJ>working</JJ><NN>electrode</NN><NN>surface</NN></NounPhrase><VerbPhrase><VBD>was</VBD></VerbPhrase><NounPhrase><CD>6.5</CD><NN>cm</NN><CD>2</CD></NounPhrase><STOP>.</STOP></Sentence></Document>
<?xml version="1.0" encoding="UTF-8"?>
<Document><Sentence><NounPhrase><DT>A</DT><JJ>large</JJ><JJ-CHEM>area</JJ-CHEM><JJ>cylindrical</JJ><JJ>stainless</JJ><NN>steel</NN><MOLECULE><OSCARCM><OSCAR-CM>plate</OSCAR-CM></OSCARCM></MOLECULE></NounPhrase><VerbPhrase><VBN>situated</VBN><PrepPhrase><IN>around</IN><NounPhrase><DT-THE>the</DT-THE><NN>specimen</NN></NounPhrase></PrepPhrase></VerbPhrase><VerbPhrase><VBD>was</VBD><VBN>used</VBN><PrepPhrase><IN-AS>as</IN-AS><NounPhrase><DT-THE>the</DT-THE><JJ-CHEM>counter</JJ-CHEM><NN>electrode</NN></NounPhrase></PrepPhrase></VerbPhrase><STOP>.</STOP></Sentence></Document>
<?xml version="1.0" encoding="UTF-8"?>
<Document><Sentence><NounPhrase><DT-THE>The</DT-THE><NN>potential</NN><PrepPhrase><IN-OF>of</IN-OF><NounPhrase><DT-THE>the</DT-THE><JJ>working</JJ><NN>electrode</NN></NounPhrase></PrepPhrase></NounPhrase><VerbPhrase><VBD>was</VBD><VBN>determined</VBN><PrepPhrase><IN>against</IN><NounPhrase><DT>a</DT><JJ-CHEM>saturated</JJ-CHEM><MOLECULE><OSCARCM><OSCAR-CM>sodium</OSCAR-CM><DASH>-</DASH><OSCAR-CM>chloride</OSCAR-CM></OSCARCM></MOLECULE><NN>calomel</NN><NN>electrode</NN><MIXTURE><_-LRB->(</_-LRB-><NN>sce</NN><_-RRB->)</_-RRB-></MIXTURE></NounPhrase></PrepPhrase></VerbPhrase><STOP>.</STOP></Sentence></Document>
<?xml version="1.0" encoding="UTF-8"?>
<Document><Sentence><NounPhrase><DT-THE>The</DT-THE><JJ>electrochemical</JJ><NN>cell</NN></NounPhrase><VerbPhrase><VBD>was</VBD><VB-SUSPEND>placed</VB-SUSPEND><PrepPhrase><IN>inside</IN><NounPhrase><DT>a</DT><JJ-CHEM>Faraday</JJ-CHEM><NN>cage</NN></NounPhrase></PrepPhrase></VerbPhrase><STOP>.</STOP></Sentence></Document>
<?xml version="1.0" encoding="UTF-8"?>
<Document><Sentence><NounPhrase><DT-THE>The</DT-THE><JJ>electrochemical</JJ><NN>impedance</NN><NNS>tests</NNS></NounPhrase><VerbPhrase><VBD>were</VBD><VBN>carried</VBN><RP>out</RP><PrepPhrase><IN-FOR>for</IN-FOR><NounPhrase><DT-THE>the</DT-THE><NNS>samples</NNS></NounPhrase></PrepPhrase></VerbPhrase><ActionPhrase type="Wait"><VerbPhrase><VB-WAIT>left</VB-WAIT><PrepPhrase><IN>at</IN><NounPhrase><PRP_>their</PRP_><JJ>open</JJ><JJ-CHEM>circuit</JJ-CHEM><NN>potential</NN></NounPhrase></PrepPhrase><PrepPhrase><IN-IN>in</IN-IN><NounPhrase><DT-THE>the</DT-THE><JJ-CHEM>test</JJ-CHEM><NN>electrolyte</NN></NounPhrase></PrepPhrase></VerbPhrase></ActionPhrase><STOP>.</STOP></Sentence></Document>
<?xml version="1.0" encoding="UTF-8"?>
<Document><Sentence><ActionPhrase type="Yield"><NounPhrase><MOLECULE><OSCARCM><OSCAR-CM>AC</OSCAR-CM></OSCARCM></MOLECULE><NN>impedance</NN><NNS>data</NNS></NounPhrase><VerbPhrase><VBD>were</VBD><VB-YIELD>obtained</VB-YIELD></VerbPhrase></ActionPhrase><VerbPhrase><IN-BY>by</IN-BY><VBG>applying</VBG></VerbPhrase><NounPhrase><DT>a</DT><MOLECULE><OSCARCM><OSCAR-CM>sine</OSCAR-CM></OSCARCM></MOLECULE><NN>wave</NN><NN>perturbation</NN></NounPhrase><PrepPhrase><IN>at</IN><NounPhrase><NNS>frequencies</NNS></NounPhrase></PrepPhrase><PrepPhrase><IN>between</IN><NounPhrase><CD>10</CD><NNP>kHz</NNP><CC>and</CC><CD>1</CD><NNP>mHz</NNP></NounPhrase></PrepPhrase><STOP>.</STOP></Sentence></Document>
<?xml version="1.0" encoding="UTF-8"?>
<Document><Sentence><NounPhrase><DT-THE>The</DT-THE><NN>amplitude</NN><PrepPhrase><IN-OF>of</IN-OF><NounPhrase><DT-THE>the</DT-THE><MOLECULE><OSCARCM><OSCAR-CM>AC</OSCAR-CM></OSCARCM></MOLECULE><NN>voltage</NN><NN>signal</NN></NounPhrase></PrepPhrase></NounPhrase><VerbPhrase><VBD>was</VBD></VerbPhrase><NounPhrase><CD>30</CD><NNP>mV</NNP></NounPhrase><STOP>.</STOP></Sentence><Sentence><NounPhrase><DT-THE>The</DT-THE><JJ-CHEM>data</JJ-CHEM><NN>quality</NN><NN>acquisition</NN></NounPhrase><VerbPhrase><VBD>was</VBD><VBN>established</VBN><PrepPhrase><IN-IN>in</IN-IN><NounPhrase><CYCLES><CD>15</CD><NN-CYCLE>cycles</NN-CYCLE></CYCLES></NounPhrase></PrepPhrase><PrepPhrase><IN>at</IN><NounPhrase><DT>each</DT><NN>frequency</NN></NounPhrase></PrepPhrase></VerbPhrase><COMMA>,</COMMA><ActionPhrase type="Yield"><VerbPhrase><RB>thus</RB><VB-YIELD>providing</VB-YIELD><JJ>good</JJ></VerbPhrase><NounPhrase><NN>signal-to-noise</NN><NNS>ratios</NNS></NounPhrase><PrepPhrase><IN>at</IN><NounPhrase><DT>all</DT><NN>frequencies</NN></NounPhrase></PrepPhrase></ActionPhrase><STOP>.</STOP></Sentence></Document>
<?xml version="1.0" encoding="UTF-8"?>
<Document><Sentence><NounPhrase><DT-THE>The</DT-THE><NN>software</NN></NounPhrase><VerbPhrase><VBD>used</VBD></VerbPhrase><VerbPhrase><TO>to</TO><VB>acquire</VB></VerbPhrase><CC>and</CC><VerbPhrase><VB>analyze</VB></VerbPhrase><NounPhrase><DT-THE>the</DT-THE><NN>data</NN></NounPhrase><VerbPhrase><VBN>allowed</VBN></VerbPhrase><NounPhrase><NN>representation</NN><PrepPhrase><IN-OF>of</IN-OF><NounPhrase><DT-THE>the</DT-THE><NNS>data</NNS></NounPhrase></PrepPhrase></NounPhrase><PrepPhrase><IN-IN>in</IN-IN><NounPhrase><NNS>terms</NNS><PrepPhrase><IN-OF>of</IN-OF><NounPhrase><DT>both</DT><NNP>Bode</NNP></NounPhrase></PrepPhrase></NounPhrase></PrepPhrase><Unmatched><_-LRB->(</_-LRB-></Unmatched><NounPhrase><NN>logarithm</NN><PrepPhrase><IN-OF>of</IN-OF><NounPhrase><DT-THE>the</DT-THE><JJ-CHEM>impedance</JJ-CHEM><NN>modulus</NN><MOLECULE><OSCARCM><OSCAR-CM>|Z|</OSCAR-CM></OSCARCM></MOLECULE><CC>and</CC><NN-CHEMENTITY>phase</NN-CHEMENTITY><NN>angle</NN><NN></NN></NounPhrase></PrepPhrase></NounPhrase><PrepPhrase><IN-AS>as</IN-AS><NounPhrase><DT>a</DT><NN>function</NN><PrepPhrase><IN-OF>of</IN-OF><NounPhrase><DT-THE>the</DT-THE><NN>logarithm</NN><PrepPhrase><IN-OF>of</IN-OF><NounPhrase><DT-THE>the</DT-THE><JJ-CHEM>frequency</JJ-CHEM><NN>f</NN></NounPhrase></PrepPhrase></NounPhrase></PrepPhrase></NounPhrase></PrepPhrase><Unmatched><_-RRB->)</_-RRB-></Unmatched><Unmatched><CC>and</CC></Unmatched><NounPhrase><NNP>Nyquist</NNP></NounPhrase><Unmatched><_-LRB->(</_-LRB-></Unmatched><NounPhrase><NN>imaginary</NN><NN>component</NN><PrepPhrase><IN-OF>of</IN-OF><NounPhrase><DT-THE>the</DT-THE><NN>impedance</NN></NounPhrase></PrepPhrase></NounPhrase><PrepPhrase><IN-AS>as</IN-AS><NounPhrase><DT>a</DT><NN>function</NN><PrepPhrase><IN-OF>of</IN-OF><NounPhrase><DT-THE>the</DT-THE><JJ>real</JJ><NN>component</NN></NounPhrase></PrepPhrase></NounPhrase></PrepPhrase><Unmatched><_-RRB->)</_-RRB-></Unmatched><NounPhrase><NNS>plots</NNS></NounPhrase><STOP>.</STOP></Sentence></Document>
<?xml version="1.0" encoding="UTF-8"?>
<Document><Sentence><NounPhrase><DT-THE>The</DT-THE><JJ-CHEM>impedance</JJ-CHEM><NN>spectra</NN></NounPhrase><VerbPhrase><VBD>were</VBD><VBN>modelled</VBN><VB-USE>using</VB-USE></VerbPhrase><NounPhrase><NNP>Yeum’s</NNP><NNP>“</NNP><NNP>ZSimpWin</NNP><CD>2.00</CD><NN>”</NN><NN>software</NN><UNNAMEDMOLECULE><REFERENCETOCOMPOUND><LSQB>[</LSQB><CD>34</CD><RSQB>]</RSQB></REFERENCETOCOMPOUND></UNNAMEDMOLECULE></NounPhrase><VerbPhrase><TO>to</TO><VB>derive</VB></VerbPhrase><NounPhrase><DT-THE>the</DT-THE><JJ-CHEM>equivalent</JJ-CHEM><NN>circuit</NN><WDT>that</WDT></NounPhrase><ActionPhrase type="ApparatusAction"><VerbPhrase><JJS>best</JJS><VB-APPARATUS>fitted</VB-APPARATUS></VerbPhrase><NounPhrase><DT-THE>the</DT-THE><JJ>experimental</JJ><NN>data</NN></NounPhrase></ActionPhrase><STOP>.</STOP></Sentence></Document>
<?xml version="1.0" encoding="UTF-8"?>
<Document><Sentence><NounPhrase><PROCEDURE><CD>3</CD></PROCEDURE><STOP>.</STOP></NounPhrase></Sentence></Document>
<?xml version="1.0" encoding="UTF-8"?>
<Document/>
