<?xml version="1.0" encoding="UTF-8"?>
<Document><Sentence><NounPhrase><NN>Effect</NN><PrepPhrase><IN-OF>of</IN-OF><NounPhrase><NNP>Weight</NNP><PrepPhrase><IN-OF>of</IN-OF><NounPhrase><NNP>Coating</NNP><NNP>Logan</NNP><CC>and</CC><NNP>Ewing</NNP><UNNAMEDMOLECULE><REFERENCETOCOMPOUND><LSQB>[</LSQB><CD>1</CD><RSQB>]</RSQB></REFERENCETOCOMPOUND></UNNAMEDMOLECULE></NounPhrase></PrepPhrase></NounPhrase></PrepPhrase></NounPhrase><VerbPhrase><VBN>studied</VBN><PrepPhrase><IN>th</IN><NounPhrase><NN>e</NN><NN>effect</NN><PrepPhrase><IN-OF>of</IN-OF><NounPhrase><JJ>weigh</JJ><NN>t</NN><PrepPhrase><IN-OF>of</IN-OF><NounPhrase><NN>coating</NN></NounPhrase></PrepPhrase></NounPhrase></PrepPhrase></NounPhrase></PrepPhrase><PrepPhrase><IN-ON>on</IN-ON><NounPhrase><DT-THE>the</DT-THE><NN>loss</NN></NounPhrase></PrepPhrase><PrepPhrase><IN-IN>in</IN-IN><NounPhrase><JJ>weigh</JJ><NN>t</NN><PrepPhrase><IN-OF>of</IN-OF><NounPhrase><JJ>galvanized</JJ><NNS>speci-mens</NNS></NounPhrase></PrepPhrase></NounPhrase></PrepPhrase></VerbPhrase><VerbPhrase><VBN>exposed</VBN><PrepPhrase><TO>to</TO><NounPhrase><NN>corrosion</NN></NounPhrase></PrepPhrase><PrepPhrase><IN-IN>in</IN-IN><NounPhrase><NNP>SL</NNP><COMMA>,</COMMA><NNS>soils</NNS></NounPhrase></PrepPhrase></VerbPhrase><COMMA>,</COMMA><VerbPhrase><VBG>representing</VBG></VerbPhrase><NounPhrase><DT>a</DT><JJ>wide</JJ><JJ-CHEM>r</JJ-CHEM><NN>ange</NN><PrepPhrase><IN-OF>of</IN-OF><NounPhrase><NNS>conditions</NNS></NounPhrase></PrepPhrase></NounPhrase><COMMA>,</COMMA><ActionPhrase type="Wait"><TimePhrase><IN-FOR>for</IN-FOR><NN-TIME>periods</NN-TIME></TimePhrase><PrepPhrase><IN-OF>of</IN-OF><NounPhrase><CD>6</CD><COMMA>,</COMMA><CD>8</CD><COMMA>,</COMMA><CC>and</CC><CD>10</CD><NN>y</NN><NN>r</NN></NounPhrase></PrepPhrase></ActionPhrase><STOP>.</STOP></Sentence><Sentence><ActionPhrase type="Yield"><NounPhrase><PRP_>Their</PRP_></NounPhrase><VerbPhrase><VB-YIELD>results</VB-YIELD></VerbPhrase></ActionPhrase><VerbPhrase><VBD>showed</VBD></VerbPhrase><NounPhrase><DT>tha</DT><NN>t</NN></NounPhrase><NounPhrase><DT-THE>the</DT-THE><JJ-CHEM>weight</JJ-CHEM><NN>loss</NN></NounPhrase><VerbPhrase><VBN>decreased</VBN></VerbPhrase><ActionPhrase type="Heat"><VerbPhrase><IN-WITH>with</IN-WITH><VB-INCREASE>increase</VB-INCREASE><PrepPhrase><IN-IN>in</IN-IN><NounPhrase><NN>weight</NN><PrepPhrase><IN-OF>of</IN-OF><NounPhrase><NN>coating</NN></NounPhrase></PrepPhrase></NounPhrase></PrepPhrase><PrepPhrase><TO>to</TO><NounPhrase><DT>a</DT><CD>304</CD></NounPhrase></PrepPhrase></VerbPhrase></ActionPhrase><VerbPhrase><JJ>certain</JJ><VBG>limiting</VBG></VerbPhrase><NounPhrase><NN>value</NN></NounPhrase><PrepPhrase><IN>beyond</IN><NounPhrase><WDT>which</WDT><PRP>it</PRP></NounPhrase></PrepPhrase><VerbPhrase><VBD>was</VBD><JJ>constant</JJ></VerbPhrase><STOP>.</STOP></Sentence></Document>
<?xml version="1.0" encoding="UTF-8"?>
<Document><Sentence><PrepPhrase><IN-ON>On</IN-ON><NounPhrase><DT-THE>the</DT-THE><NN>basis</NN><PrepPhrase><IN-OF>of</IN-OF><NounPhrase><DT>this</DT><NN>relation</NN><CC>and</CC><JJ>other</JJ><NN>considerations</NN><COMMA>,</COMMA><NN>t</NN><PRP>he</PRP><NN>conclusion</NN></NounPhrase></PrepPhrase></NounPhrase></PrepPhrase><VerbPhrase><VBD>wa</VBD><VBN>drawn</VBN><PrepPhrase><IN>that</IN><NounPhrase><JJ>galvanized</JJ><NNS>coatings</NNS></NounPhrase></PrepPhrase></VerbPhrase><ActionPhrase type="Degass"><VerbPhrase><IN-FOR>for</IN-FOR><VB-DEGASS>underground</VB-DEGASS></VerbPhrase><NounPhrase><NN>use</NN></NounPhrase></ActionPhrase><VerbPhrase><MD>should</MD><VB>have</VB></VerbPhrase><NounPhrase><DT>a</DT><NN>weight</NN><PrepPhrase><IN-OF>of</IN-OF><NounPhrase><DT>no</DT><NN>t</NN></NounPhrase></PrepPhrase></NounPhrase><PrepPhrase><JJR>less</JJR><IN>than</IN><NounPhrase><CD>2</CD><NNP>OZ</NNP></NounPhrase></PrepPhrase><Unmatched><DASH>/</DASH></Unmatched><NounPhrase><CD>ft2</CD><PrepPhrase><IN-OF>of</IN-OF><NounPhrase><JJ>exposed</JJ><NN>surface</NN></NounPhrase></PrepPhrase></NounPhrase><STOP>.</STOP></Sentence></Document>
<?xml version="1.0" encoding="UTF-8"?>
<Document><Sentence><PrepPhrase><IN>Although</IN><NounPhrase><NNP>Logan</NNP><CC>and</CC><NNP>Ewing</NNP></NounPhrase></PrepPhrase><VerbPhrase><VBD>howed</VBD></VerbPhrase><NounPhrase><DT>a</DT><JJ>rough</JJ><NN>correlation</NN><MOLECULE><OSCARCM><OSCAR-CM>be-tween</OSCAR-CM></OSCARCM></MOLECULE><NN>weight</NN><NN>loss</NN><CC>and</CC><NN>pitting</NN></NounPhrase><COMMA>,</COMMA><NounPhrase><DT>no</DT><NN>attempt</NN></NounPhrase><VerbPhrase><VBD>was</VBD><VBN>made</VBN></VerbPhrase><VerbPhrase><TO>to</TO><VB>relate</VB></VerbPhrase><NounPhrase><DT-THE>the</DT-THE><NN>rate</NN><PrepPhrase><IN-OF>of</IN-OF><NounPhrase><NN>pitting</NN><PrepPhrase><IN-OF>of</IN-OF><NounPhrase><DT-THE>the</DT-THE><NNS>specimens</NNS></NounPhrase></PrepPhrase></NounPhrase></PrepPhrase></NounPhrase><PrepPhrase><RB>directly</RB><TO>to</TO><NounPhrase><NN>coating</NN></NounPhrase></PrepPhrase><VerbPhrase><VBP>weigh</VBP></VerbPhrase><NounPhrase><NN>t</NN></NounPhrase><STOP>.</STOP></Sentence><Sentence><ActionPhrase type="Yield"><PrepPhrase><IN-IN>In</IN-IN><NounPhrase><NN>order</NN></NounPhrase></PrepPhrase><VerbPhrase><TO>to</TO><VB-YIELD>obtain</VB-YIELD></VerbPhrase><NounPhrase><DT>a</DT><JJ>direct</JJ><NN>relation</NN></NounPhrase><PrepPhrase><IN>between</IN><NounPhrase><DT-THE>the</DT-THE><NN>pitting</NN><PrepPhrase><IN-OF>of</IN-OF><NounPhrase><JJ>galvanized</JJ><NN>steel</NN><NNS>specimens</NNS></NounPhrase></PrepPhrase></NounPhrase></PrepPhrase></ActionPhrase><CC>and</CC><VerbPhrase><VBP>weigh</VBP></VerbPhrase><NounPhrase><NN>t</NN><PrepPhrase><IN-OF>of</IN-OF><NounPhrase><NN>coating</NN></NounPhrase></PrepPhrase></NounPhrase><COMMA>,</COMMA><NounPhrase><DT-THE>the</DT-THE><NNS>depths</NNS><PrepPhrase><IN-OF>of</IN-OF><NounPhrase><DT-THE>the</DT-THE><JJS>deepest</JJS><NNS>pits</NNS></NounPhrase></PrepPhrase></NounPhrase><PrepPhrase><IN-AFTER>after</IN-AFTER><NounPhrase><JJ>10-yr</JJ><NN>exposure</NN></NounPhrase></PrepPhrase><PrepPhrase><IN-ON>on</IN-ON><NounPhrase><DT-THE>the</DT-THE><NNS>specimens</NNS></NounPhrase></PrepPhrase><VerbPhrase><VBN>studied</VBN><PrepPhrase><IN-BY>by</IN-BY><NounPhrase><NNP>Logan</NNP><CC>and</CC><NNP>Ewing</NNP></NounPhrase></PrepPhrase></VerbPhrase><VerbPhrase><VBD>were</VBD><VBN>averaged</VBN><PrepPhrase><IN-FOR>for</IN-FOR><NounPhrase><DT-THE>the</DT-THE><JJ>same</JJ><CD>six</CD><NNS>soils</NNS></NounPhrase></PrepPhrase><CC>and</CC><PrepPhrase><JJ>-plotted</JJ><IN>against</IN><NounPhrase><DT-THE>the</DT-THE><JJ>corresponding</JJ><NNS>weights</NNS><PrepPhrase><IN-OF>of</IN-OF><NounPhrase><NN>coating</NN></NounPhrase></PrepPhrase></NounPhrase></PrepPhrase></VerbPhrase><STOP>.</STOP></Sentence></Document>
<?xml version="1.0" encoding="UTF-8"?>
<Document><Sentence><ActionPhrase type="Yield"><VerbPhrase><IN-IN>In</IN-IN><VB-YIELD>obtaining</VB-YIELD></VerbPhrase><NounPhrase><DT-THE>the</DT-THE><NNS>values</NNS></NounPhrase></ActionPhrase><VerbPhrase><VBN>shown</VBN><PrepPhrase><IN-IN>in</IN-IN><NounPhrase><CaptionLabel><NNP-LABEL>figure</NNP-LABEL><CD>6</CD></CaptionLabel></NounPhrase></PrepPhrase></VerbPhrase><COMMA>,</COMMA><NounPhrase><DT-THE>the</DT-THE><NN>pit</NN><NNS>.depths</NNS></NounPhrase><PrepPhrase><IN-ON>on</IN-ON><NounPhrase><NNS>specimens</NNS></NounPhrase></PrepPhrase><VerbPhrase><VBG>having</VBG></VerbPhrase><NounPhrase><NN>coating</NN><NNS>weights</NNS></NounPhrase><PrepPhrase><IN>within</IN><NounPhrase><NN>t</NN><PRP>he</PRP></NounPhrase></PrepPhrase><VerbPhrase><VBZ>ranges</VBZ></VerbPhrase><NounPhrase><CD>0.8</CD></NounPhrase><PrepPhrase><TO>to</TO><NounPhrase><CD>0.9</CD><COMMA>,</COMMA><CD>0.9</CD></NounPhrase></PrepPhrase><PrepPhrase><TO>to</TO><NounPhrase><CD>1.0</CD><COMMA>,</COMMA><FW>etc.</FW></NounPhrase></PrepPhrase></Sentence></Document>
<?xml version="1.0" encoding="UTF-8"?>
<Document><Sentence><NounPhrase><NN>oz/ft2</NN></NounPhrase><VerbPhrase><VBD>were</VBD><VBN>averaged</VBN></VerbPhrase><STOP>.</STOP></Sentence></Document>
<?xml version="1.0" encoding="UTF-8"?>
<Document><Sentence><NounPhrase><DT>These</DT><JJ>average</JJ><NNS>values</NNS><RB>also</RB><JJ>include</JJ><NNS>data</NNS></NounPhrase><PrepPhrase><IN-FOR>for</IN-FOR><NounPhrase><NNS>specimens</NNS><PrepPhrase><IN-OF>of</IN-OF><NounPhrase><JJ>different</JJ><JJ-CHEM>basis</JJ-CHEM><NN-CHEMENTITY>metals</NN-CHEMENTITY></NounPhrase></PrepPhrase></NounPhrase></PrepPhrase><COMMA>,</COMMA><Unmatched><RB>namely</RB></Unmatched><Unmatched><COMMA>,</COMMA></Unmatched><VerbPhrase><VB>open-hear</VB><PrepPhrase><IN>th</IN><NounPhrase><MOLECULE><OSCARCM><OSCAR-CM>iron</OSCAR-CM></OSCARCM></MOLECULE></NounPhrase></PrepPhrase></VerbPhrase><COMMA>,</COMMA><VerbPhrase><VBN>wrought</VBN></VerbPhrase><NounPhrase><MOLECULE><OSCARCM><OSCAR-CM>iron</OSCAR-CM></OSCARCM></MOLECULE><CC>and</CC><MOLECULE><OSCARCM><OSCAR-CM>copper</OSCAR-CM></OSCARCM></MOLECULE><NN>bearing</NN><NN>teel</NN></NounPhrase><COMMA>,</COMMA><NounPhrase><DT>no</DT><JJ>specific</JJ><NN>effect</NN><PrepPhrase><IN-OF>of</IN-OF><NounPhrase><DT-THE>the</DT-THE><JJ-CHEM>basis</JJ-CHEM><NN-CHEMENTITY>metal</NN-CHEMENTITY></NounPhrase></PrepPhrase></NounPhrase><PrepPhrase><IN-ON>on</IN-ON><NounPhrase><NN>weight</NN><NN>loss</NN></NounPhrase></PrepPhrase><VerbPhrase><VBG>having</VBG><VBN>been</VBN><VBN>observed</VBN></VerbPhrase><STOP>.</STOP></Sentence></Document>
<?xml version="1.0" encoding="UTF-8"?>
<Document><Sentence><NounPhrase><DT>Each</DT><NN>point</NN></NounPhrase><VerbPhrase><VBN>shown</VBN><PrepPhrase><IN-IN>in</IN-IN><NounPhrase><CaptionLabel><NNP-LABEL>figure</NNP-LABEL><CD>6</CD></CaptionLabel></NounPhrase></PrepPhrase></VerbPhrase><VerbPhrase><VBZ>is</VBZ><PrepPhrase><IN>th</IN><NounPhrase><NN>e</NN><NN>average</NN><PrepPhrase><IN-OF>of</IN-OF><NounPhrase><NNS>measurements</NNS></NounPhrase></PrepPhrase></NounPhrase></PrepPhrase></VerbPhrase><VerbPhrase><VBN>made</VBN><PrepPhrase><IN-ON>on</IN-ON><IN-FROM>from</IN-FROM><NounPhrase><CD>12</CD></NounPhrase></PrepPhrase><PrepPhrase><TO>to</TO><NounPhrase><CD>36</CD><NNS>specimens</NNS></NounPhrase></PrepPhrase></VerbPhrase><COMMA>,</COMMA><Unmatched><RB>usually</RB></Unmatched><Unmatched><DT-THE>the</DT-THE></Unmatched><Unmatched><JJ>latter</JJ></Unmatched><STOP>.</STOP></Sentence></Document>
<?xml version="1.0" encoding="UTF-8"?>
<Document><Sentence><NounPhrase><DT-THE>The</DT-THE><NNS>values</NNS></NounPhrase><PrepPhrase><IN-FOR>for</IN-FOR><NounPhrase><DT-THE>the</DT-THE><JJ>standard</JJ><NN>deviation</NN><PrepPhrase><IN-OF>of</IN-OF><NounPhrase><DT-THE>the</DT-THE><JJ-CHEM>pi</JJ-CHEM><NN>t</NN><NNS>depths</NNS></NounPhrase></PrepPhrase></NounPhrase></PrepPhrase><PrepPhrase><IN-FOR>for</IN-FOR><NounPhrase><DT-THE>the</DT-THE><JJ>different</JJ><NN>coating</NN><NNS>thicknesses</NNS></NounPhrase></PrepPhrase><VerbPhrase><VBP>are</VBP><VBN>seen</VBN></VerbPhrase><VerbPhrase><TO>to</TO><VB>decrease</VB><RB>markedly</RB></VerbPhrase><ActionPhrase type="Heat"><VerbPhrase><IN-WITH>with</IN-WITH><VB-INCREASE>increase</VB-INCREASE><PrepPhrase><IN-IN>in</IN-IN><NounPhrase><NN>coating</NN><JJ-CHEM>thick-n</JJ-CHEM><NN>ess</NN></NounPhrase></PrepPhrase></VerbPhrase></ActionPhrase><STOP>.</STOP></Sentence></Document>
<?xml version="1.0" encoding="UTF-8"?>
<Document><Sentence><PrepPhrase><IN-FOR>For</IN-FOR><NounPhrase><DT>th</DT><JJ-CHEM>e</JJ-CHEM><NN>soil</NN><NNS>conditions</NNS></NounPhrase></PrepPhrase><VerbPhrase><VBN>represented</VBN></VerbPhrase><COMMA>,</COMMA><NounPhrase><DT>a</DT><MOLECULE><OSCARCM><OSCAR-CM>zinc</OSCAR-CM></OSCARCM></MOLECULE><NN>coating</NN></NounPhrase><VerbPhrase><VBG>having</VBG></VerbPhrase><VerbPhrase><DT>a</DT><JJ>nominal</JJ><VBP>weigh</VBP></VerbPhrase><NounPhrase><NN>t</NN><PrepPhrase><IN-OF>of</IN-OF><NounPhrase><CD>2</CD><NN>oz/f</NN></NounPhrase></PrepPhrase></NounPhrase><PrepPhrase><IN>t2</IN><IN-OF>of</IN-OF><NounPhrase><JJ>exposed</JJ><NN>surface</NN></NounPhrase></PrepPhrase><VerbPhrase><MD>would</MD><VB>prevent</VB><JJ>appreciable</JJ></VerbPhrase><NounPhrase><NN>pitting</NN><MOLECULE><OSCARCM><OSCAR-CM>TA</OSCAR-CM></OSCARCM></MOLECULE><NNP>R</NNP></NounPhrase><Unmatched><LSQB>[</LSQB></Unmatched><Unmatched><COMMA>,1</COMMA></Unmatched><Unmatched><COMMA>,</COMMA></Unmatched><NounPhrase><CD>.5</CD></NounPhrase><STOP>.</STOP></Sentence></Document>
<?xml version="1.0" encoding="UTF-8"?>
<Document><Sentence><NounPhrase><NNP>Condition</NNP><CC>or</CC><JJ>maximul1l</JJ><NN>penetration</NN><PrepPhrase><IN-OF>of</IN-OF><NounPhrase><JJ>galvanized</JJ><NN>pipe</NN><CC>and</CC><JJ>i6-gage</JJ><JJ-CHEM>steel</JJ-CHEM><NN>sheet</NN></NounPhrase></PrepPhrase></NounPhrase><Unmatched><LSQB>[</LSQB></Unmatched><NounPhrase><NNP>Maximum</NNP><NN>penetration</NN></NounPhrase><COMMA>,</COMMA><PrepPhrase><IN-IN>in</IN-IN><MOLECULE><OSCARCM><OSCAR-CM>mils1</OSCAR-CM></OSCARCM></MOLECULE></PrepPhrase><NounPhrase><NNP>Z</NNP><COMMA>,</COMMA><MOLECULE><OSCARCM><OSCAR-CM>Zinc</OSCAR-CM></OSCARCM></MOLECULE><NN>contin</NN><NNS>uolls</NNS></NounPhrase><PrepPhrase><IN-OVER>over</IN-OVER><NounPhrase><NNS>specimen</NNS></NounPhrase></PrepPhrase><STOP>;</STOP></Sentence><Sentence><Unmatched><DT>A</DT></Unmatched><Unmatched><COMMA>,</COMMA></Unmatched><NounPhrase><MOLECULE><OSCARCM><OSCAR-CM>zinc</OSCAR-CM><DASH>-</DASH><OSCAR-CM>iron</OSCAR-CM></OSCARCM></MOLECULE><NNP>aHoy</NNP></NounPhrase><VerbPhrase><VBD>ln,vcr</VBD><VBN>exposed</VBN></VerbPhrase><Unmatched><IN-OVER>over</IN-OVER></Unmatched><Unmatched><IN>at</IN></Unmatched><Unmatched><JJS>least</JJS></Unmatched><NounPhrase><DT>a</DT><NN>part</NN></NounPhrase><CC>or</CC><NounPhrase><DT-THE>the</DT-THE><NN>specimen</NN></NounPhrase><STOP>;</STOP></Sentence><Sentence><NounPhrase><NN>n</NN></NounPhrase><COMMA>,</COMMA><VerbPhrase><VBD>rusted</VBD></VerbPhrase><STOP>;</STOP></Sentence><Sentence><Unmatched><NN-MOLAR>M</NN-MOLAR></Unmatched><Unmatched><COMMA>,</COMMA></Unmatched><NounPhrase><JJ>shallow</JJ><NN-CHEMENTITY>metal</NN-CHEMENTITY><NN>attack</NN></NounPhrase><STOP>.</STOP></Sentence></Document>
<?xml version="1.0" encoding="UTF-8"?>
<Document><Sentence><VerbPhrase><VBG>Coating</VBG></VerbPhrase><NounPhrase><NN>weight</NN><MIXTURE><_-LRB->(</_-LRB-><MOLECULE><OSCARCM><OSCAR-CM>oz/H</OSCAR-CM><APOST>'</APOST></OSCARCM></MOLECULE><_-RRB->)</_-RRB-></MIXTURE></NounPhrase><PrepPhrase><IN-ON>on-isoil</IN-ON><NounPhrase><NN>number</NN></NounPhrase></PrepPhrase><PrepPhrase><IN>Sheet</IN><NounPhrase><DT>a</DT><NNP>Pipe</NNP><CD>0.81</CD><PRP>I</PRP><CD>0.99</CD><PRP>I</PRP><CD>1.07</CD><CD>1.81</CD><PRP>I</PRP><CD>2.82</CD><PRP>I</PRP><CD>3.08</CD><PRP>I</PRP><PRP>I</PRP><MOLECULE><OSCARCM><OSCAR-CM>INOIl.(;ANIC</OSCAR-CM></OSCARCM></MOLECULE></NounPhrase></PrepPhrase><Unmatched><UH>OXIDIZINO-ACID</UH></Unmatched><NounPhrase><NNP>SOfLS</NNP><CD>3</CD><NNP>R</NNP><NN>n</NN><NNP>Z</NNP></NounPhrase><Unmatched><NN-MOLAR>M</NN-MOLAR></Unmatched><NounPhrase><NNP>Z</NNP><CD>53</CD></NounPhrase><NounPhrase><DT>A</DT><CD>4</CD><CD>16</CD><CD>22</CD><CD>13</CD><NN>n</NN><NNP>R</NNP><CD>6</CD><NNP>A</NNP><NNP>A</NNP><NNP>Z</NNP><NNP>Z</NNP><CD>10</CD><CD>24</CD><CD>16</CD><CD>12</CD></NounPhrase><NounPhrase><DT>A</DT><NNP>R</NNP><CD>11</CD><CD>21</CD><CD>16</CD><CD>13</CD></NounPhrase><NounPhrase><DT>A</DT><CD>55</CD><NNP>A</NNP><QUANTITY><MOLAR><CD>12</CD><NN-MOLAR>M</NN-MOLAR></MOLAR><DT>A</DT></QUANTITY></NounPhrase><NounPhrase><DT>A</DT><NNP>A</NNP><CD>16</CD><CD>15</CD><UNNAMEDMOLECULE><REFERENCETOCOMPOUND><CD>20</CD></REFERENCETOCOMPOUND><QUANTITY><MOLAR><CD>18</CD><NN-MOLAR>7-M</NN-MOLAR></MOLAR></QUANTITY></UNNAMEDMOLECULE><CD>19</CD><CD>20</CD><CD>27</CD><CD>22</CD></NounPhrase><NounPhrase><DT>A</DT><CD>7-22</CD><CD>32</CD><CD>56</CD><CD>29</CD><NNP>R</NNP><CD>24</CD><NNP>A</NNP><NNP>A</NNP><NNP>Z</NNP><NNP>Z</NNP><NNP>Z</NNP><CD>25</CD><NNP>R</NNP><CD>10</CD><NNP>R</NNP><NNP>Z</NNP><CD>26</CD><CD>6</CD><CD>11</CD><CD>8</CD></NounPhrase><NounPhrase><DT>A</DT><NNP>A</NNP><CD>31</CD><NNP>A</NNP><CD>7-7-Z</CD><CD>32</CD><NNP>R</NNP></NounPhrase><Unmatched><DT>A</DT></Unmatched><NounPhrase><DT>A</DT><JJ-CHEM>R</JJ-CHEM><NN>n</NN><CD>35</CD><NNP>R</NNP></NounPhrase><Unmatched><DT>A</DT></Unmatched><NounPhrase><DT>A</DT><NNP>A</NNP><NNP>A</NNP><CD>36</CD><CD>4</CD></NounPhrase><Unmatched><DT>A</DT></Unmatched><NounPhrase><DT>A</DT><CD>7-38</CD></NounPhrase><NounPhrase><DT>A</DT><NNP>A</NNP><NNP>A</NNP><NNP>Z</NNP><CD>41</CD></NounPhrase><Unmatched><DT>A</DT></Unmatched><NounPhrase><DT>A</DT><NNP>A</NNP></NounPhrase><Unmatched><NN-MOLAR>M</NN-MOLAR></Unmatched><NounPhrase><NNP>A</NNP><CD>42</CD><CD>21</CD><CD>23</CD><NNP>R</NNP><CD>62</CD></NounPhrase><Unmatched><APOST>'</APOST></Unmatched><Unmatched><COLON>--</COLON></Unmatched><NounPhrase><FW>i</FW></NounPhrase><COLON>--</COLON><COLON>--</COLON><Unmatched><UH>-i</UH></Unmatched><Unmatched><COLON>--</COLON></Unmatched><Unmatched><COLON>--</COLON></Unmatched><Unmatched><UH>-i</UH></Unmatched><Unmatched><COLON>--</COLON></Unmatched><Unmatched><COLON>--</COLON></Unmatched><Unmatched><UH>-i</UH></Unmatched><Unmatched><COLON>--</COLON></Unmatched><NounPhrase><DT>A</DT><CD>46</CD><NNP>A</NNP><CaptionLabel><NNP-LABEL>TABLE</NNP-LABEL><CD>5</CD></CaptionLabel></NounPhrase><STOP>.</STOP></Sentence></Document>
<?xml version="1.0" encoding="UTF-8"?>
<Document><Sentence><NounPhrase><NN>Soil</NN><NN>number</NN><CD>13</CD><CD>65</CD><CD>66</CD><CD>14</CD><CD>17</CD><CD>27</CD><CD>28</CD><CD>30</CD><CD>37</CD><CD>40</CD><CD>61</CD><CD>44</CD><CD>51</CD><CD>8</CD><CD>15</CD><CD>20</CD><CD>23</CD><CD>70</CD><CD>45</CD><CD>47</CD><CD>56</CD><CD>64</CD><CD>29</CD></NounPhrase><STOP>.</STOP></Sentence><Sentence><NounPhrase><SYM>&gt;</SYM><CD>8</CD><CD>33</CD><CD>43</CD><CD>63</CD><CD>59</CD><CD>60</CD><NNP>Condilinn</NNP><CC>or</CC><JJ>maximum</JJ><NN>penetration</NN><PrepPhrase><IN-OF>of</IN-OF><NounPhrase><JJ>galvanized</JJ><NN>pipe</NN><CC>and</CC><JJ>i6-ga.ge</JJ><JJ-CHEM>steel</JJ-CHEM><NNP>sheel-Contill</NNP><CD>11</CD><NNS>c</NNS><NN-TIME>d</NN-TIME></NounPhrase></PrepPhrase></NounPhrase><VerbPhrase><VBG>Coating</VBG></VerbPhrase><NounPhrase><NN>weight</NN><MIXTURE><_-LRB->(</_-LRB-><NN-TEMP>oz/rt</NN-TEMP><CD>2</CD><_-RRB->)</_-RRB-></MIXTURE><CD>011-Sheet</CD></NounPhrase><NounPhrase><DT>a</DT><MOLECULE><OSCARCM><OSCAR-CM>I-~)C-1</OSCAR-CM></OSCARCM></MOLECULE></NounPhrase><COLON>--</COLON><NounPhrase><CD>0.-81</CD></NounPhrase><COLON>---'</COLON><COLON>--</COLON><NounPhrase><CD>0-.9-9</CD></NounPhrase><COLON>--</COLON><Unmatched><APOST>'</APOST></Unmatched><NounPhrase><NN>-~-1</NN><CD>1.81</CD><PRP>I</PRP><CD>2.82</CD><PRP>I</PRP><CD>3.08</CD><NNP>INORGANIC</NNP><NNP>OXID</NNP><NNP>IZI</NNP></NounPhrase><VerbPhrase><VBD>NG-ALKALINE</VBD></VerbPhrase><NounPhrase><NNP>SOILS</NNP><PRP>I</PRP></NounPhrase><COLON>:</COLON><COLON>:</COLON><NounPhrase><NN>~</NN></NounPhrase><COLON>:</COLON><COLON>:</COLON><NounPhrase><PRP>I</PRP></NounPhrase><COLON>:</COLON><COLON>:</COLON><NounPhrase><NN>~~</NN></NounPhrase><COLON>:</COLON><COLON>:</COLON><NounPhrase><PRP>I</PRP></NounPhrase><COLON>:</COLON><COLON>:</COLON><COLON>:</COLON><NounPhrase><NN>~</NN></NounPhrase><COLON>:</COLON><COLON>:</COLON><NounPhrase><PRP>I</PRP></NounPhrase><COLON>:</COLON><COLON>:</COLON><COLON>:</COLON><COLON>:</COLON><COLON>:</COLON><COLON>:</COLON><NounPhrase><PRP>I</PRP><CD>30</CD><NNP>R</NNP><CD>22</CD><CD>17</CD><CD>19</CD></NounPhrase><NounPhrase><DT>A</DT><CD>27</CD><CD>10</CD><CD>63</CD></NounPhrase><PrepPhrase><IN>J3</IN><NounPhrase><CD>17</CD><CD>48</CD></NounPhrase></PrepPhrase><NounPhrase><DT>A</DT><MOLECULE><OSCARCM><OSCAR-CM>INORGANIC</OSCAR-CM></OSCARCM></MOLECULE><NNP>REDUCING-ACID</NNP><NNP>SOILS</NNP><CD>30</CD></NounPhrase><NounPhrase><DT>A</DT><CD>12</CD><CD>17</CD><CD>29</CD></NounPhrase><NounPhrase><DT>A</DT><CD>22</CD><CD>12</CD><CD>33</CD><CD>20</CD><CD>20</CD><CD>47</CD></NounPhrase><NounPhrase><DT>A</DT><CD>33</CD><NNP>Z</NNP><CD>12</CD><CD>22</CD><CD>23</CD><NNP>R</NNP><CD>19</CD><CD>9</CD><UNNAMEDMOLECULE><REFERENCETOCOMPOUND><CD>22</CD><NN-IDENTIFIER>II</NN-IDENTIFIER></REFERENCETOCOMPOUND></UNNAMEDMOLECULE><CD>14</CD><CD>38</CD></NounPhrase><NounPhrase><DT>A</DT><QUANTITY><MOLAR><CD>29</CD><NN-MOLAR>M</NN-MOLAR></MOLAR></QUANTITY><NNP>R</NNP><NNP>R</NNP></NounPhrase><NounPhrase><DT>A</DT><NNP>R</NNP></NounPhrase><PrepPhrase><IN>J2</IN><NounPhrase><NNP>INOltOANIC</NNP><MOLECULE><OSCARCM><OSCAR-CM>REDUCING-A</OSCAR-CM></OSCARCM></MOLECULE><NNP>LKALINE</NNP><NNP>SOILS</NNP><MOLECULE><OSCARCM><OSCAR-CM>CINOEHS</OSCAR-CM></OSCARCM></MOLECULE><NNP>R</NNP><NNP>R</NNP><NNP>Z</NNP><NNP>R</NNP><NNP>R</NNP></NounPhrase></PrepPhrase><NounPhrase><DT>A</DT><CD>7-R</CD></NounPhrase><NounPhrase><DT>A</DT><NN>n</NN></NounPhrase><NounPhrase><DT>A</DT><JJ-CHEM>R</JJ-CHEM><NNP>R</NNP></NounPhrase><NounPhrase><DT>A</DT><NNP>A</NNP></NounPhrase><Unmatched><NN-MOLAR>M</NN-MOLAR></Unmatched><Unmatched><APOST>'</APOST></Unmatched><NounPhrase><CD>1-I</CD></NounPhrase><VerbPhrase><VBP>~</VBP></VerbPhrase><NounPhrase><CD>67</CD><PRP>I</PRP></NounPhrase><COLON>--------I</COLON><Unmatched><DASH>-</DASH></Unmatched><Unmatched><DASH>-</DASH></Unmatched><Unmatched><DASH>-</DASH></Unmatched><NounPhrase><PRP>I</PRP></NounPhrase><COLON>--------I</COLON><Unmatched><DASH>-</DASH></Unmatched><Unmatched><DASH>-</DASH></Unmatched><Unmatched><DASH>-</DASH></Unmatched><NounPhrase><PRP>I</PRP></NounPhrase><COLON>--------I</COLON><NounPhrase><NNS>\Yrights</NNS><PrepPhrase><IN-OF>of</IN-OF><NounPhrase><DT-THE>the</DT-THE><NN>coating</NN></NounPhrase></PrepPhrase></NounPhrase><PrepPhrase><IN-ON>on</IN-ON><NounPhrase><CD>one</CD><NN>side</NN></NounPhrase></PrepPhrase><STOP>.</STOP></Sentence><Sentence><Unmatched><APOST>'</APOST></Unmatched></Sentence></Document>
<?xml version="1.0" encoding="UTF-8"?>
<Document><Sentence><VerbPhrase><DT>I'his</DT><VBZ>is</VBZ></VerbPhrase><NounPhrase><CD>half</CD></NounPhrase><NounPhrase><DT-THE>the</DT-THE><JJ>nominal</JJ><NN>weight</NN><PrepPhrase><IN-OF>of</IN-OF><NounPhrase><DT>tho</DT><NN>coating</NN></NounPhrase></PrepPhrase></NounPhrase><PrepPhrase><IN-ON>on</IN-ON><NounPhrase><NNS>sheets</NNS></NounPhrase></PrepPhrase><STOP>.</STOP></Sentence></Document>
<?xml version="1.0" encoding="UTF-8"?>
<Document><Sentence><PrepPhrase><IN-OF>of</IN-OF><NounPhrase><NN>steel</NN></NounPhrase></PrepPhrase><PrepPhrase><IN-FOR>for</IN-FOR><IN>at</IN><NounPhrase><JJS>least</JJS><CD>10</CD><NN>yr</NN></NounPhrase></PrepPhrase><COMMA>,</COMMA><VerbPhrase><VBG>assuming</VBG><JJ>r</JJ></VerbPhrase><NounPhrase><RB>easonably</RB><JJ>uniform</JJ><NN>distribution</NN><PrepPhrase><IN-OF>of</IN-OF><NounPhrase><DT-THE>the</DT-THE><NN>coating</NN></NounPhrase></PrepPhrase></NounPhrase><STOP>.</STOP></Sentence></Document>
<?xml version="1.0" encoding="UTF-8"?>
<Document><Sentence><PrepPhrase><IN-AS>As</IN-AS><NounPhrase><DT-THE>the</DT-THE><NN>pit</NN></NounPhrase></PrepPhrase><VerbPhrase><VBP>dep</VBP><PrepPhrase><IN>th</IN><NounPhrase><NNS>data</NNS></NounPhrase></PrepPhrase></VerbPhrase><VerbPhrase><VBN>shown</VBN><PrepPhrase><IN-IN>in</IN-IN><NounPhrase><CaptionLabel><NNP-LABEL>figure</NNP-LABEL><CD>6</CD></CaptionLabel></NounPhrase></PrepPhrase><PrepPhrase><RB>apply</RB><TO>to</TO><NounPhrase><NNS>specimens</NNS><PrepPhrase><IN-OF>of</IN-OF><NounPhrase><JJ>galvani7-ecl</JJ><NN>steel</NN><WDT>which</WDT></NounPhrase></PrepPhrase></NounPhrase></PrepPhrase></VerbPhrase><VerbPhrase><VBD>were</VBD><VBN>exposed</VBN><PrepPhrase><TO>to</TO><NounPhrase><DT>a</DT><NN>variety</NN><PrepPhrase><IN-OF>of</IN-OF><NounPhrase><NN>soil</NN><NNS>environmen</NNS><NNS>ts</NNS></NounPhrase></PrepPhrase></NounPhrase></PrepPhrase></VerbPhrase><COMMA>,</COMMA><NounPhrase><DT>an</DT><NN>optimum</NN></NounPhrase><VerbPhrase><VBP>weigh</VBP></VerbPhrase><NounPhrase><NN>t</NN><PrepPhrase><IN-OF>of</IN-OF><NounPhrase><NN>coating</NN><NN>tha</NN><NN>t</NN></NounPhrase></PrepPhrase></NounPhrase><Unmatched><MD>migh</MD></Unmatched><NounPhrase><NN>t</NN></NounPhrase><VerbPhrase><VB>be</VB><VBN>selected</VBN><PrepPhrase><IN-ON>on</IN-ON><NounPhrase><DT-THE>the</DT-THE><NN>basis</NN><PrepPhrase><IN-OF>of</IN-OF><NounPhrase><DT>these</DT><NNS>data</NNS></NounPhrase></PrepPhrase></NounPhrase></PrepPhrase></VerbPhrase><Unmatched><MD>migh</MD></Unmatched><NounPhrase><NN>t</NN></NounPhrase><PrepPhrase><JJ-CHEM>be</JJ-CHEM><JJ-CHEM>excessive</JJ-CHEM><IN-IN>in</IN-IN><NounPhrase><DT>some</DT><JJ>specific</JJ><JJ-CHEM>environmen</JJ-CHEM><NN>t</NN><CC>but</CC><NN>insuffi</NN><NN>cien</NN><NN>t</NN></NounPhrase></PrepPhrase><PrepPhrase><IN-IN>in</IN-IN><NounPhrase><NNS>others</NNS></NounPhrase></PrepPhrase><STOP>.</STOP></Sentence></Document>
<?xml version="1.0" encoding="UTF-8"?>
<Document><Sentence><PrepPhrase><IN-IN>In</IN-IN><NounPhrase><CaptionLabel><NNP-LABEL>table</NNP-LABEL><CD>5</CD></CaptionLabel></NounPhrase></PrepPhrase><VerbPhrase><VBP>are</VBP><VBN>shown</VBN></VerbPhrase><NounPhrase><DT-THE>the</DT-THE><NNS>depths</NNS><PrepPhrase><IN-OF>of</IN-OF><NounPhrase><DT-THE>the</DT-THE><JJS>deepest</JJS><NNS>pits</NNS></NounPhrase></PrepPhrase></NounPhrase><PrepPhrase><IN-ON>on</IN-ON><IN>th</IN><NounPhrase><NN>e</NN><NNS>specimens</NNS></NounPhrase></PrepPhrase><VerbPhrase><VBN>exposed</VBN><PrepPhrase><IN-IN>in</IN-IN><NounPhrase><DT-THE>the</DT-THE><JJR>earlier</JJR><NN>series</NN><PrepPhrase><IN-OF>of</IN-OF><NounPhrase><NNS>tests</NNS></NounPhrase></PrepPhrase></NounPhrase></PrepPhrase></VerbPhrase><VerbPhrase><VBP>fl</VBP></VerbPhrase><NounPhrase><NN-VOL>l</NN-VOL></NounPhrase><COMMA>,</COMMA><PrepPhrase><IN-FROM>from</IN-FROM><NounPhrase><WDT>which</WDT></NounPhrase></PrepPhrase><VerbPhrase><MD>can</MD><VB>be</VB><VBN>determined</VBN></VerbPhrase><NounPhrase><DT-THE>the</DT-THE><JJ>minimum</JJ><NN>weight</NN><PrepPhrase><IN-OF>of</IN-OF><NounPhrase><NN>coating</NN></NounPhrase></PrepPhrase></NounPhrase><VerbPhrase><VBN>required</VBN></VerbPhrase><VerbPhrase><TO>to</TO><VB>prot.ect</VB></VerbPhrase><NounPhrase><NN>steel</NN></NounPhrase><PrepPhrase><IN-FOR>for</IN-FOR><NounPhrase><CD>10</CD><NN>yr</NN></NounPhrase></PrepPhrase><PrepPhrase><IN-IN>in</IN-IN><NounPhrase><JJ>specific</JJ><NN>soil</NN><NNS>environments</NNS></NounPhrase></PrepPhrase><STOP>.</STOP></Sentence></Document>
<?xml version="1.0" encoding="UTF-8"?>
<Document><Sentence><NounPhrase><NNP>Data</NNP></NounPhrase><PrepPhrase><IN-FOR>for</IN-FOR><NounPhrase><DT-THE>the</DT-THE><NNS>specimens</NNS></NounPhrase></PrepPhrase><VerbPhrase><VBN>buried</VBN><PrepPhrase><IN-IN>in</IN-IN><NounPhrase><CD>1937</CD></NounPhrase></PrepPhrase></VerbPhrase><VerbPhrase><VBP>are</VBP><RB>also</RB><VBN>included</VBN><PrepPhrase><IN-IN>in</IN-IN><NounPhrase><DT-THE>the</DT-THE><NNP-LABEL>table</NNP-LABEL></NounPhrase></PrepPhrase></VerbPhrase><STOP>.</STOP></Sentence></Document>
<?xml version="1.0" encoding="UTF-8"?>
<Document><Sentence><NounPhrase><CD>305</CD><PRP>It</PRP></NounPhrase><VerbPhrase><MD>will</MD><VB>be</VB><VBN>observed</VBN><PrepPhrase><IN>that</IN><IN-IN>in</IN-IN><NounPhrase><DT-THE>the</DT-THE><NN>group</NN></NounPhrase></PrepPhrase></VerbPhrase><VerbPhrase><IN-OF>of</IN-OF><VBG>oxidizing</VBG></VerbPhrase><COMMA>,</COMMA><NounPhrase><JJ>inorganic</JJ><NN>soils</NN></NounPhrase><COMMA>,</COMMA><VerbPhrase><VBG>pitting</VBG><VBN>occurred</VBN><PrepPhrase><IN-ON>on</IN-ON><NounPhrase><DT-THE>the</DT-THE><NNS>specimens</NNS></NounPhrase></PrepPhrase></VerbPhrase><VerbPhrase><VBG>having</VBG></VerbPhrase><NounPhrase><DT>a</DT><NN>weight</NN><PrepPhrase><IN-OF>of</IN-OF><NounPhrase><NN>coating</NN><PrepPhrase><IN-OF>of</IN-OF><NounPhrase><CD>1.07</CD><NN>oz</NN></NounPhrase></PrepPhrase></NounPhrase></PrepPhrase></NounPhrase><Unmatched><DASH>/</DASH></Unmatched><NounPhrase><CD>ft2</CD></NounPhrase><CC>or</CC><Unmatched><JJR>less</JJR></Unmatched><Unmatched><COMMA>,</COMMA></Unmatched><Unmatched><CC>but</CC></Unmatched><NounPhrase><DT>no</DT><NNS>pits</NNS></NounPhrase><VerbPhrase><VBD>developed</VBD><PrepPhrase><IN-ON>on</IN-ON><NounPhrase><DT-THE>the</DT-THE><NNS>specimens</NNS></NounPhrase></PrepPhrase></VerbPhrase><VerbPhrase><VBG>having</VBG></VerbPhrase><STOP>.</STOP></Sentence></Document>
<?xml version="1.0" encoding="UTF-8"?>
<Document><Sentence><NounPhrase><DT>a</DT><NN>coating</NN><PrepPhrase><IN-OF>of</IN-OF><NounPhrase><CD>1.81</CD><NN>oz</NN><MOLECULE><OSCARCM><OSCAR-CM>jW</OSCAR-CM></OSCARCM></MOLECULE></NounPhrase></PrepPhrase></NounPhrase><STOP>.</STOP></Sentence><Sentence><NounPhrase><RB>Hence</RB><PRP>it</PRP></NounPhrase><VerbPhrase><VBZ>is</VBZ><JJ>reasonable</JJ></VerbPhrase><VerbPhrase><TO>to</TO><VB>conclude</VB><PrepPhrase><IN>that</IN><NounPhrase><DT>a</DT><JJ>nominal</JJ><JJ>2-oz</JJ><NN>coating</NN></NounPhrase></PrepPhrase></VerbPhrase><VerbPhrase><VBZ>is</VBZ><RB>probably</RB><JJ>adequate</JJ></VerbPhrase><VerbPhrase><IN-FOR>for</IN-FOR><VBG>oxidizing</VBG></VerbPhrase><NounPhrase><NNS>soils</NNS></NounPhrase><PrepPhrase><IN-FOR>for</IN-FOR><IN>at</IN><NounPhrase><JJS>least</JJS><CD>10</CD><NN>yr</NN></NounPhrase></PrepPhrase><STOP>.</STOP></Sentence></Document>
<?xml version="1.0" encoding="UTF-8"?>
<Document><Sentence><ActionPhrase type="Yield"><NounPhrase><DT>A</DT><JJ>3-oz</JJ><NN>coating</NN></NounPhrase><CC>1V0uid</CC><VerbPhrase><VB-YIELD>provide</VB-YIELD><JJ>adequate</JJ></VerbPhrase><NounPhrase><NN>protection</NN></NounPhrase><PrepPhrase><IN-IN>in</IN-IN><NounPhrase><DT-THE>the</DT-THE><NN>group</NN></NounPhrase></PrepPhrase></ActionPhrase><VerbPhrase><IN-OF>of</IN-OF><VBG>reducing</VBG><JJ>inol'ganic</JJ></VerbPhrase><NounPhrase><NNS>soils</NNS></NounPhrase><PrepPhrase><IN>except</IN><IN-FOR>for</IN-FOR><NounPhrase><RB>highly</RB><JJ-CHEM>reducing</JJ-CHEM><NNS>soils</NNS></NounPhrase></PrepPhrase><PrepPhrase><JJ>high</JJ><IN-IN>in</IN-IN><NounPhrase><JJ>soluble</JJ><NN>sal</NN><NNS>ts</NNS></NounPhrase></PrepPhrase><COMMA>,</COMMA><PrepPhrase><IN-FOR>for</IN-FOR><NounPhrase><NN-EXAMPLE>example</NN-EXAMPLE><COMMA>,</COMMA><CD>51</CD><CC>and</CC><CD>56</CD></NounPhrase></PrepPhrase><STOP>.</STOP></Sentence></Document>
<?xml version="1.0" encoding="UTF-8"?>
<Document><Sentence><NounPhrase><DT>These</DT><JJ>latter</JJ><NNS>soils</NNS></NounPhrase><CC>and</CC><NounPhrase><DT-THE>the</DT-THE><NN>group</NN><PrepPhrase><IN-OF>of</IN-OF><NounPhrase><NN>re-ducing</NN><JJ-CHEM>organic</JJ-CHEM><NNS>soils</NNS><CC>and</CC><NNS>cinders</NNS></NounPhrase></PrepPhrase></NounPhrase><VerbPhrase><MD>would</MD><VB>require</VB></VerbPhrase><NounPhrase><DT>a</DT><NN>coating</NN></NounPhrase><Unmatched><IN-IN>in</IN-IN></Unmatched><PrepPhrase><JJ-CHEM>excess</JJ-CHEM><IN-OF>of</IN-OF><NounPhrase><CD>3</CD><MOLECULE><OSCARCM><OSCAR-CM>oz/W</OSCAR-CM></OSCARCM></MOLECULE></NounPhrase></PrepPhrase><STOP>.</STOP></Sentence><Sentence><NounPhrase><CD>8</CD></NounPhrase><STOP>.</STOP></Sentence></Document>
<?xml version="1.0" encoding="UTF-8"?>
<Document/>
