<?xml version="1.0" encoding="UTF-8"?>
<Document><Sentence><NounPhrase><MOLECULE><OSCARCM><OSCAR-CM>EXPERIMENTAL</OSCAR-CM></OSCARCM><REFERENCETOCOMPOUND><CD>2.1</CD></REFERENCETOCOMPOUND></MOLECULE></NounPhrase><STOP>.</STOP></Sentence></Document>
<?xml version="1.0" encoding="UTF-8"?>
<Document><Sentence><NounPhrase><NNS>Chemicals</NNS><CC>and</CC><NN-CHEMENTITY>materials</NN-CHEMENTITY><MOLECULE><OSCARCM><OSCAR-CM>Iridium(IV)</OSCAR-CM><OSCAR-CM>chloride</OSCAR-CM><OSCAR-CM>hydrate</OSCAR-CM></OSCARCM><MIXTURE><_-LRB->(</_-LRB-><OSCARCM><OSCAR-CM>IrCl4.xH2O</OSCAR-CM></OSCARCM><_-RRB->)</_-RRB-></MIXTURE></MOLECULE></NounPhrase><Unmatched><_-LRB->(</_-LRB-></Unmatched><NounPhrase><NNP>Catalogue</NNP><NN>no</NN></NounPhrase><STOP>.</STOP></Sentence></Document>
<?xml version="1.0" encoding="UTF-8"?>
<Document><Sentence><NounPhrase><PROCEDURE><CD>516996</CD></PROCEDURE><_-RRB->)</_-RRB-></NounPhrase><STOP>;</STOP></Sentence><Sentence><NounPhrase><MOLECULE><QUANTITY><PERCENT><CD>30</CD><NN-PERCENT>%</NN-PERCENT></PERCENT></QUANTITY><OSCARCM><OSCAR-CM>hydrogen</OSCAR-CM><OSCAR-CM>peroxide</OSCAR-CM></OSCARCM></MOLECULE></NounPhrase><Unmatched><_-LRB->(</_-LRB-></Unmatched><NounPhrase><NNP>Catalogue</NNP><NN>no</NN></NounPhrase><STOP>.</STOP></Sentence></Document>
<?xml version="1.0" encoding="UTF-8"?>
<Document><Sentence><NounPhrase><PROCEDURE><CD>216763</CD></PROCEDURE><_-RRB->)</_-RRB-></NounPhrase><STOP>;</STOP></Sentence><Sentence><NounPhrase><MOLECULE><OSCARCM><OSCAR-CM>oxalic</OSCAR-CM><OSCAR-CM>acid</OSCAR-CM></OSCARCM></MOLECULE></NounPhrase><Unmatched><_-LRB->(</_-LRB-></Unmatched><NounPhrase><NNP>Catalogue</NNP><NN>no</NN></NounPhrase><STOP>.</STOP></Sentence></Document>
<?xml version="1.0" encoding="UTF-8"?>
<Document><Sentence><NounPhrase><PROCEDURE><CD>75699</CD></PROCEDURE><_-RRB->)</_-RRB-></NounPhrase><STOP>;</STOP></Sentence><Sentence><NounPhrase><MOLECULE><OSCARCM><OSCAR-CM>potassium</OSCAR-CM><OSCAR-CM>carbonate</OSCAR-CM><OSCAR-CM>K2CO3</OSCAR-CM></OSCARCM></MOLECULE></NounPhrase><Unmatched><_-LRB->(</_-LRB-></Unmatched><NounPhrase><NNP>Catalogue</NNP><NN>no</NN></NounPhrase><STOP>.</STOP></Sentence></Document>
<?xml version="1.0" encoding="UTF-8"?>
<Document><Sentence><NounPhrase><NNS>P5833</NNS></NounPhrase><Unmatched><_-RRB->)</_-RRB-></Unmatched><STOP>;</STOP></Sentence><Sentence><NounPhrase><JJ>stainless</JJ><NN>steel</NN><NNS>rods</NNS><COMMA>,</COMMA><CD>2.4</CD><CD>mm</CD><NN>diameter</NN></NounPhrase><STOP>;</STOP></Sentence><Sentence><Unmatched><CC>and</CC></Unmatched><NounPhrase><JJ>standard</JJ><JJ-CHEM>pH</JJ-CHEM><NN-CHEMENTITY>solution</NN-CHEMENTITY><JJ-CHEM>buffer</JJ-CHEM><CITATION><_-LRB->(</_-LRB-><CD>4</CD><COMMA>,</COMMA><CD>7</CD><COMMA>,</COMMA><CC>and</CC><CD>9</CD><_-RRB->)</_-RRB-></CITATION></NounPhrase><VerbPhrase><VBD>were</VBD><VBN>used</VBN><PrepPhrase><IN-IN>in</IN-IN><NounPhrase><DT>this</DT><NN>study</NN></NounPhrase></PrepPhrase></VerbPhrase><STOP>.</STOP></Sentence></Document>
<?xml version="1.0" encoding="UTF-8"?>
<Document><Sentence><NounPhrase><DT>All</DT><NNS>chemicals</NNS></NounPhrase><VerbPhrase><VBD>were</VBD><JJ>analytical</JJ></VerbPhrase><NounPhrase><NN-CHEMENTITY>reagent</NN-CHEMENTITY><NN>grade</NN></NounPhrase><CC>and</CC><VerbPhrase><VBD>purchased</VBD></VerbPhrase><NounPhrase><NN>form</NN></NounPhrase><JJ>sigma-Aldrich</JJ><COMMA>,</COMMA><NounPhrase><NNP>USA</NNP></NounPhrase><STOP>.</STOP></Sentence></Document>
<?xml version="1.0" encoding="UTF-8"?>
<Document><Sentence><ActionPhrase type="Purify"><VerbPhrase><VB-PURIFY>Distilled</VB-PURIFY></VerbPhrase><NounPhrase><MOLECULE><OSCARCM><OSCAR-CM>water</OSCAR-CM></OSCARCM></MOLECULE></NounPhrase></ActionPhrase><ActionPhrase type="Synthesize"><VerbPhrase><VBD>was</VBD><VBN>used</VBN><PrepPhrase><IN-FOR>for</IN-FOR><NounPhrase><NN-SYNTHESIZE>preparing</NN-SYNTHESIZE></NounPhrase></PrepPhrase></VerbPhrase><NounPhrase><DT>all</DT><NN-CHEMENTITY>solution</NN-CHEMENTITY></NounPhrase></ActionPhrase><STOP>.</STOP></Sentence></Document>
<?xml version="1.0" encoding="UTF-8"?>
<Document><Sentence><NounPhrase><NNP>Int</NNP></NounPhrase><STOP>.</STOP></Sentence></Document>
<?xml version="1.0" encoding="UTF-8"?>
<Document><Sentence><NounPhrase><PROCEDURE><NN-IDENTIFIER>J</NN-IDENTIFIER></PROCEDURE><STOP>.</STOP></NounPhrase></Sentence><Sentence><NounPhrase><NNP>Electrochem</NNP></NounPhrase><STOP>.</STOP></Sentence></Document>
<?xml version="1.0" encoding="UTF-8"?>
<Document><Sentence><NounPhrase><NNP>Sci</NNP></NounPhrase><STOP>.</STOP></Sentence><Sentence><Unmatched><COMMA>,</COMMA></Unmatched></Sentence></Document>
<?xml version="1.0" encoding="UTF-8"?>
<Document/>
<?xml version="1.0" encoding="UTF-8"?>
<Document><Sentence><NounPhrase><CD>8</CD><COMMA>,</COMMA><CD>2013</CD><CD>3292</CD><CD>2.2</CD></NounPhrase><STOP>.</STOP></Sentence></Document>
<?xml version="1.0" encoding="UTF-8"?>
<Document><Sentence><ActionPhrase type="Synthesize"><NounPhrase><NN-SYNTHESIZE>Preparation</NN-SYNTHESIZE><PrepPhrase><IN-OF>of</IN-OF><NounPhrase><MOLECULE><OSCARCM><OSCAR-CM>IrO2</OSCAR-CM></OSCARCM></MOLECULE><NN>electrode</NN></NounPhrase></PrepPhrase></NounPhrase><NounPhrase><DT>A</DT><JJ>stainless</JJ><JJ-CHEM>steel</JJ-CHEM><NN>rod</NN><CD>2.4</CD><CD>mm</CD></NounPhrase><PrepPhrase><IN-IN>in</IN-IN><NounPhrase><NN>diameter</NN><CC>and</CC><CD>20</CD><CD>mm</CD></NounPhrase></PrepPhrase></ActionPhrase><VerbPhrase><JJ>long</JJ><VBD>was</VBD><VBN>used</VBN><PrepPhrase><IN-AS>as</IN-AS><NounPhrase><JJ>substrate</JJ><MIXTURE><_-LRB->(</_-LRB-><VBG>working</VBG><NN>electrode</NN><_-RRB->)</_-RRB-></MIXTURE></NounPhrase></PrepPhrase></VerbPhrase><STOP>.</STOP></Sentence></Document>
<?xml version="1.0" encoding="UTF-8"?>
<Document><Sentence><NounPhrase><NNP>Electrode</NNP></NounPhrase><VerbPhrase><VBD>was</VBD><VBN>connected</VBN><PrepPhrase><TO>to</TO><NounPhrase><DT>a</DT><MOLECULE><OSCARCM><OSCAR-CM>copper</OSCAR-CM></OSCARCM></MOLECULE><NN>wire</NN></NounPhrase></PrepPhrase></VerbPhrase><COMMA>,</COMMA><CC>and</CC><RB-CONJ>then</RB-CONJ><VerbPhrase><VBD>mounted</VBD><PrepPhrase><IN-IN>in</IN-IN><MOLECULE><OSCARCM><OSCAR-CM>Acrylic</OSCAR-CM></OSCARCM></MOLECULE></PrepPhrase></VerbPhrase><VerbPhrase><TO>to</TO><VB>insulate</VB></VerbPhrase><NounPhrase><DT>all</DT><NN>area</NN></NounPhrase><PrepPhrase><IN>except</IN><NounPhrase><DT>a</DT><JJ>circular</JJ><JJ>exposed</JJ><NN>area</NN><PrepPhrase><IN-OF>of</IN-OF><NounPhrase><CD>4.5</CD><CD>mm</CD><CD>2</CD></NounPhrase></PrepPhrase></NounPhrase></PrepPhrase><PrepPhrase><IN-FOR>for</IN-FOR><NounPhrase><NN>electrodeposition</NN></NounPhrase></PrepPhrase><STOP>.</STOP></Sentence></Document>
<?xml version="1.0" encoding="UTF-8"?>
<Document><Sentence><NounPhrase><DT-THE>The</DT-THE><NNS>electrodes</NNS></NounPhrase><VerbPhrase><VBP>are</VBP><VBN>polished</VBN></VerbPhrase><VerbPhrase><IN-BY>by</IN-BY><VB-USE>using</VB-USE></VerbPhrase><NounPhrase><NN>sandpaper</NN><PrepPhrase><IN-OF>of</IN-OF><NounPhrase><JJ>different</JJ><NN>grit</NN><NNS>sizes</NNS><COMMA>,</COMMA><MOLECULE><OSCARCM><OSCAR-CM>diamond</OSCAR-CM></OSCARCM></MOLECULE><NN>paste</NN><CC>and</CC><MOLECULE><OSCARCM><OSCAR-CM>alumina</OSCAR-CM></OSCARCM><NN-STATE>powder</NN-STATE></MOLECULE></NounPhrase></PrepPhrase></NounPhrase><VerbPhrase><TO>to</TO><VB>achieve</VB></VerbPhrase><NounPhrase><DT>a</DT><JJ-CHEM>surface</JJ-CHEM><NN>roughness</NN><PrepPhrase><IN-OF>of</IN-OF><NounPhrase><CD>0.5</CD><NN>µm</NN></NounPhrase></PrepPhrase></NounPhrase><STOP>.</STOP></Sentence></Document>
<?xml version="1.0" encoding="UTF-8"?>
<Document><Sentence><ActionPhrase type="Wash"><NounPhrase><DT-THE>The</DT-THE><NNS>electrodes</NNS></NounPhrase><VerbPhrase><VBD>were</VBD><RB-CONJ>then</RB-CONJ><VB-WASH>rinsed</VB-WASH></VerbPhrase></ActionPhrase><CC>and</CC><VerbPhrase><RB>ultrasonically</RB><VBN>cleaned</VBN><PrepPhrase><IN-IN>in</IN-IN><MOLECULE><OSCARCM><OSCAR-CM>acetone</OSCAR-CM></OSCARCM></MOLECULE></PrepPhrase></VerbPhrase><CC>and</CC><VerbPhrase><VBD>deionized</VBD></VerbPhrase><NounPhrase><MOLECULE><OSCARCM><OSCAR-CM>water</OSCAR-CM></OSCARCM></MOLECULE></NounPhrase><STOP>.</STOP></Sentence></Document>
<?xml version="1.0" encoding="UTF-8"?>
<Document><Sentence><ActionPhrase type="Synthesize"><NounPhrase><DT-THE>The</DT-THE><NN-CHEMENTITY>solution</NN-CHEMENTITY></NounPhrase><VerbPhrase><VBD>was</VBD><VB-SYNTHESIZE>prepared</VB-SYNTHESIZE></VerbPhrase></ActionPhrase><ActionPhrase type="Add"><VerbPhrase><IN-BY>by</IN-BY><VB-ADD>adding</VB-ADD></VerbPhrase><NounPhrase><ActionPhrase type="Dissolve"><MOLECULE><QUANTITY><MASS><CD>150</CD><NN-MASS>mg</NN-MASS></MASS></QUANTITY><IN-OF>of</IN-OF><OSCARCM><OSCAR-CM>IrCl4.xH2O</OSCAR-CM></OSCARCM></MOLECULE><IN-IN>in</IN-IN><MOLECULE role="Solvent"><QUANTITY><VOLUME><CD>100</CD><NN-VOL>mL</NN-VOL></VOLUME></QUANTITY><IN-OF>of</IN-OF><JJ-CHEM>distilled</JJ-CHEM><OSCARCM><OSCAR-CM>water</OSCAR-CM></OSCARCM></MOLECULE></ActionPhrase></NounPhrase><PrepPhrase><IN-INTO>into</IN-INTO><NounPhrase><DT>a</DT><MOLECULE><OSCARCM><OSCAR-CM>200-mL</OSCAR-CM></OSCARCM><NN-STATE>glass</NN-STATE></MOLECULE><NN>beaker</NN></NounPhrase></PrepPhrase></ActionPhrase><COMMA>,</COMMA><CC>and</CC><RB-CONJ>then</RB-CONJ><VerbPhrase><VBN>followed</VBN></VerbPhrase><ActionPhrase type="Stir"><VerbPhrase><IN-BY>by</IN-BY><VB-STIR>stirring</VB-STIR><TimePhrase><IN-FOR>for</IN-FOR><CD>10</CD><NN-TIME>minutes</NN-TIME></TimePhrase></VerbPhrase></ActionPhrase><ActionPhrase type="Dissolve"><VerbPhrase><TO>to</TO><VB-DISSOLVE>dissolve</VB-DISSOLVE><RB>completely</RB></VerbPhrase></ActionPhrase><STOP>.</STOP></Sentence></Document>
<?xml version="1.0" encoding="UTF-8"?>
<Document><Sentence><ActionPhrase type="Add"><Unmatched><RB-CONJ>Then</RB-CONJ></Unmatched><NounPhrase><MOLECULE><QUANTITY><MASS><CD>360</CD><NN-MASS>mg</NN-MASS></MASS></QUANTITY><OSCARCM><OSCAR-CM>oxalic</OSCAR-CM><OSCAR-CM>acid</OSCAR-CM></OSCARCM></MOLECULE></NounPhrase><VerbPhrase><VBD>was</VBD><VB-ADD>added</VB-ADD><PrepPhrase><TO>to</TO><NounPhrase><DT-THE>the</DT-THE><NN-CHEMENTITY>solution</NN-CHEMENTITY></NounPhrase></PrepPhrase></VerbPhrase></ActionPhrase><CC>and</CC><RB-CONJ>then</RB-CONJ><ActionPhrase type="Stir"><VerbPhrase><VB-STIR>stirred</VB-STIR><TimePhrase><IN-FOR>for</IN-FOR><DT>another</DT><CD>10</CD><NN-TIME>minutes</NN-TIME></TimePhrase></VerbPhrase></ActionPhrase><STOP>.</STOP></Sentence></Document>
<?xml version="1.0" encoding="UTF-8"?>
<Document><Sentence><ActionPhrase type="Add"><Unmatched><DT>A</DT></Unmatched><PrepPhrase><JJ>1-mL</JJ><IN-OF>of</IN-OF><NounPhrase><MOLECULE><QUANTITY><PERCENT><CD>30</CD><NN-PERCENT>%</NN-PERCENT></PERCENT></QUANTITY><OSCARCM><OSCAR-CM>hydrogen</OSCAR-CM><OSCAR-CM>peroxide</OSCAR-CM></OSCARCM></MOLECULE></NounPhrase></PrepPhrase><VerbPhrase><VBD>was</VBD><VB-ADD>added</VB-ADD></VerbPhrase></ActionPhrase><COMMA>,</COMMA><CC>and</CC><RB-CONJ>then</RB-CONJ><ActionPhrase type="Wait"><NounPhrase><NN-CHEMENTITY>solution</NN-CHEMENTITY></NounPhrase><VerbPhrase><VBD>was</VBD><VB-WAIT>left</VB-WAIT><TimePhrase><IN-FOR>for</IN-FOR><CD>15</CD><NN-TIME>min</NN-TIME></TimePhrase></VerbPhrase></ActionPhrase><ActionPhrase type="Stir"><VerbPhrase><VB-STIR>stirring</VB-STIR></VerbPhrase></ActionPhrase><STOP>.</STOP></Sentence></Document>
<?xml version="1.0" encoding="UTF-8"?>
<Document><Sentence><ActionPhrase type="Heat"><NounPhrase><DT-THE>The</DT-THE><NN-PH>pH</NN-PH><PrepPhrase><IN-OF>of</IN-OF><NounPhrase><DT-THE>the</DT-THE><NN-CHEMENTITY>solution</NN-CHEMENTITY></NounPhrase></PrepPhrase></NounPhrase><VerbPhrase><VBD>was</VBD><VB-INCREASE>increased</VB-INCREASE><RB>slowly</RB><PrepPhrase><TO>to</TO><NounPhrase><QUANTITY><PH><NN-PH>pH</NN-PH><CD>10.5</CD></PH></QUANTITY></NounPhrase></PrepPhrase></VerbPhrase></ActionPhrase><ActionPhrase type="Add"><VerbPhrase><IN-BY>by</IN-BY><VB-ADD>adding</VB-ADD><JJ-CHEM>anhydrous</JJ-CHEM></VerbPhrase><NounPhrase><MOLECULE><OSCARCM><OSCAR-CM>potassium</OSCAR-CM><OSCAR-CM>carbonate</OSCAR-CM></OSCARCM><REFERENCETOCOMPOUND><LSQB>[</LSQB><CD>15</CD><RSQB>]</RSQB></REFERENCETOCOMPOUND></MOLECULE></NounPhrase></ActionPhrase><STOP>.</STOP></Sentence></Document>
<?xml version="1.0" encoding="UTF-8"?>
<Document><Sentence><ActionPhrase type="Yield"><NounPhrase><DT>A</DT><JJ>light</JJ><JJ>green</JJ><NN-CHEMENTITY>solution</NN-CHEMENTITY></NounPhrase><VerbPhrase><VBD>was</VBD><VB-YIELD>obtained</VB-YIELD></VerbPhrase></ActionPhrase><STOP>.</STOP></Sentence></Document>
<?xml version="1.0" encoding="UTF-8"?>
<Document><Sentence><ActionPhrase type="Wait"><NounPhrase><DT-THE>The</DT-THE><NN-CHEMENTITY>solution</NN-CHEMENTITY></NounPhrase><VerbPhrase><VBD>was</VBD><VBN>allowed</VBN><PrepPhrase><TO>to</TO><NounPhrase><NN>age</NN></NounPhrase></PrepPhrase><TimePhrase><IN-FOR>for</IN-FOR><CD>two</CD><NN-TIME>days</NN-TIME></TimePhrase><PrepPhrase><IN-IN>in</IN-IN><NounPhrase><DT>an</DT><JJ-CHEM>air-conditioned</JJ-CHEM><NN>laboratory</NN></NounPhrase></PrepPhrase></VerbPhrase></ActionPhrase><VerbPhrase><TO>to</TO><VB>achieve</VB></VerbPhrase><NounPhrase><DT>a</DT><JJ>dark</JJ><JJ>blue</JJ><JJ>stable</JJ><NN-CHEMENTITY>solution</NN-CHEMENTITY></NounPhrase><STOP>.</STOP></Sentence></Document>
<?xml version="1.0" encoding="UTF-8"?>
<Document><Sentence><NounPhrase><DT-THE>The</DT-THE><NNP-LABEL>schematic</NNP-LABEL><PrepPhrase><IN-OF>of</IN-OF><NounPhrase><DT-THE>the</DT-THE><NN-CHEMENTITY>preparation</NN-CHEMENTITY></NounPhrase></PrepPhrase></NounPhrase><VerbPhrase><VBZ>is</VBZ><VBN>shown</VBN><PrepPhrase><IN-IN>in</IN-IN><NounPhrase><CaptionLabel><NNP-LABEL>figure</NNP-LABEL><CD>2</CD></CaptionLabel></NounPhrase></PrepPhrase></VerbPhrase><STOP>.</STOP></Sentence></Document>
<?xml version="1.0" encoding="UTF-8"?>
<Document><Sentence><NounPhrase><CaptionLabel><NNP-LABEL>Figure</NNP-LABEL><CD>2</CD></CaptionLabel></NounPhrase><STOP>.</STOP></Sentence></Document>
<?xml version="1.0" encoding="UTF-8"?>
<Document><Sentence><ActionPhrase type="Synthesize"><NounPhrase><NN-CHEMENTITY>Solution</NN-CHEMENTITY><NN-SYNTHESIZE>preparation</NN-SYNTHESIZE><CC>and</CC><NN>electrodeposition</NN><NN>setup</NN></NounPhrase></ActionPhrase><VerbPhrase><IN-AS>As</IN-AS><VBN>shown</VBN><PrepPhrase><IN-IN>in</IN-IN><NounPhrase><CaptionLabel><NNP-LABEL>figure</NNP-LABEL><CD>3</CD></CaptionLabel></NounPhrase></PrepPhrase></VerbPhrase><COMMA>,</COMMA><NounPhrase><DT>a</DT><CD>three</CD><NN>electrode</NN><NN>cell</NN></NounPhrase><VerbPhrase><VBD>was</VBD><VBN>used</VBN><PrepPhrase><IN-IN>in</IN-IN><NounPhrase><DT>this</DT><NN>study</NN></NounPhrase></PrepPhrase></VerbPhrase><STOP>.</STOP></Sentence></Document>
<?xml version="1.0" encoding="UTF-8"?>
<Document><Sentence><NounPhrase><DT>An</DT><MOLECULE><OSCARCM><OSCAR-CM>iridium</OSCAR-CM><OSCAR-CM>oxide</OSCAR-CM></OSCARCM><NN-CHEMENTITY>layers</NN-CHEMENTITY></MOLECULE></NounPhrase><VerbPhrase><VBD>were</VBD><VBN>deposited</VBN><PrepPhrase><IN-ON>on</IN-ON><NounPhrase><JJ>stainless</JJ><NN>steel</NN></NounPhrase></PrepPhrase></VerbPhrase><VerbPhrase><VBG>working</VBG></VerbPhrase><NounPhrase><NN>electrode</NN></NounPhrase><VerbPhrase><IN-BY>by</IN-BY><VB-USE>using</VB-USE></VerbPhrase><NounPhrase><DT>an</DT><MOLECULE><OSCARCM><OSCAR-CM>Ag</OSCAR-CM><DASH>/</DASH><OSCAR-CM>AgCl</OSCAR-CM></OSCARCM></MOLECULE><NN>reference</NN><NN>electrode</NN></NounPhrase><CC>and</CC><NounPhrase><DT>a</DT><JJ>mesh</JJ><MOLECULE><OSCARCM><OSCAR-CM>Pt</OSCAR-CM></OSCARCM></MOLECULE><NN>counter</NN><NN>electrode</NN></NounPhrase><STOP>.</STOP></Sentence></Document>
<?xml version="1.0" encoding="UTF-8"?>
<Document><Sentence><NounPhrase><DT>A</DT><JJ-CHEM>cyclic</JJ-CHEM><PROCEDURE><NN>voltammetry</NN><NN-METHOD>method</NN-METHOD></PROCEDURE></NounPhrase><PrepPhrase><IN>between</IN><NounPhrase><CD>-0.5</CD></NounPhrase></PrepPhrase><PrepPhrase><TO>to</TO><NounPhrase><CD>0.65</CD><NNP>V</NNP><MIXTURE><_-LRB->(</_-LRB-><NN>vs</NN><STOP>.</STOP><MOLECULE><OSCARCM><OSCAR-CM>Ag/AgCl</OSCAR-CM></OSCARCM></MOLECULE><_-RRB->)</_-RRB-></MIXTURE></NounPhrase></PrepPhrase><VerbPhrase><VBD>was</VBD><VBN>applied</VBN><PrepPhrase><IN>at</IN><NounPhrase><JJ>different</JJ><NN-CYCLE>cycles</NN-CYCLE><CC>and</CC><NN>sweep</NN><NNS>rates</NNS></NounPhrase></PrepPhrase></VerbPhrase><VerbPhrase><IN-AS>as</IN-AS><VBN>shown</VBN><PrepPhrase><IN-IN>in</IN-IN><NounPhrase><CaptionLabel><NNP-LABEL>Table</NNP-LABEL><CD>1</CD></CaptionLabel></NounPhrase></PrepPhrase></VerbPhrase><STOP>.</STOP></Sentence></Document>
<?xml version="1.0" encoding="UTF-8"?>
<Document><Sentence><NounPhrase><DT>A</DT><NN>potentiostat/galvanostat</NN><MIXTURE><_-LRB->(</_-LRB-><NNP>Autolab</NNP><COMMA>,</COMMA><NNP>Metrohm</NNP><COMMA>,</COMMA><NN>model</NN><MOLECULE><OSCARCM><OSCAR-CM>PGSTAT</OSCAR-CM></OSCARCM><QUANTITY><MOLAR><CD>128</CD><NN-MOLAR>N</NN-MOLAR></MOLAR></QUANTITY></MOLECULE><_-RRB->)</_-RRB-></MIXTURE></NounPhrase><VerbPhrase><VBD>was</VBD><VBN>used</VBN><PrepPhrase><IN-IN>in</IN-IN><NounPhrase><JJ-CHEM>cyclic</JJ-CHEM><JJ-CHEM>voltammetry</JJ-CHEM><NN>deposition</NN><MOLECULE><MIXTURE><_-LRB->(</_-LRB-><NNP>CV</NNP><_-RRB->)</_-RRB-></MIXTURE><IN-OF>of</IN-OF><OSCARCM><OSCAR-CM>EIROF</OSCAR-CM></OSCARCM></MOLECULE></NounPhrase></PrepPhrase><CC>and</CC><PrepPhrase><IN-IN>in</IN-IN><NounPhrase><NNP>CV</NNP><COMMA>,</COMMA><JJ>electrochemical</JJ><JJ-CHEM>impedance</JJ-CHEM><NN>spectroscopy</NN><MIXTURE><_-LRB->(</_-LRB-><NNP>EIS</NNP><_-RRB->)</_-RRB-></MIXTURE><COMMA>,</COMMA><JJ>open</JJ><JJ-CHEM>circuit</JJ-CHEM><NN>potential</NN><MIXTURE><_-LRB->(</_-LRB-><NNP>OCP</NNP><_-RRB->)</_-RRB-></MIXTURE><NNS>measurements</NNS></NounPhrase></PrepPhrase></VerbPhrase><STOP>.</STOP></Sentence></Document>
<?xml version="1.0" encoding="UTF-8"?>
<Document><Sentence><NounPhrase><DT>A</DT><JJ>conventional</JJ><NN-STATE>glass</NN-STATE><NN-PH>pH</NN-PH><NN>electrode</NN></NounPhrase><VerbPhrase><VBD>was</VBD><VBN>used</VBN><PrepPhrase><IN-FOR>for</IN-FOR><NounPhrase><NN-PH>pH</NN-PH><NN>sensor</NN><NN>calibration</NN></NounPhrase></PrepPhrase></VerbPhrase><STOP>.</STOP></Sentence></Document>
<?xml version="1.0" encoding="UTF-8"?>
<Document><Sentence><PrepPhrase><IN-IN>In</IN-IN><NounPhrase><DT>this</DT><NN>study</NN></NounPhrase></PrepPhrase><COMMA>,</COMMA><NounPhrase><DT>all</DT><JJ-CHEM>impedance</JJ-CHEM><NN>spectra</NN></NounPhrase><VerbPhrase><VBD>were</VBD><VBN>measured</VBN><PrepPhrase><IN-WITH>with</IN-WITH><NounPhrase><DT>a</DT><MOLECULE><OSCARCM><OSCAR-CM>10-mV</OSCAR-CM></OSCARCM><MIXTURE><_-LRB->(</_-LRB-><NNP>Amplitude</NNP><COMMA>,</COMMA><VBZ>rms</VBZ><_-RRB->)</_-RRB-></MIXTURE></MOLECULE><NNP>AC</NNP><NNP>Int</NNP></NounPhrase></PrepPhrase></VerbPhrase><STOP>.</STOP></Sentence></Document>
<?xml version="1.0" encoding="UTF-8"?>
<Document><Sentence><NounPhrase><PROCEDURE><NN-IDENTIFIER>J</NN-IDENTIFIER></PROCEDURE><STOP>.</STOP></NounPhrase></Sentence><Sentence><NounPhrase><NNP>Electrochem</NNP></NounPhrase><STOP>.</STOP></Sentence></Document>
<?xml version="1.0" encoding="UTF-8"?>
<Document><Sentence><NounPhrase><NNP>Sci</NNP></NounPhrase><STOP>.</STOP></Sentence><Sentence><Unmatched><COMMA>,</COMMA></Unmatched></Sentence></Document>
<?xml version="1.0" encoding="UTF-8"?>
<Document/>
<?xml version="1.0" encoding="UTF-8"?>
<Document><Sentence><NounPhrase><CD>8</CD><COMMA>,</COMMA><CD>2013</CD><CD>3293</CD><JJ>sinusoidal</JJ><NN>signal</NN></NounPhrase><PrepPhrase><IN-IN>in</IN-IN><NounPhrase><DT-THE>the</DT-THE><JJ-CHEM>frequency</JJ-CHEM><NN>range</NN><PrepPhrase><IN-OF>of</IN-OF><NounPhrase><CD>0.01</CD><NNP>Hz</NNP></NounPhrase></PrepPhrase></NounPhrase></PrepPhrase><PrepPhrase><TO>to</TO><NounPhrase><CD>10</CD><NNP>kHz</NNP></NounPhrase></PrepPhrase><STOP>.</STOP></Sentence></Document>
<?xml version="1.0" encoding="UTF-8"?>
<Document><Sentence><NounPhrase><MOLECULE><OSCARCM><OSCAR-CM>NOVA-1.8</OSCAR-CM></OSCARCM></MOLECULE><NN>software</NN></NounPhrase><VerbPhrase><VBD>was</VBD><VBN>used</VBN></VerbPhrase><VerbPhrase><TO>to</TO><VB>do</VB></VerbPhrase><NounPhrase><DT-THE>the</DT-THE><MOLECULE><OSCARCM><OSCAR-CM>EIS</OSCAR-CM></OSCARCM></MOLECULE><NNS>measurements</NNS><CC>and</CC><NN>curve</NN><JJ>fitting</JJ><NN>analysis</NN></NounPhrase><STOP>.</STOP></Sentence></Document>
<?xml version="1.0" encoding="UTF-8"?>
<Document><Sentence><NounPhrase><DT-THE>The</DT-THE><JJ>potential</JJ><NN>response</NN><PrepPhrase><IN-OF>of</IN-OF><NounPhrase><MOLECULE><OSCARCM><OSCAR-CM>EIROF</OSCAR-CM></OSCARCM></MOLECULE></NounPhrase></PrepPhrase></NounPhrase><PrepPhrase><IN-IN>in</IN-IN><NounPhrase><JJ>standard</JJ><JJ-CHEM>pH</JJ-CHEM><NN-CHEMENTITY>solution</NN-CHEMENTITY><JJ-CHEM>buffer</JJ-CHEM><CITATION><_-LRB->(</_-LRB-><CD>4</CD><COMMA>,</COMMA><CD>7</CD><COMMA>,</COMMA><CC>and</CC><CD>9</CD><_-RRB->)</_-RRB-></CITATION></NounPhrase></PrepPhrase><VerbPhrase><VBD>was</VBD><VBN>measured</VBN><PrepPhrase><IN-BY>by</IN-BY><NounPhrase><NN>potentiostat</NN></NounPhrase></PrepPhrase><TempPhrase><IN>at</IN><NN-TEMP>room</NN-TEMP><NN-TEMP>temperature</NN-TEMP></TempPhrase></VerbPhrase><STOP>.</STOP></Sentence></Document>
<?xml version="1.0" encoding="UTF-8"?>
<Document><Sentence><NounPhrase><DT-THE>The</DT-THE><JJ>electrodeposited</JJ><MOLECULE><OSCARCM><OSCAR-CM>iridium</OSCAR-CM><OSCAR-CM>oxide</OSCAR-CM></OSCARCM></MOLECULE></NounPhrase><VerbPhrase><VBD>was</VBD><VBN>characterized</VBN><PrepPhrase><IN-BY>by</IN-BY><NounPhrase><NNP>CV</NNP><COMMA>,</COMMA><NNP>Atomic</NNP><NNP>Force</NNP><NNP>Microscopy</NNP><MIXTURE><_-LRB->(</_-LRB-><NNP>AFM</NNP><_-RRB->)</_-RRB-></MIXTURE><COMMA>,</COMMA><NNP>Field</NNP><NNP>Emission</NNP><NNP>Scanning</NNP><NNP>Electron</NNP><NNP>Microscopy</NNP><MIXTURE><_-LRB->(</_-LRB-><NNP>FESEM</NNP><_-RRB->)</_-RRB-></MIXTURE><MIXTURE><_-LRB->(</_-LRB-><MOLECULE><OSCARCM><OSCAR-CM>HITACHI</OSCAR-CM></OSCARCM></MOLECULE><_-RRB->)</_-RRB-></MIXTURE><COMMA>,</COMMA><CC>and</CC><JJ-CHEM>Energy-Dispersive</JJ-CHEM><JJ-CHEM>X-ray</JJ-CHEM><NN>spectroscopy</NN><MIXTURE><_-LRB->(</_-LRB-><NNP>EDX</NNP><_-RRB->)</_-RRB-></MIXTURE></NounPhrase></PrepPhrase></VerbPhrase><STOP>.</STOP></Sentence></Document>
<?xml version="1.0" encoding="UTF-8"?>
<Document><Sentence><NounPhrase><CaptionLabel><NNP-LABEL>Figure</NNP-LABEL><CD>3</CD></CaptionLabel></NounPhrase><STOP>.</STOP></Sentence></Document>
<?xml version="1.0" encoding="UTF-8"?>
<Document><Sentence><NounPhrase><NNP-LABEL>Schematic</NNP-LABEL><NNP-LABEL>diagram</NNP-LABEL><PrepPhrase><IN-OF>of</IN-OF><NounPhrase><DT>an</DT><JJ-CHEM>electrodeposition</JJ-CHEM><NN>setup</NN></NounPhrase></PrepPhrase></NounPhrase><COLON>:</COLON><NounPhrase><UNNAMEDMOLECULE><REFERENCETOCOMPOUND><_-LRB->(</_-LRB-><CD>1</CD><_-RRB->)</_-RRB-></REFERENCETOCOMPOUND></UNNAMEDMOLECULE><JJ>Pt</JJ><JJ-CHEM>mesh</JJ-CHEM><NN>counter</NN><NN>electrode</NN><COMMA>,</COMMA><UNNAMEDMOLECULE><REFERENCETOCOMPOUND><_-LRB->(</_-LRB-><CD>2</CD><_-RRB->)</_-RRB-></REFERENCETOCOMPOUND></UNNAMEDMOLECULE><JJ>stainless</JJ><NN>steel</NN><MIXTURE><_-LRB->(</_-LRB-><VBG>working</VBG><NN>electrode</NN><_-RRB->)</_-RRB-></MIXTURE><COMMA>,</COMMA><MOLECULE><MIXTURE><_-LRB->(</_-LRB-><CD>3</CD><_-RRB->)</_-RRB-></MIXTURE><OSCARCM><OSCAR-CM>Ag/AgCl</OSCAR-CM></OSCARCM></MOLECULE><NN>reference</NN><NN>electrode</NN><CD>3</CD></NounPhrase><STOP>.</STOP></Sentence></Document>
<?xml version="1.0" encoding="UTF-8"?>
<Document/>
