<?xml version="1.0" encoding="UTF-8"?>
<Document><Sentence><ActionPhrase type="Quench"><NounPhrase><PROCEDURE><NN-METHOD>Methods</NN-METHOD></PROCEDURE></NounPhrase><VerbPhrase><VB-QUENCH>Quenched</VB-QUENCH></VerbPhrase></ActionPhrase><CC>and</CC><VerbPhrase><VBN>tempered</VBN></VerbPhrase><NounPhrase><MOLECULE><OSCARCM><OSCAR-CM>H13</OSCAR-CM></OSCARCM></MOLECULE><NN>mold</NN><NN>tool</NN><NN>steel</NN><NNS>specimens</NNS></NounPhrase><ActionPhrase type="Add"><VerbPhrase><VBD>were</VBD><JJ>duplex</JJ><VB-TREAT>treated</VB-TREAT><PrepPhrase><IN-IN>in</IN-IN><NounPhrase><DT>a</DT><JJ>hybrid</JJ><NNP>Triode</NNP><NNP>Magnetron</NNP><NNP>Sputtering</NNP><MIXTURE><_-LRB->(</_-LRB-><NNP>TMS</NNP><_-RRB->)</_-RRB-></MIXTURE><APPARATUS><NN-APPARATUS>reactor</NN-APPARATUS></APPARATUS></NounPhrase></PrepPhrase></VerbPhrase></ActionPhrase><STOP>.</STOP></Sentence></Document>
<?xml version="1.0" encoding="UTF-8"?>
<Document><Sentence><NounPhrase><NNP>Plasma</NNP><MOLECULE><OSCARCM><OSCAR-CM>nitriding</OSCAR-CM></OSCARCM></MOLECULE><CC>and</CC><MOLECULE><OSCARCM><OSCAR-CM>PVD</OSCAR-CM></OSCARCM></MOLECULE><NN>coating</NN></NounPhrase><VerbPhrase><VBD>were</VBD><VBN>done</VBN><PrepPhrase><IN>inside</IN><NounPhrase><DT-THE>the</DT-THE><JJ>same</JJ><NN>chamber</NN></NounPhrase></PrepPhrase></VerbPhrase><COMMA>,</COMMA><VerbPhrase><IN-BY>by</IN-BY><VBG>changing</VBG></VerbPhrase><NounPhrase><DT-THE>the</DT-THE><NN>processing</NN><NNS>parameters</NNS></NounPhrase><VerbPhrase><VBN>used</VBN></VerbPhrase><Unmatched><IN-FOR>for</IN-FOR></Unmatched><Unmatched><DT>each</DT></Unmatched><PrepPhrase><IN-OF>of</IN-OF><NounPhrase><DT-THE>the</DT-THE><NN>diffusion</NN><CC>and</CC><NN>coating</NN><NNS>treatments</NNS><PROCEDURE><NN-METHOD>steps</NN-METHOD></PROCEDURE></NounPhrase></PrepPhrase><STOP>.</STOP></Sentence></Document>
<?xml version="1.0" encoding="UTF-8"?>
<Document><Sentence><ActionPhrase type="ApparatusAction"><NounPhrase><WRB>When</WRB><JJ>duplex</JJ><NNS>treatments</NNS></NounPhrase><VerbPhrase><VBP>are</VBP><VBN>performed</VBN><PrepPhrase><IN-IN>in</IN-IN><NounPhrase><MultipleApparatus><APPARATUS><DT>a</DT><JJ>hybrid</JJ><NN-APPARATUS>reactor</NN-APPARATUS></APPARATUS></MultipleApparatus></NounPhrase></PrepPhrase></VerbPhrase></ActionPhrase><COMMA>,</COMMA><NounPhrase><NN>contact</NN><PrepPhrase><IN-OF>of</IN-OF><NounPhrase><DT-THE>the</DT-THE><JJ>specimen´s</JJ><NN>surface</NN></NounPhrase></PrepPhrase></NounPhrase><PrepPhrase><IN-WITH>with</IN-WITH><NounPhrase><NN>air</NN></NounPhrase></PrepPhrase><COMMA>,</COMMA><PrepPhrase><IN>between</IN><NounPhrase><DT-THE>the</DT-THE><NN>treatments</NN></NounPhrase></PrepPhrase><COMMA>,</COMMA><VerbPhrase><VBZ>is</VBZ><VBN>avoided</VBN></VerbPhrase><CC>and</CC><NounPhrase><DT>no</DT><NN>cleaning</NN><CC>or</CC><NN>activating</NN><PrepPhrase><IN-OF>of</IN-OF><NounPhrase><DT-THE>the</DT-THE><MOLECULE><OSCARCM><OSCAR-CM>pre-nitrided</OSCAR-CM></OSCARCM></MOLECULE><NN>surface</NN></NounPhrase></PrepPhrase></NounPhrase><VerbPhrase><VBZ>is</VBZ><VBN>needed</VBN></VerbPhrase><STOP>.</STOP></Sentence></Document>
<?xml version="1.0" encoding="UTF-8"?>
<Document><Sentence><NounPhrase><NNP>Plasma</NNP><MOLECULE><OSCARCM><OSCAR-CM>nitriding</OSCAR-CM></OSCARCM></MOLECULE></NounPhrase><VerbPhrase><VBD>was</VBD><VBN>carried</VBN><RP>out</RP><PrepPhrase><IN-IN>in</IN-IN><NounPhrase><NNS>conditions</NNS><WRB>where</WRB></NounPhrase></PrepPhrase></VerbPhrase><NounPhrase><DT>no</DT><JJ>white</JJ><NN-CHEMENTITY>layer</NN-CHEMENTITY></NounPhrase><ActionPhrase type="Yield"><VerbPhrase><MD>can</MD><VB>be</VB><VB-YIELD>formed</VB-YIELD></VerbPhrase></ActionPhrase><STOP>.</STOP></Sentence></Document>
<?xml version="1.0" encoding="UTF-8"?>
<Document><Sentence><PrepPhrase><IN-AFTER>After</IN-AFTER><NounPhrase><NN>plasma</NN><MOLECULE><OSCARCM><OSCAR-CM>nitriding</OSCAR-CM></OSCARCM></MOLECULE><COMMA>,</COMMA><MOLECULE><OSCARCM><OSCAR-CM>PVD</OSCAR-CM></OSCARCM></MOLECULE><NN>coating</NN></NounPhrase></PrepPhrase><VerbPhrase><VBZ>is</VBZ><VBN>carried</VBN><RP>out</RP><COMMA>,</COMMA><PrepPhrase><IN-BY>by</IN-BY><NounPhrase><NN>depositing</NN></NounPhrase></PrepPhrase><COMMA>,</COMMA><PrepPhrase><IN>at</IN><NounPhrase><NNP>rst</NNP></NounPhrase></PrepPhrase></VerbPhrase><COMMA>,</COMMA><NounPhrase><DT>a</DT><MOLECULE><OSCARCM><OSCAR-CM>Ti</OSCAR-CM></OSCARCM></MOLECULE><NN>interlayer</NN></NounPhrase><VerbPhrase><TO>to</TO><VB>grant</VB></VerbPhrase><NounPhrase><NN>adhesion</NN><PrepPhrase><IN-OF>of</IN-OF><NounPhrase><DT-THE>the</DT-THE><MOLECULE><OSCARCM><OSCAR-CM>TiC</OSCAR-CM></OSCARCM></MOLECULE><CC>and</CC><MOLECULE><OSCARCM><OSCAR-CM>TiN</OSCAR-CM></OSCARCM></MOLECULE></NounPhrase></PrepPhrase></NounPhrase><VerbPhrase><VBD>lay-ers</VBD></VerbPhrase><STOP>.</STOP></Sentence></Document>
<?xml version="1.0" encoding="UTF-8"?>
<Document><Sentence><PrepPhrase><IN-AFTER>After</IN-AFTER><NounPhrase><NN>deposition</NN><PrepPhrase><IN-OF>of</IN-OF><NounPhrase><DT-THE>the</DT-THE><MOLECULE><OSCARCM><OSCAR-CM>Ti</OSCAR-CM></OSCARCM></MOLECULE><NN>interlayer</NN><COMMA>,</COMMA><NN>reactive</NN><NN>deposition</NN></NounPhrase></PrepPhrase></NounPhrase></PrepPhrase><VerbPhrase><VBZ>is</VBZ><VBN>carried</VBN><RP>out</RP></VerbPhrase><NounPhrase><WRB>when</WRB><MOLECULE><OSCARCM><OSCAR-CM>Ti</OSCAR-CM></OSCARCM></MOLECULE><NNS>atoms</NNS></NounPhrase><ActionPhrase type="Synthesize"><VerbPhrase><VB-SYNTHESIZE>react</VB-SYNTHESIZE><RB>either</RB></VerbPhrase><Unmatched><IN-WITH>with</IN-WITH></Unmatched><Unmatched><NN-MOLAR>N</NN-MOLAR></Unmatched><NounPhrase><CD>2</CD></NounPhrase></ActionPhrase><CC>or</CC><VerbPhrase><VB>CH</VB></VerbPhrase><NounPhrase><CD>4</CD><FW>pro-viding</FW></NounPhrase><NounPhrase><DT-THE>the</DT-THE><NN>formation</NN><PrepPhrase><IN-OF>of</IN-OF><NounPhrase><MOLECULE><OSCARCM><OSCAR-CM>TiN</OSCAR-CM></OSCARCM></MOLECULE><CC>or</CC><MOLECULE><OSCARCM><OSCAR-CM>TiC</OSCAR-CM></OSCARCM></MOLECULE><NNS>coatings</NNS></NounPhrase></PrepPhrase></NounPhrase><STOP>.</STOP></Sentence></Document>
<?xml version="1.0" encoding="UTF-8"?>
<Document><Sentence><NounPhrase><DT-THE>The</DT-THE><JJ>multilayer</JJ><NN>architecture</NN></NounPhrase><VerbPhrase><VBN>constituted</VBN></VerbPhrase><VerbPhrase><IN-BY>by</IN-BY><VBG>alternating</VBG></VerbPhrase><NounPhrase><NN-CHEMENTITY>layers</NN-CHEMENTITY><PrepPhrase><IN-OF>of</IN-OF><NounPhrase><MOLECULE><OSCARCM><OSCAR-CM>TiC</OSCAR-CM></OSCARCM></MOLECULE><CC>and</CC><MOLECULE><OSCARCM><OSCAR-CM>TiN</OSCAR-CM></OSCARCM></MOLECULE></NounPhrase></PrepPhrase></NounPhrase><ActionPhrase type="Yield"><VerbPhrase><VBD>were</VBD><VB-YIELD>obtained</VB-YIELD></VerbPhrase></ActionPhrase><VerbPhrase><IN-BY>by</IN-BY><VBG>changing</VBG></VerbPhrase><Unmatched><DT-THE>the</DT-THE></Unmatched><Unmatched><_-LRB->(</_-LRB-></Unmatched><Unmatched><NN-MOLAR>N</NN-MOLAR></Unmatched><NounPhrase><MOLECULE><OSCARCM><OSCAR-CM>2+Ar</OSCAR-CM></OSCARCM></MOLECULE></NounPhrase><Unmatched><_-RRB->)</_-RRB-></Unmatched><Unmatched><CC>and</CC></Unmatched><NounPhrase><MIXTURE><_-LRB->(</_-LRB-><VB>CH</VB><MOLECULE><OSCARCM><OSCAR-CM>4+Ar</OSCAR-CM></OSCARCM></MOLECULE><_-RRB->)</_-RRB-></MIXTURE><JJ-CHEM>reac-tive</JJ-CHEM><NN-STATE>gases</NN-STATE></NounPhrase><PrepPhrase><IN-IN>in</IN-IN><NounPhrase><DT-THE>the</DT-THE><NN>plasma</NN><NN-ATMOSPHERE>atmosphere</NN-ATMOSPHERE></NounPhrase></PrepPhrase><STOP>.</STOP></Sentence></Document>
<?xml version="1.0" encoding="UTF-8"?>
<Document><Sentence><ActionPhrase type="Wait"><NounPhrase><NNP>Plasma</NNP><MOLECULE><OSCARCM><OSCAR-CM>nitriding</OSCAR-CM></OSCARCM></MOLECULE></NounPhrase><VerbPhrase><VBD>was</VBD><VBN>carried</VBN><RP>out</RP><TempPhrase><IN>at</IN><CD>520</CD><NN-TEMP>ºC</NN-TEMP></TempPhrase><COMMA>,</COMMA><TimePhrase><IN-FOR>for</IN-FOR><CD>2</CD><NN-TIME>hours</NN-TIME></TimePhrase><COMMA>,</COMMA><PrepPhrase><IN-IN>in</IN-IN><NounPhrase><DT>a</DT><QUANTITY><PERCENT><CD>95</CD><NN-PERCENT>%</NN-PERCENT></PERCENT></QUANTITY><NNP>H</NNP><QUANTITY><PERCENT><CD>2+5</CD><NN-PERCENT>%</NN-PERCENT></PERCENT></QUANTITY></NounPhrase></PrepPhrase></VerbPhrase></ActionPhrase><Unmatched><NN-MOLAR>N</NN-MOLAR></Unmatched><NounPhrase><CD>2</CD><NN-ATMOSPHERE>atmosphere</NN-ATMOSPHERE></NounPhrase><STOP>.</STOP></Sentence></Document>
<?xml version="1.0" encoding="UTF-8"?>
<Document><Sentence><ActionPhrase type="Wait"><NounPhrase><DT-THE>The</DT-THE><CD>100</CD><NN>nm</NN><MOLECULE><JJ>thick</JJ><OSCARCM><OSCAR-CM>Ti</OSCAR-CM></OSCARCM></MOLECULE><NN>interlayer</NN></NounPhrase><VerbPhrase><VBD>was</VBD><VBN>deposited</VBN><TimePhrase><IN>during</IN><CD>2</CD><NN-TIME>minutes</NN-TIME></TimePhrase></VerbPhrase></ActionPhrase><STOP>.</STOP></Sentence></Document>
<?xml version="1.0" encoding="UTF-8"?>
<Document><Sentence><NounPhrase><MOLECULE><OSCARCM><OSCAR-CM>PVD</OSCAR-CM></OSCARCM></MOLECULE><NNS>coatings</NNS></NounPhrase><VerbPhrase><VBD>was</VBD><VBN>performed</VBN><TempPhrase><IN>at</IN><CD>300</CD><NN-TEMP>ºC</NN-TEMP></TempPhrase><PrepPhrase><IN-UNDER>under</IN-UNDER><NounPhrase><CD>40</CD><NNP>VDC</NNP><NN>bias</NN><COMMA>,</COMMA><CD>640</CD><NNP>W</NNP></NounPhrase></PrepPhrase></VerbPhrase><VerbPhrase><VBG>being</VBG><VBN>applied</VBN><PrepPhrase><TO>to</TO><NounPhrase><DT-THE>the</DT-THE><NN>cathode</NN></NounPhrase></PrepPhrase></VerbPhrase><STOP>;</STOP></Sentence><Sentence><ActionPhrase type="Heat"><NounPhrase><NN-PRESSURE>pressure</NN-PRESSURE></NounPhrase><VerbPhrase><VBD>was</VBD><VB-HEAT>maintained</VB-HEAT><PrepPhrase><IN>at</IN><NounPhrase><CD>1x10-6</CD><NNP>Torr</NNP><CC>and</CC><MOLECULE><OSCARCM><OSCAR-CM>argon</OSCAR-CM></OSCARCM><JJ>partial</JJ></MOLECULE><NN-PRESSURE>pressure</NN-PRESSURE></NounPhrase></PrepPhrase></VerbPhrase></ActionPhrase><VerbPhrase><VBD>was</VBD></VerbPhrase><NounPhrase><CD>3.0</CD><NNP>mTorr</NNP></NounPhrase><STOP>.</STOP></Sentence></Document>
<?xml version="1.0" encoding="UTF-8"?>
<Document><Sentence><NounPhrase><MOLECULE><OSCARCM><OSCAR-CM>PVD</OSCAR-CM></OSCARCM></MOLECULE><NNS>coatings</NNS><NN>thickness</NN></NounPhrase><VerbPhrase><VBN>varied</VBN><PrepPhrase><IN-FROM>from</IN-FROM><NounPhrase><CD>2.0</CD></NounPhrase></PrepPhrase><PrepPhrase><TO>to</TO><NounPhrase><CD>2.7</CD><NN>m</NN></NounPhrase></PrepPhrase></VerbPhrase><STOP>.</STOP></Sentence><Sentence><NounPhrase><NNP>Part</NNP><PrepPhrase><IN-OF>of</IN-OF><NounPhrase><DT-THE>the</DT-THE><NNS>specimens</NNS></NounPhrase></PrepPhrase></NounPhrase><VerbPhrase><VBD>was</VBD></VerbPhrase><NounPhrase><MOLECULE><OSCARCM><OSCAR-CM>PVD</OSCAR-CM></OSCARCM><JJ>coated</JJ></MOLECULE></NounPhrase><VerbPhrase><IN-WITHOUT>without</IN-WITHOUT><VBG>being</VBG></VerbPhrase><NounPhrase><NN>plasma</NN><MOLECULE><OSCARCM><OSCAR-CM>nitrided</OSCAR-CM></OSCARCM></MOLECULE></NounPhrase><RB>previously</RB><STOP>.</STOP></Sentence></Document>
<?xml version="1.0" encoding="UTF-8"?>
<Document><Sentence><NounPhrase><CaptionLabel><NNP-LABEL>Table</NNP-LABEL><CD>1</CD></CaptionLabel></NounPhrase><VerbPhrase><VBZ>shows</VBZ></VerbPhrase><NounPhrase><DT-THE>the</DT-THE><MOLECULE><OSCARCM><OSCAR-CM>nitriding</OSCAR-CM></OSCARCM></MOLECULE><CC>and</CC><NN>coating</NN><NN-TIMES>times</NN-TIMES><CC>and</CC><NNS>thicknesses</NNS><PrepPhrase><IN-OF>of</IN-OF><NounPhrase><DT-THE>the</DT-THE><JJ>ceramic</JJ><NN-CHEMENTITY>layers</NN-CHEMENTITY></NounPhrase></PrepPhrase></NounPhrase><VerbPhrase><VBN>deposited</VBN><PrepPhrase><IN-UNDER>under</IN-UNDER><NounPhrase><CD>seven</CD><JJ>different</JJ><NN>coating</NN><NNS>conditions</NNS></NounPhrase></PrepPhrase></VerbPhrase><STOP>.</STOP></Sentence></Document>
<?xml version="1.0" encoding="UTF-8"?>
<Document><Sentence><ActionPhrase type="Yield"><NounPhrase><DT-THE>The</DT-THE><MOLECULE><OSCARCM><OSCAR-CM>TiN*(A3)</OSCAR-CM></OSCARCM></MOLECULE><CC>and</CC><MOLECULE><OSCARCM><OSCAR-CM>TiC*(B3)</OSCAR-CM></OSCARCM></MOLECULE><NNS>lms</NNS></NounPhrase><VerbPhrase><VBD>were</VBD><VB-YIELD>obtained</VB-YIELD><PrepPhrase><IN-BY>by</IN-BY><NounPhrase><NN>deposit-ing</NN><MOLECULE><OSCARCM><OSCAR-CM>TiN</OSCAR-CM></OSCARCM></MOLECULE><CC>and</CC><MOLECULE><OSCARCM><OSCAR-CM>TiC</OSCAR-CM></OSCARCM></MOLECULE></NounPhrase></PrepPhrase><PrepPhrase><IN>onto</IN><NounPhrase><DT>a</DT><JJ>non-nitrided</JJ><MOLECULE><OSCARCM><OSCAR-CM>H13</OSCAR-CM></OSCARCM></MOLECULE><NN>substrate</NN></NounPhrase></PrepPhrase></VerbPhrase></ActionPhrase><STOP>.</STOP></Sentence></Document>
<?xml version="1.0" encoding="UTF-8"?>
<Document><Sentence><NounPhrase><MOLECULE><OSCARCM><OSCAR-CM>TiN(A3)</OSCAR-CM></OSCARCM></MOLECULE><COMMA>,</COMMA><MOLECULE><OSCARCM><OSCAR-CM>TiC(B3)</OSCAR-CM></OSCARCM></MOLECULE><COMMA>,</COMMA><CC>and</CC><MOLECULE><OSCARCM><OSCAR-CM>TiC(B2)</OSCAR-CM></OSCARCM></MOLECULE><NNS>specimens</NNS></NounPhrase><VerbPhrase><VBD>were</VBD><JJ>duplex</JJ></VerbPhrase><JJ>coated</JJ><COMMA>,</COMMA><NounPhrase><DT-THE>the</DT-THE><JJ-CHEM>ce-ramic</JJ-CHEM><NN-CHEMENTITY>layers</NN-CHEMENTITY></NounPhrase><VerbPhrase><VBG>being</VBG><VBN>deposited</VBN><PrepPhrase><IN>onto</IN><NounPhrase><MOLECULE><OSCARCM><OSCAR-CM>pre-nitride</OSCAR-CM></OSCARCM><REFERENCETOCOMPOUND><CD>H13</CD></REFERENCETOCOMPOUND></MOLECULE><NN>tool</NN><NN>steel</NN></NounPhrase></PrepPhrase></VerbPhrase><STOP>.</STOP></Sentence></Document>
<?xml version="1.0" encoding="UTF-8"?>
<Document><Sentence><NounPhrase><DT-THE>The</DT-THE><JJ-CHEM>Multilayer-w/o-Nit</JJ-CHEM><NNS>specimen</NNS></NounPhrase><VerbPhrase><VBD>was</VBD><VBN>coated</VBN></VerbPhrase><Unmatched><IN-WITH>with</IN-WITH></Unmatched><VerbPhrase><DT>a</DT><JJ-CHEM>multilay-er</JJ-CHEM><VBN>deposited</VBN></VerbPhrase><Unmatched><IN>onto</IN></Unmatched><Unmatched><DT-THE>the</DT-THE></Unmatched><ActionPhrase type="Quench"><VerbPhrase><VB-QUENCH>quenched</VB-QUENCH></VerbPhrase></ActionPhrase><CC>and</CC><NounPhrase><JJ>tempered</JJ><MOLECULE><OSCARCM><OSCAR-CM>H13</OSCAR-CM></OSCARCM></MOLECULE><NN>steel</NN></NounPhrase><STOP>.</STOP></Sentence></Document>
<?xml version="1.0" encoding="UTF-8"?>
<Document><Sentence><NounPhrase><DT-THE>The</DT-THE><JJ>Multilayer-w-Nit</JJ><NN>specimen</NN></NounPhrase><VerbPhrase><VBD>was</VBD><JJ>duplex</JJ></VerbPhrase><NounPhrase><NN>treated</NN></NounPhrase><COMMA>,</COMMA><NounPhrase><DT-THE>the</DT-THE><JJ-CHEM>multilayer</JJ-CHEM><NN>coating</NN></NounPhrase><VerbPhrase><VBG>being</VBG><VBN>deposited</VBN><PrepPhrase><IN-OVER>over</IN-OVER><NounPhrase><DT>a</DT><NN>plasma</NN><MOLECULE><OSCARCM><OSCAR-CM>nitrided</OSCAR-CM></OSCARCM></MOLECULE><NN>substrate</NN></NounPhrase></PrepPhrase></VerbPhrase><STOP>.</STOP></Sentence></Document>
<?xml version="1.0" encoding="UTF-8"?>
<Document><Sentence><NounPhrase><DT-THE>The</DT-THE><NNS>coatings</NNS></NounPhrase><VerbPhrase><VBD>were</VBD><RB>chemically</RB><CC>and</CC><PrepPhrase><RB>structurally</RB><JJ-CHEM>charac-terized</JJ-CHEM><IN-BY>by</IN-BY><NounPhrase><NNP>X-ray</NNP><NN>diffraction</NN><COMMA>,</COMMA><NNP>Wavelength</NNP><NNP>Dispersive</NNP><NNP>X-ray</NNP><NNP>Spectroscopy</NNP><MIXTURE><_-LRB->(</_-LRB-><NNP>WDX</NNP><_-RRB->)</_-RRB-></MIXTURE><COMMA>,</COMMA><NNP>Raman</NNP><CC>and</CC><NNP>X-ray</NNP><NNP>Photoelectron</NNP><MIXTURE><_-LRB->(</_-LRB-><NNP>XPS</NNP><_-RRB->)</_-RRB-></MIXTURE><NNP>Spectroscopy</NNP></NounPhrase></PrepPhrase></VerbPhrase><VerbPhrase><IN-AFTER>after</IN-AFTER><VBG>being</VBG><VBN>deposited</VBN><PrepPhrase><IN>onto</IN><NounPhrase><MOLECULE><OSCARCM><OSCAR-CM>Si</OSCAR-CM></OSCARCM></MOLECULE><NNS>wafers</NNS></NounPhrase></PrepPhrase></VerbPhrase><STOP>.</STOP></Sentence></Document>
<?xml version="1.0" encoding="UTF-8"?>
<Document><Sentence><NounPhrase><NNP>Mechanical</NNP><CC>and</CC><JJ>tribological</JJ><NNS>properties</NNS></NounPhrase><VerbPhrase><VBD>were</VBD><VBN>assessed</VBN><PrepPhrase><IN-VIA>via</IN-VIA><NounPhrase><NN>depth</NN><NN>sensing</NN><CC>and</CC><JJ-CHEM>micro-scratch</JJ-CHEM><PROCEDURE><NN-METHOD>techniques</NN-METHOD></PROCEDURE></NounPhrase></PrepPhrase></VerbPhrase><VerbPhrase><VBN>applied</VBN><PrepPhrase><TO>to</TO><NounPhrase><NNS>coatings</NNS></NounPhrase></PrepPhrase></VerbPhrase><VerbPhrase><VBN>deposited</VBN><PrepPhrase><IN>onto</IN><NounPhrase><DT-THE>the</DT-THE><MOLECULE><OSCARCM><OSCAR-CM>H13</OSCAR-CM></OSCARCM></MOLECULE></NounPhrase></PrepPhrase></VerbPhrase><ActionPhrase type="Quench"><VerbPhrase><VB-QUENCH>quenched</VB-QUENCH></VerbPhrase></ActionPhrase><CC>and</CC><NounPhrase><JJ>tempered</JJ><JJ-CHEM>tool</JJ-CHEM><NN>steel</NN></NounPhrase><STOP>.</STOP></Sentence></Document>
<?xml version="1.0" encoding="UTF-8"?>
<Document><Sentence><NounPhrase><PROCEDURE><CD>3</CD></PROCEDURE><STOP>.</STOP></NounPhrase></Sentence></Document>
<?xml version="1.0" encoding="UTF-8"?>
<Document/>
