<?xml version="1.0" encoding="UTF-8"?>
<Document><Sentence><NounPhrase><MOLECULE><OSCARCM><OSCAR-CM>EXPERIMENTAL</OSCAR-CM></OSCARCM></MOLECULE><NNP>DETAILS</NNP><CD>2.1</CD></NounPhrase><STOP>.</STOP></Sentence></Document>
<?xml version="1.0" encoding="UTF-8"?>
<Document><Sentence><ActionPhrase type="Synthesize"><NounPhrase><NNP>Chemistry</NNP></NounPhrase><NounPhrase><DT>All</DT><JJ>new</JJ><NN-CHEMENTITY>compounds</NN-CHEMENTITY></NounPhrase><VerbPhrase><VBD>were</VBD><VB-SYNTHESIZE>synthesized</VB-SYNTHESIZE></VerbPhrase></ActionPhrase><CC>and</CC><VerbPhrase><VBN>characterized</VBN><PrepPhrase><IN-BY>by</IN-BY><NounPhrase><CD>1</CD><NNP>H</NNP><NNP>NMR</NNP><COMMA>,</COMMA><CD>13</CD><NNP>C</NNP><NNP>NMR</NNP><COMMA>,</COMMA><NNP>IR</NNP><COMMA>,</COMMA><CC>and</CC><MOLECULE><OSCARCM><OSCAR-CM>LCMS</OSCAR-CM></OSCARCM></MOLECULE></NounPhrase></PrepPhrase></VerbPhrase><STOP>.</STOP></Sentence></Document>
<?xml version="1.0" encoding="UTF-8"?>
<Document><Sentence><NounPhrase><CD>1</CD><NNP>H</NNP><NNP>NMR</NNP></NounPhrase><Unmatched><_-LRB->(</_-LRB-></Unmatched><NounPhrase><CD>400</CD></NounPhrase><RB>MHz</RB><Unmatched><_-RRB->)</_-RRB-></Unmatched><Unmatched><CC>and</CC></Unmatched><NounPhrase><CD>13</CD><NNP>C</NNP><NNP>NMR</NNP><CITATION><_-LRB->(</_-LRB-><CD>100</CD><NNP>MHz</NNP><_-RRB->)</_-RRB-></CITATION><NN>spectra</NN></NounPhrase><VerbPhrase><VBD>were</VBD><VBN>measured</VBN><PrepPhrase><IN-IN>in</IN-IN><MOLECULE><OSCARCM><OSCAR-CM>DMSO</OSCAR-CM></OSCARCM></MOLECULE></PrepPhrase><TempPhrase><IN>at</IN><NN-TEMP>room</NN-TEMP><NN-TEMP>temperature</NN-TEMP></TempPhrase></VerbPhrase><STOP>.</STOP></Sentence></Document>
<?xml version="1.0" encoding="UTF-8"?>
<Document><Sentence><NounPhrase><DT-THE>The</DT-THE><JJ-CHEM>syntheisi</JJ-CHEM><NN>caracterisation</NN><CC>and</CC><JJ>theoretical</JJ><NNS>studies</NNS><PrepPhrase><IN-OF>of</IN-OF><NounPhrase><DT-THE>the</DT-THE><JJ>new</JJ><NNS>ligans</NNS></NounPhrase></PrepPhrase></NounPhrase><VerbPhrase><VBN>based</VBN><PrepPhrase><IN-ON>on</IN-ON><NounPhrase><MOLECULE><OSCARCM><OSCAR-CM>aniline</OSCAR-CM></OSCARCM></MOLECULE></NounPhrase></PrepPhrase></VerbPhrase><VerbPhrase><MD>will</MD><VB>be</VB></VerbPhrase><Unmatched><DT-THE>the</DT-THE></Unmatched><ActionPhrase type="Degass"><VerbPhrase><VB-SUBJECT>subject</VB-SUBJECT><PrepPhrase><IN-OF>of</IN-OF><NounPhrase><DT>a</DT><JJ>future</JJ><NN>publication</NN></NounPhrase></PrepPhrase></VerbPhrase></ActionPhrase><COMMA>,</COMMA><VerbPhrase><VBN>named</VBN><PrepPhrase><IN-BY>by</IN-BY><NounPhrase><PRP_>our</PRP_><NNS>researchers</NNS></NounPhrase></PrepPhrase></VerbPhrase><VerbPhrase><VBP>include</VBP></VerbPhrase><NounPhrase><PRP>I</PRP></NounPhrase><STOP>.</STOP></Sentence><Sentence><NounPhrase><NNP>Lakehal</NNP><COMMA>,</COMMA><MOLECULE><OSCARCM><OSCAR-CM>F</OSCAR-CM></OSCARCM></MOLECULE></NounPhrase><STOP>.</STOP></Sentence><Sentence><NounPhrase><NNP>Abrigach</NNP><COMMA>,</COMMA><MOLECULE><OSCARCM><OSCAR-CM>F</OSCAR-CM></OSCARCM></MOLECULE></NounPhrase><STOP>.</STOP></Sentence><Sentence><NounPhrase><NNP>Halaimia</NNP><COMMA>,</COMMA><MOLECULE><OSCARCM><OSCAR-CM>H</OSCAR-CM></OSCARCM></MOLECULE></NounPhrase><STOP>.</STOP></Sentence><Sentence><NounPhrase><NNP>Nacer</NNP><COMMA>,</COMMA><NNP>B</NNP></NounPhrase><STOP>.</STOP></Sentence><Sentence><NounPhrase><NNP>Hammouti</NNP><COMMA>,</COMMA><NNP>R</NNP></NounPhrase><STOP>.</STOP></Sentence><Sentence><NounPhrase><NNP>Touzani</NNP></NounPhrase><STOP>.</STOP></Sentence></Document>
<?xml version="1.0" encoding="UTF-8"?>
<Document><Sentence><NounPhrase><DT-THE>The</DT-THE><JJ>molecular</JJ><NNS>inhibitors</NNS><MOLECULE><OSCARCM><OSCAR-CM>P1</OSCAR-CM></OSCARCM></MOLECULE><CC>and</CC><MOLECULE><OSCARCM><OSCAR-CM>P2</OSCAR-CM></OSCARCM></MOLECULE></NounPhrase><VerbPhrase><VBD>were</VBD><VBN>minimised</VBN><PrepPhrase><IN-BY>by</IN-BY><NounPhrase><MOLECULE><OSCARCM><OSCAR-CM>MM2</OSCAR-CM></OSCARCM></MOLECULE><PROCEDURE><NN-METHOD>method</NN-METHOD></PROCEDURE></NounPhrase></PrepPhrase></VerbPhrase><STOP>.</STOP></Sentence></Document>
<?xml version="1.0" encoding="UTF-8"?>
<Document><Sentence><NounPhrase><DT-THE>The</DT-THE><MOLECULE><OSCARCM><OSCAR-CM>MM2</OSCAR-CM></OSCARCM></MOLECULE><NN>force</NN><PROCEDURE><NN>field</NN><NN-METHOD>method</NN-METHOD></PROCEDURE></NounPhrase><VerbPhrase><VBZ>is</VBZ><JJ>available</JJ><PrepPhrase><IN-OF>of</IN-OF><NounPhrase><NNP>ChemBio3D</NNP></NounPhrase></PrepPhrase></VerbPhrase><STOP>.</STOP></Sentence><Sentence><NounPhrase><MOLECULE><OSCARCM><OSCAR-CM>MM2</OSCAR-CM></OSCARCM></MOLECULE></NounPhrase><VerbPhrase><VBZ>is</VBZ><RBS>most</RBS><RB>commonly</RB><VBN>used</VBN></VerbPhrase><VerbPhrase><IN-FOR>for</IN-FOR><VBG>calculating</VBG></VerbPhrase><NounPhrase><NNS>properties</NNS><PrepPhrase><IN-OF>of</IN-OF><NounPhrase><JJ-CHEM>organic</JJ-CHEM><NNP>Int</NNP></NounPhrase></PrepPhrase></NounPhrase><STOP>.</STOP></Sentence></Document>
<?xml version="1.0" encoding="UTF-8"?>
<Document><Sentence><NounPhrase><PROCEDURE><NN-IDENTIFIER>J</NN-IDENTIFIER></PROCEDURE><STOP>.</STOP></NounPhrase></Sentence><Sentence><NounPhrase><NNP>Electrochem</NNP></NounPhrase><STOP>.</STOP></Sentence></Document>
<?xml version="1.0" encoding="UTF-8"?>
<Document><Sentence><NounPhrase><NNP>Sci</NNP></NounPhrase><STOP>.</STOP></Sentence><Sentence><Unmatched><COMMA>,</COMMA></Unmatched></Sentence></Document>
<?xml version="1.0" encoding="UTF-8"?>
<Document/>
<?xml version="1.0" encoding="UTF-8"?>
<Document><Sentence><NounPhrase><CD>9</CD><COMMA>,</COMMA><CD>2014</CD><CD>5331</CD><JJ>molecular</JJ><NN>models</NN></NounPhrase><STOP>.</STOP></Sentence></Document>
<?xml version="1.0" encoding="UTF-8"?>
<Document><Sentence><NounPhrase><DT-THE>The</DT-THE><MOLECULE><OSCARCM><OSCAR-CM>MM2</OSCAR-CM></OSCARCM></MOLECULE><PROCEDURE><NN-METHOD>procedures</NN-METHOD></PROCEDURE></NounPhrase><VerbPhrase><VBN>described</VBN><VBP>assume</VBP><PrepPhrase><IN>that</IN><NounPhrase><PRP>you</PRP></NounPhrase></PrepPhrase></VerbPhrase><ActionPhrase type="Degass"><VerbPhrase><VB-DEGASS>understand</VB-DEGASS></VerbPhrase><NounPhrase><WRB>how</WRB></NounPhrase><NounPhrase><DT-THE>the</DT-THE><JJ>potential</JJ><JJ-CHEM>energy</JJ-CHEM><NN>surface</NN></NounPhrase></ActionPhrase><VerbPhrase><VBZ>relates</VBZ><PrepPhrase><TO>to</TO><NounPhrase><NNS>conformations</NNS><PrepPhrase><IN-OF>of</IN-OF><NounPhrase><PRP_>your</PRP_><NN>model</NN></NounPhrase></PrepPhrase></NounPhrase></PrepPhrase></VerbPhrase><STOP>.</STOP></Sentence></Document>
<?xml version="1.0" encoding="UTF-8"?>
<Document><Sentence><PrepPhrase><IN-IN>In</IN-IN><NounPhrase><NNP>ChemBio3D</NNP><CD>12.0</CD></NounPhrase></PrepPhrase><COMMA>,</COMMA><NounPhrase><DT-THE>the</DT-THE><MOLECULE><OSCARCM><OSCAR-CM>MM2</OSCAR-CM></OSCARCM></MOLECULE><NN>atom</NN><NN>type</NN></NounPhrase><VerbPhrase><VBZ>is</VBZ><VBN>used</VBN><PrepPhrase><IN-FOR>for</IN-FOR><NounPhrase><NN>force</NN><NN>field</NN><NNS>calculations</NNS></NounPhrase></PrepPhrase></VerbPhrase><CC>and</CC><VerbPhrase><VBD>used</VBD><RB>only</RB><PrepPhrase><IN-IN>in</IN-IN><NounPhrase><NN>building</NN><NNS>models</NNS></NounPhrase></PrepPhrase></VerbPhrase><VerbPhrase><VBD>were</VBD></VerbPhrase><NounPhrase><NNS>shows</NNS></NounPhrase><PrepPhrase><IN-IN>in</IN-IN><NounPhrase><NNP>Fig</NNP><CD>1</CD></NounPhrase></PrepPhrase><STOP>.</STOP></Sentence></Document>
<?xml version="1.0" encoding="UTF-8"?>
<Document><Sentence><NounPhrase><CaptionLabel><NNP-LABEL>Table</NNP-LABEL><CD>1</CD></CaptionLabel></NounPhrase><VerbPhrase><VBZ>brings</VBZ><RB>together</RB></VerbPhrase><NounPhrase><DT-THE>the</DT-THE><JJ>different</JJ><NNS>parameters</NNS></NounPhrase><VerbPhrase><TO>to</TO><VB>calculate</VB><PrepPhrase><IN-FROM>from</IN-FROM><NounPhrase><DT-THE>the</DT-THE><MOLECULE><OSCARCM><OSCAR-CM>MM2</OSCAR-CM></OSCARCM></MOLECULE><PROCEDURE><NN-METHOD>method</NN-METHOD></PROCEDURE></NounPhrase></PrepPhrase></VerbPhrase><COMMA>,</COMMA><Unmatched><JJ>such</JJ></Unmatched><Unmatched><IN-AS>as</IN-AS></Unmatched><STOP>.</STOP></Sentence></Document>
<?xml version="1.0" encoding="UTF-8"?>
<Document><Sentence><NounPhrase><NNP>Stretch</NNP><COMMA>,</COMMA><NNP>Bend</NNP><COMMA>,</COMMA><NNP>Stretch-Bend</NNP><COMMA>,</COMMA><NNP>Torsion</NNP></NounPhrase><COMMA>,</COMMA><NounPhrase><DT>Non-1,4</DT><MOLECULE><OSCARCM><OSCAR-CM>VDW</OSCAR-CM></OSCARCM></MOLECULE><COMMA>,</COMMA><CD>1,4</CD><NNP>VDW</NNP><NNP>Dipole/Dipole</NNP><CC>and</CC><NNP>Total</NNP><NNP>Energy</NNP></NounPhrase><STOP>.</STOP></Sentence></Document>
<?xml version="1.0" encoding="UTF-8"?>
<Document><Sentence><NounPhrase><CaptionLabel><NNP-LABEL>Table</NNP-LABEL><CD>1</CD></CaptionLabel></NounPhrase><STOP>.</STOP></Sentence></Document>
<?xml version="1.0" encoding="UTF-8"?>
<Document><Sentence><NounPhrase><NNP>Parameters</NNP><NNP>Minimize</NNP><NNP>Energy</NNP><NNP>Computation</NNP><PrepPhrase><IN-OF>of</IN-OF><NounPhrase><MOLECULE><OSCARCM><OSCAR-CM>P1</OSCAR-CM></OSCARCM></MOLECULE><CC>and</CC><NNP>P2</NNP><NNP>P1</NNP><NNP>P2</NNP><NNP>Stretch</NNP><CD>0.9507</CD><CD>0.7603</CD><NNP>Bend</NNP><CD>6.9915</CD><CD>4.9802</CD><NNP>Stretch-</NNP><CC>Bend</CC><CD>0.2059</CD><CD>0.1652</CD><NNP>Torsion</NNP><CD>-13.3213</CD><CD>-13.3060</CD></NounPhrase></PrepPhrase></NounPhrase><Unmatched><UH>Non-1,4</UH></Unmatched><NounPhrase><NNP>VDW</NNP><CD>0.7102</CD><CD>0.7996</CD><CD>1,4</CD><MOLECULE><OSCARCM><OSCAR-CM>VDW</OSCAR-CM></OSCARCM><REFERENCETOCOMPOUND><CD>13.5538</CD></REFERENCETOCOMPOUND></MOLECULE><CD>11.8797</CD><NNP>Dipole/Dipole</NNP><CD>0.0139</CD><CD>0.3507</CD><JJ>Total</JJ><NNP>Energy</NNP><MIXTURE><_-LRB->(</_-LRB-><NN-AMOUNT>kcal/mol</NN-AMOUNT><_-RRB->)</_-RRB-></MIXTURE><CD>9.1047</CD><CD>5.9250</CD><CD>2.2</CD></NounPhrase><STOP>.</STOP></Sentence></Document>
<?xml version="1.0" encoding="UTF-8"?>
<Document><Sentence><ActionPhrase type="Synthesize"><NounPhrase><NN-CHEMENTITY>Material</NN-CHEMENTITY><NN-SYNTHESIZE>preparation</NN-SYNTHESIZE><NNP>Corrosion</NNP><NNS>tests</NNS></NounPhrase></ActionPhrase><VerbPhrase><VBP>have</VBP><VBN>been</VBN><VBN>carried</VBN><RP>out</RP><PrepPhrase><IN-ON>on</IN-ON><NounPhrase><NNS>electrodes</NNS></NounPhrase></PrepPhrase></VerbPhrase><VerbPhrase><VBN>cut</VBN><PrepPhrase><IN-FROM>from</IN-FROM><NounPhrase><NNS>sheets</NNS><PrepPhrase><IN-OF>of</IN-OF><NounPhrase><JJ>mild</JJ><NN>steel</NN></NounPhrase></PrepPhrase></NounPhrase></PrepPhrase></VerbPhrase><STOP>.</STOP></Sentence></Document>
<?xml version="1.0" encoding="UTF-8"?>
<Document><Sentence><NounPhrase><DT-THE>The</DT-THE><NNS>experiments</NNS></NounPhrase><VerbPhrase><VBD>were</VBD><VBN>performed</VBN><PrepPhrase><IN-WITH>with</IN-WITH><NounPhrase><JJ>mild</JJ><NN>steel</NN></NounPhrase></PrepPhrase><PrepPhrase><IN-WITH>with</IN-WITH><NounPhrase><DT-THE>the</DT-THE><JJ>following</JJ><NN>composition</NN><CaptionLabel><NNP-LABEL>table</NNP-LABEL><CD>2</CD></CaptionLabel></NounPhrase></PrepPhrase></VerbPhrase><STOP>.</STOP></Sentence></Document>
<?xml version="1.0" encoding="UTF-8"?>
<Document><Sentence><NounPhrase><NNS>Samples</NNS></NounPhrase><VerbPhrase><VBD>were</VBD><VBN>polished</VBN><PrepPhrase><IN-WITH>with</IN-WITH><NounPhrase><NN>emery</NN><NN>paper</NN></NounPhrase></PrepPhrase><PrepPhrase><RP>up</RP><TO>to</TO><NounPhrase><CD>1200</CD><NN>grade</NN></NounPhrase></PrepPhrase></VerbPhrase><COMMA>,</COMMA><CC>and</CC><RB-CONJ>then</RB-CONJ><ActionPhrase type="Wash"><VerbPhrase><VB-WASH>washed</VB-WASH><PrepPhrase><IN-WITH>with</IN-WITH><NounPhrase><JJ-CHEM>double-distilled</JJ-CHEM><MOLECULE role="Solvent"><OSCARCM><OSCAR-CM>water</OSCAR-CM></OSCARCM></MOLECULE></NounPhrase></PrepPhrase></VerbPhrase></ActionPhrase><COMMA>,</COMMA><CC>and</CC><VerbPhrase><VBD>degreased</VBD><PrepPhrase><IN-WITH>with</IN-WITH><NounPhrase><MOLECULE><OSCARCM><OSCAR-CM>ethanol</OSCAR-CM></OSCARCM></MOLECULE></NounPhrase></PrepPhrase></VerbPhrase><CC>and</CC><ActionPhrase type="Dry"><VerbPhrase><VB-DRY>dried</VB-DRY><TempPhrase><IN>at</IN><NN-TEMP>room</NN-TEMP><NN-TEMP>temperature</NN-TEMP></TempPhrase><PrepPhrase><IN-BEFORE>before</IN-BEFORE><NounPhrase><NN>use</NN></NounPhrase></PrepPhrase></VerbPhrase></ActionPhrase><STOP>.</STOP></Sentence></Document>
<?xml version="1.0" encoding="UTF-8"?>
<Document><Sentence><ActionPhrase type="Synthesize"><NounPhrase><DT-THE>The</DT-THE><NN-CHEMENTITY>solutions</NN-CHEMENTITY><MIXTURE><_-LRB->(</_-LRB-><MOLECULE><QUANTITY><MOLAR><CD>1</CD><NN-MOLAR>M</NN-MOLAR></MOLAR></QUANTITY><OSCARCM><OSCAR-CM>HCl</OSCAR-CM></OSCARCM></MOLECULE><_-RRB->)</_-RRB-></MIXTURE></NounPhrase><VerbPhrase><VBD>were</VBD><VB-SYNTHESIZE>prepared</VB-SYNTHESIZE><PrepPhrase><IN-BY>by</IN-BY><NounPhrase><NN>dilution</NN><PrepPhrase><IN-OF>of</IN-OF><NounPhrase><DT>an</DT><JJ>analytical</JJ><NN-CHEMENTITY>reagent</NN-CHEMENTITY><NN>grade</NN><MOLECULE><QUANTITY><PERCENT><CD>37</CD><NN-PERCENT>%</NN-PERCENT></PERCENT></QUANTITY><OSCARCM><OSCAR-CM>HCl</OSCAR-CM></OSCARCM></MOLECULE></NounPhrase></PrepPhrase></NounPhrase></PrepPhrase><PrepPhrase><IN-WITH>with</IN-WITH><NounPhrase><RB>doubly</RB><JJ-CHEM>distilled</JJ-CHEM><MOLECULE><OSCARCM><OSCAR-CM>water</OSCAR-CM></OSCARCM></MOLECULE></NounPhrase></PrepPhrase></VerbPhrase></ActionPhrase><STOP>.</STOP></Sentence></Document>
<?xml version="1.0" encoding="UTF-8"?>
<Document><Sentence><NounPhrase><CaptionLabel><NNP-LABEL>Table</NNP-LABEL><CD>2</CD></CaptionLabel></NounPhrase><STOP>.</STOP></Sentence></Document>
<?xml version="1.0" encoding="UTF-8"?>
<Document><Sentence><NounPhrase><NNP>Chemical</NNP><NN>composition</NN><PrepPhrase><IN-OF>of</IN-OF><NounPhrase><JJ>mild</JJ><NN>steel</NN></NounPhrase></PrepPhrase></NounPhrase><STOP>.</STOP></Sentence></Document>
<?xml version="1.0" encoding="UTF-8"?>
<Document><Sentence><NounPhrase><NNS>Elements</NNS><NNP>Fe</NNP><NNP>P</NNP><NNP>Si</NNP><FW>Al</FW><NNP>Mn</NNP><NNP>C</NNP><NNP>S</NNP></NounPhrase><Unmatched><NN-PERCENT>%</NN-PERCENT></Unmatched><PrepPhrase><IN>en</IN><NounPhrase><NN>masse</NN><CD>99.21</CD><CD>0.09</CD><CD>0.38</CD><CD>0.01</CD><CD>0.05</CD><CD>0.21</CD><CD>0.05</CD><CD>2.3</CD></NounPhrase></PrepPhrase><STOP>.</STOP></Sentence></Document>
<?xml version="1.0" encoding="UTF-8"?>
<Document><Sentence><NounPhrase><NNP>Gravimetric</NNP><NNS>measurements</NNS></NounPhrase><PrepPhrase><IN-FOR>For</IN-FOR><NounPhrase><NN>weight</NN><NN>loss</NN><NNS>measurements</NNS></NounPhrase></PrepPhrase><COMMA>,</COMMA><NounPhrase><DT>each</DT><NN>run</NN></NounPhrase><VerbPhrase><VBD>was</VBD><VBN>carried</VBN><RP>out</RP><PrepPhrase><IN-IN>in</IN-IN><NounPhrase><DT>a</DT><JJ>double</JJ><JJ>walled</JJ><NN-STATE>glass</NN-STATE><NN>cell</NN></NounPhrase></PrepPhrase></VerbPhrase><ActionPhrase type="ApparatusAction"><VerbPhrase><VB-APPARATUS>equipped</VB-APPARATUS><PrepPhrase><IN-WITH>with</IN-WITH><NounPhrase><MultipleApparatus><APPARATUS><DT>a</DT><JJ-CHEM>thermostat-cooling</JJ-CHEM><NN-APPARATUS>condenser</NN-APPARATUS></APPARATUS></MultipleApparatus></NounPhrase></PrepPhrase></VerbPhrase></ActionPhrase><ActionPhrase type="Add"><VerbPhrase><VB-CONTAIN>containing</VB-CONTAIN></VerbPhrase><NounPhrase><QUANTITY><VOLUME><CD>100</CD><NN-VOL>ml</NN-VOL></VOLUME></QUANTITY><NN>test</NN><NN-CHEMENTITY>solution</NN-CHEMENTITY></NounPhrase></ActionPhrase><STOP>.</STOP></Sentence></Document>
<?xml version="1.0" encoding="UTF-8"?>
<Document><Sentence><NounPhrase><DT-THE>The</DT-THE><NN>steel</NN><NNS>specimens</NNS></NounPhrase><VerbPhrase><VBN>used</VBN><VBD>had</VBD></VerbPhrase><NounPhrase><DT>a</DT><JJ>rectangular</JJ><NN>form</NN></NounPhrase><Unmatched><_-LRB->(</_-LRB-></Unmatched><NounPhrase><CD>1.5</CD><SYM>×</SYM><CD>1</CD></NounPhrase><STOP>.</STOP></Sentence></Document>
<?xml version="1.0" encoding="UTF-8"?>
<Document><Sentence><NounPhrase><CD>5</CD><SYM>×</SYM><CD>0.05</CD><NN>cm</NN></NounPhrase><Unmatched><_-RRB->)</_-RRB-></Unmatched><Unmatched><COMMA>,</COMMA></Unmatched><VerbPhrase><VBD>was</VBD><RB>completely</RB><VB-IMMERSE>immersed</VB-IMMERSE><PrepPhrase><IN>at</IN><NounPhrase><JJ>inclined</JJ><NN>position</NN></NounPhrase></PrepPhrase><PrepPhrase><IN-IN>in</IN-IN><NounPhrase><DT-THE>the</DT-THE><APPARATUS><NN-APPARATUS>vessel</NN-APPARATUS></APPARATUS></NounPhrase></PrepPhrase></VerbPhrase><STOP>.</STOP></Sentence></Document>
<?xml version="1.0" encoding="UTF-8"?>
<Document><Sentence><NounPhrase><DT-THE>The</DT-THE><NN>immersion</NN><NN-TIME>time</NN-TIME></NounPhrase><PrepPhrase><IN-FOR>for</IN-FOR><NounPhrase><DT-THE>the</DT-THE><JJ-CHEM>weight</JJ-CHEM><NN>loss</NN></NounPhrase></PrepPhrase><VerbPhrase><VBD>was</VBD></VerbPhrase><NounPhrase><UNNAMEDMOLECULE><REFERENCETOCOMPOUND><CD-ALPHANUM>6h</CD-ALPHANUM></REFERENCETOCOMPOUND></UNNAMEDMOLECULE></NounPhrase><PrepPhrase><IN>at</IN><NounPhrase><UNNAMEDMOLECULE><REFERENCETOCOMPOUND><CD-ALPHANUM>308K</CD-ALPHANUM></REFERENCETOCOMPOUND></UNNAMEDMOLECULE></NounPhrase></PrepPhrase><STOP>.</STOP></Sentence><Sentence><ActionPhrase type="Wait"><TimePhrase><IN-AFTER>After</IN-AFTER><CD>6</CD><NN-TIME>h</NN-TIME></TimePhrase><PrepPhrase><IN-OF>of</IN-OF><NounPhrase><NN>immersion</NN></NounPhrase></PrepPhrase></ActionPhrase><COMMA>,</COMMA><ActionPhrase type="Remove"><NounPhrase><DT-THE>the</DT-THE><NN>electrode</NN></NounPhrase><VerbPhrase><VBD>was</VBD><VB-REMOVE>withdrawn</VB-REMOVE></VerbPhrase></ActionPhrase><COMMA>,</COMMA><ActionPhrase type="Wash"><VerbPhrase><VB-WASH>rinsed</VB-WASH><PrepPhrase><IN-WITH>with</IN-WITH><NounPhrase><RB>doubly</RB><JJ-CHEM>distilled</JJ-CHEM><MOLECULE role="Solvent"><OSCARCM><OSCAR-CM>water</OSCAR-CM></OSCARCM></MOLECULE></NounPhrase></PrepPhrase></VerbPhrase></ActionPhrase><COMMA>,</COMMA><ActionPhrase type="Wash"><VerbPhrase><VB-WASH>washed</VB-WASH><PrepPhrase><IN-WITH>with</IN-WITH><NounPhrase><MOLECULE role="Solvent"><OSCARCM><OSCAR-CM>ethanol</OSCAR-CM></OSCARCM></MOLECULE></NounPhrase></PrepPhrase></VerbPhrase></ActionPhrase><COMMA>,</COMMA><ActionPhrase type="Dry"><VerbPhrase><VB-DRY>dried</VB-DRY></VerbPhrase></ActionPhrase><CC>and</CC><VerbPhrase><VBN>weighed</VBN></VerbPhrase><STOP>.</STOP></Sentence></Document>
<?xml version="1.0" encoding="UTF-8"?>
<Document><Sentence><NounPhrase><JJ>Duplicate</JJ><NNS>experiments</NNS></NounPhrase><VerbPhrase><VBD>were</VBD><VBN>performed</VBN><PrepPhrase><IN-IN>in</IN-IN><NounPhrase><DT>each</DT><NN>case</NN></NounPhrase></PrepPhrase></VerbPhrase><CC>and</CC><NounPhrase><DT-THE>the</DT-THE><JJ>mean</JJ><NN>value</NN><PrepPhrase><IN-OF>of</IN-OF><NounPhrase><DT-THE>the</DT-THE><JJ-CHEM>weight</JJ-CHEM><NN>loss</NN></NounPhrase></PrepPhrase></NounPhrase><VerbPhrase><VBZ>has</VBZ><VBN>been</VBN><VBN>reported</VBN></VerbPhrase><STOP>.</STOP></Sentence></Document>
<?xml version="1.0" encoding="UTF-8"?>
<Document><Sentence><NounPhrase><DT-THE>The</DT-THE><JJ-CHEM>weight</JJ-CHEM><NN>loss</NN></NounPhrase><VerbPhrase><VBD>was</VBD><VBN>used</VBN></VerbPhrase><VerbPhrase><TO>to</TO><VB>calculate</VB></VerbPhrase><NounPhrase><DT-THE>the</DT-THE><JJ-CHEM>corrosion</JJ-CHEM><NN>rate</NN><UNNAMEDMOLECULE><REFERENCETOCOMPOUND><_-LRB->(</_-LRB-><NN-IDENTIFIER>W</NN-IDENTIFIER><_-RRB->)</_-RRB-></REFERENCETOCOMPOUND></UNNAMEDMOLECULE></NounPhrase><Unmatched><IN-IN>in</IN-IN></Unmatched><Unmatched><NN-MASS>milligrams</NN-MASS></Unmatched><PrepPhrase><IN>per</IN><NounPhrase><NN>square</NN><NN>centimetre</NN></NounPhrase></PrepPhrase><TimePhrase><IN>per</IN><NN-TIME>hour</NN-TIME></TimePhrase><Unmatched><_-LRB->(</_-LRB-></Unmatched><Unmatched><NN-MASS>mg/cm</NN-MASS></Unmatched><NounPhrase><CD>2</CD><NN-TIME>h</NN-TIME></NounPhrase><Unmatched><_-RRB->)</_-RRB-></Unmatched><STOP>.</STOP></Sentence></Document>
<?xml version="1.0" encoding="UTF-8"?>
<Document><Sentence><NounPhrase><NNP>Int</NNP></NounPhrase><STOP>.</STOP></Sentence></Document>
<?xml version="1.0" encoding="UTF-8"?>
<Document><Sentence><NounPhrase><PROCEDURE><NN-IDENTIFIER>J</NN-IDENTIFIER></PROCEDURE><STOP>.</STOP></NounPhrase></Sentence><Sentence><NounPhrase><NNP>Electrochem</NNP></NounPhrase><STOP>.</STOP></Sentence></Document>
<?xml version="1.0" encoding="UTF-8"?>
<Document><Sentence><NounPhrase><NNP>Sci</NNP></NounPhrase><STOP>.</STOP></Sentence><Sentence><Unmatched><COMMA>,</COMMA></Unmatched></Sentence></Document>
<?xml version="1.0" encoding="UTF-8"?>
<Document/>
<?xml version="1.0" encoding="UTF-8"?>
<Document><Sentence><ActionPhrase type="Yield"><NounPhrase><CD>9</CD><COMMA>,</COMMA><CD>2014</CD><CD>5332</CD></NounPhrase><PrepPhrase><IN-FROM>From</IN-FROM><NounPhrase><DT-THE>the</DT-THE><JJ-CHEM>weight</JJ-CHEM><NN>loss</NN></NounPhrase></PrepPhrase><VerbPhrase><VB-YIELD>results</VB-YIELD></VerbPhrase></ActionPhrase><COMMA>,</COMMA><NounPhrase><DT-THE>the</DT-THE><JJ-CHEM>corrosion</JJ-CHEM><NN>rate</NN><MIXTURE><_-LRB->(</_-LRB-><VBD>CR</VBD><_-RRB->)</_-RRB-></MIXTURE></NounPhrase><COMMA>,</COMMA><NounPhrase><DT-THE>the</DT-THE><JJ-CHEM>inhibition</JJ-CHEM><NN>efficiency</NN><MIXTURE><_-LRB->(</_-LRB-><NNP>WL(</NNP><NN-PERCENT>%</NN-PERCENT><_-RRB->)</_-RRB-></MIXTURE></NounPhrase><Unmatched><_-RRB->)</_-RRB-></Unmatched><PrepPhrase><IN-OF>of</IN-OF><NounPhrase><DT-THE>the</DT-THE><NN>inhibitor</NN><CC>and</CC><NN>degree</NN><PrepPhrase><IN-OF>of</IN-OF><NounPhrase><NN>surface</NN><NN>coverage</NN><UNNAMEDMOLECULE><REFERENCETOCOMPOUND><_-LRB->(</_-LRB-><NN-IDENTIFIER>θ</NN-IDENTIFIER><_-RRB->)</_-RRB-></REFERENCETOCOMPOUND></UNNAMEDMOLECULE></NounPhrase></PrepPhrase></NounPhrase></PrepPhrase><VerbPhrase><VBD>were</VBD><VBN>calculated</VBN><VB-USE>using</VB-USE></VerbPhrase><NounPhrase><NNS>equations</NNS><CD>4</CD><COMMA>,</COMMA><CD>5</CD><CC>and</CC><CD>6</CD></NounPhrase><STOP>;</STOP></Sentence><Sentence><PrepPhrase><IN>At</IN><NounPhrase><NNP>WW</NNP><NNP>C</NNP><MOLECULE><JJ>ab</JJ><OSCARCM><OSCAR-CM>R</OSCAR-CM></OSCARCM></MOLECULE><NN></NN><NN></NN><UNNAMEDMOLECULE><REFERENCETOCOMPOUND><_-LRB->(</_-LRB-><CD>1</CD><_-RRB->)</_-RRB-></REFERENCETOCOMPOUND><QUANTITY><PERCENT><CD>1001(</CD><NN-PERCENT>%</NN-PERCENT></PERCENT></QUANTITY></UNNAMEDMOLECULE></NounPhrase></PrepPhrase><Unmatched><_-RRB->)</_-RRB-></Unmatched><NounPhrase><CD>0</CD></NounPhrase><PrepPhrase><IN>i</IN><NounPhrase><NNP>WL</NNP><NNP></NNP><NNP></NNP><NNP></NNP><NNP></NNP><NNP></NNP><NNP></NNP><NNP></NNP><NNP></NNP><NNP></NNP><NNP></NNP></NounPhrase></PrepPhrase><VerbPhrase><VBD>w</VBD><JJ>w</JJ></VerbPhrase><NounPhrase><NN></NN><UNNAMEDMOLECULE><REFERENCETOCOMPOUND><_-LRB->(</_-LRB-><CD>2</CD><_-RRB->)</_-RRB-></REFERENCETOCOMPOUND></UNNAMEDMOLECULE><CD>0</CD><CD>1</CD></NounPhrase><PrepPhrase><IN>i</IN><NounPhrase><WRB>w</WRB><JJ>w</JJ><JJ-CHEM></JJ-CHEM><NN></NN><NN></NN><UNNAMEDMOLECULE><REFERENCETOCOMPOUND><_-LRB->(</_-LRB-><CD>3</CD><_-RRB->)</_-RRB-></REFERENCETOCOMPOUND></UNNAMEDMOLECULE><WRB>where</WRB><MOLECULE><OSCARCM><OSCAR-CM>Wb</OSCAR-CM></OSCARCM></MOLECULE><CC>and</CC><MOLECULE><OSCARCM><OSCAR-CM>Wa</OSCAR-CM></OSCARCM></MOLECULE></NounPhrase></PrepPhrase><VerbPhrase><VBP>are</VBP></VerbPhrase><NounPhrase><DT-THE>the</DT-THE><JJ-CHEM>specimen</JJ-CHEM><NN>weight</NN></NounPhrase><Unmatched><IN-BEFORE>before</IN-BEFORE></Unmatched><Unmatched><CC>and</CC></Unmatched><PrepPhrase><IN-AFTER>after</IN-AFTER><NounPhrase><NN>immersion</NN></NounPhrase></PrepPhrase><PrepPhrase><IN-IN>in</IN-IN><NounPhrase><DT-THE>the</DT-THE><JJ>tested</JJ><NN-CHEMENTITY>solution</NN-CHEMENTITY><COMMA>,</COMMA><NN>w0</NN><CC>and</CC><NN>wi</NN></NounPhrase></PrepPhrase><VerbPhrase><VBP>are</VBP></VerbPhrase><NounPhrase><DT-THE>the</DT-THE><NNS>values</NNS><PrepPhrase><IN-OF>of</IN-OF><NounPhrase><NN>corrosion</NN><NN>weight</NN><NNS>losses</NNS><PrepPhrase><IN-OF>of</IN-OF><NounPhrase><MOLECULE><OSCARCM><OSCAR-CM>carbon</OSCAR-CM></OSCARCM></MOLECULE><NN>steel</NN></NounPhrase></PrepPhrase></NounPhrase></PrepPhrase></NounPhrase><Unmatched><IN-IN>in</IN-IN></Unmatched><Unmatched><JJ>uninhibited</JJ></Unmatched><Unmatched><CC>and</CC></Unmatched><NounPhrase><JJ>inhibited</JJ><NN-CHEMENTITY>solutions</NN-CHEMENTITY></NounPhrase><COMMA>,</COMMA><Unmatched><RB>respectively</RB></Unmatched><Unmatched><COMMA>,</COMMA></Unmatched><Unmatched><DT>A</DT></Unmatched><NounPhrase><DT-THE>the</DT-THE><JJ>total</JJ><NN>area</NN><PrepPhrase><IN-OF>of</IN-OF><NounPhrase><DT-THE>the</DT-THE><MOLECULE><OSCARCM><OSCAR-CM>carbon</OSCAR-CM></OSCARCM></MOLECULE><NN>steel</NN><NNS>specimen</NNS><MIXTURE><_-LRB->(</_-LRB-><NN>cm</NN><CD>2</CD><_-RRB->)</_-RRB-></MIXTURE><CC>and</CC><NN>t</NN></NounPhrase></PrepPhrase></NounPhrase><VerbPhrase><VBZ>is</VBZ></VerbPhrase><NounPhrase><DT-THE>the</DT-THE><NN>exposure</NN><NN-TIME>time</NN-TIME><MIXTURE><_-LRB->(</_-LRB-><NN-TIME>h</NN-TIME><_-RRB->)</_-RRB-></MIXTURE><CC>and</CC><NNP>θ</NNP></NounPhrase><VerbPhrase><VBZ>is</VBZ></VerbPhrase><NounPhrase><DT-THE>the</DT-THE><NN>degree</NN><PrepPhrase><IN-OF>of</IN-OF><NounPhrase><NN>surface</NN><NN>coverage</NN><PrepPhrase><IN-OF>of</IN-OF><NounPhrase><DT-THE>the</DT-THE><NN>inhibitor</NN></NounPhrase></PrepPhrase></NounPhrase></PrepPhrase></NounPhrase><STOP>.</STOP></Sentence></Document>
<?xml version="1.0" encoding="UTF-8"?>
<Document><Sentence><NounPhrase><PROCEDURE><CD>2.4</CD></PROCEDURE><STOP>.</STOP></NounPhrase></Sentence></Document>
<?xml version="1.0" encoding="UTF-8"?>
<Document><Sentence><NounPhrase><JJ>Electrochemical</JJ><NN>measurements</NN></NounPhrase><STOP>.</STOP></Sentence></Document>
<?xml version="1.0" encoding="UTF-8"?>
<Document><Sentence><NounPhrase><JJ>Electrochemical</JJ><NNS>measurements</NNS></NounPhrase><VerbPhrase><VBD>were</VBD><VBN>conducted</VBN><PrepPhrase><IN-IN>in</IN-IN><NounPhrase><DT>a</DT><JJ>conventional</JJ><CD>three-electrode</CD></NounPhrase></PrepPhrase></VerbPhrase><NounPhrase><DT>thermostated</DT><NN>cell</NN></NounPhrase><STOP>.</STOP></Sentence></Document>
<?xml version="1.0" encoding="UTF-8"?>
<Document><Sentence><NounPhrase><DT>A</DT><MOLECULE><OSCARCM><OSCAR-CM>platinum</OSCAR-CM></OSCARCM></MOLECULE><NN>disc</NN></NounPhrase><VerbPhrase><VBD>was</VBD><VBN>used</VBN><PrepPhrase><IN-AS>as</IN-AS><NounPhrase><NN>counter</NN><NN>electrode</NN></NounPhrase></PrepPhrase></VerbPhrase><CC>and</CC><NounPhrase><DT>a</DT><JJ-CHEM>saturated</JJ-CHEM><JJ-CHEM>calomel</JJ-CHEM><NN>electrode</NN><MIXTURE><_-LRB->(</_-LRB-><NNP>SCE</NNP><_-RRB->)</_-RRB-></MIXTURE></NounPhrase><PrepPhrase><IN-AS>as</IN-AS><NounPhrase><NN>reference</NN><NN>electrode</NN></NounPhrase></PrepPhrase><STOP>.</STOP></Sentence></Document>
<?xml version="1.0" encoding="UTF-8"?>
<Document><Sentence><NounPhrase><DT-THE>The</DT-THE><JJ>working</JJ><NN>electrode</NN></NounPhrase><VerbPhrase><VBD>was</VBD></VerbPhrase><NounPhrase><DT>an</DT><JJ>ordinary</JJ><JJ-CHEM>steel</JJ-CHEM><NN>disc</NN></NounPhrase><STOP>.</STOP></Sentence></Document>
<?xml version="1.0" encoding="UTF-8"?>
<Document><Sentence><NounPhrase><DT-THE>The</DT-THE><NNS>specimens</NNS></NounPhrase><VerbPhrase><VBD>were</VBD><VBN>machined</VBN><PrepPhrase><IN-INTO>into</IN-INTO><NounPhrase><NNS>cylinders</NNS></NounPhrase></PrepPhrase></VerbPhrase><CC>and</CC><VerbPhrase><VBD>mounted</VBD><PrepPhrase><IN-IN>in</IN-IN><MOLECULE><OSCARCM><OSCAR-CM>polytetrafluoroethylene</OSCAR-CM></OSCARCM><MIXTURE><_-LRB->(</_-LRB-><OSCARCM><OSCAR-CM>PTFE</OSCAR-CM></OSCARCM><_-RRB->)</_-RRB-></MIXTURE></MOLECULE></PrepPhrase></VerbPhrase><NounPhrase><NNS>moulds</NNS></NounPhrase><STOP>.</STOP></Sentence></Document>
<?xml version="1.0" encoding="UTF-8"?>
<Document><Sentence><NounPhrase><DT-THE>The</DT-THE><NN>area</NN></NounPhrase><PrepPhrase><IN-IN>in</IN-IN><NounPhrase><NN>contact</NN></NounPhrase></PrepPhrase><PrepPhrase><IN-WITH>with</IN-WITH><NounPhrase><DT-THE>the</DT-THE><JJ>corrosive</JJ><NN-CHEMENTITY>solution</NN-CHEMENTITY></NounPhrase></PrepPhrase><VerbPhrase><VBD>was</VBD></VerbPhrase><NounPhrase><CD>1</CD><NN>cm</NN><CD>2</CD></NounPhrase><STOP>.</STOP></Sentence></Document>
<?xml version="1.0" encoding="UTF-8"?>
<Document><Sentence><ActionPhrase type="Wait"><NounPhrase><DT-THE>The</DT-THE><JJ>working</JJ><NN>electrode</NN></NounPhrase><VerbPhrase><VBD>was</VBD><VB-IMMERSE>immersed</VB-IMMERSE><PrepPhrase><IN-IN>in</IN-IN><NounPhrase><DT-THE>the</DT-THE><JJ-CHEM>test</JJ-CHEM><NN-CHEMENTITY>solution</NN-CHEMENTITY></NounPhrase></PrepPhrase><TimePhrase><IN>during</IN><CD>1</CD><NN-TIME>h</NN-TIME></TimePhrase><PrepPhrase><IN>until</IN><NounPhrase><DT>a</DT><JJ-CHEM>steady-state</JJ-CHEM><JJ>open</JJ><JJ-CHEM>circuit</JJ-CHEM><NN>potential</NN><MIXTURE><_-LRB->(</_-LRB-><MOLECULE><OSCARCM><OSCAR-CM>Eocp</OSCAR-CM></OSCARCM></MOLECULE><_-RRB->)</_-RRB-></MIXTURE></NounPhrase></PrepPhrase></VerbPhrase></ActionPhrase><ActionPhrase type="Yield"><VerbPhrase><VBD>was</VBD><VB-YIELD>obtained</VB-YIELD></VerbPhrase></ActionPhrase><STOP>.</STOP></Sentence></Document>
<?xml version="1.0" encoding="UTF-8"?>
<Document><Sentence><NounPhrase><DT-THE>The</DT-THE><NN>cell</NN></NounPhrase><VerbPhrase><VBD>was</VBD></VerbPhrase><Unmatched><DT>thermostated</DT></Unmatched><PrepPhrase><IN>at</IN><NounPhrase><UNNAMEDMOLECULE><REFERENCETOCOMPOUND><CD-ALPHANUM>308K</CD-ALPHANUM></REFERENCETOCOMPOUND></UNNAMEDMOLECULE></NounPhrase></PrepPhrase><STOP>.</STOP></Sentence><Sentence><NounPhrase><DT-THE>The</DT-THE><NN>polaristaion</NN></NounPhrase><VerbPhrase><VBZ>curves</VBZ><VBN>realised</VBN><PrepPhrase><IN-WITH>with</IN-WITH><NounPhrase><JJ>scan</JJ><NN>rate</NN><PrepPhrase><IN-OF>of</IN-OF><NounPhrase><MOLECULE><OSCARCM><OSCAR-CM>1mV/min</OSCAR-CM></OSCARCM></MOLECULE></NounPhrase></PrepPhrase></NounPhrase></PrepPhrase></VerbPhrase><STOP>.</STOP></Sentence></Document>
<?xml version="1.0" encoding="UTF-8"?>
<Document><Sentence><VerbPhrase><IN-BEFORE>Before</IN-BEFORE><VBG>recording</VBG></VerbPhrase><NounPhrase><DT-THE>the</DT-THE><JJ>cathodic</JJ><JJ>potentiokinetic</JJ><NNS>curves</NNS></NounPhrase><PrepPhrase><IN>up</IN><NounPhrase><DT-THE>the</DT-THE><JJ-CHEM>corrosion</JJ-CHEM><NN>potential</NN></NounPhrase></PrepPhrase><COMMA>,</COMMA><NounPhrase><DT-THE>the</DT-THE><MOLECULE><OSCARCM><OSCAR-CM>iron</OSCAR-CM></OSCARCM></MOLECULE><NN>electrode</NN></NounPhrase><VerbPhrase><VBD>was</VBD><VBN>polarised</VBN><PrepPhrase><IN>at</IN><NounPhrase><CD>800</CD><NNP>mV/SCE</NNP></NounPhrase></PrepPhrase><PrepPhrase><IN-FOR>for</IN-FOR><NounPhrase><CD>10min</CD></NounPhrase></PrepPhrase></VerbPhrase><STOP>.</STOP></Sentence></Document>
<?xml version="1.0" encoding="UTF-8"?>
<Document><Sentence><ActionPhrase type="Wait"><Unmatched><RB>However</RB></Unmatched><Unmatched><COMMA>,</COMMA></Unmatched><PrepPhrase><IN-FOR>for</IN-FOR><NounPhrase><DT>anodic</DT><NN>polarisation</NN><NNS>curves</NNS></NounPhrase></PrepPhrase><COMMA>,</COMMA><NounPhrase><DT-THE>the</DT-THE><NN>potential</NN><PrepPhrase><IN-OF>of</IN-OF><NounPhrase><DT-THE>the</DT-THE><JJ>working</JJ><NN>electrode</NN></NounPhrase></PrepPhrase></NounPhrase><VerbPhrase><VBD>was</VBD><VBN>swept</VBN><PrepPhrase><IN-FROM>from</IN-FROM><NounPhrase><PRP_>its</PRP_><JJ>open</JJ><JJ-CHEM>circuit</JJ-CHEM><JJ>potential</JJ><NN>value</NN></NounPhrase></PrepPhrase><TimePhrase><IN-AFTER>after</IN-AFTER><CD>30</CD><NN-TIME>min</NN-TIME></TimePhrase><PrepPhrase><IN>at</IN><NounPhrase><NN>rest</NN></NounPhrase></PrepPhrase></VerbPhrase></ActionPhrase><STOP>.</STOP></Sentence></Document>
<?xml version="1.0" encoding="UTF-8"?>
<Document><Sentence><PrepPhrase><IN-AFTER>After</IN-AFTER><NounPhrase><DT>this</DT><NN>scan</NN></NounPhrase></PrepPhrase><COMMA>,</COMMA><NounPhrase><DT-THE>the</DT-THE><JJ>anodic</JJ><JJ-CHEM>polarization</JJ-CHEM><NN>curve</NN></NounPhrase><VerbPhrase><VBD>was</VBD><VBN>recorded</VBN><PrepPhrase><IN-BY>by</IN-BY><NounPhrase><NN>polarization</NN></NounPhrase></PrepPhrase><PrepPhrase><IN-FROM>from</IN-FROM><NounPhrase><DT-THE>the</DT-THE><MOLECULE><OSCARCM><OSCAR-CM>Eocp</OSCAR-CM></OSCARCM></MOLECULE></NounPhrase></PrepPhrase><PrepPhrase><TO>to</TO><NounPhrase><JJ>positive</JJ><NN>direction</NN></NounPhrase></PrepPhrase></VerbPhrase><STOP>.</STOP></Sentence></Document>
<?xml version="1.0" encoding="UTF-8"?>
<Document><Sentence><PrepPhrase><IN-FOR>For</IN-FOR><NounPhrase><JJ>electrochemical</JJ><JJ-CHEM>impedance</JJ-CHEM><NN>spectroscopy</NN><MIXTURE><_-LRB->(</_-LRB-><NNP>EIS</NNP><_-RRB->)</_-RRB-></MIXTURE><NNS>measurements</NNS></NounPhrase></PrepPhrase><CC>and</CC><PrepPhrase><IN-AFTER>after</IN-AFTER><NounPhrase><DT-THE>the</DT-THE><NN>determination</NN></NounPhrase></PrepPhrase><Unmatched><IN-OF>of</IN-OF></Unmatched><PrepPhrase><JJ-CHEM>steady-state</JJ-CHEM><JJ>current</JJ><IN>at</IN><NounPhrase><DT>a</DT><JJ>given</JJ><NN>potential</NN><COMMA>,</COMMA><MOLECULE><OSCARCM><OSCAR-CM>sine</OSCAR-CM></OSCARCM></MOLECULE><NN>wave</NN><NN>voltage</NN><CITATION><_-LRB->(</_-LRB-><CD>10</CD><NNP>mV</NNP><_-RRB->)</_-RRB-></CITATION><NN>peak</NN></NounPhrase></PrepPhrase><VerbPhrase><TO>to</TO><VB>peak</VB><COMMA>,</COMMA><PrepPhrase><IN>at</IN><NounPhrase><NNS>frequencies</NNS></NounPhrase></PrepPhrase><PrepPhrase><IN>between</IN><NounPhrase><CD>100</CD><NNP>kHz</NNP><CC>and</CC><CD>10</CD><NNS>MHz</NNS></NounPhrase></PrepPhrase></VerbPhrase><VerbPhrase><VBD>were</VBD><VBN>superimposed</VBN><PrepPhrase><IN-ON>on</IN-ON><NounPhrase><DT-THE>the</DT-THE><JJ-CHEM>rest</JJ-CHEM><NN>potential</NN></NounPhrase></PrepPhrase></VerbPhrase><STOP>.</STOP></Sentence></Document>
<?xml version="1.0" encoding="UTF-8"?>
<Document><Sentence><NounPhrase><NN>Computer</NN><NNS>programs</NNS></NounPhrase><VerbPhrase><RB>automatically</RB><VBN>controlled</VBN></VerbPhrase><NounPhrase><DT-THE>the</DT-THE><NNS>measurements</NNS></NounPhrase><ActionPhrase type="Wait"><VerbPhrase><VBN>performed</VBN><PrepPhrase><IN>at</IN><NounPhrase><NN>rest</NN><NNS>potentials</NNS></NounPhrase></PrepPhrase><TimePhrase><IN-AFTER>after</IN-AFTER><CD>30</CD><NN-TIME>min</NN-TIME></TimePhrase><PrepPhrase><IN-OF>of</IN-OF><NounPhrase><NN>exposure</NN></NounPhrase></PrepPhrase></VerbPhrase></ActionPhrase><STOP>.</STOP></Sentence></Document>
<?xml version="1.0" encoding="UTF-8"?>
<Document><Sentence><NounPhrase><DT-THE>The</DT-THE><NN>impedance</NN><NNP-LABEL>diagrams</NNP-LABEL></NounPhrase><VerbPhrase><VBP>are</VBP><VBN>given</VBN><PrepPhrase><IN-IN>in</IN-IN><NounPhrase><DT-THE>the</DT-THE><NNP>Nyquist</NNP><NN>representation</NN></NounPhrase></PrepPhrase></VerbPhrase><STOP>.</STOP></Sentence></Document>
<?xml version="1.0" encoding="UTF-8"?>
<Document><Sentence><NounPhrase><DT-THE>The</DT-THE><JJ>potentiodynamic</JJ><NNS>measurements</NNS></NounPhrase><VerbPhrase><VBD>were</VBD><VBN>carried</VBN><RP>out</RP><VB-USE>using</VB-USE></VerbPhrase><NounPhrase><DT>a</DT><NNP>Potentiostat</NNP><NN>type</NN><COMMA>,</COMMA><NNP>VoltaLab</NNP><NNP>PGZ</NNP><CD>100</CD></NounPhrase><COMMA>,</COMMA><VerbPhrase><VBN>controlled</VBN><PrepPhrase><IN-BY>by</IN-BY><NounPhrase><DT>a</DT><JJ>personal</JJ><NN>computer</NN></NounPhrase></PrepPhrase></VerbPhrase><STOP>.</STOP></Sentence></Document>
<?xml version="1.0" encoding="UTF-8"?>
<Document><Sentence><PrepPhrase><IN>Since</IN><NounPhrase><DT-THE>the</DT-THE><NN>conductivity</NN><PrepPhrase><IN-OF>of</IN-OF><NounPhrase><NN>medium</NN></NounPhrase></PrepPhrase></NounPhrase></PrepPhrase><VerbPhrase><VBN>studied</VBN><VBZ>is</VBZ><JJ>low</JJ></VerbPhrase><COMMA>,</COMMA><NounPhrase><DT-THE>the</DT-THE><NN>polarization</NN><NNS>curves</NNS><MOLECULE><OSCARCM><OSCAR-CM>J(E)</OSCAR-CM></OSCARCM></MOLECULE></NounPhrase><VerbPhrase><VBD>were</VBD><VBN>corrected</VBN><PrepPhrase><IN-FROM>from</IN-FROM><NounPhrase><JJ>ohmic</JJ><NN-VOL>drop</NN-VOL></NounPhrase></PrepPhrase></VerbPhrase><STOP>;</STOP></Sentence><Sentence><VerbPhrase><DT>that</DT><VBZ>is</VBZ><COMMA>,</COMMA><PrepPhrase><IN-BY>by</IN-BY><NounPhrase><MOLECULE><OSCARCM><OSCAR-CM>Rs</OSCAR-CM></OSCARCM></MOLECULE><SYM>×</SYM><NNP>J</NNP></NounPhrase></PrepPhrase></VerbPhrase><STOP>.</STOP></Sentence><Sentence><NounPhrase><DT-THE>The</DT-THE><NN-CHEMENTITY>solution</NN-CHEMENTITY><NN>resistance</NN><COMMA>,</COMMA><MOLECULE><OSCARCM><OSCAR-CM>Rs</OSCAR-CM></OSCARCM></MOLECULE></NounPhrase><COMMA>,</COMMA><VerbPhrase><VBD>was</VBD><VBN>determined</VBN><PrepPhrase><IN-BY>by</IN-BY><NounPhrase><DT-THE>the</DT-THE><JJ>electrochemical</JJ><JJ-CHEM>impedance</JJ-CHEM><NN>spectroscopy</NN></NounPhrase></PrepPhrase></VerbPhrase><STOP>.</STOP></Sentence></Document>
<?xml version="1.0" encoding="UTF-8"?>
<Document><Sentence><PrepPhrase><IN-ON>On</IN-ON><NounPhrase><DT-THE>the</DT-THE><NNP>Nyquist</NNP><NNP-LABEL>diagrams</NNP-LABEL><COMMA>,</COMMA><MOLECULE><OSCARCM><OSCAR-CM>Rs</OSCAR-CM></OSCARCM></MOLECULE></NounPhrase></PrepPhrase><VerbPhrase><VBZ>is</VBZ></VerbPhrase><NounPhrase><DT-THE>the</DT-THE><NN>abscissa</NN><PrepPhrase><IN-OF>of</IN-OF><NounPhrase><JJ-CHEM>high-frequency</JJ-CHEM><NN>intersection</NN><PrepPhrase><IN-OF>of</IN-OF><NounPhrase><DT-THE>the</DT-THE><NNP-LABEL>diagram</NNP-LABEL></NounPhrase></PrepPhrase></NounPhrase></PrepPhrase></NounPhrase><PrepPhrase><IN-WITH>with</IN-WITH><NounPhrase><DT-THE>the</DT-THE><JJ>real</JJ><NN>axis</NN></NounPhrase></PrepPhrase><STOP>.</STOP></Sentence></Document>
<?xml version="1.0" encoding="UTF-8"?>
<Document><Sentence><ActionPhrase type="Yield"><NounPhrase><DT-THE>The</DT-THE><NN>evaluation</NN><PrepPhrase><IN-OF>of</IN-OF><NounPhrase><NN>corrosion</NN><NNS>kinetics</NNS><NNS>parameters</NNS></NounPhrase></PrepPhrase></NounPhrase><VerbPhrase><VBD>was</VBD><VB-YIELD>obtained</VB-YIELD></VerbPhrase></ActionPhrase><VerbPhrase><VB-USE>using</VB-USE></VerbPhrase><Unmatched><DT>a</DT></Unmatched><PrepPhrase><JJ>fitting</JJ><IN-BY>by</IN-BY><NounPhrase><JJ-CHEM>Stern-Geary</JJ-CHEM><NN>equation</NN></NounPhrase></PrepPhrase><STOP>.</STOP></Sentence></Document>
<?xml version="1.0" encoding="UTF-8"?>
<Document><Sentence><NounPhrase><DT-THE>The</DT-THE><JJ-CHEM>inhibition</JJ-CHEM><NN>efficiency</NN></NounPhrase><VerbPhrase><VBD>was</VBD><VBN>evaluated</VBN><PrepPhrase><IN-FROM>from</IN-FROM><NounPhrase><DT-THE>the</DT-THE><JJ-CHEM>measured</JJ-CHEM><NNP>Jcorr</NNP><NNS>values</NNS></NounPhrase></PrepPhrase></VerbPhrase><VerbPhrase><VB-USE>using</VB-USE></VerbPhrase><NounPhrase><DT-THE>the</DT-THE><NN>relationship</NN></NounPhrase><COLON>:</COLON><NounPhrase><UNNAMEDMOLECULE><QUANTITY><PERCENT><CD>1001</CD><NN-PERCENT>%</NN-PERCENT></PERCENT></QUANTITY><REFERENCETOCOMPOUND><CD>0</CD></REFERENCETOCOMPOUND></UNNAMEDMOLECULE><NNS></NNS></NounPhrase><PrepPhrase><IN></IN><NounPhrase><NNP></NNP><NNP></NNP><NNP></NNP><NNP></NNP><NNP></NNP><NNP></NNP><NNP></NNP><COMMA></COMMA><JJ>corr</JJ><JJ>corr</JJ><JJ-CHEM>j</JJ-CHEM><NN>j</NN><MOLECULE><OSCARCM><OSCAR-CM>IE</OSCAR-CM></OSCARCM><REFERENCETOCOMPOUND><_-LRB->(</_-LRB-><CD>4</CD><_-RRB->)</_-RRB-></REFERENCETOCOMPOUND></MOLECULE><NNP>Int</NNP></NounPhrase></PrepPhrase><STOP>.</STOP></Sentence></Document>
<?xml version="1.0" encoding="UTF-8"?>
<Document><Sentence><NounPhrase><PROCEDURE><NN-IDENTIFIER>J</NN-IDENTIFIER></PROCEDURE><STOP>.</STOP></NounPhrase></Sentence><Sentence><NounPhrase><NNP>Electrochem</NNP></NounPhrase><STOP>.</STOP></Sentence></Document>
<?xml version="1.0" encoding="UTF-8"?>
<Document><Sentence><NounPhrase><NNP>Sci</NNP></NounPhrase><STOP>.</STOP></Sentence><Sentence><Unmatched><COMMA>,</COMMA></Unmatched></Sentence></Document>
<?xml version="1.0" encoding="UTF-8"?>
<Document/>
<?xml version="1.0" encoding="UTF-8"?>
<Document><Sentence><NounPhrase><CD>9</CD><COMMA>,</COMMA><CD>2014</CD><CD>5333</CD></NounPhrase><NounPhrase><DT-THE>The</DT-THE><NN>degree</NN><PrepPhrase><IN-OF>of</IN-OF><NounPhrase><NN>surface</NN><NN>coverage</NN><UNNAMEDMOLECULE><REFERENCETOCOMPOUND><_-LRB->(</_-LRB-><NN-IDENTIFIER>θ</NN-IDENTIFIER><_-RRB->)</_-RRB-></REFERENCETOCOMPOUND></UNNAMEDMOLECULE></NounPhrase></PrepPhrase></NounPhrase><CC>and</CC><NounPhrase><DT-THE>the</DT-THE><JJ-CHEM>inhibition</JJ-CHEM><NN>efficiency</NN><MOLECULE><OSCARCM><OSCAR-CM>IE</OSCAR-CM></OSCARCM></MOLECULE></NounPhrase><Unmatched><NN-PERCENT>%</NN-PERCENT></Unmatched><VerbPhrase><VBD>were</VBD><VBN>calculated</VBN><PrepPhrase><IN-FROM>from</IN-FROM><NounPhrase><DT-THE>the</DT-THE><JJ-CHEM>flowing</JJ-CHEM><NNS>equations</NNS></NounPhrase></PrepPhrase></VerbPhrase><COLON>:</COLON><NounPhrase><CD>0</CD><CD>1</CD><JJ>corr</JJ><JJ>corr</JJ><JJ-CHEM>j</JJ-CHEM><NN>j</NN><NN></NN><UNNAMEDMOLECULE><REFERENCETOCOMPOUND><_-LRB->(</_-LRB-><CD>5</CD><_-RRB->)</_-RRB-></REFERENCETOCOMPOUND></UNNAMEDMOLECULE><WRB>Where</WRB><NNS>j</NNS><CD>0</CD><NN>corr</NN><CC>and</CC><NN>jcorr</NN></NounPhrase><VerbPhrase><VBP>are</VBP></VerbPhrase><NounPhrase><DT-THE>the</DT-THE><JJ-CHEM>corrosion</JJ-CHEM><JJ>current</JJ><NNS>values</NNS></NounPhrase><Unmatched><IN-WITHOUT>without</IN-WITHOUT></Unmatched><Unmatched><CC>and</CC></Unmatched><ActionPhrase type="Add"><PrepPhrase><IN-WITH>with</IN-WITH><NounPhrase><DT-THE>the</DT-THE><NN-ADD>addition</NN-ADD><PrepPhrase><IN-OF>of</IN-OF><NounPhrase><JJ>various</JJ><NN-CONCENTRATE>concentration</NN-CONCENTRATE><PrepPhrase><IN-OF>of</IN-OF><NounPhrase><NN>inhibitor</NN></NounPhrase></PrepPhrase></NounPhrase></PrepPhrase></NounPhrase></PrepPhrase></ActionPhrase><STOP>.</STOP></Sentence></Document>
<?xml version="1.0" encoding="UTF-8"?>
<Document><Sentence><NounPhrase><DT-THE>The</DT-THE><JJ>inhibiting</JJ><NNS>properties</NNS><PrepPhrase><IN-OF>of</IN-OF><NounPhrase><DT-THE>the</DT-THE><JJ-CHEM>tested</JJ-CHEM><NN-CHEMENTITY>compounds</NN-CHEMENTITY></NounPhrase></PrepPhrase></NounPhrase><VerbPhrase><VBP>have</VBP><RB>also</RB><VBN>been</VBN><RB>also</RB><VBN>evaluated</VBN><PrepPhrase><IN-BY>by</IN-BY><NounPhrase><DT-THE>the</DT-THE><NN>determination</NN><PrepPhrase><IN-OF>of</IN-OF><NounPhrase><DT-THE>the</DT-THE><JJ-CHEM>polarisation</JJ-CHEM><NN>resistance</NN></NounPhrase></PrepPhrase></NounPhrase></PrepPhrase></VerbPhrase><STOP>.</STOP></Sentence></Document>
<?xml version="1.0" encoding="UTF-8"?>
<Document><Sentence><ActionPhrase type="Concentrate"><NounPhrase><DT-THE>The</DT-THE><JJ>corresponding</JJ><JJ-CHEM>polarisation</JJ-CHEM><NN>resistance</NN><MIXTURE><_-LRB->(</_-LRB-><NNP>rp</NNP><_-RRB->)</_-RRB-></MIXTURE><NNS>values</NNS><PrepPhrase><IN-OF>of</IN-OF><NounPhrase><NN>steel</NN><PrepPhrase><IN-IN>in</IN-IN><MOLECULE><QUANTITY><MOLAR><CD>1</CD><NN-MOLAR>M</NN-MOLAR></MOLAR></QUANTITY><OSCARCM><OSCAR-CM>HCl</OSCAR-CM></OSCARCM></MOLECULE></PrepPhrase></NounPhrase></PrepPhrase></NounPhrase><PrepPhrase><IN-IN>in</IN-IN><NounPhrase><DT-THE>the</DT-THE><NN>absence</NN><PrepPhrase><IN-OF>of</IN-OF><NounPhrase><JJ>different</JJ><NN-CONCENTRATE>concentration</NN-CONCENTRATE><PrepPhrase><IN-OF>of</IN-OF><NounPhrase><DT-THE>the</DT-THE><NN>inhibitor</NN></NounPhrase></PrepPhrase></NounPhrase></PrepPhrase></NounPhrase></PrepPhrase></ActionPhrase><STOP>.</STOP></Sentence></Document>
<?xml version="1.0" encoding="UTF-8"?>
<Document><Sentence><NounPhrase><DT-THE>The</DT-THE><JJ-CHEM>inhibition</JJ-CHEM><NN>efficiency</NN><MIXTURE><_-LRB->(</_-LRB-><NNP>ERp</NNP><_-RRB->)</_-RRB-></MIXTURE></NounPhrase><VerbPhrase><VBD>was</VBD><VBN>defined</VBN></VerbPhrase><VerbPhrase><IN-AS>as</IN-AS><VBP>follow</VBP></VerbPhrase><NounPhrase><NN>equation</NN><COMMA>,</COMMA><WRB>where</WRB><MOLECULE><OSCARCM><OSCAR-CM>R'P</OSCAR-CM></OSCARCM></MOLECULE><CC>and</CC><MOLECULE><OSCARCM><OSCAR-CM>rp</OSCAR-CM></OSCARCM></MOLECULE></NounPhrase><VerbPhrase><VBP>are</VBP></VerbPhrase><NounPhrase><DT-THE>the</DT-THE><JJ-CHEM>polarisation</JJ-CHEM><NN>resistance</NN></NounPhrase><PrepPhrase><IN-IN>in</IN-IN><NounPhrase><NN>presence</NN></NounPhrase></PrepPhrase><CC>and</CC><PrepPhrase><IN-IN>in</IN-IN><NounPhrase><NN>absence</NN><PrepPhrase><IN-OF>of</IN-OF><NounPhrase><DT-THE>the</DT-THE><NN>inhibitor</NN><COMMA>,</COMMA><RB>respectively</RB><UNNAMEDMOLECULE><REFERENCETOCOMPOUND><LSQB>[</LSQB><CD>7</CD><RSQB>]</RSQB></REFERENCETOCOMPOUND></UNNAMEDMOLECULE></NounPhrase></PrepPhrase></NounPhrase></PrepPhrase><STOP>.</STOP></Sentence></Document>
<?xml version="1.0" encoding="UTF-8"?>
<Document><Sentence><NounPhrase><PROCEDURE><CD>100</CD></PROCEDURE><STOP>.</STOP></NounPhrase></Sentence><Sentence><Unmatched><APOST>'</APOST></Unmatched></Sentence></Document>
<?xml version="1.0" encoding="UTF-8"?>
<Document><Sentence><NounPhrase><CD>1</CD><JJ></JJ><NN></NN></NounPhrase><PrepPhrase><IN></IN><NounPhrase><NNP></NNP><NNP></NNP><NNP></NNP><NNP></NNP><NN>p</NN><NN>p</NN><NNP>Rp</NNP><NNP>R</NNP><NNP>R</NNP><NNP>E</NNP><UNNAMEDMOLECULE><REFERENCETOCOMPOUND><_-LRB->(</_-LRB-><CD>6</CD><_-RRB->)</_-RRB-></REFERENCETOCOMPOUND></UNNAMEDMOLECULE><CD>2.5</CD></NounPhrase></PrepPhrase><STOP>.</STOP></Sentence></Document>
<?xml version="1.0" encoding="UTF-8"?>
<Document><Sentence><NounPhrase><NNP>Theoretical</NNP><NN>methodology</NN></NounPhrase><STOP>.</STOP></Sentence></Document>
<?xml version="1.0" encoding="UTF-8"?>
<Document><Sentence><NounPhrase><DT-THE>The</DT-THE><NNS>geometries</NNS><PrepPhrase><IN-OF>of</IN-OF><NounPhrase><DT-THE>the</DT-THE><JJ-CHEM>studied</JJ-CHEM><NN-CHEMENTITY>compounds</NN-CHEMENTITY></NounPhrase></PrepPhrase></NounPhrase><VerbPhrase><VBP>have</VBP><VBN>been</VBN><RB>fully</RB><VBN>optimized</VBN><PrepPhrase><IN>at</IN><NounPhrase><NNP>Density</NNP><NNP>Functional</NNP><NNP>Theory</NNP></NounPhrase></PrepPhrase></VerbPhrase><Unmatched><_-LRB->(</_-LRB-></Unmatched><NounPhrase><NNP>Becke's</NNP><CD>Three</CD><NNP>Parameter</NNP><NNP>Hybrid</NNP><NNP>Functional</NNP></NounPhrase><VerbPhrase><VB-USE>using</VB-USE></VerbPhrase><NounPhrase><DT-THE>the</DT-THE><NNP>Lee</NNP><COMMA>,</COMMA><NNP>Yang</NNP><CC>and</CC><NNP>Parr</NNP><NNP>Correlation</NNP><NNP>Functional</NNP><NNP>B3LYP</NNP><UNNAMEDMOLECULE><REFERENCETOCOMPOUND><LSQB>[</LSQB><CD>8-10</CD><RSQB>]</RSQB></REFERENCETOCOMPOUND></UNNAMEDMOLECULE></NounPhrase><STOP>.</STOP></Sentence></Document>
<?xml version="1.0" encoding="UTF-8"?>
<Document><Sentence><NounPhrase><DT-THE>The</DT-THE><NN>basis</NN></NounPhrase><VerbPhrase><VBD>set</VBD></VerbPhrase><NounPhrase><CD>6-31G</CD><UNNAMEDMOLECULE><REFERENCETOCOMPOUND><_-LRB->(</_-LRB-><NN-IDENTIFIER>d</NN-IDENTIFIER><_-RRB->)</_-RRB-></REFERENCETOCOMPOUND></UNNAMEDMOLECULE></NounPhrase><VerbPhrase><VBD>was</VBD><VBN>used</VBN><PrepPhrase><IN-FOR>for</IN-FOR><NounPhrase><DT>all</DT><NN>atoms</NN></NounPhrase></PrepPhrase></VerbPhrase><STOP>.</STOP></Sentence></Document>
<?xml version="1.0" encoding="UTF-8"?>
<Document><Sentence><NounPhrase><DT-THE>The</DT-THE><JJ-CHEM>quantum</JJ-CHEM><NN>chemical</NN><NNS>calculations</NNS></NounPhrase><VerbPhrase><VB-USE>using</VB-USE><JJ>standard</JJ></VerbPhrase><NounPhrase><NNP>Gaussian-03</NNP><NN>software</NN><NN>package</NN></NounPhrase><PrepPhrase><IN-WITH>with</IN-WITH><NounPhrase><JJ>complete</JJ><NN>geometry</NN><NNS>optimizations</NNS></NounPhrase></PrepPhrase><PrepPhrase><IN-WITHOUT>without</IN-WITHOUT><NounPhrase><NNS>constrains</NNS></NounPhrase></PrepPhrase><STOP>.</STOP></Sentence></Document>
<?xml version="1.0" encoding="UTF-8"?>
<Document><Sentence><Unmatched><RB-CONJ>Indeed</RB-CONJ></Unmatched><Unmatched><COMMA>,</COMMA></Unmatched><NounPhrase><NNP>DFT</NNP><PROCEDURE><NN-METHOD>methods</NN-METHOD></PROCEDURE></NounPhrase><VerbPhrase><VBP>are</VBP><RB>often</RB></VerbPhrase><NounPhrase><DT-THE>the</DT-THE><PROCEDURE><NN-METHOD>methods</NN-METHOD></PROCEDURE><PrepPhrase><IN-OF>of</IN-OF><NounPhrase><NN>choice</NN></NounPhrase></PrepPhrase></NounPhrase><PrepPhrase><IN-FOR>for</IN-FOR><NounPhrase><JJ>similar</JJ><NNS>calculations</NNS></NounPhrase></PrepPhrase><PrepPhrase><IN>because</IN><IN-OF>of</IN-OF><NounPhrase><PRP_>their</PRP_><NN>ability</NN></NounPhrase></PrepPhrase><VerbPhrase><TO>to</TO><VB>overcome</VB></VerbPhrase><NounPhrase><CD>one</CD><PrepPhrase><IN-OF>of</IN-OF><NounPhrase><DT-THE>the</DT-THE><JJ>main</JJ><NNS>disadvantages</NNS><PrepPhrase><IN-OF>of</IN-OF><NounPhrase><JJ-CHEM>ab-initio</JJ-CHEM><PROCEDURE><NN-METHOD>methods</NN-METHOD></PROCEDURE></NounPhrase></PrepPhrase></NounPhrase></PrepPhrase></NounPhrase><STOP>;</STOP></Sentence><Sentence><NounPhrase><DT-THE>the</DT-THE><JJ>complete</JJ><NN>neglect</NN><PrepPhrase><IN-OF>of</IN-OF><NounPhrase><NN>electron</NN><NN>correlation</NN></NounPhrase></PrepPhrase></NounPhrase><STOP>;</STOP></Sentence><Sentence><VerbPhrase><IN-BY>by</IN-BY><VBG>including</VBG></VerbPhrase><Unmatched><DT>some</DT></Unmatched><PrepPhrase><IN-OF>of</IN-OF><NounPhrase><PRP>it</PRP></NounPhrase></PrepPhrase><PrepPhrase><IN>at</IN><NounPhrase><RB>greatly</RB><JJ>reduced</JJ><JJ>computational</JJ><NN>cost</NN></NounPhrase></PrepPhrase><STOP>.</STOP></Sentence></Document>
<?xml version="1.0" encoding="UTF-8"?>
<Document><Sentence><Unmatched><RB>Thus</RB></Unmatched><Unmatched><COMMA>,</COMMA></Unmatched><Unmatched><DT>all</DT></Unmatched><NounPhrase><DT-THE>the</DT-THE><NNS>parameters</NNS></NounPhrase><VerbPhrase><VBN>presented</VBN><PrepPhrase><IN-IN>in</IN-IN><NounPhrase><DT>this</DT><NN>work</NN></NounPhrase></PrepPhrase></VerbPhrase><VerbPhrase><VBD>were</VBD><VBN>calculated</VBN><PrepPhrase><IN>at</IN><NounPhrase><NNP>B3LYP</NNP></NounPhrase></PrepPhrase><PrepPhrase><IN-WITH>with</IN-WITH><NounPhrase><CD>6-31G**</CD><NN>basis</NN></NounPhrase></PrepPhrase></VerbPhrase><VerbPhrase><VBN>set</VBN></VerbPhrase><COMMA>,</COMMA><VerbPhrase><RB>frequently</RB><VBN>used</VBN><PrepPhrase><IN-FOR>for</IN-FOR><NounPhrase><JJ>similar</JJ><NNS>molecules</NNS><MIXTURE><LSQB>[</LSQB><CD>11</CD><COMMA>,</COMMA><CD>12</CD><RSQB>]</RSQB></MIXTURE></NounPhrase></PrepPhrase></VerbPhrase><STOP>.</STOP></Sentence></Document>
<?xml version="1.0" encoding="UTF-8"?>
<Document><Sentence><NounPhrase><DT>These</DT><JJ-CHEM>methods</JJ-CHEM><NN>model</NN></NounPhrase><NounPhrase><DT-THE>the</DT-THE><NN-CHEMENTITY>solvent</NN-CHEMENTITY></NounPhrase><PrepPhrase><IN-AS>as</IN-AS><NounPhrase><DT>a</DT><NN>continuum</NN><PrepPhrase><IN-OF>of</IN-OF><NounPhrase><NN>uniform</NN><JJ>dielectric</JJ><JJ>constant</JJ><UNNAMEDMOLECULE><REFERENCETOCOMPOUND><_-LRB->(</_-LRB-><NN-IDENTIFIER>ε</NN-IDENTIFIER><_-RRB->)</_-RRB-></REFERENCETOCOMPOUND></UNNAMEDMOLECULE></NounPhrase></PrepPhrase></NounPhrase></PrepPhrase><CC>and</CC><VerbPhrase><VB>define</VB></VerbPhrase><NounPhrase><DT-THE>the</DT-THE><NN>cavity</NN><WRB>where</WRB></NounPhrase><NounPhrase><DT-THE>the</DT-THE><NN>solute</NN></NounPhrase><VerbPhrase><VBZ>is</VBZ><VB-SUSPEND>placed</VB-SUSPEND><PrepPhrase><IN-AS>as</IN-AS><NounPhrase><DT>a</DT><JJ>uniform</JJ><NN>series</NN><PrepPhrase><IN-OF>of</IN-OF><NounPhrase><JJ>interlocking</JJ><JJ>atomic</JJ><NN>spheres</NN></NounPhrase></PrepPhrase></NounPhrase></PrepPhrase></VerbPhrase><STOP>.</STOP></Sentence></Document>
<?xml version="1.0" encoding="UTF-8"?>
<Document><Sentence><PrepPhrase><IN>Since</IN><NounPhrase><PRP>we</PRP></NounPhrase></PrepPhrase><VerbPhrase><MD>cannot</MD><VB>represent</VB></VerbPhrase><NounPhrase><DT-THE>the</DT-THE><JJ>implicit</JJ><NN>effect</NN><PrepPhrase><IN-OF>of</IN-OF><NounPhrase><MOLECULE><OSCARCM><OSCAR-CM>hydrogen</OSCAR-CM><OSCAR-CM>chloride</OSCAR-CM></OSCARCM><NN-CHEMENTITY>solution</NN-CHEMENTITY></MOLECULE><COMMA>,</COMMA><MOLECULE><OSCARCM><OSCAR-CM>water</OSCAR-CM></OSCARCM></MOLECULE></NounPhrase></PrepPhrase></NounPhrase><VerbPhrase><VBZ>is</VBZ><RB>instead</RB><VBN>used</VBN></VerbPhrase><VerbPhrase><TO>to</TO><VB>include</VB></VerbPhrase><NounPhrase><DT-THE>the</DT-THE><NN-CHEMENTITY>solvent</NN-CHEMENTITY><NN>effect</NN><MIXTURE><_-LRB->(</_-LRB-><NN>ε</NN><SYM>=</SYM><CD>78.5</CD><_-RRB->)</_-RRB-></MIXTURE><UNNAMEDMOLECULE><REFERENCETOCOMPOUND><LSQB>[</LSQB><CD>8</CD><RSQB>]</RSQB></REFERENCETOCOMPOUND></UNNAMEDMOLECULE></NounPhrase><STOP>.</STOP></Sentence></Document>
<?xml version="1.0" encoding="UTF-8"?>
<Document><Sentence><NounPhrase><DT-THE>The</DT-THE><NN>aim</NN><PrepPhrase><IN-OF>of</IN-OF><NounPhrase><DT>this</DT><NN>work</NN></NounPhrase></PrepPhrase></NounPhrase><VerbPhrase><VBZ>is</VBZ></VerbPhrase><VerbPhrase><TO>to</TO><VB>investigate</VB><PrepPhrase><IN>whether</IN><NounPhrase><EX>there</EX></NounPhrase></PrepPhrase></VerbPhrase><VerbPhrase><VBZ>is</VBZ></VerbPhrase><NounPhrase><DT>a</DT><JJ>clear</JJ><NN>relationship</NN></NounPhrase><Unmatched><IN>between</IN></Unmatched><Unmatched><DT-THE>the</DT-THE></Unmatched><VerbPhrase><RB>experimentally</RB><VBN>determined</VBN><PrepPhrase><IN>inhibition</IN><NounPhrase><NNS>efficiencies</NNS><PrepPhrase><IN-OF>of</IN-OF><NounPhrase><DT-THE>the</DT-THE><JJ-CHEM>studied</JJ-CHEM><NNS>inhibitors</NNS></NounPhrase></PrepPhrase></NounPhrase></PrepPhrase></VerbPhrase><CC>and</CC><NounPhrase><DT>a</DT><NN>number</NN><PrepPhrase><IN-OF>of</IN-OF><NounPhrase><NN>quantum-chemical</NN><NNS>parameters</NNS></NounPhrase></PrepPhrase></NounPhrase><STOP>.</STOP></Sentence></Document>
<?xml version="1.0" encoding="UTF-8"?>
<Document><Sentence><ActionPhrase type="Extract"><Unmatched><DT>Some</DT></Unmatched><PrepPhrase><IN-OF>of</IN-OF><NounPhrase><DT>these</DT><NNS>parameters</NNS></NounPhrase></PrepPhrase><VerbPhrase><VBP>are</VBP><RB>directly</RB><VB-EXTRACT>extracted</VB-EXTRACT><PrepPhrase><IN-FROM>from</IN-FROM><NounPhrase><DT-THE>the</DT-THE><NN>output</NN><NNS>files</NNS><MIXTURE><_-LRB->(</_-LRB-><MOLECULE><OSCARCM><OSCAR-CM>EHOMO</OSCAR-CM></OSCARCM></MOLECULE><COMMA>,</COMMA><MOLECULE><OSCARCM><OSCAR-CM>ELUMO</OSCAR-CM></OSCARCM></MOLECULE><COMMA>,</COMMA><NN>µ</NN><_-RRB->)</_-RRB-></MIXTURE><WRB>when</WRB><JJ>other</JJ><NNS>parameters</NNS></NounPhrase></PrepPhrase></VerbPhrase></ActionPhrase><VerbPhrase><VBZ>needs</VBZ></VerbPhrase><ActionPhrase type="Partition"><VerbPhrase><TO>to</TO><VB>be</VB><VBN>computed</VBN><VB-PARTITION>separately</VB-PARTITION></VerbPhrase><NounPhrase><MIXTURE><_-LRB->(</_-LRB-><MOLECULE><OSCARCM><OSCAR-CM>IP</OSCAR-CM></OSCARCM></MOLECULE><COMMA>,</COMMA><NNP>EA</NNP><COMMA>,</COMMA><MOLECULE><OSCARCM><OSCAR-CM>∆E</OSCAR-CM></OSCARCM></MOLECULE><COMMA>,</COMMA><NNP>χ</NNP><COMMA>,</COMMA><NNP>η</NNP><COMMA>,</COMMA><NNP></NNP><CC>and</CC><MOLECULE><OSCARCM><OSCAR-CM>∆N</OSCAR-CM></OSCARCM></MOLECULE><_-RRB->)</_-RRB-></MIXTURE></NounPhrase></ActionPhrase><STOP>.</STOP></Sentence></Document>
<?xml version="1.0" encoding="UTF-8"?>
<Document><Sentence><ActionPhrase type="ApparatusAction"><VerbPhrase><IN-FOR>For</IN-FOR><VB-APPARATUS>closed-shell</VB-APPARATUS></VerbPhrase><NounPhrase><NNS>molecules</NNS></NounPhrase></ActionPhrase><COMMA>,</COMMA><PrepPhrase><IN>ionization</IN><NounPhrase><JJ>potential</JJ><MOLECULE><OSCARCM><OSCAR-CM>IP</OSCAR-CM></OSCARCM></MOLECULE><CC>and</CC><NN>electron</NN><NN>affinity</NN><NNP>EA</NNP></NounPhrase></PrepPhrase><VerbPhrase><MD>can</MD><VB>be</VB><VBN>expressed</VBN></VerbPhrase><VerbPhrase><IN-AS>as</IN-AS><VBZ>follows</VBZ><PrepPhrase><IN-IN>in</IN-IN><NounPhrase><NNS>terms</NNS><PrepPhrase><IN-OF>of</IN-OF><NounPhrase><MOLECULE><OSCARCM><OSCAR-CM>EHOMO</OSCAR-CM></OSCARCM></MOLECULE><COMMA>,</COMMA><NNP>ELUMO</NNP></NounPhrase></PrepPhrase></NounPhrase></PrepPhrase></VerbPhrase><NounPhrase><DT-THE>the</DT-THE><JJS>highest</JJS><JJ>occupied</JJ><JJ>molecular</JJ><JJ-CHEM>orbital</JJ-CHEM><NN>energy</NN></NounPhrase><COMMA>,</COMMA><CC>and</CC><NounPhrase><DT-THE>the</DT-THE><JJS>lowest</JJS><JJ>unoccupied</JJ><JJ>molecular</JJ><JJ-CHEM>orbital</JJ-CHEM><NN>energy</NN></NounPhrase><COMMA>,</COMMA><Unmatched><RB>respectively</RB></Unmatched><Unmatched><COLON>:</COLON></Unmatched><NounPhrase><NNP>HOMO</NNP><NNP>EIP</NNP><NNP></NNP><UNNAMEDMOLECULE><REFERENCETOCOMPOUND><_-LRB->(</_-LRB-><CD>7</CD><_-RRB->)</_-RRB-></REFERENCETOCOMPOUND></UNNAMEDMOLECULE><NNP>LUMO</NNP><NNP>EEA</NNP><NN></NN><UNNAMEDMOLECULE><REFERENCETOCOMPOUND><_-LRB->(</_-LRB-><CD>8</CD><_-RRB->)</_-RRB-></REFERENCETOCOMPOUND></UNNAMEDMOLECULE><WRB>When</WRB></NounPhrase><NounPhrase><DT-THE>the</DT-THE><NNS>values</NNS><PrepPhrase><IN-OF>of</IN-OF><NounPhrase><MOLECULE><OSCARCM><OSCAR-CM>IP</OSCAR-CM></OSCARCM></MOLECULE><CC>and</CC><NNP>EA</NNP></NounPhrase></PrepPhrase></NounPhrase><VerbPhrase><VBP>are</VBP><VBN>known</VBN></VerbPhrase><COMMA>,</COMMA><NounPhrase><NN>one</NN></NounPhrase><VerbPhrase><MD>can</MD><VB>determine</VB><PrepPhrase><IN>through</IN><NounPhrase><DT-THE>the</DT-THE><JJ-CHEM>following</JJ-CHEM><NNS>expressions</NNS></NounPhrase></PrepPhrase></VerbPhrase><NounPhrase><DT-THE>the</DT-THE><NNS>values</NNS><PrepPhrase><IN-OF>of</IN-OF><NounPhrase><DT-THE>the</DT-THE><JJ>absolute</JJ><JJ-CHEM>electronegativity</JJ-CHEM><NN>χ</NN></NounPhrase></PrepPhrase></NounPhrase><COMMA>,</COMMA><NounPhrase><DT-THE>the</DT-THE><JJ>absolute</JJ><JJ-CHEM>hardness</JJ-CHEM><NN>η</NN></NounPhrase><CC>and</CC><NounPhrase><DT-THE>the</DT-THE><JJ-CHEM>softness</JJ-CHEM><NN>σ</NN></NounPhrase><Unmatched><_-LRB->(</_-LRB-></Unmatched><NounPhrase><DT-THE>the</DT-THE><NN>inverse</NN><PrepPhrase><IN-OF>of</IN-OF><NounPhrase><DT-THE>the</DT-THE><NN>hardness</NN></NounPhrase></PrepPhrase></NounPhrase><Unmatched><_-RRB->)</_-RRB-></Unmatched><Unmatched><COLON>:</COLON></Unmatched><NounPhrase><NNP>Int</NNP></NounPhrase><STOP>.</STOP></Sentence></Document>
<?xml version="1.0" encoding="UTF-8"?>
<Document><Sentence><NounPhrase><PROCEDURE><NN-IDENTIFIER>J</NN-IDENTIFIER></PROCEDURE><STOP>.</STOP></NounPhrase></Sentence><Sentence><NounPhrase><NNP>Electrochem</NNP></NounPhrase><STOP>.</STOP></Sentence></Document>
<?xml version="1.0" encoding="UTF-8"?>
<Document><Sentence><NounPhrase><NNP>Sci</NNP></NounPhrase><STOP>.</STOP></Sentence><Sentence><Unmatched><COMMA>,</COMMA></Unmatched></Sentence></Document>
<?xml version="1.0" encoding="UTF-8"?>
<Document/>
<?xml version="1.0" encoding="UTF-8"?>
<Document><Sentence><NounPhrase><CD>9</CD><COMMA>,</COMMA><CD>2014</CD><CD>5334</CD><CD>2</CD><NNP>EAIP</NNP><NN></NN><NN></NN><UNNAMEDMOLECULE><REFERENCETOCOMPOUND><_-LRB->(</_-LRB-><CD>3</CD><_-RRB->)</_-RRB-></REFERENCETOCOMPOUND></UNNAMEDMOLECULE><CD>2</CD><NNP>EAIP</NNP><NN></NN><NN></NN><UNNAMEDMOLECULE><REFERENCETOCOMPOUND><_-LRB->(</_-LRB-><CD>9</CD><_-RRB->)</_-RRB-></REFERENCETOCOMPOUND></UNNAMEDMOLECULE><NN></NN></NounPhrase><VerbPhrase><VBD></VBD></VerbPhrase><NounPhrase><CD>1</CD><NN></NN><UNNAMEDMOLECULE><REFERENCETOCOMPOUND><_-LRB->(</_-LRB-><CD>10</CD><_-RRB->)</_-RRB-></REFERENCETOCOMPOUND></UNNAMEDMOLECULE></NounPhrase><RB-CONJ>Moreover</RB-CONJ><COMMA>,</COMMA><ActionPhrase type="Synthesize"><PrepPhrase><IN-FOR>for</IN-FOR><NounPhrase><DT>a</DT><NN-SYNTHESIZE>reaction</NN-SYNTHESIZE><PrepPhrase><IN-OF>of</IN-OF><NounPhrase><CD>two</CD><NNS>systems</NNS></NounPhrase></PrepPhrase></NounPhrase></PrepPhrase><PrepPhrase><IN-WITH>with</IN-WITH><NounPhrase><JJ>different</JJ><NNS>electronegativities</NNS></NounPhrase></PrepPhrase><NounPhrase><DT-THE>the</DT-THE><JJ>electronic</JJ><NN>flow</NN></NounPhrase></ActionPhrase><VerbPhrase><MD>will</MD><VB>occur</VB><PrepPhrase><IN-FROM>from</IN-FROM><NounPhrase><DT-THE>the</DT-THE><NN>molecule</NN></NounPhrase></PrepPhrase><PrepPhrase><IN-WITH>with</IN-WITH><NounPhrase><DT-THE>the</DT-THE><JJR>lower</JJR><NN>electronegativity</NN></NounPhrase></PrepPhrase></VerbPhrase><Unmatched><_-LRB->(</_-LRB-></Unmatched><NounPhrase><DT-THE>the</DT-THE><JJ-CHEM>organic</JJ-CHEM><NN>inhibitor</NN></NounPhrase><Unmatched><_-RRB->)</_-RRB-></Unmatched><Unmatched><IN>towards</IN></Unmatched><Unmatched><DT>that</DT></Unmatched><PrepPhrase><IN-OF>of</IN-OF><NounPhrase><JJR>higher</JJR><NN>value</NN><MIXTURE><_-LRB->(</_-LRB-><JJ>metallic</JJ><NN>surface</NN><_-RRB->)</_-RRB-></MIXTURE></NounPhrase></PrepPhrase><COMMA>,</COMMA><PrepPhrase><IN>until</IN><NounPhrase><DT-THE>the</DT-THE><NN>chemical</NN><NNS>potentials</NNS></NounPhrase></PrepPhrase><VerbPhrase><VBP>are</VBP><JJ>equal</JJ></VerbPhrase><NounPhrase><UNNAMEDMOLECULE><REFERENCETOCOMPOUND><LSQB>[</LSQB><CD>13</CD><RSQB>]</RSQB></REFERENCETOCOMPOUND></UNNAMEDMOLECULE></NounPhrase><STOP>.</STOP></Sentence></Document>
<?xml version="1.0" encoding="UTF-8"?>
<Document><Sentence><Unmatched><RB-CONJ>Therefore</RB-CONJ></Unmatched><NounPhrase><DT-THE>the</DT-THE><NN>fraction</NN><PrepPhrase><IN-OF>of</IN-OF><NounPhrase><NNS>electrons</NNS></NounPhrase></PrepPhrase></NounPhrase><VerbPhrase><VBN>transferred</VBN></VerbPhrase><NounPhrase><MIXTURE><_-LRB->(</_-LRB-><NNP>∆N</NNP><_-RRB->)</_-RRB-></MIXTURE></NounPhrase><PrepPhrase><IN-FROM>from</IN-FROM><NounPhrase><DT-THE>the</DT-THE><JJ-CHEM>inhibitor</JJ-CHEM><NN>molecule</NN></NounPhrase></PrepPhrase><PrepPhrase><TO>to</TO><NounPhrase><DT-THE>the</DT-THE><JJ>metallic</JJ><NN>atom</NN></NounPhrase></PrepPhrase><VerbPhrase><VBD>was</VBD><VBN>calculated</VBN><VBG>according</VBG><PrepPhrase><TO>to</TO><NounPhrase><NNP>Pearson</NNP><NN>electronegativity</NN><NN>scale</NN><UNNAMEDMOLECULE><REFERENCETOCOMPOUND><LSQB>[</LSQB><CD>14-16</CD><RSQB>]</RSQB></REFERENCETOCOMPOUND></UNNAMEDMOLECULE></NounPhrase></PrepPhrase></VerbPhrase><COLON>:</COLON><NounPhrase><CD>)(2</CD></NounPhrase><JJ>inhFe</JJ><JJ>inhFe</JJ><Unmatched><NN-MOLAR>N</NN-MOLAR></Unmatched><NounPhrase><NN></NN></NounPhrase><PrepPhrase><IN></IN><NounPhrase><JJ></JJ><NN></NN><NNS></NNS><UNNAMEDMOLECULE><REFERENCETOCOMPOUND><_-LRB->(</_-LRB-><CD>11</CD><_-RRB->)</_-RRB-></REFERENCETOCOMPOUND></UNNAMEDMOLECULE><WRB>Where</WRB><NNP>Fe</NNP><CC>and</CC><NNP>inh</NNP></NounPhrase></PrepPhrase><VerbPhrase><VBP>denote</VBP></VerbPhrase><NounPhrase><DT-THE>the</DT-THE><JJ>absolute</JJ><NN>electronegativity</NN><PrepPhrase><IN-OF>of</IN-OF><NounPhrase><MOLECULE><OSCARCM><OSCAR-CM>Fe</OSCAR-CM></OSCARCM></MOLECULE></NounPhrase></PrepPhrase></NounPhrase><CC>and</CC><NounPhrase><DT-THE>the</DT-THE><JJ-CHEM>inhibitor</JJ-CHEM><NN>molecule</NN></NounPhrase><COMMA>,</COMMA><Unmatched><RB>respectively</RB></Unmatched><STOP>;</STOP></Sentence><Sentence><NounPhrase><MOLECULE><OSCARCM><OSCAR-CM>Fe</OSCAR-CM></OSCARCM></MOLECULE><CC>and</CC><NNP>inh</NNP></NounPhrase><VerbPhrase><VBP>denote</VBP></VerbPhrase><NounPhrase><DT-THE>the</DT-THE><JJ>absolute</JJ><NN>hardness</NN><PrepPhrase><IN-OF>of</IN-OF><NounPhrase><MOLECULE><OSCARCM><OSCAR-CM>Fe</OSCAR-CM></OSCARCM></MOLECULE></NounPhrase></PrepPhrase></NounPhrase><CC>and</CC><NounPhrase><DT-THE>the</DT-THE><JJ-CHEM>inhibitor</JJ-CHEM><NN>molecule</NN></NounPhrase><COMMA>,</COMMA><Unmatched><RB>respectively</RB></Unmatched><STOP>.</STOP></Sentence></Document>
<?xml version="1.0" encoding="UTF-8"?>
<Document><Sentence><NounPhrase><DT>A</DT><JJ>theoretical</JJ><NN>value</NN></NounPhrase><PrepPhrase><IN-FOR>for</IN-FOR><NounPhrase><DT-THE>the</DT-THE><NN>electronegativity</NN><PrepPhrase><IN-OF>of</IN-OF><NounPhrase><NN>bulk</NN><MOLECULE><OSCARCM><OSCAR-CM>iron</OSCAR-CM></OSCARCM></MOLECULE></NounPhrase></PrepPhrase></NounPhrase></PrepPhrase><VerbPhrase><VBD>was</VBD><VBN>used</VBN><PrepPhrase><IN>Fe</IN><NounPhrase><SYM>=</SYM><CD>7</CD><NNP>eV</NNP></NounPhrase></PrepPhrase></VerbPhrase><CC>and</CC><NounPhrase><DT>a</DT><JJ>global</JJ><NN>hardness</NN><PrepPhrase><IN-OF>of</IN-OF><NounPhrase><MOLECULE><OSCARCM><OSCAR-CM>Fe</OSCAR-CM></OSCARCM></MOLECULE><SYM>=</SYM><CD>0</CD></NounPhrase></PrepPhrase></NounPhrase><COMMA>,</COMMA><VerbPhrase><IN-BY>by</IN-BY><VBG>assuming</VBG><PrepPhrase><IN>that</IN><IN-FOR>for</IN-FOR><NounPhrase><DT>a</DT><JJ>metallic</JJ><NN>bulk</NN><MOLECULE><OSCARCM><OSCAR-CM>IP</OSCAR-CM></OSCARCM></MOLECULE><SYM>=</SYM><NNP>EA</NNP></NounPhrase></PrepPhrase><PrepPhrase><IN>because</IN><NounPhrase><PRP>they</PRP></NounPhrase></PrepPhrase></VerbPhrase><VerbPhrase><VBP>are</VBP><JJR>softer</JJR><PrepPhrase><IN>than</IN><NounPhrase><DT-THE>the</DT-THE><JJ>neutral</JJ><JJ>metallic</JJ><NN>atoms</NN></NounPhrase></PrepPhrase></VerbPhrase><STOP>.</STOP></Sentence></Document>
<?xml version="1.0" encoding="UTF-8"?>
<Document><Sentence><NounPhrase><DT-THE>The</DT-THE><JJ>natural</JJ><JJ-CHEM>bond</JJ-CHEM><NN>orbital</NN><NN>analysis</NN></NounPhrase><VerbPhrase><VBN>allowed</VBN></VerbPhrase><NounPhrase><PRP>us</PRP></NounPhrase><VerbPhrase><TO>to</TO><VB>describe</VB></VerbPhrase><NounPhrase><DT-THE>the</DT-THE><NN>bonding</NN></NounPhrase><PrepPhrase><IN-IN>in</IN-IN><NounPhrase><NNS>terms</NNS><PrepPhrase><IN-OF>of</IN-OF><NounPhrase><DT-THE>the</DT-THE><JJ>natural</JJ><NNS>hybrids</NNS></NounPhrase></PrepPhrase></NounPhrase></PrepPhrase><VerbPhrase><VBN>centered</VBN><PrepPhrase><IN-ON>on</IN-ON><NounPhrase><DT>each</DT><NN>atom</NN></NounPhrase></PrepPhrase></VerbPhrase><STOP>.</STOP></Sentence></Document>
<?xml version="1.0" encoding="UTF-8"?>
<Document><Sentence><NounPhrase><DT-THE>The</DT-THE><JJ-CHEM>population</JJ-CHEM><NN>analysis</NN></NounPhrase><VerbPhrase><VBZ>has</VBZ><VBN>been</VBN><VBN>performed</VBN></VerbPhrase><Unmatched><IN-ON>on</IN-ON></Unmatched><Unmatched><DT-THE>the</DT-THE></Unmatched><Unmatched><JJ>neutral</JJ></Unmatched><Unmatched><COMMA>,</COMMA></Unmatched><Unmatched><JJ>cationic</JJ></Unmatched><Unmatched><CC>and</CC></Unmatched><NounPhrase><JJ>anionic</JJ><NNS>species</NNS></NounPhrase><PrepPhrase><IN>at</IN><NounPhrase><DT-THE>the</DT-THE><JJ>same</JJ><JJ-CHEM>obtained</JJ-CHEM><JJ>optimized</JJ><NN>geometry</NN><PrepPhrase><IN-OF>of</IN-OF><NounPhrase><DT>each</DT><NN>inhibitor</NN></NounPhrase></PrepPhrase></NounPhrase></PrepPhrase><PrepPhrase><IN-IN>in</IN-IN><NounPhrase><NN>order</NN></NounPhrase></PrepPhrase><VerbPhrase><TO>to</TO><VB>determine</VB></VerbPhrase><NounPhrase><PRP_>their</PRP_><NNP>Fukui</NNP><NNPS>Functions</NNPS></NounPhrase><STOP>.</STOP></Sentence></Document>
<?xml version="1.0" encoding="UTF-8"?>
<Document><Sentence><NounPhrase><PROCEDURE><CD>3</CD></PROCEDURE><STOP>.</STOP></NounPhrase></Sentence></Document>
<?xml version="1.0" encoding="UTF-8"?>
<Document/>
