<?xml version="1.0" encoding="UTF-8"?>
<Document><Sentence><ActionPhrase type="Synthesize"><NounPhrase><NNS>Experiments</NNS></NounPhrase><NounPhrase><DT-THE>The</DT-THE><MOLECULE><OSCARCM><OSCAR-CM>graphite</OSCAR-CM><OSCAR-CM>oxide</OSCAR-CM></OSCARCM></MOLECULE><CC>and</CC><MOLECULE><OSCARCM><OSCAR-CM>GO</OSCAR-CM></OSCARCM></MOLECULE></NounPhrase><VerbPhrase><VBD>were</VBD><VB-SYNTHESIZE>prepared</VB-SYNTHESIZE><PrepPhrase><IN-BY>by</IN-BY><NounPhrase><NN>modification</NN><PrepPhrase><IN-OF>of</IN-OF><NounPhrase><NNP>Hummer’s</NNP><PROCEDURE><NN-METHOD>method</NN-METHOD><LSQB>[</LSQB><CD>21-23</CD><RSQB>]</RSQB></PROCEDURE></NounPhrase></PrepPhrase></NounPhrase></PrepPhrase></VerbPhrase></ActionPhrase><STOP>.</STOP></Sentence></Document>
<?xml version="1.0" encoding="UTF-8"?>
<Document><Sentence><NounPhrase><DT-THE>The</DT-THE><NNS>details</NNS><PrepPhrase><IN-OF>of</IN-OF><NounPhrase><DT>this</DT><PROCEDURE><NN-METHOD>procedure</NN-METHOD></PROCEDURE></NounPhrase></PrepPhrase></NounPhrase><VerbPhrase><VBP>have</VBP><VBN>been</VBN><VBN>reported</VBN><PrepPhrase><IN-IN>in</IN-IN><NounPhrase><PRP_>our</PRP_><RB>early</RB><NN>study</NN><UNNAMEDMOLECULE><REFERENCETOCOMPOUND><LSQB>[</LSQB><CD>24</CD><RSQB>]</RSQB></REFERENCETOCOMPOUND></UNNAMEDMOLECULE></NounPhrase></PrepPhrase></VerbPhrase><STOP>.</STOP></Sentence></Document>
<?xml version="1.0" encoding="UTF-8"?>
<Document><Sentence><NounPhrase><DT-THE>The</DT-THE><NNP>Raman</NNP><NN>scattering</NN><PrepPhrase><IN-OF>of</IN-OF><NounPhrase><DT>these</DT><NN-CHEMENTITY>materials</NN-CHEMENTITY></NounPhrase></PrepPhrase></NounPhrase><VerbPhrase><VBD>was</VBD><VBN>studied</VBN><PrepPhrase><IN-WITH>with</IN-WITH><NounPhrase><NNP>µ-Raman</NNP><NN>spectrometer</NN><MIXTURE><_-LRB->(</_-LRB-><IN>inVia</IN><NNP>Raman</NNP><NN>microscope</NN><COMMA>,</COMMA><NNP>Renishaw</NNP><_-RRB->)</_-RRB-></MIXTURE></NounPhrase></PrepPhrase></VerbPhrase><STOP>.</STOP></Sentence></Document>
<?xml version="1.0" encoding="UTF-8"?>
<Document><Sentence><NounPhrase><DT-THE>The</DT-THE><NNS>measurements</NNS></NounPhrase><VerbPhrase><VBD>were</VBD><VBN>conducted</VBN><PrepPhrase><IN-WITH>with</IN-WITH><NounPhrase><DT>a</DT><NN>laser</NN><PrepPhrase><IN-OF>of</IN-OF><NounPhrase><CD>514</CD><NN>nm</NN><NN>wavelength</NN></NounPhrase></PrepPhrase></NounPhrase></PrepPhrase><PrepPhrase><IN>at</IN><NounPhrase><QUANTITY><PERCENT><CD>10</CD><NN-PERCENT>%</NN-PERCENT></PERCENT></QUANTITY><PrepPhrase><IN-OF>of</IN-OF><NounPhrase><PRP_>its</PRP_><JJ>maximum</JJ><NN>intensity</NN></NounPhrase></PrepPhrase></NounPhrase></PrepPhrase></VerbPhrase><STOP>.</STOP></Sentence></Document>
<?xml version="1.0" encoding="UTF-8"?>
<Document><Sentence><NounPhrase><DT-THE>The</DT-THE><NNP>AISI</NNP><MIXTURE><_-LRB->(</_-LRB-><NNP>American</NNP><MOLECULE><OSCARCM><OSCAR-CM>Iron</OSCAR-CM></OSCARCM></MOLECULE><CC>and</CC><NNP>Steel</NNP><NNP>Institute</NNP><_-RRB->)</_-RRB-></MIXTURE><NN>type</NN><CD>304</CD><NNP>SS</NNP><MIXTURE><_-LRB->(</_-LRB-><JJ>stainless</JJ><NN>steel</NN><_-RRB->)</_-RRB-></MIXTURE><MIXTURE><_-LRB->(</_-LRB-><NNP>Goodfellow</NNP><_-RRB->)</_-RRB-></MIXTURE><NNS>substrates</NNS><PrepPhrase><IN-OF>of</IN-OF><NounPhrase><NN>surface</NN><NNS>dimensions</NNS><CD>15</CD><CD>mm</CD><SYM>×</SYM><CD>15</CD><CD>mm</CD></NounPhrase></PrepPhrase></NounPhrase><VerbPhrase><VBD>were</VBD><VBN>polished</VBN><PrepPhrase><IN-WITH>with</IN-WITH><NounPhrase><JJ>abrasive</JJ><NN>paper</NN></NounPhrase></PrepPhrase></VerbPhrase><STOP>P500</STOP></Sentence><Sentence><ActionPhrase type="Wait"><Unmatched><CC>and</CC></Unmatched><VerbPhrase><VBD>cleaned</VBD><TimePhrase><IN-FOR>for</IN-FOR><CD>30</CD><NN-TIME>min</NN-TIME></TimePhrase><PrepPhrase><IN-IN>in</IN-IN><NounPhrase><MultipleApparatus><APPARATUS><DT>an</DT><JJ>ultrasonic</JJ><NN-APPARATUS>bath</NN-APPARATUS></APPARATUS></MultipleApparatus></NounPhrase></PrepPhrase></VerbPhrase></ActionPhrase><VerbPhrase><VB-USE>using</VB-USE></VerbPhrase><NounPhrase><MOLECULE><OSCARCM><OSCAR-CM>isopropanol</OSCAR-CM></OSCARCM><CITATION><_-LRB->(</_-LRB-><NNP>Alfa</NNP><NNP>Aesar</NNP><_-RRB->)</_-RRB-></CITATION></MOLECULE></NounPhrase><PrepPhrase><IN-AS>as</IN-AS><NounPhrase><DT>a</DT><JJ-CHEM>cleaning</JJ-CHEM><NN-CHEMENTITY>solvent</NN-CHEMENTITY></NounPhrase></PrepPhrase><STOP>.</STOP></Sentence></Document>
<?xml version="1.0" encoding="UTF-8"?>
<Document><Sentence><NounPhrase><DT-THE>The</DT-THE><NN>deposition</NN><PrepPhrase><IN-OF>of</IN-OF><NounPhrase><MOLECULE><OSCARCM><OSCAR-CM>GO-PPy</OSCAR-CM></OSCARCM></MOLECULE><NN>composite</NN></NounPhrase></PrepPhrase></NounPhrase><VerbPhrase><VBD>was</VBD><VBN>carried</VBN><RP>out</RP><PrepPhrase><IN-IN>in</IN-IN><NounPhrase><DT>a</DT><CD>three-electrode</CD><NN>cell</NN><NN>system</NN></NounPhrase></PrepPhrase><TempPhrase><IN>at</IN><NN-TEMP>room</NN-TEMP><NN-TEMP>temperature</NN-TEMP></TempPhrase></VerbPhrase><NounPhrase><MIXTURE><_-LRB->(</_-LRB-><CD>22</CD><NN>±</NN><CD>1</CD><NN-TEMP>oC</NN-TEMP><_-RRB->)</_-RRB-></MIXTURE></NounPhrase><VerbPhrase><VB-USE>using</VB-USE></VerbPhrase><NounPhrase><NNP>Reference</NNP><CD>600</CD><JJ-CHEM>potentiostat/galvanostat</JJ-CHEM><MIXTURE><_-LRB->(</_-LRB-><NNP>Gamry</NNP><_-RRB->)</_-RRB-></MIXTURE></NounPhrase><STOP>.</STOP></Sentence></Document>
<?xml version="1.0" encoding="UTF-8"?>
<Document><Sentence><NounPhrase><DT-THE>The</DT-THE><NNP>SS</NNP><NN>substrate</NN></NounPhrase><VerbPhrase><VBD>was</VBD><VBN>used</VBN><PrepPhrase><IN-AS>as</IN-AS><NounPhrase><DT>a</DT><JJ>working</JJ><NN>electrode</NN><COMMA>,</COMMA><WRB>where</WRB></NounPhrase></PrepPhrase></VerbPhrase><NounPhrase><DT-THE>the</DT-THE><MOLECULE><OSCARCM><OSCAR-CM>GO-PPy</OSCAR-CM></OSCARCM></MOLECULE><NN>composite</NN></NounPhrase><VerbPhrase><VBD>was</VBD><VBN>deposited</VBN></VerbPhrase><STOP>.</STOP></Sentence></Document>
<?xml version="1.0" encoding="UTF-8"?>
<Document><Sentence><NounPhrase><MOLECULE><OSCARCM><OSCAR-CM>Pt</OSCAR-CM></OSCARCM></MOLECULE><NN>wire</NN></NounPhrase><CC>and</CC><NounPhrase><DT>a</DT><NNP>SCE</NNP><MIXTURE><_-LRB->(</_-LRB-><JJ-CHEM>saturated</JJ-CHEM><JJ-CHEM>calomel</JJ-CHEM><NN>electrode</NN><_-RRB->)</_-RRB-></MIXTURE></NounPhrase><VerbPhrase><VBD>were</VBD><VBN>used</VBN><PrepPhrase><IN-AS>as</IN-AS><NounPhrase><NN>counter</NN><CC>and</CC><NN>reference</NN><NNS>electrodes</NNS></NounPhrase></PrepPhrase></VerbPhrase><COMMA>,</COMMA><Unmatched><RB>respectively</RB></Unmatched><STOP>.</STOP></Sentence></Document>
<?xml version="1.0" encoding="UTF-8"?>
<Document><Sentence><ActionPhrase type="Concentrate"><PrepPhrase><IN-IN>In</IN-IN><NounPhrase><DT>a</DT><JJ>typical</JJ><NN>experiment</NN><COMMA>,</COMMA><MOLECULE><QUANTITY><VOLUME><CD>10</CD><NN-VOL>mL</NN-VOL></VOLUME></QUANTITY><OSCAR-CJ>aqueous</OSCAR-CJ><OSCARCM><OSCAR-CM>GO</OSCAR-CM></OSCARCM><NN-CHEMENTITY>solution</NN-CHEMENTITY></MOLECULE><PrepPhrase><IN-OF>of</IN-OF><NounPhrase><CD>0.5</CD><JJ>mg·mL-1</JJ><NN-CONCENTRATE>concentration</NN-CONCENTRATE></NounPhrase></PrepPhrase></NounPhrase></PrepPhrase></ActionPhrase><ActionPhrase type="Add"><VerbPhrase><VBD>was</VBD><VB-ADD>mixed</VB-ADD><PrepPhrase><IN-WITH>with</IN-WITH><NounPhrase><MOLECULE><QUANTITY><VOLUME><CD>10</CD><NN-VOL>mL</NN-VOL></VOLUME></QUANTITY><OSCAR-CJ>aqueous</OSCAR-CJ><OSCARCM><OSCAR-CM>Py</OSCAR-CM></OSCARCM><MIXTURE><_-LRB->(</_-LRB-><OSCARCM><OSCAR-CM>pyrrole</OSCAR-CM></OSCARCM><_-RRB->)</_-RRB-></MIXTURE></MOLECULE><NN-CHEMENTITY>solution</NN-CHEMENTITY><PrepPhrase><IN-OF>of</IN-OF><NounPhrase><QUANTITY><MOLAR><CD>0.1</CD><NN-MOLAR>M</NN-MOLAR></MOLAR></QUANTITY><NN-CONCENTRATE>concentration</NN-CONCENTRATE></NounPhrase></PrepPhrase></NounPhrase></PrepPhrase></VerbPhrase></ActionPhrase><STOP>.</STOP></Sentence></Document>
<?xml version="1.0" encoding="UTF-8"?>
<Document><Sentence><ActionPhrase type="Wait"><NounPhrase><DT-THE>The</DT-THE><JJ-CHEM>mixed</JJ-CHEM><NN-CHEMENTITY>solution</NN-CHEMENTITY></NounPhrase><VerbPhrase><VBD>was</VBD><VBN>sonicated</VBN><TimePhrase><IN-FOR>for</IN-FOR><CD>5</CD><NN-TIME>min</NN-TIME></TimePhrase><PrepPhrase><IN-IN>in</IN-IN><NounPhrase><NN>order</NN></NounPhrase></PrepPhrase></VerbPhrase></ActionPhrase><VerbPhrase><TO>to</TO><VB>achieve</VB><JJ>homogeneous</JJ></VerbPhrase><NounPhrase><NN>dispersion</NN></NounPhrase><STOP>.</STOP></Sentence></Document>
<?xml version="1.0" encoding="UTF-8"?>
<Document><Sentence><ActionPhrase type="Purify"><NounPhrase><DT-THE>The</DT-THE><MOLECULE><OSCARCM><OSCAR-CM>Py</OSCAR-CM></OSCARCM><NN-CHEMENTITY>solution</NN-CHEMENTITY><MIXTURE><_-LRB->(</_-LRB-><NNP>Fluka</NNP><_-RRB->)</_-RRB-></MIXTURE></MOLECULE></NounPhrase><VerbPhrase><VBD>was</VBD><RB-CONJ>prior</RB-CONJ><VB-PURIFY>purified</VB-PURIFY><PrepPhrase><IN-IN>in</IN-IN><NounPhrase><DT-THE>the</DT-THE><NN>laboratory</NN></NounPhrase></PrepPhrase><PrepPhrase><IN-BY>by</IN-BY><NounPhrase><NN-PURIFY>distillation</NN-PURIFY></NounPhrase></PrepPhrase><PrepPhrase><IN-OVER>over</IN-OVER><NounPhrase><MOLECULE><OSCARCM><OSCAR-CM>calcium</OSCAR-CM><OSCAR-CM>hydride</OSCAR-CM></OSCARCM></MOLECULE></NounPhrase></PrepPhrase><PrepPhrase><IN-IN>in</IN-IN><NounPhrase><DT>a</DT><NN-VACUUM>vacuum</NN-VACUUM><NN>setup</NN></NounPhrase></PrepPhrase></VerbPhrase></ActionPhrase><CC>and</CC><VerbPhrase><VBN>stored</VBN><PrepPhrase><IN-IN>in</IN-IN><NounPhrase><DT-THE>the</DT-THE><NN>dark</NN></NounPhrase></PrepPhrase><AtmospherePhrase><IN-UNDER>under</IN-UNDER><MOLECULE><OSCARCM><OSCAR-CM>Ar</OSCAR-CM></OSCARCM><MIXTURE><_-LRB->(</_-LRB-><QUANTITY><PERCENT><CD>99.999</CD><NN-PERCENT>%</NN-PERCENT></PERCENT></QUANTITY><COMMA>,</COMMA><JJ>AGA</JJ><NNP>Eesti</NNP><_-RRB->)</_-RRB-></MIXTURE></MOLECULE><NN-ATMOSPHERE>atmosphere</NN-ATMOSPHERE></AtmospherePhrase><TempPhrase><IN>at</IN><DT>a</DT><JJ>low</JJ><NN-TEMP>temperature</NN-TEMP></TempPhrase></VerbPhrase><STOP>.</STOP></Sentence></Document>
<?xml version="1.0" encoding="UTF-8"?>
<Document><Sentence><PrepPhrase><TO>To</TO><NounPhrase><DT-THE>the</DT-THE><QUANTITY><VOLUME><CD>20</CD><NN-VOL>mL</NN-VOL></VOLUME></QUANTITY></NounPhrase></PrepPhrase><Unmatched><IN-OF>of</IN-OF></Unmatched><Unmatched><DT-THE>the</DT-THE></Unmatched><VerbPhrase><RB>previously</RB><VBN>mentioned</VBN><VBN>sonicated</VBN></VerbPhrase><ActionPhrase type="Concentrate"><NounPhrase><NN-CHEMENTITY>mixture</NN-CHEMENTITY><COMMA>,</COMMA><UNNAMEDMOLECULE><QUANTITY><VOLUME><CD>10</CD><NN-VOL>mL</NN-VOL></VOLUME></QUANTITY><OSCAR-CJ>aqueous</OSCAR-CJ><NN-CHEMENTITY>solution</NN-CHEMENTITY></UNNAMEDMOLECULE><PrepPhrase><IN-OF>of</IN-OF><NounPhrase><MOLECULE><OSCARCM><OSCAR-CM>oxalic</OSCAR-CM><OSCAR-CM>acid</OSCAR-CM></OSCARCM><CITATION><_-LRB->(</_-LRB-><NNP>Sigma</NNP><NNP>Aldrich</NNP><_-RRB->)</_-RRB-></CITATION></MOLECULE><PrepPhrase><IN-OF>of</IN-OF><NounPhrase><NN-CONCENTRATE>concentration</NN-CONCENTRATE><QUANTITY><MOLAR><CD>0.1</CD><NN-MOLAR>M</NN-MOLAR></MOLAR></QUANTITY><COMMA>,</COMMA><NN-PH>pH</NN-PH><NN>≈</NN><CD>1.3</CD></NounPhrase></PrepPhrase></NounPhrase></PrepPhrase></NounPhrase></ActionPhrase><ActionPhrase type="Add"><VerbPhrase><VBD>was</VBD><VB-ADD>added</VB-ADD></VerbPhrase></ActionPhrase><CC>and</CC><VerbPhrase><VB-SUSPEND>placed</VB-SUSPEND></VerbPhrase><Unmatched><IN-IN>in</IN-IN></Unmatched><Unmatched><DT-THE>the</DT-THE></Unmatched><VerbPhrase><JJ>above</JJ><VBN>described</VBN><JJ>electrochemical</JJ></VerbPhrase><NounPhrase><JJ-CHEM>cell</JJ-CHEM><NN>system</NN></NounPhrase><STOP>.</STOP></Sentence></Document>
<?xml version="1.0" encoding="UTF-8"?>
<Document><Sentence><ActionPhrase type="Wait"><NounPhrase><DT-THE>The</DT-THE><JJ-CHEM>coating</JJ-CHEM><NN>deposition</NN><NN>process</NN></NounPhrase><VerbPhrase><VBD>was</VBD><VBN>carried</VBN><RP>out</RP><TimePhrase><IN-FOR>for</IN-FOR><CD>10</CD><NN-TIME>min</NN-TIME></TimePhrase><PrepPhrase><IN-WITH>with</IN-WITH><NounPhrase><DT>a</DT><JJ>constant</JJ><JJ>current</JJ><NN>density</NN><PrepPhrase><IN-OF>of</IN-OF><NounPhrase><CD>0.5</CD><NNP>mA·cm-2</NNP></NounPhrase></PrepPhrase></NounPhrase></PrepPhrase></VerbPhrase></ActionPhrase><STOP>.</STOP></Sentence></Document>
<?xml version="1.0" encoding="UTF-8"?>
<Document><Sentence><ActionPhrase type="Wash"><NounPhrase><DT-THE>The</DT-THE><JJ-CHEM>prepared</JJ-CHEM><NN>coating</NN></NounPhrase><VerbPhrase><VBD>was</VBD><VB-WASH>washed</VB-WASH><PrepPhrase><IN-WITH>with</IN-WITH><NounPhrase><JJ>de-ionized</JJ><MOLECULE role="Solvent"><OSCARCM><OSCAR-CM>water</OSCAR-CM></OSCARCM></MOLECULE></NounPhrase></PrepPhrase></VerbPhrase></ActionPhrase><CC>and</CC><ActionPhrase type="Dry"><VerbPhrase><VB-DRY>dried</VB-DRY><PrepPhrase><IN-IN>in</IN-IN><NounPhrase><DT-THE>the</DT-THE><NN>air</NN></NounPhrase></PrepPhrase></VerbPhrase></ActionPhrase><STOP>.</STOP></Sentence></Document>
<?xml version="1.0" encoding="UTF-8"?>
<Document><Sentence><Unmatched><DT>All</DT></Unmatched><PrepPhrase><IN-OF>of</IN-OF><NounPhrase><DT-THE>the</DT-THE><JJ>electrochemical</JJ><NN>corrosion</NN><NNS>analyses</NNS></NounPhrase></PrepPhrase><VerbPhrase><VBD>were</VBD><VBN>carried</VBN><RP>out</RP><PrepPhrase><IN-IN>in</IN-IN><MOLECULE><QUANTITY><PERCENT><CD>3.5</CD><NN-PERCENT>%</NN-PERCENT></PERCENT></QUANTITY><OSCARCM><OSCAR-CM>NaCl</OSCAR-CM></OSCARCM><OSCAR-CJ>aqueous</OSCAR-CJ></MOLECULE></PrepPhrase></VerbPhrase><NounPhrase><NN>electrolyte</NN></NounPhrase><STOP>.</STOP></Sentence></Document>
<?xml version="1.0" encoding="UTF-8"?>
<Document><Sentence><NounPhrase><DT-THE>The</DT-THE><JJ>tested</JJ><NN>area</NN><PrepPhrase><IN-OF>of</IN-OF><NounPhrase><DT>each</DT><NN>sample</NN><PrepPhrase><IN-OF>of</IN-OF><NounPhrase><CD>1</CD><NN>cm2</NN></NounPhrase></PrepPhrase></NounPhrase></PrepPhrase></NounPhrase><VerbPhrase><VBD>was</VBD><VBN>fixed</VBN></VerbPhrase><VerbPhrase><IN-BY>by</IN-BY><VB-USE>using</VB-USE><JJ>special</JJ></VerbPhrase><NounPhrase><QUANTITY><MOLAR><CD>3</CD><NN-MOLAR>M</NN-MOLAR></MOLAR></QUANTITY><TM-UNICODE>™</TM-UNICODE><JJ>electroplating</JJ><NN>tape</NN><NNS>masks</NNS><MIXTURE><_-LRB->(</_-LRB-><NNP>Gamry</NNP><_-RRB->)</_-RRB-></MIXTURE></NounPhrase><STOP>.</STOP></Sentence></Document>
<?xml version="1.0" encoding="UTF-8"?>
<Document><Sentence><NounPhrase><DT-THE>The</DT-THE><NNP>Tafel</NNP><NN>scan</NN></NounPhrase><VerbPhrase><VBD>was</VBD><VBN>performed</VBN></VerbPhrase><PrepPhrase><IN-AFTER>after</IN-AFTER><NounPhrase><NN>stabilization</NN><PrepPhrase><IN-OF>of</IN-OF><NounPhrase><DT-THE>the</DT-THE><MOLECULE><OSCARCM><OSCAR-CM>OCP</OSCAR-CM></OSCARCM><MIXTURE><_-LRB->(</_-LRB-><JJ>open</JJ><JJ-CHEM>circuit</JJ-CHEM><NN>potential</NN><_-RRB->)</_-RRB-></MIXTURE></MOLECULE></NounPhrase></PrepPhrase></NounPhrase></PrepPhrase><STOP>.</STOP></Sentence></Document>
<?xml version="1.0" encoding="UTF-8"?>
<Document><Sentence><ActionPhrase type="Yield"><NounPhrase><DT>Each</DT><NNP>Tafel</NNP><NN>plot</NN></NounPhrase><VerbPhrase><VBD>was</VBD><VB-YIELD>obtained</VB-YIELD><PrepPhrase><IN>within</IN><NounPhrase><DT-THE>the</DT-THE><JJ>potential</JJ><NN>range</NN></NounPhrase></PrepPhrase></VerbPhrase></ActionPhrase><VerbPhrase><VBG>starting</VBG><PrepPhrase><IN-FROM>from</IN-FROM><NounPhrase><CD>-250</CD><NNP>mV</NNP></NounPhrase></PrepPhrase><PrepPhrase><TO>to+250</TO><NounPhrase><NNP>mV</NNP></NounPhrase></PrepPhrase><PrepPhrase><JJ>relative</JJ><TO>to</TO><NounPhrase><MOLECULE><OSCARCM><OSCAR-CM>OCP</OSCAR-CM></OSCARCM></MOLECULE></NounPhrase></PrepPhrase></VerbPhrase><STOP>.</STOP></Sentence></Document>
<?xml version="1.0" encoding="UTF-8"?>
<Document><Sentence><NounPhrase><DT-THE>The</DT-THE><JJ>typical</JJ><JJ>scan</JJ><NN>rate</NN><PrepPhrase><IN-OF>of</IN-OF><NounPhrase><CD>0.125</CD><NNP>mV/s</NNP></NounPhrase></PrepPhrase></NounPhrase><VerbPhrase><VBD>was</VBD><VBN>applied</VBN><PrepPhrase><IN-FOR>for</IN-FOR><NounPhrase><NNP>Tafel</NNP><NNS>plots</NNS></NounPhrase></PrepPhrase></VerbPhrase><STOP>.</STOP></Sentence></Document>
<?xml version="1.0" encoding="UTF-8"?>
<Document><Sentence><NounPhrase><DT-THE>The</DT-THE><NN>voltammetry</NN><NNS>scans</NNS></NounPhrase><VerbPhrase><VBD>were</VBD><VBN>carried</VBN><RP>out</RP><PrepPhrase><IN-WITH>with</IN-WITH><NounPhrase><DT>a</DT><JJ-CHEM>scanning</JJ-CHEM><NN>rate</NN><PrepPhrase><IN-OF>of</IN-OF><NounPhrase><CD>10</CD><NNP>mV/s</NNP></NounPhrase></PrepPhrase></NounPhrase></PrepPhrase><PrepPhrase><IN>within</IN><NounPhrase><DT-THE>the</DT-THE><JJ>potential</JJ><NN>range</NN></NounPhrase></PrepPhrase><PrepPhrase><IN-FROM>from</IN-FROM><NounPhrase><CD>-1</CD></NounPhrase></PrepPhrase><PrepPhrase><TO>to+1</TO><NounPhrase><NNP>V</NNP></NounPhrase></PrepPhrase><PrepPhrase><IN-WITH>with</IN-WITH><NounPhrase><NN>respect</NN></NounPhrase></PrepPhrase><PrepPhrase><TO>to</TO><NounPhrase><NNP>SCE</NNP></NounPhrase></PrepPhrase></VerbPhrase><STOP>.</STOP></Sentence></Document>
<?xml version="1.0" encoding="UTF-8"?>
<Document><Sentence><Unmatched><RB>Finally</RB></Unmatched><Unmatched><COMMA>,</COMMA></Unmatched><NounPhrase><DT-THE>the</DT-THE><NNS>samples</NNS></NounPhrase><VerbPhrase><VBD>were</VBD><VBN>tested</VBN><VB-USE>using</VB-USE></VerbPhrase><NounPhrase><DT-THE>the</DT-THE><JJ>standard</JJ><MOLECULE><OSCARCM><OSCAR-CM>ASTM</OSCAR-CM></OSCARCM><MIXTURE><_-LRB->(</_-LRB-><NNP>American</NNP><NNP>Society</NNP><IN-FOR>for</IN-FOR><VBG>Testing</VBG><CC>and</CC><NN-CHEMENTITY>Materials</NN-CHEMENTITY><_-RRB->)</_-RRB-></MIXTURE></MOLECULE><NN>G48A</NN><NN-CHEMENTITY>salt</NN-CHEMENTITY><NN>test</NN><NN>analysis</NN></NounPhrase><Unmatched><_-LRB->(</_-LRB-></Unmatched><NounPhrase><DT>a</DT><NN>test</NN></NounPhrase><PrepPhrase><IN-FOR>for</IN-FOR><NounPhrase><NN>pitting</NN><CC>and</CC><NN>crevice</NN><NN>corrosion</NN><NN>resistance</NN><PrepPhrase><IN-OF>of</IN-OF><NounPhrase><JJ>stainless</JJ><NN>steel</NN><NNS>alloys</NNS></NounPhrase></PrepPhrase></NounPhrase></PrepPhrase><Unmatched><_-RRB->)</_-RRB-></Unmatched><STOP>.</STOP></Sentence></Document>
<?xml version="1.0" encoding="UTF-8"?>
<Document><Sentence><NounPhrase><DT-THE>The</DT-THE><NNS>samples</NNS></NounPhrase><VerbPhrase><VBD>were</VBD><VB-IMMERSE>immersed</VB-IMMERSE><PrepPhrase><IN-INTO>into</IN-INTO><NounPhrase><QUANTITY><PERCENT><CD>6</CD><NN-PERCENT>%</NN-PERCENT></PERCENT></QUANTITY><NN>ferric</NN><MOLECULE><OSCARCM><OSCAR-CM>chloride</OSCAR-CM></OSCARCM><MIXTURE><_-LRB->(</_-LRB-><OSCARCM><OSCAR-CM>FeCl3·6H2O</OSCAR-CM></OSCARCM><COMMA>,</COMMA><NNP>Sigma</NNP><NNP>Aldrich</NNP><_-RRB->)</_-RRB-></MIXTURE></MOLECULE><OSCAR-CJ>aqueous</OSCAR-CJ><NN-CHEMENTITY>solution</NN-CHEMENTITY></NounPhrase></PrepPhrase></VerbPhrase><COMMA>,</COMMA><NounPhrase><DT-THE>the</DT-THE><NN-PH>pH</NN-PH><PrepPhrase><IN-OF>of</IN-OF><NounPhrase><WDT>which</WDT></NounPhrase></PrepPhrase></NounPhrase><VerbPhrase><VBD>was</VBD><VBN>adjusted</VBN><PrepPhrase><TO>to</TO><NounPhrase><CD>1</CD></NounPhrase></PrepPhrase><PrepPhrase><IN-WITH>with</IN-WITH><NounPhrase><JJ-CHEM>adding</JJ-CHEM><MOLECULE><OSCARCM><OSCAR-CM>HCl</OSCAR-CM><OSCAR-CM>acid</OSCAR-CM></OSCARCM></MOLECULE></NounPhrase></PrepPhrase></VerbPhrase><STOP>.</STOP></Sentence></Document>
<?xml version="1.0" encoding="UTF-8"?>
<Document><Sentence><ActionPhrase type="Wait"><NounPhrase><DT-THE>The</DT-THE><NN>test</NN></NounPhrase><VerbPhrase><VBD>was</VBD><VBN>carried</VBN><RP>out</RP><TimePhrase><IN-FOR>for</IN-FOR><CD>six</CD><NN-TIME>days</NN-TIME></TimePhrase></VerbPhrase></ActionPhrase><STOP>.</STOP></Sentence></Document>
<?xml version="1.0" encoding="UTF-8"?>
<Document><Sentence><NounPhrase><DT-THE>The</DT-THE><JJ-CHEM>tested</JJ-CHEM><NNS>substrates</NNS></NounPhrase><VerbPhrase><VBD>were</VBD><VBN>examined</VBN><PrepPhrase><IN-WITH>with</IN-WITH><NounPhrase><NNP>HR-SEM</NNP><MIXTURE><_-LRB->(</_-LRB-><JJ-CHEM>high-resolution</JJ-CHEM><JJ-CHEM>scanning</JJ-CHEM><NN>electron</NN><NNS>microscope-Helios</NNS><NNP>Nanolab</NNP><CD>600</CD><COMMA>,</COMMA><MOLECULE><OSCARCM><OSCAR-CM>FEI</OSCAR-CM></OSCARCM></MOLECULE><_-RRB->)</_-RRB-></MIXTURE></NounPhrase></PrepPhrase></VerbPhrase><STOP>.</STOP></Sentence></Document>
<?xml version="1.0" encoding="UTF-8"?>
<Document><Sentence><NounPhrase><PROCEDURE><CD>3</CD></PROCEDURE><STOP>.</STOP></NounPhrase></Sentence></Document>
<?xml version="1.0" encoding="UTF-8"?>
<Document/>
