<?xml version="1.0" encoding="UTF-8"?>
<Document><Sentence><NounPhrase><MOLECULE><OSCARCM><OSCAR-CM>EXPERIMENTAL</OSCAR-CM></OSCARCM><REFERENCETOCOMPOUND><CD>2.1</CD></REFERENCETOCOMPOUND></MOLECULE></NounPhrase><STOP>.</STOP></Sentence></Document>
<?xml version="1.0" encoding="UTF-8"?>
<Document><Sentence><NounPhrase><NN-CHEMENTITY>Materials</NN-CHEMENTITY><CC>and</CC><NN-CHEMENTITY>solutions</NN-CHEMENTITY><MOLECULE><JJ-CHEM>Cylindrical-shaped</JJ-CHEM><JJ>commercial</JJ><OSCARCM><OSCAR-CM>carbon</OSCAR-CM></OSCARCM></MOLECULE><NN>steel</NN><NNS>coupons</NNS></NounPhrase><PrepPhrase><IN-WITH>with</IN-WITH><NounPhrase><JJ>15mm</JJ><NN>thickness</NN><CC>and</CC><JJ>0.5cm</JJ><NN>hight</NN></NounPhrase></PrepPhrase><PrepPhrase><IN-FROM>from</IN-FROM><NounPhrase><NNP>Armco</NNP></NounPhrase></PrepPhrase><Unmatched><_-LRB->(</_-LRB-></Unmatched><NounPhrase><NNP>Part</NNP><NNP>Number</NNP></NounPhrase><COLON>:</COLON><NounPhrase><NNP>CO1113770204120</NNP></NounPhrase><COMMA>,</COMMA><Unmatched><DT>C1018</DT></Unmatched><Unmatched><_-RRB->)</_-RRB-></Unmatched><Unmatched><COMMA>,</COMMA></Unmatched><NounPhrase><JJ>Serial</JJ><NNP>Number</NNP></NounPhrase><COLON>:</COLON><NounPhrase><CD>2524</CD></NounPhrase><VerbPhrase><VBD>were</VBD><VBN>used</VBN></VerbPhrase><STOP>.</STOP></Sentence></Document>
<?xml version="1.0" encoding="UTF-8"?>
<Document><Sentence><PrepPhrase><IN>C1018</IN><NounPhrase><MOLECULE><OSCARCM><OSCAR-CM>carbon</OSCAR-CM></OSCARCM></MOLECULE><NN>steel</NN><MIXTURE><_-LRB->(</_-LRB-><NNP>CS</NNP><_-RRB->)</_-RRB-></MIXTURE></NounPhrase></PrepPhrase><VerbPhrase><VBZ>is</VBZ><VBN>composed</VBN><PrepPhrase><IN-OF>of</IN-OF><NounPhrase><MOLECULE><QUANTITY><PERCENT><CD>0.26wt</CD><NN-PERCENT>%</NN-PERCENT></PERCENT></QUANTITY><OSCARCM><OSCAR-CM>C</OSCAR-CM></OSCARCM></MOLECULE><COMMA>,</COMMA><MOLECULE><QUANTITY><PERCENT><CD>0.46wt</CD><NN-PERCENT>%</NN-PERCENT></PERCENT></QUANTITY><OSCARCM><OSCAR-CM>Mn</OSCAR-CM></OSCARCM></MOLECULE><COMMA>,</COMMA><MOLECULE><QUANTITY><PERCENT><CD>0.27wt</CD><NN-PERCENT>%</NN-PERCENT></PERCENT></QUANTITY><OSCARCM><OSCAR-CM>Si</OSCAR-CM></OSCARCM></MOLECULE><COMMA>,</COMMA><MOLECULE><QUANTITY><PERCENT><CD>0.035wt</CD><NN-PERCENT>%</NN-PERCENT></PERCENT></QUANTITY><OSCARCM><OSCAR-CM>S</OSCAR-CM></OSCARCM></MOLECULE></NounPhrase></PrepPhrase></VerbPhrase><COMMA>,</COMMA><Unmatched><IN>0.11wt</IN></Unmatched><Unmatched><NN-PERCENT>%</NN-PERCENT></Unmatched><NounPhrase><MOLECULE><OSCARCM><OSCAR-CM>Cr</OSCAR-CM></OSCARCM></MOLECULE><COMMA>,</COMMA><MOLECULE><QUANTITY><PERCENT><CD>0.09wt</CD><NN-PERCENT>%</NN-PERCENT></PERCENT></QUANTITY><OSCARCM><OSCAR-CM>Ni</OSCAR-CM></OSCARCM></MOLECULE><COMMA>,</COMMA><MOLECULE><QUANTITY><PERCENT><CD>0.01wt</CD><NN-PERCENT>%</NN-PERCENT></PERCENT></QUANTITY><OSCARCM><OSCAR-CM>P</OSCAR-CM></OSCARCM></MOLECULE><CC>and</CC><MOLECULE><QUANTITY><PERCENT><CD>0.15wt</CD><NN-PERCENT>%</NN-PERCENT></PERCENT></QUANTITY><OSCARCM><OSCAR-CM>Cu</OSCAR-CM></OSCARCM></MOLECULE></NounPhrase><PrepPhrase><IN-WITH>with</IN-WITH><NounPhrase><DT-THE>the</DT-THE><NN>remainder</NN><MOLECULE><OSCARCM><OSCAR-CM>Fe</OSCAR-CM></OSCARCM></MOLECULE></NounPhrase></PrepPhrase><STOP>.</STOP></Sentence></Document>
<?xml version="1.0" encoding="UTF-8"?>
<Document><Sentence><NounPhrase><DT>C1018</DT><NN>plate</NN><PrepPhrase><IN-OF>of</IN-OF><NounPhrase><CD>6</CD><CD>mm</CD><NN>thickness</NN></NounPhrase></PrepPhrase></NounPhrase><VerbPhrase><VBD>was</VBD><VBN>cut</VBN><PrepPhrase><TO>to</TO><NounPhrase><CD>10</CD><CD>mm</CD><NNP>X</NNP><CD>10</CD><CD>mm</CD><NN>size</NN><NNS>coupons</NNS></NounPhrase></PrepPhrase></VerbPhrase><STOP>.</STOP></Sentence></Document>
<?xml version="1.0" encoding="UTF-8"?>
<Document><Sentence><ActionPhrase type="Heat"><PrepPhrase><IN-BEFORE>Before</IN-BEFORE><NounPhrase><DT>every</DT><NN>experiment</NN></NounPhrase></PrepPhrase><COMMA>,</COMMA><NounPhrase><DT-THE>the</DT-THE><NNS>coupons</NNS></NounPhrase><VerbPhrase><VBD>were</VBD><RB>mechanically</RB><VBN>polished</VBN><VB-USE>using</VB-USE><VB-INCREASE>increasing</VB-INCREASE><JJR>better</JJR></VerbPhrase><NounPhrase><NN>quality</NN><NNS>grades</NNS><PrepPhrase><IN-OF>of</IN-OF><NounPhrase><MOLECULE><OSCARCM><OSCAR-CM>silicon</OSCAR-CM></OSCARCM></MOLECULE><NN>carbide</NN><NNS>papers</NNS></NounPhrase></PrepPhrase></NounPhrase><PrepPhrase><IN-FROM>from</IN-FROM><NounPhrase><CD>400</CD></NounPhrase></PrepPhrase><PrepPhrase><RB>up</RB><TO>to</TO><NounPhrase><CD>1200</CD><NN>grit</NN></NounPhrase></PrepPhrase></ActionPhrase><STOP>.</STOP></Sentence></Document>
<?xml version="1.0" encoding="UTF-8"?>
<Document><Sentence><VerbPhrase><IN-AFTER>After</IN-AFTER><VBG>polishing</VBG></VerbPhrase><NounPhrase><DT-THE>the</DT-THE><NNS>coupons</NNS></NounPhrase><ActionPhrase type="Wait"><VerbPhrase><VBD>were</VBD><RB>ultrasonically</RB><VBN>agitated</VBN><TimePhrase><IN-FOR>for</IN-FOR><CD>15</CD><NN-TIME>min</NN-TIME></TimePhrase><CC>and</CC><PrepPhrase><JJ>clean</JJ><IN-BY>by</IN-BY><NounPhrase><NN>immersion</NN></NounPhrase></PrepPhrase><PrepPhrase><TO>to</TO><NounPhrase><JJ>pure</JJ><MOLECULE><OSCARCM><OSCAR-CM>ethanol</OSCAR-CM></OSCARCM></MOLECULE></NounPhrase></PrepPhrase><PrepPhrase><IN-FOR>for</IN-FOR><NounPhrase><UNNAMEDMOLECULE><REFERENCETOCOMPOUND><CD-ALPHANUM>1h</CD-ALPHANUM></REFERENCETOCOMPOUND></UNNAMEDMOLECULE></NounPhrase></PrepPhrase></VerbPhrase></ActionPhrase><STOP>.</STOP></Sentence></Document>
<?xml version="1.0" encoding="UTF-8"?>
<Document><Sentence><NounPhrase><PROCEDURE><CD>2.2</CD></PROCEDURE><STOP>.</STOP></NounPhrase></Sentence></Document>
<?xml version="1.0" encoding="UTF-8"?>
<Document><Sentence><ActionPhrase type="Synthesize"><NounPhrase><MultipleApparatus><APPARATUS><NN-APPARATUS>Bath</NN-APPARATUS></APPARATUS></MultipleApparatus></NounPhrase><PrepPhrase><IN-OF>of</IN-OF><NounPhrase><NNP>Electroless</NNP><NN>deposition</NN></NounPhrase></PrepPhrase><NounPhrase><DT-THE>The</DT-THE><MOLECULE><OSCARCM><OSCAR-CM>zinc</OSCAR-CM></OSCARCM><JJ>ternary</JJ></MOLECULE><JJ-CHEM>alloy</JJ-CHEM><NN>coating</NN></NounPhrase><VerbPhrase><VBD>was</VBD><VB-SYNTHESIZE>prepared</VB-SYNTHESIZE><PrepPhrase><IN-FROM>from</IN-FROM><NounPhrase><DT-THE>the</DT-THE><MOLECULE><OSCARCM><OSCAR-CM>sodium</OSCAR-CM><OSCAR-CM>hypophosphite</OSCAR-CM></OSCARCM></MOLECULE></NounPhrase></PrepPhrase></VerbPhrase></ActionPhrase><VerbPhrase><VB>electrolyte</VB></VerbPhrase><NounPhrase><MultipleApparatus><APPARATUS><NN-APPARATUS>bath</NN-APPARATUS></APPARATUS></MultipleApparatus></NounPhrase><PrepPhrase><IN-BY>by</IN-BY><NounPhrase><NNS>means</NNS><PrepPhrase><IN-OF>of</IN-OF><NounPhrase><DT-THE>the</DT-THE><JJ-CHEM>chemical</JJ-CHEM><NN>composition</NN></NounPhrase></PrepPhrase></NounPhrase></PrepPhrase><VerbPhrase><VBN>shown</VBN><PrepPhrase><IN-IN>in</IN-IN><MOLECULE><OSCARCM><OSCAR-CM>Table1</OSCAR-CM></OSCARCM></MOLECULE></PrepPhrase></VerbPhrase><STOP>.</STOP></Sentence></Document>
<?xml version="1.0" encoding="UTF-8"?>
<Document><Sentence><NounPhrase><CaptionLabel><NNP-LABEL>Table</NNP-LABEL><CD>1</CD></CaptionLabel></NounPhrase><STOP>.</STOP></Sentence></Document>
<?xml version="1.0" encoding="UTF-8"?>
<Document><Sentence><ActionPhrase type="Synthesize"><NounPhrase><DT-THE>The</DT-THE><JJ>Experimental</JJ><NNS>conditions</NNS></NounPhrase><VerbPhrase><TO>to</TO><VB-SYNTHESIZE>prepare</VB-SYNTHESIZE></VerbPhrase><NounPhrase><DT-THE>the</DT-THE><JJ-CHEM>alloy</JJ-CHEM><NN>coating</NN></NounPhrase></ActionPhrase><STOP>.</STOP></Sentence></Document>
<?xml version="1.0" encoding="UTF-8"?>
<Document><Sentence><NounPhrase><NNP>Chemical</NNP><NN>composition</NN><NN>wt</NN></NounPhrase><Unmatched><_-LRB->(</_-LRB-></Unmatched><Unmatched><NN-MASS>gram</NN-MASS></Unmatched><Unmatched><_-RRB->)</_-RRB-></Unmatched><PrepPhrase><IN-IN>in</IN-IN><NounPhrase><NN-VOL>liter</NN-VOL><MOLECULE><OSCARCM><OSCAR-CM>Nickel</OSCAR-CM><OSCAR-CM>sulfate(NiSO4.6H2O)</OSCAR-CM></OSCARCM><REFERENCETOCOMPOUND><CD>28</CD></REFERENCETOCOMPOUND><OSCARCM><OSCAR-CM>Sodium</OSCAR-CM><OSCAR-CM>hypophosphite(NaH2PO2)</OSCAR-CM></OSCARCM><REFERENCETOCOMPOUND><CD>20</CD></REFERENCETOCOMPOUND><OSCARCM><OSCAR-CM>Sodium</OSCAR-CM><OSCAR-CM>citrate(C6H8Na3.2H2O)</OSCAR-CM></OSCARCM><REFERENCETOCOMPOUND><CD>35</CD></REFERENCETOCOMPOUND></MOLECULE><NNP>Lactic</NNP><UNNAMEDMOLECULE><NN-CHEMENTITY>Acid</NN-CHEMENTITY><REFERENCETOCOMPOUND><CD>5</CD></REFERENCETOCOMPOUND></UNNAMEDMOLECULE><MOLECULE><OSCARCM><OSCAR-CM>Ammonium</OSCAR-CM><OSCAR-CM>sulfate(NH4SO4)</OSCAR-CM></OSCARCM><REFERENCETOCOMPOUND><CD>30</CD></REFERENCETOCOMPOUND><OSCARCM><OSCAR-CM>Zinc</OSCAR-CM><OSCAR-CM>sulfate(ZnSO4.7H2O)</OSCAR-CM></OSCARCM><REFERENCETOCOMPOUND><CD>3</CD></REFERENCETOCOMPOUND></MOLECULE><NNP>Operating</NNP><NNP>Condition</NNP><QUANTITY><PH><NN-PH>pH</NN-PH><CD>8.0</CD></PH></QUANTITY><NN-TEMP>Temperature</NN-TEMP><CD>90±2</CD><NNP>Deposition</NNP><NN>rate</NN><MIXTURE><_-LRB->(</_-LRB-><MOLECULE><OSCARCM><OSCAR-CM>∆m/h</OSCAR-CM></OSCARCM></MOLECULE><_-RRB->)</_-RRB-></MIXTURE><CD>8-10</CD></NounPhrase></PrepPhrase><PrepPhrase><IN>Throughout</IN><NounPhrase><DT-THE>the</DT-THE><JJ-CHEM>deposition</JJ-CHEM><NN>process</NN></NounPhrase></PrepPhrase><COMMA>,</COMMA><NounPhrase><DT-THE>the</DT-THE><APPARATUS><NN-APPARATUS>bath</NN-APPARATUS></APPARATUS><NN-PH>pH</NN-PH></NounPhrase><VerbPhrase><VBD>was</VBD><VBN>adjusted</VBN><PrepPhrase><IN>at</IN><NounPhrase><CD>8</CD><NN>value</NN></NounPhrase></PrepPhrase><PrepPhrase><IN-BY>by</IN-BY><NounPhrase><MOLECULE><OSCARCM><OSCAR-CM>sodium</OSCAR-CM><OSCAR-CM>hydroxide</OSCAR-CM></OSCARCM></MOLECULE></NounPhrase></PrepPhrase></VerbPhrase><STOP>.</STOP></Sentence></Document>
<?xml version="1.0" encoding="UTF-8"?>
<Document><Sentence><ActionPhrase type="Synthesize"><Unmatched><DT>Each</DT></Unmatched><Unmatched><CC>and</CC></Unmatched><NounPhrase><DT>every</DT><CD>one</CD><PrepPhrase><IN-OF>of</IN-OF><NounPhrase><NN-CHEMENTITY>solutions</NN-CHEMENTITY></NounPhrase></PrepPhrase></NounPhrase><VerbPhrase><VBD>was</VBD><VB-SYNTHESIZE>prepared</VB-SYNTHESIZE><PrepPhrase><IN>through</IN><NounPhrase><JJ>analytical</JJ><JJ-CHEM>grade</JJ-CHEM><NN-CHEMENTITY>reagents</NN-CHEMENTITY></NounPhrase></PrepPhrase><PrepPhrase><IN-FROM>from</IN-FROM><NounPhrase><NNP>Sigma-Aldrich</NNP></NounPhrase></PrepPhrase></VerbPhrase></ActionPhrase><CC>and</CC><ActionPhrase type="Purify"><VerbPhrase><VB-PURIFY>distilled</VB-PURIFY></VerbPhrase><NounPhrase><MOLECULE><OSCARCM><OSCAR-CM>water</OSCAR-CM></OSCARCM></MOLECULE></NounPhrase></ActionPhrase><STOP>.</STOP></Sentence></Document>
<?xml version="1.0" encoding="UTF-8"?>
<Document><Sentence><NounPhrase><DT-THE>The</DT-THE><JJ>experimental</JJ><NNS>conditions</NNS></NounPhrase><VerbPhrase><VBP>are</VBP><VBN>given</VBN><RB>also</RB></VerbPhrase><VerbPhrase><IN-AS>as</IN-AS><VBN>mentioned</VBN><PrepPhrase><IN>inside</IN><NounPhrase><MOLECULE><OSCARCM><OSCAR-CM>Table1</OSCAR-CM></OSCARCM></MOLECULE></NounPhrase></PrepPhrase></VerbPhrase><STOP>.</STOP></Sentence></Document>
<?xml version="1.0" encoding="UTF-8"?>
<Document><Sentence><NounPhrase><NNP>Int</NNP></NounPhrase><STOP>.</STOP></Sentence></Document>
<?xml version="1.0" encoding="UTF-8"?>
<Document><Sentence><NounPhrase><PROCEDURE><NN-IDENTIFIER>J</NN-IDENTIFIER></PROCEDURE><STOP>.</STOP></NounPhrase></Sentence><Sentence><NounPhrase><NNP>Electrochem</NNP></NounPhrase><STOP>.</STOP></Sentence></Document>
<?xml version="1.0" encoding="UTF-8"?>
<Document><Sentence><NounPhrase><NNP>Sci</NNP></NounPhrase><STOP>.</STOP></Sentence><Sentence><Unmatched><COMMA>,</COMMA></Unmatched></Sentence></Document>
<?xml version="1.0" encoding="UTF-8"?>
<Document/>
<?xml version="1.0" encoding="UTF-8"?>
<Document><Sentence><NounPhrase><CD>11</CD><COMMA>,</COMMA><CD>2016</CD><CD>5493</CD><CD>2.3</CD></NounPhrase><STOP>.</STOP></Sentence></Document>
<?xml version="1.0" encoding="UTF-8"?>
<Document><Sentence><NounPhrase><NNP>Surface</NNP><NNP>Analysis</NNP><NNPS>Studies</NNPS></NounPhrase><NounPhrase><DT-THE>The</DT-THE><JJ-CHEM>surface</JJ-CHEM><NN>morphology</NN><CC>and</CC><NN>chemical</NN><NN>composition</NN><PrepPhrase><IN-OF>of</IN-OF><NounPhrase><MOLECULE><OSCARCM><OSCAR-CM>C1018</OSCAR-CM></OSCARCM></MOLECULE><CC>and</CC><MOLECULE><OSCARCM><OSCAR-CM>Ni-Zn-P</OSCAR-CM></OSCARCM></MOLECULE><NN>alloy</NN><NN>coating</NN><NNS>samples</NNS></NounPhrase></PrepPhrase></NounPhrase><VerbPhrase><VBD>were</VBD><VBN>examined</VBN></VerbPhrase><CC>and</CC><VerbPhrase><VBN>investigated</VBN></VerbPhrase><VerbPhrase><IN-BY>by</IN-BY><VBG>scanning</VBG></VerbPhrase><NounPhrase><NN>electron</NN><NN>microscope</NN><COMMA>,</COMMA><NNP>SEM</NNP></NounPhrase><COMMA>,</COMMA><PrepPhrase><IN-WITH>with</IN-WITH><NounPhrase><NN>energy</NN><JJ>dispersive</JJ><JJ-CHEM>X-ray</JJ-CHEM><NN>spectra</NN><COMMA>,</COMMA><MOLECULE><OSCARCM><OSCAR-CM>EDX</OSCAR-CM></OSCARCM></MOLECULE><COMMA>,</COMMA><NN>analysis</NN></NounPhrase></PrepPhrase><PrepPhrase><IN-BY>by</IN-BY><NounPhrase><CD>JEOL-840</CD><NN>electron</NN><NN>prop</NN><JJ>micro</JJ><NN>analyzer</NN><UNNAMEDMOLECULE><REFERENCETOCOMPOUND><LSQB>[</LSQB><CD>23</CD><RSQB>]</RSQB></REFERENCETOCOMPOUND></UNNAMEDMOLECULE></NounPhrase></PrepPhrase><STOP>.</STOP></Sentence></Document>
<?xml version="1.0" encoding="UTF-8"?>
<Document><Sentence><NounPhrase><PROCEDURE><CD>2.4</CD></PROCEDURE><STOP>.</STOP></NounPhrase></Sentence></Document>
<?xml version="1.0" encoding="UTF-8"?>
<Document><Sentence><NounPhrase><NNP>Electrochemical</NNP><NN>impedance</NN><NN>spectroscopy</NN><NNS>measurements</NNS></NounPhrase><NounPhrase><DT-THE>The</DT-THE><JJ-CHEM>corrosion</JJ-CHEM><NN>resistance</NN><PrepPhrase><IN-OF>of</IN-OF><NounPhrase><DT-THE>the</DT-THE><MOLECULE><OSCARCM><OSCAR-CM>C1018</OSCAR-CM></OSCARCM></MOLECULE><CC>and</CC><MOLECULE><OSCARCM><OSCAR-CM>Ni-Zn-P</OSCAR-CM></OSCARCM></MOLECULE><NN>alloy</NN><NN>coating</NN></NounPhrase></PrepPhrase></NounPhrase><VerbPhrase><VBD>was</VBD><VBN>investigated</VBN><PrepPhrase><IN-IN>in</IN-IN><NounPhrase><JJ>free</JJ><JJ>artificial</JJ><NN>sea</NN><MOLECULE><OSCARCM><OSCAR-CM>water</OSCAR-CM></OSCARCM><REFERENCETOCOMPOUND><_-LRB->(</_-LRB-><NN-IDENTIFIER>A</NN-IDENTIFIER><_-RRB->)</_-RRB-></REFERENCETOCOMPOUND></MOLECULE></NounPhrase></PrepPhrase><CC>and</CC><PrepPhrase><IN-IN>in</IN-IN><NounPhrase><JJ>artificial</JJ><NN>sea</NN><MOLECULE><OSCARCM><OSCAR-CM>water</OSCAR-CM></OSCARCM><JJ>containing</JJ></MOLECULE><NNP>P</NNP></NounPhrase></PrepPhrase></VerbPhrase><STOP>.</STOP></Sentence><Sentence><NounPhrase><NN>aeruginosa</NN><UNNAMEDMOLECULE><REFERENCETOCOMPOUND><_-LRB->(</_-LRB-><NN-IDENTIFIER>B</NN-IDENTIFIER><_-RRB->)</_-RRB-></REFERENCETOCOMPOUND></UNNAMEDMOLECULE><NN-CHEMENTITY>solutions</NN-CHEMENTITY></NounPhrase><TempPhrase><IN>at</IN><NN-TEMP>room</NN-TEMP><NN-TEMP>temperature</NN-TEMP></TempPhrase><STOP>.</STOP></Sentence></Document>
<?xml version="1.0" encoding="UTF-8"?>
<Document><Sentence><NounPhrase><NNP>Dielectric</NNP><NN>spectroscopy</NN><WDT>which</WDT></NounPhrase><VerbPhrase><RB>it’s</RB><VBN>known</VBN><PrepPhrase><IN-AS>as</IN-AS><NounPhrase><JJ>electrochemical</JJ><JJ-CHEM>impedance</JJ-CHEM><NN>spectroscopy</NN><COMMA>,</COMMA><MOLECULE><OSCARCM><OSCAR-CM>EIS</OSCAR-CM></OSCARCM></MOLECULE></NounPhrase></PrepPhrase></VerbPhrase><COMMA>,</COMMA><VerbPhrase><VBZ>is</VBZ></VerbPhrase><NounPhrase><DT>a</DT><JJ>non-destructive</JJ><JJ>responsive</JJ><PROCEDURE><NN-METHOD>method</NN-METHOD></PROCEDURE><WDT>which</WDT></NounPhrase><VerbPhrase><VBZ>makes</VBZ><JJ>possible</JJ></VerbPhrase><NounPhrase><DT-THE>the</DT-THE><NN>detection</NN></NounPhrase><Unmatched><IN-OF>of</IN-OF></Unmatched><VerbPhrase><DT>any</DT><VB>transform</VB><VBG>occurring</VBG><PrepPhrase><IN>at</IN><NounPhrase><DT-THE>the</DT-THE><NN-CHEMENTITY>metal/solution</NN-CHEMENTITY><NN>interface</NN></NounPhrase></PrepPhrase></VerbPhrase><STOP>.</STOP></Sentence></Document>
<?xml version="1.0" encoding="UTF-8"?>
<Document><Sentence><NounPhrase><DT>All</DT><NNS>EIS</NNS><NNS>measurements</NNS></NounPhrase><VerbPhrase><VBD>were</VBD><VBN>carried</VBN><RP>out</RP><VB-USE>using</VB-USE></VerbPhrase><NounPhrase><DT>a</DT><NN>potentiostat</NN><MOLECULE><OSCARCM><OSCAR-CM>AUTOLAB</OSCAR-CM></OSCARCM><MIXTURE><_-LRB->(</_-LRB-><OSCARCM><OSCAR-CM>PGSTAT</OSCAR-CM></OSCARCM><REFERENCETOCOMPOUND><CD>30</CD></REFERENCETOCOMPOUND><IN-WITH>with</IN-WITH><OSCARCM><OSCAR-CM>FRA</OSCAR-CM></OSCARCM><NNS>modules</NNS><COMMA>,</COMMA><NNP>Ecochemie</NNP><_-RRB->)</_-RRB-></MIXTURE></MOLECULE></NounPhrase><PrepPhrase><IN-IN>in</IN-IN><NounPhrase><DT-THE>the</DT-THE><JJ>same</JJ><NN>compartment</NN><CD>three-electrode</CD><NN>cell</NN><COMMA>,</COMMA><WDT>which</WDT></NounPhrase></PrepPhrase><VerbPhrase><VBD>discussed</VBD><RB>previously</RB></VerbPhrase><STOP>.</STOP></Sentence></Document>
<?xml version="1.0" encoding="UTF-8"?>
<Document><Sentence><ActionPhrase type="Yield"><NounPhrase><DT>All</DT><JJ-CHEM>EIS</JJ-CHEM><NN>spectra</NN></NounPhrase><VerbPhrase><VBD>were</VBD><VB-YIELD>obtained</VB-YIELD></VerbPhrase></ActionPhrase><VerbPhrase><IN-BY>by</IN-BY><VBG>applying</VBG></VerbPhrase><NounPhrase><DT-THE>the</DT-THE><JJ>open</JJ><JJ-CHEM>circuit</JJ-CHEM><NN>potential</NN></NounPhrase><PrepPhrase><IN>at</IN><NounPhrase><DT>a</DT><JJ-CHEM>frequency</JJ-CHEM><NN>range</NN><PrepPhrase><IN-OF>of</IN-OF><NounPhrase><CD>10</CD><CD>-1</CD><CD>-10</CD><CD>5</CD><NNP>Hz</NNP></NounPhrase></PrepPhrase></NounPhrase></PrepPhrase><VerbPhrase><TO>to</TO><VB>evaluate</VB></VerbPhrase><NounPhrase><DT-THE>the</DT-THE><NN>constancy</NN><PrepPhrase><IN-OF>of</IN-OF><NounPhrase><MOLECULE><OSCARCM><OSCAR-CM>C1018</OSCAR-CM></OSCARCM></MOLECULE><CC>and</CC><MOLECULE><OSCARCM><OSCAR-CM>Ni-Zn-P</OSCAR-CM></OSCARCM></MOLECULE><NN>alloy</NN><NN>coating</NN></NounPhrase></PrepPhrase></NounPhrase><PrepPhrase><IN-IN>in</IN-IN><NounPhrase><CD>two</CD><UNNAMEDMOLECULE><JJ>electrolyte</JJ><NN-CHEMENTITY>solutions</NN-CHEMENTITY><REFERENCETOCOMPOUND><LSQB>[</LSQB><CD>23</CD><RSQB>]</RSQB></REFERENCETOCOMPOUND></UNNAMEDMOLECULE></NounPhrase></PrepPhrase><STOP>.</STOP></Sentence></Document>
<?xml version="1.0" encoding="UTF-8"?>
<Document><Sentence><NounPhrase><DT-THE>The</DT-THE><JJ-CHEM>impedance</JJ-CHEM><NN>spectrum</NN></NounPhrase><VerbPhrase><VBZ>is</VBZ><VBN>displayed</VBN><PrepPhrase><IN-AS>as</IN-AS><NounPhrase><DT>a</DT><NNP>Bode</NNP><NNP-LABEL>diagram</NNP-LABEL><MIXTURE><_-LRB->(</_-LRB-><NN>impedance</NN><NN>modulus</NN><CC>and</CC><NN-CHEMENTITY>phase</NN-CHEMENTITY><NN>angle</NN><NN>vs</NN><STOP>.</STOP><NN>frequency</NN><_-RRB->)</_-RRB-></MIXTURE><CC>and</CC><NNP>Nyquist</NNP><NNP-LABEL>diagrams</NNP-LABEL><MIXTURE><_-LRB->(</_-LRB-><JJ>Real</JJ><JJ-CHEM>impedance</JJ-CHEM><NN>vs</NN><STOP>.</STOP><NN>imaginary</NN><NN>impedance</NN><_-RRB->)</_-RRB-></MIXTURE><UNNAMEDMOLECULE><REFERENCETOCOMPOUND><LSQB>[</LSQB><CD>23</CD><RSQB>]</RSQB></REFERENCETOCOMPOUND></UNNAMEDMOLECULE></NounPhrase></PrepPhrase></VerbPhrase><STOP>.</STOP></Sentence></Document>
<?xml version="1.0" encoding="UTF-8"?>
<Document><Sentence><PrepPhrase><IN-FROM>From</IN-FROM><NounPhrase><NNP>Bode</NNP><CC>&amp;</CC><NNP>Nyquist</NNP><NNS>plots</NNS><COMMA>,</COMMA><NN-EQ>equivalent</NN-EQ><NNS>circuits</NNS><WDT>that</WDT></NounPhrase></PrepPhrase><VerbPhrase><VBP>fit</VBP></VerbPhrase><NounPhrase><DT-THE>the</DT-THE><JJ>experimental</JJ><NNS>data</NNS></NounPhrase><VerbPhrase><VBD>were</VBD><VBN>proposed</VBN></VerbPhrase><STOP>.</STOP></Sentence></Document>
<?xml version="1.0" encoding="UTF-8"?>
<Document><Sentence><NounPhrase><MOLECULE><OSCARCM><OSCAR-CM>EIS</OSCAR-CM></OSCARCM></MOLECULE><NNS>outcomes</NNS></NounPhrase><VerbPhrase><VBD>were</VBD><VBN>interpreted</VBN><VB-USE>using</VB-USE></VerbPhrase><NounPhrase><DT>a</DT><JJ>fitting</JJ><JJ-CHEM>procedure</JJ-CHEM><NN>fit</NN><NN>program</NN><MOLECULE><OSCARCM><OSCAR-CM>ANOVA</OSCAR-CM></OSCARCM><REFERENCETOCOMPOUND><CD>1.8</CD></REFERENCETOCOMPOUND></MOLECULE></NounPhrase><Unmatched><IN-FOR>for</IN-FOR></Unmatched><Unmatched><DT>all</DT></Unmatched><NounPhrase><DT-THE>the</DT-THE><NNS>frequencies</NNS></NounPhrase><VerbPhrase><VBN>measured</VBN></VerbPhrase><NounPhrase><UNNAMEDMOLECULE><REFERENCETOCOMPOUND><LSQB>[</LSQB><CD>23</CD><RSQB>]</RSQB></REFERENCETOCOMPOUND></UNNAMEDMOLECULE></NounPhrase><STOP>.</STOP></Sentence></Document>
<?xml version="1.0" encoding="UTF-8"?>
<Document><Sentence><Unmatched><DT-THE>The</DT-THE></Unmatched><VerbPhrase><JJ>standard</JJ><VBN>used</VBN></VerbPhrase><VerbPhrase><IN-IN>in</IN-IN><VBG>estimating</VBG></VerbPhrase><NounPhrase><DT-THE>the</DT-THE><NN>quality</NN></NounPhrase><Unmatched><IN-OF>of</IN-OF></Unmatched><Unmatched><DT-THE>the</DT-THE></Unmatched><VerbPhrase><JJ>fitting</JJ><VBD>were</VBD><VBN>evaluated</VBN><PrepPhrase><IN-WITH>with</IN-WITH><NounPhrase><DT-THE>the</DT-THE><JJ>minor</JJ><JJ-CHEM>chi-square</JJ-CHEM><NN>value</NN></NounPhrase></PrepPhrase></VerbPhrase><CC>and</CC><NounPhrase><DT-THE>the</DT-THE><JJ>minor</JJ><NN>evaluation</NN><NNS>errors</NNS><MIXTURE><_-LRB->(</_-LRB-><IN-IN>in</IN-IN><NN-PERCENT>%</NN-PERCENT><_-RRB->)</_-RRB-></MIXTURE></NounPhrase><PrepPhrase><IN-FOR>for</IN-FOR><NounPhrase><PDT>all</PDT></NounPhrase></PrepPhrase><NounPhrase><DT-THE>the</DT-THE><NN>machinery</NN><UNNAMEDMOLECULE><REFERENCETOCOMPOUND><LSQB>[</LSQB><CD>23</CD><RSQB>]</RSQB></REFERENCETOCOMPOUND></UNNAMEDMOLECULE></NounPhrase><STOP>.</STOP></Sentence></Document>
<?xml version="1.0" encoding="UTF-8"?>
<Document><Sentence><NounPhrase><PROCEDURE><CD>2.5</CD></PROCEDURE><STOP>.</STOP></NounPhrase></Sentence></Document>
<?xml version="1.0" encoding="UTF-8"?>
<Document><Sentence><NounPhrase><NNP>Microbial</NNP><NNP>Study</NNP><CD>2.5.1</CD></NounPhrase><STOP>.</STOP></Sentence></Document>
<?xml version="1.0" encoding="UTF-8"?>
<Document><Sentence><NounPhrase><NNP>Inoculums</NNP><NN>agriculture</NN></NounPhrase><NounPhrase><DT-THE>The</DT-THE><JJ>entire</JJ><NNS>tests</NNS></NounPhrase><VerbPhrase><VBD>were</VBD><VBN>carried</VBN><RP>out</RP><VB-USE>using</VB-USE></VerbPhrase><VerbPhrase><DT>a</DT><JJ-CHEM>nutrient-rich</JJ-CHEM><VBN>simulated</VBN><JJ-CHEM>seawater-based</JJ-CHEM></VerbPhrase><NounPhrase><NN>medium</NN></NounPhrase><STOP>.</STOP></Sentence></Document>
<?xml version="1.0" encoding="UTF-8"?>
<Document><Sentence><NounPhrase><DT-THE>The</DT-THE><NN>medium</NN></NounPhrase><VerbPhrase><VBZ>consists</VBZ><PrepPhrase><IN-OF>of</IN-OF><NounPhrase><QUANTITY><MASS><CD>23.476</CD><NN-MASS>g</NN-MASS></MASS></QUANTITY><DASH>/</DASH><NN-VOL>l</NN-VOL><MOLECULE><OSCARCM><OSCAR-CM>NaCl</OSCAR-CM></OSCARCM></MOLECULE></NounPhrase></PrepPhrase></VerbPhrase><STOP>;</STOP></Sentence><Sentence><NounPhrase><QUANTITY><MASS><CD>3.917</CD><NN-MASS>g</NN-MASS></MASS></QUANTITY><DASH>/</DASH><NN-VOL>l</NN-VOL><MOLECULE><OSCARCM><OSCAR-CM>Na2SO4</OSCAR-CM></OSCARCM></MOLECULE></NounPhrase><STOP>;</STOP></Sentence><Sentence><NounPhrase><QUANTITY><MASS><CD>0.192</CD><NN-MASS>g</NN-MASS></MASS></QUANTITY><DASH>/</DASH><NN-VOL>l</NN-VOL><MOLECULE><OSCARCM><OSCAR-CM>NaHCO3</OSCAR-CM></OSCARCM></MOLECULE></NounPhrase><STOP>;</STOP></Sentence><Sentence><NounPhrase><QUANTITY><MASS><CD>0.664</CD><NN-MASS>g</NN-MASS></MASS></QUANTITY><DASH>/</DASH><NN-VOL>l</NN-VOL><MOLECULE><OSCARCM><OSCAR-CM>KCl</OSCAR-CM></OSCARCM></MOLECULE></NounPhrase><STOP>;</STOP></Sentence><Sentence><NounPhrase><QUANTITY><MASS><CD>0.096</CD><NN-MASS>g</NN-MASS></MASS></QUANTITY><DASH>/</DASH><NN-VOL>l</NN-VOL><MOLECULE><OSCARCM><OSCAR-CM>KBr</OSCAR-CM></OSCARCM></MOLECULE></NounPhrase><STOP>;</STOP></Sentence><Sentence><NounPhrase><QUANTITY><MASS><CD>10.61</CD><NN-MASS>g</NN-MASS></MASS></QUANTITY><DASH>/</DASH><NN-VOL>l</NN-VOL><MOLECULE><OSCARCM><OSCAR-CM>MgCl2</OSCAR-CM></OSCARCM></MOLECULE></NounPhrase><STOP>;</STOP></Sentence><Sentence><NounPhrase><MOLECULE><OSCARCM><OSCAR-CM>6H2O</OSCAR-CM></OSCARCM></MOLECULE></NounPhrase><STOP>;</STOP></Sentence><Sentence><NounPhrase><QUANTITY><MASS><CD>1.469</CD><NN-MASS>g</NN-MASS></MASS></QUANTITY><DASH>/</DASH><NN-VOL>l</NN-VOL><MOLECULE><OSCARCM><OSCAR-CM>CaCl2</OSCAR-CM></OSCARCM></MOLECULE></NounPhrase><STOP>;</STOP></Sentence><Sentence><NounPhrase><MOLECULE><OSCARCM><OSCAR-CM>2H2O</OSCAR-CM></OSCARCM></MOLECULE></NounPhrase><STOP>;</STOP></Sentence><Sentence><NounPhrase><QUANTITY><MASS><CD>0.026</CD><NN-MASS>g</NN-MASS></MASS></QUANTITY><DASH>/</DASH><NN-VOL>l</NN-VOL><MOLECULE><OSCARCM><OSCAR-CM>H3BO3</OSCAR-CM></OSCARCM></MOLECULE></NounPhrase><STOP>;</STOP></Sentence><Sentence><NounPhrase><QUANTITY><MASS><CD>0.04</CD><NN-MASS>g</NN-MASS></MASS></QUANTITY><DASH>/</DASH><NN-VOL>l</NN-VOL><MOLECULE><OSCARCM><OSCAR-CM>SrCl2</OSCAR-CM></OSCARCM></MOLECULE></NounPhrase><STOP>;</STOP></Sentence><Sentence><NounPhrase><MOLECULE><OSCARCM><OSCAR-CM>6H2O</OSCAR-CM></OSCARCM></MOLECULE><COMMA>,</COMMA><QUANTITY><MASS><CD>3</CD><NN-MASS>g</NN-MASS></MASS></QUANTITY><DASH>/</DASH><NN-VOL>l</NN-VOL><MOLECULE><JJ>bacteriological</JJ><OSCARCM><OSCAR-CM>peptone</OSCAR-CM></OSCARCM></MOLECULE><CC>and</CC><QUANTITY><MASS><CD>1.5</CD><NN-MASS>g</NN-MASS></MASS></QUANTITY><DASH>/</DASH><NN-VOL>l</NN-VOL><NN>yeast</NN></NounPhrase><VerbPhrase><VBP>take</VBP><RP>out</RP><PrepPhrase><IN-FROM>from</IN-FROM><NounPhrase><MOLECULE><OSCARCM><OSCAR-CM>Oxoid</OSCAR-CM></OSCARCM></MOLECULE><COMMA>,</COMMA><NNP>UK</NNP></NounPhrase></PrepPhrase></VerbPhrase><STOP>.</STOP></Sentence></Document>
<?xml version="1.0" encoding="UTF-8"?>
<Document><Sentence><NounPhrase><DT-THE>The</DT-THE><NN>value</NN><PrepPhrase><IN-OF>of</IN-OF><NounPhrase><NN-PH>pH</NN-PH><PrepPhrase><IN-OF>of</IN-OF><NounPhrase><DT-THE>the</DT-THE><NN>medium</NN></NounPhrase></PrepPhrase></NounPhrase></PrepPhrase></NounPhrase><VerbPhrase><VBD>was</VBD><VBN>adjusted</VBN><PrepPhrase><TO>to</TO><NounPhrase><CD>7.2</CD><NN>±</NN><CD>0.1</CD></NounPhrase></PrepPhrase><PrepPhrase><IN-BY>by</IN-BY><NounPhrase><MOLECULE><OSCARCM><OSCAR-CM>NaOH</OSCAR-CM></OSCARCM><NN-CHEMENTITY>solution</NN-CHEMENTITY></MOLECULE></NounPhrase></PrepPhrase></VerbPhrase><COMMA>,</COMMA><CC>and</CC><ActionPhrase type="Wait"><Unmatched><JJ>untainted</JJ></Unmatched><VerbPhrase><IN-BY>by</IN-BY><VBG>autoclaving</VBG><TimePhrase><IN-FOR>for</IN-FOR><CD>20</CD><NN-TIME>min</NN-TIME></TimePhrase><TempPhrase><IN>at</IN><CD>121</CD><NN-TEMP>°C</NN-TEMP></TempPhrase><PrepPhrase><IN>at</IN><NounPhrase><JJ>low</JJ><NN-PRESSURE>pressure</NN-PRESSURE></NounPhrase></PrepPhrase></VerbPhrase></ActionPhrase><STOP>.</STOP></Sentence></Document>
<?xml version="1.0" encoding="UTF-8"?>
<Document><Sentence><NounPhrase><DT-THE>The</DT-THE><NNP>Pseudomonas</NNP><NN>aeruginosa</NN><MOLECULE><OSCARCM><OSCAR-CM>ATCC</OSCAR-CM></OSCARCM><REFERENCETOCOMPOUND><CD>9027</CD></REFERENCETOCOMPOUND><MIXTURE><_-LRB->(</_-LRB-><NNP>P</NNP><STOP>.</STOP><NN>aeruginosa</NN><_-RRB->)</_-RRB-></MIXTURE></MOLECULE><NN>strain</NN></NounPhrase><VerbPhrase><VBD>was</VBD><VBN>supplied</VBN><PrepPhrase><IN-BY>by</IN-BY><NounPhrase><MOLECULE><OSCARCM><OSCAR-CM>INCQS</OSCAR-CM><DASH>/</DASH><OSCAR-CM>FIOCRUZ</OSCAR-CM></OSCARCM></MOLECULE><COMMA>,</COMMA><MOLECULE><OSCARCM><OSCAR-CM>RJ</OSCAR-CM></OSCARCM></MOLECULE><COMMA>,</COMMA><CC>and</CC><NNP>Brazil</NNP></NounPhrase></PrepPhrase></VerbPhrase><STOP>.</STOP></Sentence></Document>
<?xml version="1.0" encoding="UTF-8"?>
<Document><Sentence><NounPhrase><DT>A</DT><JJ>new</JJ><NN>culture</NN></NounPhrase><VerbPhrase><VBD>was</VBD><VBG>refreshing</VBG></VerbPhrase><ActionPhrase type="Dry"><VerbPhrase><IN-FROM>from</IN-FROM><VB-DRY>ice-up-dried</VB-DRY></VerbPhrase><NounPhrase><NN>ampoule</NN><COMMA>,</COMMA><CC>and</CC><JJ>associate</JJ><JJ>cultured</JJ><CD>two</CD><NN-TIME>time</NN-TIME></NounPhrase><PrepPhrase><IN-IN>in</IN-IN><NounPhrase><QUANTITY><VOLUME><CD>5</CD><NN-VOL>ml</NN-VOL></VOLUME></QUANTITY><PrepPhrase><IN-OF>of</IN-OF><NounPhrase><JJ>nutrient</JJ><NN>broth</NN><NNS>media</NNS></NounPhrase></PrepPhrase></NounPhrase></PrepPhrase><PrepPhrase><IN-BEFORE>before</IN-BEFORE><NounPhrase><NN>use</NN><UNNAMEDMOLECULE><REFERENCETOCOMPOUND><LSQB>[</LSQB><CD>23</CD><RSQB>]</RSQB></REFERENCETOCOMPOUND></UNNAMEDMOLECULE></NounPhrase></PrepPhrase></ActionPhrase><STOP>.</STOP></Sentence></Document>
<?xml version="1.0" encoding="UTF-8"?>
<Document><Sentence><ActionPhrase type="Wait"><NounPhrase><DT-THE>The</DT-THE><MOLECULE><OSCARCM><OSCAR-CM>bacterium</OSCAR-CM></OSCARCM></MOLECULE></NounPhrase><VerbPhrase><VBD>was</VBD><VBN>cultivated</VBN><TimePhrase><IN-FOR>for</IN-FOR><CD>3</CD><NN-TIME>days</NN-TIME></TimePhrase><PrepPhrase><IN-IN>in</IN-IN><NounPhrase><DT>a</DT><QUANTITY><VOLUME><CD>125</CD><NN-VOL>ml</NN-VOL></VOLUME></QUANTITY><NNP>Erlenmeyer</NNP><APPARATUS><NN-APPARATUS>flask</NN-APPARATUS></APPARATUS></NounPhrase></PrepPhrase></VerbPhrase></ActionPhrase><ActionPhrase type="Add"><VerbPhrase><VB-CONTAIN>containing</VB-CONTAIN></VerbPhrase><NounPhrase><QUANTITY><VOLUME><CD>20</CD><NN-VOL>ml</NN-VOL></VOLUME></QUANTITY><PrepPhrase><IN-OF>of</IN-OF><NounPhrase><DT-THE>the</DT-THE><JJ>new</JJ><JJ-CHEM>culture</JJ-CHEM><NN>medium</NN></NounPhrase></PrepPhrase></NounPhrase><PrepPhrase><IN-ON>on</IN-ON><NounPhrase><DT>a</DT><JJ>rotary</JJ><NN>shaker</NN><MIXTURE><_-LRB->(</_-LRB-><CD>15</CD><NN-TEMP>°C</NN-TEMP><COMMA>,</COMMA><CD>175</CD><NNP>RPM</NNP><_-RRB->)</_-RRB-></MIXTURE></NounPhrase></PrepPhrase><PrepPhrase><IN-AFTER>after</IN-AFTER><NounPhrase><DT-THE>the</DT-THE><NN>recovery</NN></NounPhrase></PrepPhrase></ActionPhrase><STOP>.</STOP></Sentence></Document>
<?xml version="1.0" encoding="UTF-8"?>
<Document><Sentence><NounPhrase><DT>A</DT><NN>total</NN><PrepPhrase><IN-OF>of</IN-OF><NounPhrase><QUANTITY><VOLUME><CD>20</CD><NN-VOL>ml</NN-VOL></VOLUME></QUANTITY><PrepPhrase><IN-OF>of</IN-OF><NounPhrase><DT-THE>the</DT-THE><JJ>cultured</JJ><NNS>bacteria</NNS></NounPhrase></PrepPhrase></NounPhrase></PrepPhrase></NounPhrase><VerbPhrase><VBN>stored</VBN><TempPhrase><IN-IN>in</IN-IN><DT>a</DT><JJ>_</JJ><CD>20</CD><NN-TEMP>°C</NN-TEMP></TempPhrase></VerbPhrase><NounPhrase><NN>refrigerator</NN></NounPhrase><VerbPhrase><VBZ>is</VBZ><VBN>considered</VBN></VerbPhrase><NounPhrase><DT>a</DT><NN>substance</NN></NounPhrase><VerbPhrase><VBN>used</VBN><PrepPhrase><IN-FOR>for</IN-FOR><NounPhrase><NN>inoculation</NN></NounPhrase></PrepPhrase><PrepPhrase><IN-IN>in</IN-IN><NounPhrase><PDT>all</PDT></NounPhrase></PrepPhrase></VerbPhrase><NounPhrase><DT-THE>the</DT-THE><NNS>experiments</NNS></NounPhrase><VerbPhrase><TO>to</TO><VB>make</VB><JJ>sure</JJ></VerbPhrase><NounPhrase><DT-THE>the</DT-THE><JJ>pure</JJ><MOLECULE><OSCARCM><OSCAR-CM>P</OSCAR-CM></OSCARCM></MOLECULE></NounPhrase><STOP>.</STOP></Sentence><Sentence><NounPhrase><NN>aeruginosa</NN><NNS>bacteria</NNS></NounPhrase><STOP>.</STOP></Sentence></Document>
<?xml version="1.0" encoding="UTF-8"?>
<Document><Sentence><NounPhrase><NNP>Int</NNP></NounPhrase><STOP>.</STOP></Sentence></Document>
<?xml version="1.0" encoding="UTF-8"?>
<Document><Sentence><NounPhrase><PROCEDURE><NN-IDENTIFIER>J</NN-IDENTIFIER></PROCEDURE><STOP>.</STOP></NounPhrase></Sentence><Sentence><NounPhrase><NNP>Electrochem</NNP></NounPhrase><STOP>.</STOP></Sentence></Document>
<?xml version="1.0" encoding="UTF-8"?>
<Document><Sentence><NounPhrase><NNP>Sci</NNP></NounPhrase><STOP>.</STOP></Sentence><Sentence><Unmatched><COMMA>,</COMMA></Unmatched></Sentence></Document>
<?xml version="1.0" encoding="UTF-8"?>
<Document/>
<?xml version="1.0" encoding="UTF-8"?>
<Document><Sentence><NounPhrase><CD>11</CD><COMMA>,</COMMA><CD>2016</CD><CD>5494</CD><CD>2.5.2</CD></NounPhrase><STOP>.</STOP></Sentence></Document>
<?xml version="1.0" encoding="UTF-8"?>
<Document><Sentence><ActionPhrase type="Wait"><Unmatched><JJ>Electrochemical</JJ></Unmatched><Unmatched><CC>and</CC></Unmatched><NounPhrase><NN>surface</NN><NN>study</NN></NounPhrase><PrepPhrase><IN-AFTER>after</IN-AFTER><NounPhrase><NN>cultivation</NN><PrepPhrase><IN-OF>of</IN-OF><NounPhrase><NNP>P.aeruginosa</NNP></NounPhrase></PrepPhrase></NounPhrase></PrepPhrase><PrepPhrase><IN-INTO>Into</IN-INTO><NounPhrase><QUANTITY><VOLUME><CD>100</CD><NN-VOL>ml</NN-VOL></VOLUME></QUANTITY><PrepPhrase><IN-OF>of</IN-OF><NounPhrase><DT-THE>the</DT-THE><JJ>nutrient</JJ><JJ>rich</JJ><NN>medium</NN></NounPhrase></PrepPhrase></NounPhrase></PrepPhrase><VerbPhrase><VBD>was</VBD><VBN>fertilized</VBN><PrepPhrase><IN-BY>by</IN-BY><NounPhrase><QUANTITY><VOLUME><CD>one</CD><NN-VOL>ml</NN-VOL></VOLUME></QUANTITY><PrepPhrase><IN-OF>of</IN-OF><NounPhrase><NNP>P.aeruginosa</NNP><NN>culture</NN></NounPhrase></PrepPhrase></NounPhrase></PrepPhrase><TimePhrase><IN-FOR>for</IN-FOR><CD>3</CD><NN-TIME>days</NN-TIME></TimePhrase><PrepPhrase><IN-IN>in</IN-IN><NounPhrase><MultipleApparatus><APPARATUS><JJ>conical</JJ><NN-APPARATUS>flasks</NN-APPARATUS></APPARATUS></MultipleApparatus></NounPhrase></PrepPhrase></VerbPhrase></ActionPhrase><STOP>.</STOP></Sentence></Document>
<?xml version="1.0" encoding="UTF-8"?>
<Document><Sentence><NounPhrase><DT-THE>The</DT-THE><APPARATUS><NN-APPARATUS>flasks</NN-APPARATUS></APPARATUS></NounPhrase><VerbPhrase><VBD>were</VBD><VBN>covered</VBN><PrepPhrase><IN-WITH>with</IN-WITH><NounPhrase><NN>closure</NN></NounPhrase></PrepPhrase></VerbPhrase><VerbPhrase><TO>to</TO><VB>prevent</VB></VerbPhrase><NounPhrase><NN>pollution</NN></NounPhrase><STOP>.</STOP></Sentence></Document>
<?xml version="1.0" encoding="UTF-8"?>
<Document><Sentence><ActionPhrase type="Add"><PrepPhrase><IN-AFTER>After</IN-AFTER><NounPhrase><NN>sterilization</NN></NounPhrase></PrepPhrase><COMMA>,</COMMA><NounPhrase><DT-THE>the</DT-THE><JJ-CHEM>prepared</JJ-CHEM><NNS>specimens</NNS></NounPhrase><VerbPhrase><VBD>were</VBD><VB-ADD>introduced</VB-ADD><PrepPhrase><IN-INTO>into</IN-INTO><NounPhrase><DT-THE>the</DT-THE><JJ>inoculated</JJ><NN>medium</NN></NounPhrase></PrepPhrase></VerbPhrase></ActionPhrase><STOP>.</STOP></Sentence></Document>
<?xml version="1.0" encoding="UTF-8"?>
<Document><Sentence><ActionPhrase type="Add"><NounPhrase><DT-THE>The</DT-THE><APPARATUS><NN-APPARATUS>flasks</NN-APPARATUS></APPARATUS></NounPhrase><VerbPhrase><VB-CONTAIN>containing</VB-CONTAIN></VerbPhrase><NounPhrase><DT-THE>the</DT-THE><NN-CHEMENTITY>metal</NN-CHEMENTITY><NNS>specimens</NNS></NounPhrase></ActionPhrase><VerbPhrase><VBD>were</VBD><VBN>kept</VBN><PrepPhrase><IN-IN>in</IN-IN><NounPhrase><DT>an</DT><NN>incubator</NN></NounPhrase></PrepPhrase><TempPhrase><IN>at</IN><CD>25</CD><NN-TEMP>°C</NN-TEMP></TempPhrase></VerbPhrase><STOP>.</STOP></Sentence></Document>
<?xml version="1.0" encoding="UTF-8"?>
<Document><Sentence><VerbPhrase><TO>To</TO><VB>keep</VB><RP>up</RP></VerbPhrase><NounPhrase><DT-THE>the</DT-THE><JJ>bacterial</JJ><NN>density</NN></NounPhrase><PrepPhrase><IN>at</IN><NounPhrase><DT-THE>the</DT-THE><JJ-CHEM>steady-state</JJ-CHEM><JJ-CHEM>growth</JJ-CHEM><NN-CHEMENTITY>phase</NN-CHEMENTITY></NounPhrase></PrepPhrase><PrepPhrase><IN>throughout</IN><NounPhrase><DT-THE>the</DT-THE><NN>study</NN><NN-TIME>period</NN-TIME></NounPhrase></PrepPhrase><COMMA>,</COMMA><NounPhrase><DT>a</DT><JJ>renew</JJ><NN>mode</NN><PrepPhrase><IN-OF>of</IN-OF><NounPhrase><NNP>P.aeruginosa</NNP><NN>culture</NN><NN>growth</NN></NounPhrase></PrepPhrase></NounPhrase><VerbPhrase><VBD>was</VBD><VBN>employed</VBN></VerbPhrase><COMMA>,</COMMA><VerbPhrase><DT>that</DT><VBZ>is</VBZ></VerbPhrase><VerbPhrase><TO>to</TO><VB>say</VB></VerbPhrase><NounPhrase><QUANTITY><PERCENT><CD>75</CD><NN-PERCENT>%</NN-PERCENT></PERCENT></QUANTITY><NN>medium</NN></NounPhrase><VerbPhrase><VBD>was</VBD><VBN>exhausted</VBN></VerbPhrase><CC>and</CC><ActionPhrase type="Wait"><VerbPhrase><VBN>put</VBN><RB>back</RB><PrepPhrase><IN-WITH>with</IN-WITH><NounPhrase><DT>an</DT><JJ>equal</JJ><NN>amount</NN><PrepPhrase><IN-OF>of</IN-OF><NounPhrase><DT>a</DT><JJ>fresh</JJ><JJ>sterile</JJ><NN>medium</NN></NounPhrase></PrepPhrase></NounPhrase></PrepPhrase><TimePhrase><DT>each</DT><CD>7</CD><NN-TIME>days</NN-TIME></TimePhrase></VerbPhrase></ActionPhrase><STOP>.</STOP></Sentence></Document>
<?xml version="1.0" encoding="UTF-8"?>
<Document><Sentence><ActionPhrase type="Yield"><NounPhrase><MOLECULE><OSCARCM><OSCAR-CM>C1018</OSCAR-CM></OSCARCM></MOLECULE><CC>and</CC><MOLECULE><OSCARCM><OSCAR-CM>Ni-Zn-P</OSCAR-CM></OSCARCM></MOLECULE><NN>alloy</NN><NN>coating</NN><NNS>samples</NNS></NounPhrase><VerbPhrase><VBD>were</VBD><VB-YIELD>get</VB-YIELD><RB>back</RB><PrepPhrase><IN-FROM>from</IN-FROM><NounPhrase><DT-THE>the</DT-THE><JJ>inoculated</JJ><NN>medium</NN></NounPhrase></PrepPhrase><TimePhrase><IN-AFTER>after</IN-AFTER><CD>four</CD><NN-TIME>weeks</NN-TIME></TimePhrase><PrepPhrase><IN-OF>of</IN-OF><NounPhrase><NN>immersion</NN></NounPhrase></PrepPhrase></VerbPhrase></ActionPhrase><VerbPhrase><TO>to</TO><VB>study</VB></VerbPhrase><NounPhrase><DT-THE>the</DT-THE><JJ>electrochemical</JJ><NN>behavior</NN></NounPhrase><CC>and</CC><PrepPhrase><IN-FOR>for</IN-FOR><NounPhrase><NN>surface</NN><NN>analysis</NN></NounPhrase></PrepPhrase><STOP>.</STOP></Sentence></Document>
<?xml version="1.0" encoding="UTF-8"?>
<Document><Sentence><NounPhrase><PROCEDURE><CD>2.5.3</CD></PROCEDURE><STOP>.</STOP></NounPhrase></Sentence></Document>
<?xml version="1.0" encoding="UTF-8"?>
<Document><Sentence><VerbPhrase><VB>Follow</VB><RP>up</RP></VerbPhrase><NounPhrase><NNP>Bacterial</NNP><NNP>Attachement</NNP></NounPhrase><NounPhrase><DT-THE>The</DT-THE><JJ>full</JJ><NN>amount</NN><PrepPhrase><IN-OF>of</IN-OF><NounPhrase><JJ>bacterial</JJ><NN>attachment</NN></NounPhrase></PrepPhrase></NounPhrase><VerbPhrase><VBD>was</VBD><VBN>looked</VBN><PrepPhrase><IN-INTO>into</IN-INTO><IN-BY>by</IN-BY><NounPhrase><DT-THE>the</DT-THE><MOLECULE><OSCARCM><OSCAR-CM>plate-counting</OSCAR-CM></OSCARCM></MOLECULE><PROCEDURE><NN-METHOD>method</NN-METHOD><LSQB>[</LSQB><CD>23</CD><RSQB>]</RSQB></PROCEDURE></NounPhrase></PrepPhrase></VerbPhrase><STOP>.</STOP></Sentence></Document>
<?xml version="1.0" encoding="UTF-8"?>
<Document><Sentence><NounPhrase><DT-THE>The</DT-THE><NN>rate</NN><PrepPhrase><IN-OF>of</IN-OF><NounPhrase><NNS>bacteria</NNS><NN>attachment</NN></NounPhrase></PrepPhrase></NounPhrase><PrepPhrase><IN-IN>in</IN-IN><NounPhrase><DT-THE>the</DT-THE><JJ>simulated</JJ><NN>repository</NN><NN>environment</NN></NounPhrase></PrepPhrase><VerbPhrase><VBD>was</VBD><VBN>confirmed</VBN></VerbPhrase><VerbPhrase><IN-BY>by</IN-BY><VBG>counting</VBG><RP>up</RP></VerbPhrase><NounPhrase><NN>analysis</NN><PrepPhrase><IN-OF>of</IN-OF><NounPhrase><DT-THE>the</DT-THE><NNS>media</NNS></NounPhrase></PrepPhrase></NounPhrase><PrepPhrase><IN-AFTER>after</IN-AFTER><NounPhrase><CD>1</CD><COMMA>,</COMMA><CD>3</CD><COMMA>,</COMMA><CD>7</CD><COMMA>,</COMMA><CD>14</CD><COMMA>,</COMMA><CD>21</CD><CC>and</CC><CD>28</CD><NN-TIME>days</NN-TIME><PrepPhrase><IN-OF>of</IN-OF><NounPhrase><NN>immersion</NN></NounPhrase></PrepPhrase></NounPhrase></PrepPhrase><STOP>.</STOP></Sentence></Document>
<?xml version="1.0" encoding="UTF-8"?>
<Document><Sentence><PrepPhrase><IN-FOR>For</IN-FOR><NounPhrase><DT>all</DT><JJ>experimental</JJ><NNS>conditions</NNS><CD>two</CD><NNS>samples</NNS></NounPhrase></PrepPhrase><VerbPhrase><VBD>were</VBD><VBN>used</VBN><PrepPhrase><IN-FOR>for</IN-FOR><NounPhrase><MOLECULE><OSCARCM><OSCAR-CM>CFUs</OSCAR-CM></OSCARCM></MOLECULE><NN>evaluation</NN></NounPhrase></PrepPhrase></VerbPhrase><STOP>.</STOP></Sentence></Document>
<?xml version="1.0" encoding="UTF-8"?>
<Document><Sentence><NounPhrase><DT-THE>The</DT-THE><NNS>samples</NNS></NounPhrase><VerbPhrase><VBD>were</VBD><VBN>taken</VBN><RB>away</RB><PrepPhrase><IN-FROM>from</IN-FROM><NounPhrase><DT-THE>the</DT-THE><NN>medium</NN></NounPhrase></PrepPhrase></VerbPhrase><COMMA>,</COMMA><ActionPhrase type="Wash"><VerbPhrase><RB>softly</RB><VB-WASH>washed</VB-WASH></VerbPhrase></ActionPhrase><ActionPhrase type="Remove"><VerbPhrase><TO>to</TO><VB-REMOVE>remove</VB-REMOVE></VerbPhrase><NounPhrase><NN>stick</NN></NounPhrase><PrepPhrase><IN-ON>on</IN-ON><NounPhrase><JJ>bacterial</JJ><NNS>cells</NNS></NounPhrase></PrepPhrase><PrepPhrase><IN-ON>on</IN-ON><NounPhrase><DT-THE>the</DT-THE><NNS>samples</NNS></NounPhrase></PrepPhrase></ActionPhrase><VerbPhrase><VBD>were</VBD><JJ>diffused</JJ><PrepPhrase><IN>into15</IN><NounPhrase><NN-VOL>ml</NN-VOL><MOLECULE><JJ>sterile</JJ><OSCARCM><OSCAR-CM>phosphate</OSCAR-CM></OSCARCM><JJ-CHEM>buffer</JJ-CHEM><MIXTURE><_-LRB->(</_-LRB-><QUANTITY><MASS><CD>0.0425</CD><NN-MASS>g</NN-MASS></MASS></QUANTITY><OSCARCM><OSCAR-CM>KH2PO4</OSCAR-CM></OSCARCM><CC>and</CC><QUANTITY><MASS><CD>0.190</CD><NN-MASS>g</NN-MASS></MASS></QUANTITY><OSCARCM><OSCAR-CM>MgCl2</OSCAR-CM></OSCARCM><IN>per</IN><NN-VOL>liter</NN-VOL><_-RRB->)</_-RRB-></MIXTURE></MOLECULE></NounPhrase></PrepPhrase><PrepPhrase><IN-BY>by</IN-BY><NounPhrase><JJ>forceful</JJ><NN>vortex</NN></NounPhrase></PrepPhrase></VerbPhrase><ActionPhrase type="Add"><VerbPhrase><VB-ADD>mixing</VB-ADD><TimePhrase><IN-FOR>for</IN-FOR><CD>5</CD><NN-TIME>min</NN-TIME></TimePhrase></VerbPhrase></ActionPhrase><STOP>.</STOP></Sentence></Document>
<?xml version="1.0" encoding="UTF-8"?>
<Document><Sentence><ActionPhrase type="Synthesize"><NounPhrase><JJ>Successive</JJ><NN>dilution</NN><PrepPhrase><IN-OF>of</IN-OF><NounPhrase><DT-THE>the</DT-THE><JJ>bacterial</JJ><NN>cell</NN><NNS>suspensions</NNS></NounPhrase></PrepPhrase></NounPhrase><VerbPhrase><VBD>was</VBD><VB-SYNTHESIZE>prepared</VB-SYNTHESIZE></VerbPhrase></ActionPhrase><CC>and</CC><ActionPhrase type="Concentrate"><NounPhrase><QUANTITY><VOLUME><CD>0.1</CD><NN-VOL>ml</NN-VOL></VOLUME></QUANTITY><PrepPhrase><IN-OF>of</IN-OF><NounPhrase><DT>each</DT><NN-CONCENTRATE>concentration</NN-CONCENTRATE></NounPhrase></PrepPhrase></NounPhrase></ActionPhrase><VerbPhrase><VBD>was</VBD><VBN>plated</VBN><PrepPhrase><IN>onto</IN><NounPhrase><JJ>nutrient</JJ><NN>agar</NN></NounPhrase></PrepPhrase></VerbPhrase><VerbPhrase><TO>to</TO><VB>hold</VB><RP>up</RP></VerbPhrase><NounPhrase><DT-THE>the</DT-THE><NN>development</NN><PrepPhrase><IN-OF>of</IN-OF><NounPhrase><NNS>bacteria</NNS></NounPhrase></PrepPhrase></NounPhrase><STOP>.</STOP></Sentence></Document>
<?xml version="1.0" encoding="UTF-8"?>
<Document><Sentence><NounPhrase><DT-THE>The</DT-THE><NNS>plates</NNS></NounPhrase><VerbPhrase><VBD>were</VBD><VBN>incubated</VBN><PrepPhrase><IN-FOR>for</IN-FOR><NounPhrase><UNNAMEDMOLECULE><REFERENCETOCOMPOUND><CD-ALPHANUM>24h</CD-ALPHANUM></REFERENCETOCOMPOUND></UNNAMEDMOLECULE></NounPhrase></PrepPhrase></VerbPhrase><CC>and</CC><NounPhrase><DT-THE>the</DT-THE><NNS>numbers</NNS><PrepPhrase><IN-OF>of</IN-OF><NounPhrase><NNS>colonies</NNS></NounPhrase></PrepPhrase></NounPhrase><VerbPhrase><VBP>are</VBP><VBN>calculated</VBN></VerbPhrase><STOP>.</STOP></Sentence></Document>
<?xml version="1.0" encoding="UTF-8"?>
<Document><Sentence><NounPhrase><JJ>Suggested</JJ><JJ>practical</JJ><NNS>cells</NNS></NounPhrase><PrepPhrase><IN-ON>on</IN-ON><NounPhrase><DT>each</DT><NN>specimen</NN></NounPhrase></PrepPhrase><VerbPhrase><VBD>were</VBD><VBN>calculated</VBN></VerbPhrase><CC>and</CC><VerbPhrase><VBN>expressed</VBN><PrepPhrase><IN-AS>as</IN-AS><NounPhrase><NN>colony</NN></NounPhrase></PrepPhrase></VerbPhrase><ActionPhrase type="Yield"><VerbPhrase><VB-YIELD>forming</VB-YIELD></VerbPhrase><NounPhrase><NNS>units</NNS></NounPhrase><PrepPhrase><IN>per</IN><NounPhrase><NN>square</NN><NN>centimeter</NN><MIXTURE><_-LRB->(</_-LRB-><MOLECULE><OSCARCM><OSCAR-CM>CFU</OSCAR-CM></OSCARCM></MOLECULE><NN>cm</NN><CD>-2</CD><_-RRB->)</_-RRB-></MIXTURE></NounPhrase></PrepPhrase></ActionPhrase><STOP>.</STOP></Sentence></Document>
<?xml version="1.0" encoding="UTF-8"?>
<Document><Sentence><NounPhrase><PROCEDURE><CD>2.5.4</CD></PROCEDURE><STOP>.</STOP></NounPhrase></Sentence></Document>
<?xml version="1.0" encoding="UTF-8"?>
<Document><Sentence><NounPhrase><NNP>Biofim</NNP><NN>study</NN></NounPhrase><PrepPhrase><IN-IN>In</IN-IN><NounPhrase><PRP_>our</PRP_><NN>study</NN></NounPhrase></PrepPhrase><NounPhrase><DT-THE>the</DT-THE><NN>formation</NN><PrepPhrase><IN-OF>of</IN-OF><NounPhrase><NN>biofilm</NN></NounPhrase></PrepPhrase></NounPhrase><VerbPhrase><VBD>was</VBD><VBN>detected</VBN><PrepPhrase><IN-ON>on</IN-ON><NounPhrase><JJ>uncoated</JJ><MOLECULE><OSCARCM><OSCAR-CM>C1018</OSCAR-CM></OSCARCM></MOLECULE><CC>and</CC><MOLECULE><OSCARCM><OSCAR-CM>Ni-Zn-P</OSCAR-CM></OSCARCM></MOLECULE><NN>alloy</NN><NN>coating</NN></NounPhrase></PrepPhrase><PrepPhrase><IN-BY>by</IN-BY><NounPhrase><NNP>SEM</NNP></NounPhrase></PrepPhrase></VerbPhrase><PrepPhrase><IN-AFTER>after</IN-AFTER><NounPhrase><DT-THE>the</DT-THE><NNS>specimens</NNS></NounPhrase></PrepPhrase><ActionPhrase type="Wait"><VerbPhrase><VBP>recapture</VBP><PrepPhrase><IN-FROM>from</IN-FROM><NounPhrase><DT-THE>the</DT-THE><JJ>inoculated</JJ><NN>medium</NN></NounPhrase></PrepPhrase><TimePhrase><IN-AFTER>after</IN-AFTER><CD>28</CD><NN-TIME>days</NN-TIME></TimePhrase><PrepPhrase><IN-OF>of</IN-OF><NounPhrase><NN>exposure</NN></NounPhrase></PrepPhrase></VerbPhrase></ActionPhrase><STOP>.</STOP></Sentence></Document>
<?xml version="1.0" encoding="UTF-8"?>
<Document><Sentence><Unmatched><RB>Furthermore</RB></Unmatched><Unmatched><COMMA>,</COMMA></Unmatched><VerbPhrase><TO>to</TO><VB>appreciate</VB></VerbPhrase><NounPhrase><DT-THE>the</DT-THE><NN>grade</NN><PrepPhrase><IN-OF>of</IN-OF><NounPhrase><NN>deterioration</NN></NounPhrase></PrepPhrase></NounPhrase><PrepPhrase><IN-UNDER>under</IN-UNDER><NounPhrase><DT-THE>the</DT-THE><NN>biofilm</NN></NounPhrase></PrepPhrase><COMMA>,</COMMA><NounPhrase><DT-THE>the</DT-THE><NNS>specimens</NNS></NounPhrase><VerbPhrase><VBD>were</VBD><VB-IMMERSE>immersed</VB-IMMERSE><PrepPhrase><IN-IN>in</IN-IN><NounPhrase><DT>a</DT><NN>beaker</NN></NounPhrase></PrepPhrase><PrepPhrase><IN-WITH>with</IN-WITH><NounPhrase><UNNAMEDMOLECULE><QUANTITY><VOLUME><CD>100</CD><NN-VOL>ml</NN-VOL></VOLUME></QUANTITY><IN-OF>of</IN-OF><DT>a</DT><QUANTITY><MOLAR><CD>0.1</CD><NN-MOLAR>M</NN-MOLAR></MOLAR></QUANTITY></UNNAMEDMOLECULE><MOLECULE><OSCARCM><OSCAR-CM>EDTA</OSCAR-CM></OSCARCM><NN-CHEMENTITY>solution</NN-CHEMENTITY><MIXTURE><LSQB>[</LSQB><REFERENCETOCOMPOUND><CD>24</CD></REFERENCETOCOMPOUND><COMMA>,</COMMA><CD>25</CD><RSQB>]</RSQB></MIXTURE></MOLECULE></NounPhrase></PrepPhrase></VerbPhrase><COMMA>,</COMMA><CC>and</CC><RB-CONJ>then</RB-CONJ><ActionPhrase type="Wait"><VerbPhrase><VBD>ultrasonicated</VBD><TimePhrase><IN-FOR>for</IN-FOR><CD>15</CD><NN-TIME>min</NN-TIME></TimePhrase><PrepPhrase><IN-IN>in</IN-IN><NounPhrase><DT>a</DT><NNP>Cole-Parme</NNP><COMMA>,</COMMA><NNP>USA</NNP><APPARATUS><NN-APPARATUS>bath</NN-APPARATUS></APPARATUS></NounPhrase></PrepPhrase><PrepPhrase><IN-WITH>with</IN-WITH><NounPhrase><DT>a</DT><NN>frequency</NN><PrepPhrase><IN-OF>of</IN-OF><NounPhrase><CD>40-50</CD><NNP>kHz</NNP></NounPhrase></PrepPhrase></NounPhrase></PrepPhrase></VerbPhrase></ActionPhrase><VerbPhrase><TO>to</TO><VB>eliminate</VB></VerbPhrase><NounPhrase><DT-THE>the</DT-THE><JJ-CHEM>corrosion</JJ-CHEM><NN-CHEMENTITY>products</NN-CHEMENTITY></NounPhrase><CC>and</CC><NounPhrase><DT-THE>the</DT-THE><NN>biofilm</NN><UNNAMEDMOLECULE><REFERENCETOCOMPOUND><LSQB>[</LSQB><CD>25</CD><RSQB>]</RSQB></REFERENCETOCOMPOUND></UNNAMEDMOLECULE></NounPhrase><STOP>.</STOP></Sentence></Document>
<?xml version="1.0" encoding="UTF-8"?>
<Document><Sentence><NounPhrase><DT-THE>The</DT-THE><NNS>samples</NNS></NounPhrase><VerbPhrase><VBD>were</VBD><JJ>coated</JJ><PrepPhrase><IN-WITH>with</IN-WITH><NounPhrase><MOLECULE><OSCARCM><OSCAR-CM>gold</OSCAR-CM></OSCARCM></MOLECULE></NounPhrase></PrepPhrase></VerbPhrase><VerbPhrase><IN-BY>by</IN-BY><VBG>supptring</VBG></VerbPhrase><NounPhrase><PROCEDURE><NN-METHOD>method</NN-METHOD></PROCEDURE></NounPhrase><CC>and</CC><VerbPhrase><VB>examine</VB><PrepPhrase><IN-WITH>with</IN-WITH><NounPhrase><NNP>SEM</NNP></NounPhrase></PrepPhrase></VerbPhrase><STOP>.</STOP></Sentence></Document>
<?xml version="1.0" encoding="UTF-8"?>
<Document><Sentence><NounPhrase><DT-THE>The</DT-THE><NN>location</NN></NounPhrase><PrepPhrase><IN-FOR>for</IN-FOR><NounPhrase><NNP>SEM</NNP><NN>imaging</NN></NounPhrase></PrepPhrase><VerbPhrase><VBD>were</VBD><RB>randomly</RB><VBN>chosen</VBN><PrepPhrase><IN-ON>on</IN-ON><NounPhrase><DT-THE>the</DT-THE><MOLECULE><OSCARCM><OSCAR-CM>C1018</OSCAR-CM></OSCARCM></MOLECULE><CC>and</CC><MOLECULE><OSCARCM><OSCAR-CM>Ni-Zn-P</OSCAR-CM></OSCARCM></MOLECULE><NN>alloy</NN><NN>coating</NN><NN>surface</NN></NounPhrase></PrepPhrase></VerbPhrase><VerbPhrase><TO>to</TO><VB>be</VB><JJ>representative</JJ><PrepPhrase><IN-OF>of</IN-OF><NounPhrase><PRP_>their</PRP_><JJ>total</JJ><NN>surfaces</NN></NounPhrase></PrepPhrase></VerbPhrase><STOP>.</STOP></Sentence></Document>
<?xml version="1.0" encoding="UTF-8"?>
<Document><Sentence><NounPhrase><PROCEDURE><CD>3</CD></PROCEDURE><STOP>.</STOP></NounPhrase></Sentence></Document>
<?xml version="1.0" encoding="UTF-8"?>
<Document/>
