<?xml version="1.0" encoding="UTF-8"?>
<Document><Sentence><ActionPhrase type="Synthesize"><NounPhrase><NN-CHEMENTITY>MATERIALS</NN-CHEMENTITY><CC>AND</CC><PROCEDURE><NN-METHOD>METHODS</NN-METHOD></PROCEDURE></NounPhrase><PrepPhrase><IN-FOR>For</IN-FOR><NounPhrase><MOLECULE><OSCARCM><OSCAR-CM>EIS</OSCAR-CM></OSCARCM></MOLECULE><NN>study</NN><COMMA>,</COMMA><CD>15</CD><NNS>samples</NNS></NounPhrase></PrepPhrase><Unmatched><_-LRB->(</_-LRB-></Unmatched><NounPhrase><CD>three</CD><NNS>samples</NNS></NounPhrase><PrepPhrase><IN-FOR>for</IN-FOR><NounPhrase><DT>each</DT><NN>test</NN></NounPhrase></PrepPhrase><Unmatched><_-RRB->)</_-RRB-></Unmatched><VerbPhrase><VBD>were</VBD><VB-SYNTHESIZE>prepared</VB-SYNTHESIZE><PrepPhrase><IN-WITH>with</IN-WITH><NounPhrase><DT>a</DT><NN>dimension</NN><PrepPhrase><IN-OF>of</IN-OF><NounPhrase><JJ>1cm</JJ><SYM>×</SYM></NounPhrase></PrepPhrase></NounPhrase></PrepPhrase><PrepPhrase><IN>1cm</IN><NounPhrase><SYM>×</SYM><NN>0.3cm</NN></NounPhrase></PrepPhrase></VerbPhrase></ActionPhrase><VerbPhrase><TO>to</TO><VB>take</VB></VerbPhrase><NounPhrase><DT>an</DT><JJ>average</JJ><NN>amount</NN></NounPhrase><PrepPhrase><IN-FOR>for</IN-FOR><NounPhrase><JJR>better</JJR><NN>accuracy</NN></NounPhrase></PrepPhrase><STOP>.</STOP></Sentence></Document>
<?xml version="1.0" encoding="UTF-8"?>
<Document><Sentence><NounPhrase><NN>Pipeline</NN><JJ>raw</JJ><NN-CHEMENTITY>material</NN-CHEMENTITY><PrepPhrase><IN-OF>of</IN-OF><NounPhrase><CD>X65</CD><MOLECULE><OSCARCM><OSCAR-CM>carbon</OSCAR-CM></OSCARCM></MOLECULE><NN>steel</NN></NounPhrase></PrepPhrase></NounPhrase><VerbPhrase><VBD>was</VBD><VBN>used</VBN><PrepPhrase><IN-AS>as</IN-AS><NounPhrase><DT-THE>the</DT-THE><NN-CHEMENTITY>metal</NN-CHEMENTITY><NN>substrate</NN></NounPhrase></PrepPhrase></VerbPhrase><Unmatched><IN-WITH>with</IN-WITH></Unmatched><Unmatched><DT>a</DT></Unmatched><Unmatched><JJ>hollow</JJ></Unmatched><Unmatched><JJ>cylindrical</JJ></Unmatched><Unmatched><JJ>shaped</JJ></Unmatched><Unmatched><CC>and</CC></Unmatched><Unmatched><COMMA>,</COMMA></Unmatched><NounPhrase><DT>a</DT><NN>thickness</NN><CC>and</CC><JJ>long</JJ><NN>diameter</NN></NounPhrase><Unmatched><IN-OF>of</IN-OF></Unmatched><Unmatched><JJ>2.54cm</JJ></Unmatched><Unmatched><CC>and</CC></Unmatched><Unmatched><JJ>60cm</JJ></Unmatched><Unmatched><COMMA>,</COMMA></Unmatched><Unmatched><RB>respectively</RB></Unmatched><STOP>.</STOP></Sentence></Document>
<?xml version="1.0" encoding="UTF-8"?>
<Document><Sentence><NounPhrase><DT-THE>The</DT-THE><CD>X65</CD><MOLECULE><OSCARCM><OSCAR-CM>carbon</OSCAR-CM></OSCARCM></MOLECULE><NN>steel</NN><NN-CHEMENTITY>metal</NN-CHEMENTITY><NN>substrate</NN></NounPhrase><VerbPhrase><VBD>was</VBD><VBN>cut</VBN></VerbPhrase><VerbPhrase><IN-BY>by</IN-BY><VB-USE>using</VB-USE></VerbPhrase><NounPhrase><DT-THE>the</DT-THE><JJ>hydraulic</JJ><JJ-CHEM>shearing</JJ-CHEM><NN>machine</NN><CC>and</CC><JJ>abrasive</JJ><NN>cutter</NN></NounPhrase><PrepPhrase><IN-INTO>into</IN-INTO><NounPhrase><JJ>1cm</JJ><SYM>×</SYM></NounPhrase></PrepPhrase><PrepPhrase><IN>1cm</IN><NounPhrase><SYM>×</SYM><JJ>0.3cm</JJ><NN>dimensions</NN></NounPhrase></PrepPhrase><STOP>.</STOP></Sentence></Document>
<?xml version="1.0" encoding="UTF-8"?>
<Document><Sentence><NounPhrase><DT-THE>The</DT-THE><MOLECULE><OSCARCM><OSCAR-CM>carbon</OSCAR-CM></OSCARCM></MOLECULE><NN>steel</NN><NNS>samples</NNS></NounPhrase><VerbPhrase><VBD>were</VBD><VBN>grinded</VBN><PrepPhrase><IN-WITH>with</IN-WITH><NounPhrase><NN>sandpaper</NN></NounPhrase></PrepPhrase></VerbPhrase><CC>and</CC><VerbPhrase><VBN>drilled</VBN></VerbPhrase><VerbPhrase><TO>to</TO><VB>make</VB></VerbPhrase><NounPhrase><DT>a</DT><JJ>small</JJ><NN>hole</NN></NounPhrase><VerbPhrase><IN-FOR>for</IN-FOR><VBG>soldering</VBG></VerbPhrase><NounPhrase><NN>purpose</NN></NounPhrase><STOP>.</STOP></Sentence></Document>
<?xml version="1.0" encoding="UTF-8"?>
<Document><Sentence><Unmatched><RB-CONJ>Then</RB-CONJ></Unmatched><Unmatched><COMMA>,</COMMA></Unmatched><NounPhrase><DT-THE>the</DT-THE><MOLECULE><OSCARCM><OSCAR-CM>carbon</OSCAR-CM></OSCARCM></MOLECULE><NN>wire</NN></NounPhrase><VerbPhrase><VBD>was</VBD><VBN>soldered</VBN><PrepPhrase><IN>onto</IN><NounPhrase><DT-THE>the</DT-THE><NN>sample</NN><CC>and</CC><NN>continuity</NN><NN>function</NN></NounPhrase></PrepPhrase></VerbPhrase><VerbPhrase><VBD>was</VBD><VBN>used</VBN></VerbPhrase><VerbPhrase><TO>to</TO><VB>test</VB></VerbPhrase><NounPhrase><DT>a</DT><JJ-CHEM>solder</JJ-CHEM><NN>joint</NN></NounPhrase><STOP>.</STOP></Sentence></Document>
<?xml version="1.0" encoding="UTF-8"?>
<Document><Sentence><NounPhrase><DT>An</DT><JJ>exact</JJ><NN>amount</NN><PrepPhrase><IN-OF>of</IN-OF><NounPhrase><NNP>Halloysite</NNP><NN-CHEMENTITY>nanotubes</NN-CHEMENTITY><MIXTURE><_-LRB->(</_-LRB-><MOLECULE><OSCARCM><OSCAR-CM>HNT</OSCAR-CM></OSCARCM></MOLECULE><COMMA>,</COMMA><VBN>purchased</VBN><IN-FROM>from</IN-FROM><JJ>Aldrich</JJ><NNP>Chemistry</NNP><_-RRB->)</_-RRB-></MIXTURE></NounPhrase></PrepPhrase></NounPhrase><VerbPhrase><VBD>were</VBD><VBN>measured</VBN></VerbPhrase><CC>and</CC><ActionPhrase type="Add"><VerbPhrase><VB-ADD>poured</VB-ADD><PrepPhrase><IN-INTO>into</IN-INTO><NounPhrase><DT>a</DT><NN>beaker</NN></NounPhrase></PrepPhrase></VerbPhrase></ActionPhrase><STOP>.</STOP></Sentence></Document>
<?xml version="1.0" encoding="UTF-8"?>
<Document><Sentence><ActionPhrase type="Add"><NounPhrase><MOLECULE><OSCARCM><OSCAR-CM>Acetone</OSCAR-CM></OSCARCM></MOLECULE></NounPhrase><VerbPhrase><VBD>was</VBD><VB-ADD>poured</VB-ADD><PrepPhrase><IN-INTO>into</IN-INTO><NounPhrase><DT-THE>the</DT-THE><NN>beaker</NN></NounPhrase></PrepPhrase></VerbPhrase></ActionPhrase><CC>and</CC><ActionPhrase type="Stir"><VerbPhrase><RB>continuously</RB><VB-STIR>stirred</VB-STIR></VerbPhrase></ActionPhrase><VerbPhrase><VB-USE>using</VB-USE><JJ>magnetic</JJ></VerbPhrase><NounPhrase><MultipleApparatus><APPARATUS><NN-APPARATUS>stirrer</NN-APPARATUS></APPARATUS></MultipleApparatus></NounPhrase><PrepPhrase><IN-FOR>for</IN-FOR><IN>at</IN><NounPhrase><JJS>least</JJS><CD>1</CD><NN-TIME>hour</NN-TIME></NounPhrase></PrepPhrase><STOP>.</STOP></Sentence></Document>
<?xml version="1.0" encoding="UTF-8"?>
<Document><Sentence><NounPhrase><MOLECULE><OSCARCM><OSCAR-CM>Bisphenol</OSCAR-CM></OSCARCM></MOLECULE></NounPhrase><NounPhrase><DT>A</DT><MOLECULE><OSCARCM><OSCAR-CM>diglycidyl</OSCAR-CM><OSCAR-CM>ether</OSCAR-CM></OSCARCM><MIXTURE><_-LRB->(</_-LRB-><OSCARCM><OSCAR-CM>BADGE</OSCAR-CM></OSCARCM><_-RRB->)</_-RRB-></MIXTURE></MOLECULE><CC>and</CC><MOLECULE><OSCARCM><OSCAR-CM>M-xylenediamine</OSCAR-CM></OSCARCM><MIXTURE><_-LRB->(</_-LRB-><OSCARCM><OSCAR-CM>MXDA</OSCAR-CM></OSCARCM><_-RRB->)</_-RRB-></MIXTURE></MOLECULE></NounPhrase><PrepPhrase><IN-WITH>with</IN-WITH><NounPhrase><NN>volume</NN><NN>ratio</NN><PrepPhrase><IN-OF>of</IN-OF><NounPhrase><RATIO><CD>2</CD><COLON>:</COLON><CD>1</CD></RATIO></NounPhrase></PrepPhrase></NounPhrase></PrepPhrase><VerbPhrase><VBD>were</VBD><VBN>used</VBN><PrepPhrase><IN-AS>as</IN-AS><NounPhrase><JJ>epoxy</JJ><NN-CHEMENTITY>resin</NN-CHEMENTITY><CC>and</CC><NN>hardener</NN></NounPhrase></PrepPhrase></VerbPhrase><COMMA>,</COMMA><Unmatched><RB>respectively</RB></Unmatched><STOP>.</STOP></Sentence></Document>
<?xml version="1.0" encoding="UTF-8"?>
<Document><Sentence><ActionPhrase type="Add"><NounPhrase><DT>A</DT><NNP>BADGE</NNP></NounPhrase><VerbPhrase><VBD>was</VBD><VB-ADD>mixed</VB-ADD><PrepPhrase><IN-WITH>with</IN-WITH><NounPhrase><DT-THE>the</DT-THE><JJ>various</JJ><NN>content</NN><PrepPhrase><IN-OF>of</IN-OF><NounPhrase><JJ-CHEM>prepared</JJ-CHEM><MOLECULE><OSCARCM><OSCAR-CM>HNT</OSCAR-CM></OSCARCM></MOLECULE></NounPhrase></PrepPhrase></NounPhrase></PrepPhrase></VerbPhrase></ActionPhrase><CC>and</CC><ActionPhrase type="Stir"><VerbPhrase><RB>continuously</RB><VB-STIR>stirred</VB-STIR><TempPhrase><IN>at</IN><CD>80</CD><NN-TEMP>oC</NN-TEMP></TempPhrase><TimePhrase><IN-FOR>for</IN-FOR><CD>5</CD><NN-TIME>hours</NN-TIME></TimePhrase></VerbPhrase></ActionPhrase><STOP>.</STOP></Sentence></Document>
<?xml version="1.0" encoding="UTF-8"?>
<Document><Sentence><ActionPhrase type="Add"><Unmatched><JJ>Other</JJ></Unmatched><Unmatched><IN>than</IN></Unmatched><Unmatched><DT>that</DT></Unmatched><Unmatched><COMMA>,</COMMA></Unmatched><NounPhrase><DT>a</DT><JJ>certain</JJ><NN>amount</NN><PrepPhrase><IN-OF>of</IN-OF><NounPhrase><MOLECULE><OSCARCM><OSCAR-CM>MXDA</OSCAR-CM></OSCARCM></MOLECULE></NounPhrase></PrepPhrase></NounPhrase><VerbPhrase><VBD>was</VBD><VB-ADD>mixed</VB-ADD><PrepPhrase><IN-WITH>with</IN-WITH><NounPhrase><DT-THE>the</DT-THE><JJ>various</JJ><NN>content</NN><PrepPhrase><IN-OF>of</IN-OF><NounPhrase><JJ-CHEM>prepared</JJ-CHEM><MOLECULE><OSCARCM><OSCAR-CM>HNT</OSCAR-CM></OSCARCM></MOLECULE></NounPhrase></PrepPhrase></NounPhrase></PrepPhrase></VerbPhrase></ActionPhrase><CC>and</CC><ActionPhrase type="Stir"><VerbPhrase><VB-STIR>stirred</VB-STIR><TimePhrase><IN-FOR>for</IN-FOR><CD>15</CD><NN-TIME>minutes</NN-TIME></TimePhrase></VerbPhrase></ActionPhrase><STOP>.</STOP></Sentence></Document>
<?xml version="1.0" encoding="UTF-8"?>
<Document><Sentence><PrepPhrase><IN-IN>In</IN-IN><NounPhrase><DT>this</DT><NN>research</NN></NounPhrase></PrepPhrase><COMMA>,</COMMA><NounPhrase><DT-THE>the</DT-THE><JJ>composite</JJ><NN>coating</NN></NounPhrase><Unmatched><IN-WITH>with</IN-WITH></Unmatched><Unmatched><CC>and</CC></Unmatched><PrepPhrase><IN-WITHOUT>without</IN-WITHOUT><NounPhrase><MOLECULE><OSCARCM><OSCAR-CM>HNT</OSCAR-CM></OSCARCM></MOLECULE></NounPhrase></PrepPhrase><PrepPhrase><IN-ON>on</IN-ON><NounPhrase><DT-THE>the</DT-THE><MOLECULE><OSCARCM><OSCAR-CM>carbon</OSCAR-CM></OSCARCM></MOLECULE><NN>steel</NN><NN>substrate</NN></NounPhrase></PrepPhrase><VerbPhrase><VBD>were</VBD><VBN>applied</VBN></VerbPhrase><VerbPhrase><IN-BY>by</IN-BY><VBG>brushing</VBG></VerbPhrase><STOP>.</STOP></Sentence></Document>
<?xml version="1.0" encoding="UTF-8"?>
<Document><Sentence><ActionPhrase type="Wait"><NounPhrase><DT-THE>The</DT-THE><JJ>coated</JJ><MOLECULE><OSCARCM><OSCAR-CM>carbon</OSCAR-CM></OSCARCM></MOLECULE><NN>steel</NN></NounPhrase><VerbPhrase><VBD>was</VBD><VBN>cured</VBN><TimePhrase><IN-FOR>for</IN-FOR><CD>1</CD><NN-TIME>week</NN-TIME></TimePhrase><TempPhrase><IN>at</IN><JJ>ambient</JJ><NN-TEMP>temperature</NN-TEMP></TempPhrase></VerbPhrase></ActionPhrase><CC>and</CC><VerbPhrase><VBD>measured</VBD></VerbPhrase><NounPhrase><DT-THE>the</DT-THE><NN>thickness</NN><PrepPhrase><IN-OF>of</IN-OF><NounPhrase><NN>coating</NN></NounPhrase></PrepPhrase></NounPhrase><PrepPhrase><IN-ON>on</IN-ON><NounPhrase><DT-THE>the</DT-THE><MOLECULE><OSCARCM><OSCAR-CM>carbon</OSCAR-CM></OSCARCM></MOLECULE><NN>steel</NN></NounPhrase></PrepPhrase><ActionPhrase type="Yield"><VerbPhrase><TO>to</TO><VB-YIELD>get</VB-YIELD></VerbPhrase><NounPhrase><DT>a</DT><JJ-CHEM>uniform</JJ-CHEM><NN>coating</NN><NN>thickness</NN><PrepPhrase><IN-OF>of</IN-OF><NounPhrase><CD>120-200</CD><NN>µm</NN></NounPhrase></PrepPhrase></NounPhrase></ActionPhrase><STOP>.</STOP></Sentence></Document>
<?xml version="1.0" encoding="UTF-8"?>
<Document><Sentence><NounPhrase><DT-THE>The</DT-THE><JJ>coated</JJ><NN>steel</NN><NNS>specimen</NNS><COMMA>,</COMMA><MOLECULE><OSCARCM><OSCAR-CM>Ag</OSCAR-CM><DASH>/</DASH><OSCAR-CM>AgCl</OSCAR-CM></OSCARCM></MOLECULE><NN>electrode</NN><CC>and</CC><NNP>Ss316</NNP><NNP>Auxiliary</NNP></NounPhrase><VerbPhrase><VBD>were</VBD><VBN>used</VBN><PrepPhrase><IN-AS>as</IN-AS><NounPhrase><DT-THE>the</DT-THE><JJ-CHEM>working</JJ-CHEM><NN>electrode</NN><MIXTURE><_-LRB->(</_-LRB-><NNP>WE</NNP><_-RRB->)</_-RRB-></MIXTURE><COMMA>,</COMMA><NN>reference</NN><NN>electrode</NN></NounPhrase></PrepPhrase></VerbPhrase><Unmatched><_-LRB->(</_-LRB-></Unmatched><Unmatched><RB>RE</RB></Unmatched><Unmatched><_-RRB->)</_-RRB-></Unmatched><Unmatched><CC>and</CC></Unmatched><NounPhrase><NN>counter</NN><NN>electrode</NN><MIXTURE><_-LRB->(</_-LRB-><NNP>CE</NNP><_-RRB->)</_-RRB-></MIXTURE></NounPhrase><COMMA>,</COMMA><Unmatched><RB>respectively</RB></Unmatched><STOP>.</STOP></Sentence></Document>
<?xml version="1.0" encoding="UTF-8"?>
<Document><Sentence><NounPhrase><DT>All</DT><NNS>tests</NNS></NounPhrase><VerbPhrase><VBD>were</VBD><VBN>done</VBN><PrepPhrase><IN-IN>in</IN-IN><NounPhrase><DT>a</DT><MOLECULE><QUANTITY><PERCENT><CD>3.5</CD><NN>wt.</NN><NN-PERCENT>%</NN-PERCENT></PERCENT></QUANTITY><OSCARCM><OSCAR-CM>sodium</OSCAR-CM><OSCAR-CM>chloride</OSCAR-CM></OSCARCM><NN-CHEMENTITY>solution</NN-CHEMENTITY></MOLECULE></NounPhrase></PrepPhrase></VerbPhrase><STOP>.</STOP></Sentence></Document>
<?xml version="1.0" encoding="UTF-8"?>
<Document><Sentence><PrepPhrase><IN-BEFORE>Before</IN-BEFORE><NounPhrase><DT-THE>the</DT-THE><NN>test</NN></NounPhrase></PrepPhrase><COMMA>,</COMMA><NounPhrase><DT-THE>the</DT-THE><MOLECULE><OSCARCM><OSCAR-CM>WE</OSCAR-CM></OSCARCM></MOLECULE></NounPhrase><VerbPhrase><VBD>was</VBD><VBN>mounted</VBN><PrepPhrase><IN-IN>in</IN-IN><NounPhrase><NN>epoxy</NN></NounPhrase></PrepPhrase></VerbPhrase><CC>and</CC><ActionPhrase type="Wait"><VerbPhrase><VBD>plunged</VBD><PrepPhrase><IN-IN>in</IN-IN><NounPhrase><DT-THE>the</DT-THE><NN-CHEMENTITY>solution</NN-CHEMENTITY></NounPhrase></PrepPhrase><TimePhrase><IN-FOR>for</IN-FOR><CD>1</CD><NN-TIME>hour</NN-TIME></TimePhrase></VerbPhrase></ActionPhrase><ActionPhrase type="Yield"><VerbPhrase><TO>to</TO><VB-YIELD>obtain</VB-YIELD></VerbPhrase><NounPhrase><DT>a</DT><JJ>steady</JJ><NN>state</NN></NounPhrase></ActionPhrase><STOP>.</STOP></Sentence></Document>
<?xml version="1.0" encoding="UTF-8"?>
<Document><Sentence><NounPhrase><NNP>Electrochemical</NNP><PROCEDURE><NN>detection</NN><NN-METHOD>methods</NN-METHOD></PROCEDURE></NounPhrase><VerbPhrase><VBN>based</VBN><PrepPhrase><IN-ON>on</IN-ON><NounPhrase><MOLECULE><OSCARCM><OSCAR-CM>EIS</OSCAR-CM></OSCARCM></MOLECULE></NounPhrase></PrepPhrase></VerbPhrase><VerbPhrase><VBD>were</VBD><VBN>performed</VBN><PrepPhrase><IN-IN>in</IN-IN><NounPhrase><DT-THE>the</DT-THE><NN>range</NN><PrepPhrase><IN-OF>of</IN-OF><NounPhrase><NN>frequency</NN></NounPhrase></PrepPhrase></NounPhrase></PrepPhrase><PrepPhrase><IN-FROM>from</IN-FROM><NounPhrase><CD>10000</CD></NounPhrase></PrepPhrase><PrepPhrase><TO>to</TO><NounPhrase><CD>0.01</CD><NNP>Hz</NNP></NounPhrase></PrepPhrase></VerbPhrase><VerbPhrase><VB-USE>using</VB-USE></VerbPhrase><NounPhrase><DT>a</DT><MOLECULE><OSCARCM><OSCAR-CM>NOVA</OSCAR-CM></OSCARCM></MOLECULE><NN>software</NN></NounPhrase><STOP>.</STOP></Sentence></Document>
<?xml version="1.0" encoding="UTF-8"?>
<Document><Sentence><NounPhrase><DT-THE>The</DT-THE><NN>amplitude</NN><PrepPhrase><IN-OF>of</IN-OF><NounPhrase><DT-THE>the</DT-THE><JJ>sinusoidal</JJ><JJ-CHEM>voltage</JJ-CHEM><NN>signal</NN></NounPhrase></PrepPhrase></NounPhrase><VerbPhrase><VBD>was</VBD></VerbPhrase><NounPhrase><CD>10</CD><NNP>mV</NNP></NounPhrase><STOP>.</STOP></Sentence><Sentence><NounPhrase><DT-THE>The</DT-THE><NN>morphology</NN><NNS>characterizations</NNS><PrepPhrase><IN-OF>of</IN-OF><NounPhrase><DT-THE>the</DT-THE><MOLECULE><OSCARCM><OSCAR-CM>HNT</OSCAR-CM></OSCARCM></MOLECULE><NNS>samples</NNS></NounPhrase></PrepPhrase></NounPhrase><VerbPhrase><VBD>were</VBD><VBN>done</VBN></VerbPhrase><VerbPhrase><IN-BY>by</IN-BY><VB-USE>using</VB-USE></VerbPhrase><NounPhrase><DT-THE>the</DT-THE><JJ-CHEM>field</JJ-CHEM><NN>emission</NN><NN>scanning</NN><NN>electron</NN><NN>microscopy</NN><MIXTURE><_-LRB->(</_-LRB-><NNP>FESEM</NNP><STOP>;</STOP><MOLECULE><OSCARCM><OSCAR-CM>FEI/Nova</OSCAR-CM></OSCARCM></MOLECULE><NNP>NanoSEM</NNP><CD>450</CD><_-RRB->)</_-RRB-></MIXTURE></NounPhrase><TempPhrase><IN>at</IN><JJ>ambient</JJ><NN-TEMP>temperature</NN-TEMP></TempPhrase><STOP>.</STOP></Sentence></Document>
<?xml version="1.0" encoding="UTF-8"?>
<Document><Sentence><NounPhrase><PROCEDURE><CD>3</CD></PROCEDURE><STOP>.</STOP></NounPhrase></Sentence></Document>
<?xml version="1.0" encoding="UTF-8"?>
<Document/>
