<?xml version="1.0" encoding="UTF-8"?>
<Document><Sentence><ActionPhrase type="Synthesize"><NounPhrase><MOLECULE><OSCARCM><OSCAR-CM>EXPERIMENTAL</OSCAR-CM></OSCARCM><REFERENCETOCOMPOUND><CD>2.1</CD></REFERENCETOCOMPOUND></MOLECULE><NN-SYNTHESIZE>Preparation</NN-SYNTHESIZE><PrepPhrase><IN-OF>of</IN-OF><NounPhrase><MOLECULE><OSCARCM><OSCAR-CM>SnO2</OSCAR-CM></OSCARCM></MOLECULE><NN>film</NN><CD>2.1.1</CD><NNP>Experiment</NNP><NN-CHEMENTITY>material</NN-CHEMENTITY></NounPhrase></PrepPhrase></NounPhrase><NounPhrase><DT-THE>The</DT-THE><NNS>substrates</NNS></NounPhrase><PrepPhrase><IN-WITH>with</IN-WITH><NounPhrase><NNS>dimensions</NNS></NounPhrase></PrepPhrase><PrepPhrase><IN-OF>of</IN-OF><IN>about</IN><NounPhrase><CD>10mm</CD><SYM>×</SYM><JJ>70mm</JJ><SYM>×</SYM><PRP>2mm</PRP></NounPhrase></PrepPhrase></ActionPhrase><VerbPhrase><VBD>were</VBD><VBN>fabricated</VBN><PrepPhrase><IN-FROM>from</IN-FROM><NounPhrase><DT>a</DT><JJ>commercial</JJ><NNP>304SS</NNP><NN>plate</NN></NounPhrase></PrepPhrase></VerbPhrase><STOP>.</STOP></Sentence></Document>
<?xml version="1.0" encoding="UTF-8"?>
<Document><Sentence><NounPhrase><MOLECULE><OSCARCM><OSCAR-CM>SnCl2•2H2O</OSCAR-CM></OSCARCM></MOLECULE><COMMA>,</COMMA><MOLECULE><OSCARCM><OSCAR-CM>PEG2000</OSCAR-CM></OSCARCM></MOLECULE><COMMA>,</COMMA><MOLECULE><OSCARCM><OSCAR-CM>KCl</OSCAR-CM></OSCARCM></MOLECULE><COMMA>,</COMMA><MOLECULE><OSCARCM><OSCAR-CM>KNO3</OSCAR-CM></OSCARCM></MOLECULE><COMMA>,</COMMA><MOLECULE><OSCARCM><OSCAR-CM>HF</OSCAR-CM></OSCARCM></MOLECULE><COMMA>,</COMMA><MOLECULE><OSCARCM><OSCAR-CM>H2SO4</OSCAR-CM></OSCARCM></MOLECULE><CC>and</CC><MOLECULE><OSCARCM><OSCAR-CM>ethanol</OSCAR-CM></OSCARCM></MOLECULE></NounPhrase><VerbPhrase><VBD>were</VBD><VBN>purchased</VBN><PrepPhrase><IN-FROM>from</IN-FROM><NounPhrase><DT-THE>the</DT-THE><JJ>Sinopharm</JJ><NNP>Chemical</NNP><NN-CHEMENTITY>Reagent</NN-CHEMENTITY><MOLECULE><OSCARCM><OSCAR-CM>Co</OSCAR-CM></OSCARCM></MOLECULE><COMMA>,</COMMA><NNP>Ltd.(SCRC)</NNP></NounPhrase></PrepPhrase></VerbPhrase><STOP>.</STOP></Sentence></Document>
<?xml version="1.0" encoding="UTF-8"?>
<Document><Sentence><NounPhrase><DT>All</DT><NNS>chemicals</NNS></NounPhrase><VerbPhrase><VBD>were</VBD><VBN>used</VBN></VerbPhrase><ActionPhrase type="Purify"><VerbPhrase><IN-AS>as</IN-AS><VBN>received</VBN><PrepPhrase><IN-WITHOUT>without</IN-WITHOUT><NounPhrase><JJ>further</JJ><NN-PURIFY>purification</NN-PURIFY></NounPhrase></PrepPhrase></VerbPhrase></ActionPhrase><STOP>.</STOP></Sentence></Document>
<?xml version="1.0" encoding="UTF-8"?>
<Document><Sentence><ActionPhrase type="Synthesize"><NounPhrase><CD>2.1.2</CD><NN-SYNTHESIZE>Preparation</NN-SYNTHESIZE><MOLECULE><OSCARCM><OSCAR-CM>SnCl2•2H2O</OSCAR-CM></OSCARCM></MOLECULE><COMMA>,</COMMA><MOLECULE><OSCARCM><OSCAR-CM>ethanol</OSCAR-CM></OSCARCM></MOLECULE><CC>and</CC><NNP>PEG2000</NNP></NounPhrase></ActionPhrase><VerbPhrase><VBD>were</VBD><VBN>selected</VBN></VerbPhrase><VerbPhrase><IN-AS>as</IN-AS><VBG>starting</VBG></VerbPhrase><NounPhrase><NN-CHEMENTITY>materials</NN-CHEMENTITY></NounPhrase><STOP>.</STOP></Sentence></Document>
<?xml version="1.0" encoding="UTF-8"?>
<Document><Sentence><ActionPhrase type="Add"><PrepPhrase><IN-AFTER>After</IN-AFTER><NounPhrase><MOLECULE><QUANTITY><MASS><CD>6.4</CD><NN-MASS>g</NN-MASS></MASS></QUANTITY><OSCARCM><OSCAR-CM>SnCl2•2H2O</OSCAR-CM></OSCARCM></MOLECULE></NounPhrase></PrepPhrase><VerbPhrase><VBD>was</VBD><VB-ADD>added</VB-ADD><PrepPhrase><IN-INTO>into</IN-INTO><NounPhrase><DT>a</DT><MOLECULE><QUANTITY><VOLUME><CD>100</CD><NN-VOL>ml</NN-VOL></VOLUME></QUANTITY><OSCARCM><OSCAR-CM>ethanol</OSCAR-CM></OSCARCM><NN-CHEMENTITY>solution</NN-CHEMENTITY></MOLECULE></NounPhrase></PrepPhrase><PrepPhrase><IN-WITH>with</IN-WITH><NounPhrase><MOLECULE><QUANTITY><MASS><CD>0.46</CD><NN-MASS>g</NN-MASS></MASS></QUANTITY><OSCARCM><OSCAR-CM>PEG2000</OSCAR-CM></OSCARCM></MOLECULE></NounPhrase></PrepPhrase></VerbPhrase></ActionPhrase><COMMA>,</COMMA><ActionPhrase type="Wait"><NounPhrase><DT-THE>the</DT-THE><NN-CHEMENTITY>solution</NN-CHEMENTITY></NounPhrase><VerbPhrase><VBD>was</VBD><VBN>homogenized</VBN><PrepPhrase><IN-WITH>with</IN-WITH><NounPhrase><MultipleApparatus><APPARATUS><DT>a</DT><JJ>magnetic</JJ><NN-APPARATUS>stirrer</NN-APPARATUS></APPARATUS></MultipleApparatus></NounPhrase></PrepPhrase><PrepPhrase><IN>at</IN><NounPhrase><CD>50</CD><NN>℃</NN></NounPhrase></PrepPhrase><TimePhrase><IN-FOR>for</IN-FOR><CD>2</CD><NN-TIME>h</NN-TIME></TimePhrase></VerbPhrase></ActionPhrase><COMMA>,</COMMA><CC>and</CC><RB-CONJ>then</RB-CONJ><ActionPhrase type="Wait"><VerbPhrase><VBN>aged</VBN><TimePhrase><IN-FOR>for</IN-FOR><CD>24</CD><NN-TIME>h</NN-TIME></TimePhrase></VerbPhrase></ActionPhrase><STOP>.</STOP></Sentence><Sentence><NounPhrase><DT-THE>The</DT-THE><NNP>304SS</NNP></NounPhrase><Unmatched><_-LRB->(</_-LRB-></Unmatched><NounPhrase><DT-THE>the</DT-THE><NN>composition</NN></NounPhrase><VerbPhrase><VBD>was</VBD><VBN>given</VBN><PrepPhrase><IN-IN>in</IN-IN><NounPhrase><CaptionLabel><NNP-LABEL>Table</NNP-LABEL><CD>1</CD></CaptionLabel></NounPhrase></PrepPhrase></VerbPhrase><Unmatched><_-RRB->)</_-RRB-></Unmatched><NounPhrase><NNS>substrates</NNS></NounPhrase><VerbPhrase><VBD>were</VBD><JJ>polished</JJ></VerbPhrase><NounPhrase><PROCEDURE><NN-METHOD>step</NN-METHOD></PROCEDURE></NounPhrase><PrepPhrase><IN-BY>by</IN-BY><NounPhrase><PROCEDURE><NN-METHOD>step</NN-METHOD></PROCEDURE></NounPhrase></PrepPhrase><PrepPhrase><IN-WITH>with</IN-WITH><NounPhrase><MOLECULE><OSCARCM><OSCAR-CM>W20~W5</OSCAR-CM></OSCARCM><JJ>metallographic</JJ></MOLECULE><JJ>abrasive</JJ><NNS>papers</NNS></NounPhrase></PrepPhrase><CC>and</CC><VerbPhrase><RB>thoroughly</RB><VBD>degreased</VBD><PrepPhrase><IN-WITH>with</IN-WITH><NounPhrase><MOLECULE><OSCARCM><OSCAR-CM>ethanol</OSCAR-CM></OSCARCM></MOLECULE></NounPhrase></PrepPhrase></VerbPhrase><VerbPhrase><IN-BY>by</IN-BY><VB-USE>using</VB-USE></VerbPhrase><NounPhrase><DT>an</DT><JJ>ultrasonic</JJ><NN>cleaner</NN></NounPhrase><COMMA>,</COMMA><CC>and</CC><RB-CONJ>then</RB-CONJ><ActionPhrase type="Wash"><VerbPhrase><VBD>were</VBD><VB-WASH>rinsed</VB-WASH><PrepPhrase><IN-WITH>with</IN-WITH><NounPhrase><JJ-CHEM>distilled</JJ-CHEM><MOLECULE role="Solvent"><OSCARCM><OSCAR-CM>water</OSCAR-CM></OSCARCM></MOLECULE></NounPhrase></PrepPhrase></VerbPhrase></ActionPhrase><STOP>.</STOP></Sentence></Document>
<?xml version="1.0" encoding="UTF-8"?>
<Document><Sentence><NounPhrase><CaptionLabel><NNP-LABEL>Table</NNP-LABEL><CD>1</CD></CaptionLabel></NounPhrase><STOP>.</STOP></Sentence></Document>
<?xml version="1.0" encoding="UTF-8"?>
<Document><Sentence><NounPhrase><NNP>Chemical</NNP><NN>composition</NN><PrepPhrase><IN-OF>of</IN-OF><NounPhrase><CD>304</CD><JJ>stainless</JJ><NN>steel</NN><MIXTURE><_-LRB->(</_-LRB-><NN>wt</NN><NN-PERCENT>%</NN-PERCENT><_-RRB->)</_-RRB-></MIXTURE><NNP>Element</NNP><NNP>C</NNP><NNP>Si</NNP><NNP>Mn</NNP><NNP>P</NNP><NNP>S</NNP><NNP>Cr</NNP><NNP>Ni</NNP><NNP>Fe</NNP><NNP>Content</NNP><MIXTURE><_-LRB->(</_-LRB-><NN>wt</NN><NN-PERCENT>%</NN-PERCENT><_-RRB->)</_-RRB-></MIXTURE><CD>0.035</CD><CD>0.51</CD><CD>1.18</CD><CD>0.035</CD><CD>0.029</CD><CD>17.58</CD><CD>8.01</CD><CD>71.721</CD></NounPhrase></PrepPhrase></NounPhrase><NounPhrase><DT-THE>The</DT-THE><NNP>304SS</NNP><NN>substrate</NN></NounPhrase><VerbPhrase><VBD>was</VBD><VBN>dipped</VBN><PrepPhrase><IN-INTO>into</IN-INTO><NounPhrase><DT-THE>the</DT-THE><NN-CHEMENTITY>solution</NN-CHEMENTITY></NounPhrase></PrepPhrase></VerbPhrase><COMMA>,</COMMA><ActionPhrase type="Remove"><VerbPhrase><VB-REMOVE>withdrew</VB-REMOVE><PrepPhrase><IN>at</IN><NounPhrase><CD>2</CD><CD>mm/s</CD></NounPhrase></PrepPhrase></VerbPhrase></ActionPhrase><CC>and</CC><ActionPhrase type="Dry"><VerbPhrase><VB-DRY>dried</VB-DRY><TempPhrase><IN>at</IN><NN-TEMP>room</NN-TEMP><NN-TEMP>temperature</NN-TEMP></TempPhrase><COMMA>,</COMMA><PrepPhrase><IN-BEFORE>before</IN-BEFORE><NounPhrase><PRP>it</PRP></NounPhrase></PrepPhrase></VerbPhrase></ActionPhrase><ActionPhrase type="Wait"><VerbPhrase><VBD>was</VBD><VBN>baked</VBN><PrepPhrase><IN-IN>in</IN-IN><NounPhrase><MultipleApparatus><APPARATUS><DT>an</DT><NN-APPARATUS>oven</NN-APPARATUS></APPARATUS></MultipleApparatus></NounPhrase></PrepPhrase><TempPhrase><IN>at</IN><CD>100</CD><NN-TEMP>°C</NN-TEMP></TempPhrase><TimePhrase><IN-FOR>for</IN-FOR><CD>0.5</CD><NN-TIME>h</NN-TIME></TimePhrase></VerbPhrase></ActionPhrase><STOP>.</STOP></Sentence><Sentence><ActionPhrase type="Yield"><VerbPhrase><IN-FOR>For</IN-FOR><VB-YIELD>obtaining</VB-YIELD></VerbPhrase><NounPhrase><DT-THE>the</DT-THE><JJR>thicker</JJR><MOLECULE><OSCARCM><OSCAR-CM>SnO2</OSCAR-CM></OSCARCM></MOLECULE><NN>film</NN></NounPhrase></ActionPhrase><COMMA>,</COMMA><NounPhrase><DT-THE>the</DT-THE><JJ>above</JJ><PROCEDURE><NN-METHOD>steps</NN-METHOD></PROCEDURE></NounPhrase><VerbPhrase><VBD>were</VBD><VBN>repeated</VBN><JJ>several</JJ></VerbPhrase><NounPhrase><NN-TIMES>times</NN-TIMES></NounPhrase><STOP>.</STOP></Sentence></Document>
<?xml version="1.0" encoding="UTF-8"?>
<Document><Sentence><ActionPhrase type="Synthesize"><PrepPhrase><IN-IN>In</IN-IN><NounPhrase><DT>a</DT><JJ>typical</JJ><MOLECULE><OSCARCM><OSCAR-CM>alcohol</OSCAR-CM></OSCARCM></MOLECULE></NounPhrase></PrepPhrase><NounPhrase><DT>thermal</DT><NN>route</NN></NounPhrase><COMMA>,</COMMA><NounPhrase><DT-THE>the</DT-THE><MOLECULE><OSCARCM><OSCAR-CM>SnO2</OSCAR-CM></OSCARCM><JJ>coated</JJ><REFERENCETOCOMPOUND><CD>304SS</CD></REFERENCETOCOMPOUND></MOLECULE><NNS>substrates</NNS></NounPhrase><VerbPhrase><VBD>were</VBD><VB-SYNTHESIZE>reacted</VB-SYNTHESIZE><PrepPhrase><IN-WITH>with</IN-WITH><NounPhrase><DT-THE>the</DT-THE><JJ-CHEM>precursor</JJ-CHEM><NN>sol</NN><NN-CHEMENTITY>solution</NN-CHEMENTITY></NounPhrase></PrepPhrase><PrepPhrase><IN-IN>in</IN-IN><NounPhrase><DT>a</DT><MOLECULE><OSCARCM><OSCAR-CM>Teflon</OSCAR-CM></OSCARCM><JJ>sealed</JJ></MOLECULE><JJ>stainless</JJ><JJ-CHEM>steel</JJ-CHEM><NN>autoclave</NN></NounPhrase></PrepPhrase><PrepPhrase><IN-WITH>with</IN-WITH><NounPhrase><DT>an</DT><QUANTITY><PERCENT><CD>75</CD><NN-PERCENT>%</NN-PERCENT></PERCENT></QUANTITY></NounPhrase></PrepPhrase></VerbPhrase></ActionPhrase><VerbPhrase><VBG>filling</VBG></VerbPhrase><NounPhrase><NN>factor</NN></NounPhrase><STOP>.</STOP></Sentence></Document>
<?xml version="1.0" encoding="UTF-8"?>
<Document><Sentence><ActionPhrase type="ApparatusAction"><NounPhrase><DT-THE>The</DT-THE><NN>autoclave</NN></NounPhrase><VerbPhrase><VBD>was</VBD><VBN>put</VBN><PrepPhrase><IN-INTO>into</IN-INTO><NounPhrase><MultipleApparatus><APPARATUS><DT>an</DT><NN-APPARATUS>oven</NN-APPARATUS></APPARATUS></MultipleApparatus></NounPhrase></PrepPhrase></VerbPhrase></ActionPhrase><COMMA>,</COMMA><ActionPhrase type="Heat"><VerbPhrase><VB-HEAT>heated</VB-HEAT><PrepPhrase><TO>to</TO><NounPhrase><CD>180</CD><NN>℃</NN></NounPhrase></PrepPhrase><TimePhrase><IN-FOR>for</IN-FOR><CD>3</CD><NN-TIME>h</NN-TIME></TimePhrase></VerbPhrase></ActionPhrase><COMMA>,</COMMA><CC>and</CC><ActionPhrase type="Cool"><VerbPhrase><VB-COOL>cooled</VB-COOL><RB>naturally</RB><PrepPhrase><IN-IN>in</IN-IN><NounPhrase><NN>air</NN></NounPhrase></PrepPhrase></VerbPhrase></ActionPhrase><STOP>.</STOP></Sentence></Document>
<?xml version="1.0" encoding="UTF-8"?>
<Document><Sentence><ActionPhrase type="Wash"><Unmatched><RB>Subsequently</RB></Unmatched><Unmatched><COMMA>,</COMMA></Unmatched><NounPhrase><DT-THE>the</DT-THE><JJ>as-deposited</JJ><NNS>substrates</NNS></NounPhrase><VerbPhrase><VBD>were</VBD><VB-WASH>rinsed</VB-WASH><RB>repeatedly</RB><PrepPhrase><IN-WITH>with</IN-WITH><NounPhrase><JJ>deionized</JJ><MOLECULE role="Solvent"><OSCARCM><OSCAR-CM>water</OSCAR-CM></OSCARCM></MOLECULE></NounPhrase></PrepPhrase></VerbPhrase></ActionPhrase><CC>and</CC><ActionPhrase type="Dry"><VerbPhrase><VB-DRY>dried</VB-DRY><PrepPhrase><IN-IN>in</IN-IN><NounPhrase><MultipleApparatus><APPARATUS><DT>an</DT><NN-APPARATUS>oven</NN-APPARATUS></APPARATUS></MultipleApparatus></NounPhrase></PrepPhrase><PrepPhrase><IN>at</IN><NounPhrase><CD>100</CD><NN>℃</NN></NounPhrase></PrepPhrase><TimePhrase><IN-FOR>for</IN-FOR><CD>0.5</CD><NN-TIME>h</NN-TIME></TimePhrase><PrepPhrase><IN-FOR>for</IN-FOR><NounPhrase><JJ>further</JJ><NN>characterization</NN></NounPhrase></PrepPhrase></VerbPhrase></ActionPhrase><STOP>.</STOP></Sentence></Document>
<?xml version="1.0" encoding="UTF-8"?>
<Document><Sentence><NounPhrase><PROCEDURE><CD>2.2</CD></PROCEDURE><STOP>.</STOP></NounPhrase></Sentence></Document>
<?xml version="1.0" encoding="UTF-8"?>
<Document><Sentence><NounPhrase><NNP>Characterization</NNP><PROCEDURE><NN-METHOD>methods</NN-METHOD><CD>2.2.1</CD></PROCEDURE><JJ>Electrochemical</JJ><NNS>measurements</NNS></NounPhrase><NounPhrase><DT>A</DT><JJ>conventional</JJ><CD>three-electrode</CD><NN>system</NN></NounPhrase><COMMA>,</COMMA><PrepPhrase><IN-WITH>with</IN-WITH><NounPhrase><DT>a</DT><MOLECULE><OSCARCM><OSCAR-CM>platinum</OSCAR-CM></OSCARCM></MOLECULE><NN>sheet</NN></NounPhrase></PrepPhrase><PrepPhrase><IN-AS>as</IN-AS><NounPhrase><DT-THE>the</DT-THE><NN>counter-electrode</NN></NounPhrase></PrepPhrase><CC>and</CC><NounPhrase><DT>a</DT><JJ-CHEM>saturated</JJ-CHEM><JJ-CHEM>calomel</JJ-CHEM><NN>electrode</NN><MIXTURE><_-LRB->(</_-LRB-><NNP>SCE</NNP><_-RRB->)</_-RRB-></MIXTURE></NounPhrase><PrepPhrase><IN-AS>as</IN-AS><NounPhrase><DT-THE>the</DT-THE><JJ-CHEM>reference</JJ-CHEM><NN>electrode</NN></NounPhrase></PrepPhrase><COMMA>,</COMMA><VerbPhrase><VBD>was</VBD><VBN>used</VBN><PrepPhrase><IN-FOR>for</IN-FOR><NounPhrase><DT-THE>the</DT-THE><JJ>electrochemical</JJ><NN>measurements</NN></NounPhrase></PrepPhrase></VerbPhrase><STOP>.</STOP></Sentence></Document>
<?xml version="1.0" encoding="UTF-8"?>
<Document><Sentence><NounPhrase><DT-THE>The</DT-THE><NN>corrosion</NN><NNS>tests</NNS><PrepPhrase><IN-OF>of</IN-OF><NounPhrase><NNP>304SS</NNP><NNS>samples</NNS></NounPhrase></PrepPhrase></NounPhrase><PrepPhrase><IN-WITH>with</IN-WITH><NounPhrase><DT>a</DT><JJ>working</JJ><NN>surface</NN><NN>area</NN><PrepPhrase><IN-OF>of</IN-OF><NounPhrase><CD>1</CD><NN>cm</NN><CD>2</CD></NounPhrase></PrepPhrase></NounPhrase></PrepPhrase><VerbPhrase><VBD>were</VBD><VBN>conducted</VBN><PrepPhrase><IN-WITH>with</IN-WITH><NounPhrase><DT>a</DT><NNP>Princeton</NNP><NNP>Applied</NNP><NNP>Research</NNP><MIXTURE><_-LRB->(</_-LRB-><NNP>PAR</NNP><_-RRB->)</_-RRB-></MIXTURE><CD>273</CD><NNP>potentiostat/Galvanostat</NNP><PrepPhrase><IN-IN>in</IN-IN><MOLECULE><OSCARCM><OSCAR-CM>PEMFC</OSCAR-CM></OSCARCM></MOLECULE></PrepPhrase></NounPhrase></PrepPhrase></VerbPhrase><NounPhrase><NN>environment</NN><MIXTURE><_-LRB->(</_-LRB-><MOLECULE><QUANTITY><MOLAR><CD>0.05</CD><NN-MOLAR>M</NN-MOLAR></MOLAR></QUANTITY><OSCARCM><OSCAR-CM>H2SO4</OSCAR-CM></OSCARCM><NN-CHEMENTITY>solution</NN-CHEMENTITY></MOLECULE><IN-WITH>with</IN-WITH><CD>2</CD><NN>ppm</NN><MOLECULE><OSCARCM><OSCAR-CM>HF</OSCAR-CM></OSCARCM><NN-CHEMENTITY>solution</NN-CHEMENTITY></MOLECULE><_-RRB->)</_-RRB-></MIXTURE></NounPhrase><PrepPhrase><IN>at</IN><NounPhrase><CD>70</CD><NN>℃</NN></NounPhrase></PrepPhrase><STOP>.</STOP></Sentence></Document>
<?xml version="1.0" encoding="UTF-8"?>
<Document><Sentence><NounPhrase><NNP>Potentiodynamic</NNP><NN>polarization</NN><NNP>Int</NNP></NounPhrase><STOP>.</STOP></Sentence></Document>
<?xml version="1.0" encoding="UTF-8"?>
<Document><Sentence><NounPhrase><PROCEDURE><NN-IDENTIFIER>J</NN-IDENTIFIER></PROCEDURE><STOP>.</STOP></NounPhrase></Sentence><Sentence><NounPhrase><NNP>Electrochem</NNP></NounPhrase><STOP>.</STOP></Sentence></Document>
<?xml version="1.0" encoding="UTF-8"?>
<Document><Sentence><NounPhrase><NNP>Sci</NNP></NounPhrase><STOP>.</STOP></Sentence><Sentence><Unmatched><COMMA>,</COMMA></Unmatched></Sentence></Document>
<?xml version="1.0" encoding="UTF-8"?>
<Document/>
<?xml version="1.0" encoding="UTF-8"?>
<Document><Sentence><ActionPhrase type="Degass"><NounPhrase><CD>12</CD><COMMA>,</COMMA><CD>2017</CD><CD>10949</CD></NounPhrase><VerbPhrase><VBD>was</VBD><VB-DEGASS>undertaken</VB-DEGASS><PrepPhrase><IN-FROM>from</IN-FROM><NounPhrase><CD>-0.25</CD><NNP>V</NNP><MIXTURE><_-LRB->(</_-LRB-><NNP>SCE</NNP><_-RRB->)</_-RRB-></MIXTURE><NNP>OCP</NNP></NounPhrase></PrepPhrase><PrepPhrase><TO>to</TO><NounPhrase><CD>1.0</CD><NNP>V</NNP><MIXTURE><_-LRB->(</_-LRB-><NNP>SCE</NNP><_-RRB->)</_-RRB-></MIXTURE><NNP>OCP</NNP></NounPhrase></PrepPhrase><PrepPhrase><IN>at</IN><NounPhrase><DT>a</DT><JJ>scan</JJ><NN>rate</NN><PrepPhrase><IN-OF>of</IN-OF><NounPhrase><CD>1</CD><NNP>mV/s</NNP></NounPhrase></PrepPhrase></NounPhrase></PrepPhrase></VerbPhrase></ActionPhrase><STOP>.</STOP></Sentence></Document>
<?xml version="1.0" encoding="UTF-8"?>
<Document><Sentence><NounPhrase><NNP>Electrochemical</NNP><NNP>Impedance</NNP><NNP>Spectroscopy</NNP><NNP>（EIS）</NNP></NounPhrase><VerbPhrase><VBD>were</VBD><VBN>made</VBN><PrepPhrase><IN-IN>in</IN-IN><NounPhrase><DT-THE>the</DT-THE><NN>range</NN><CD>100</CD><CD>kHz-0.05</CD><NNP>Hz</NNP></NounPhrase></PrepPhrase><COMMA>,</COMMA><PrepPhrase><IN-WITH>with</IN-WITH><NounPhrase><DT>an</DT><NN>amplitude</NN><PrepPhrase><IN-OF>of</IN-OF><NounPhrase><MOLECULE><OSCARCM><OSCAR-CM>5mV</OSCAR-CM></OSCARCM></MOLECULE></NounPhrase></PrepPhrase></NounPhrase></PrepPhrase><PrepPhrase><IN-FOR>for</IN-FOR><NounPhrase><DT-THE>the</DT-THE><NN>input</NN><MOLECULE><OSCARCM><OSCAR-CM>sine</OSCAR-CM></OSCARCM></MOLECULE><NN>wave</NN><NN>voltage</NN></NounPhrase></PrepPhrase></VerbPhrase><STOP>.</STOP></Sentence></Document>
<?xml version="1.0" encoding="UTF-8"?>
<Document><Sentence><ActionPhrase type="Degass"><NounPhrase><JJ>Potentiostatic</JJ><NN-TIME>current-time</NN-TIME><NNS>curves</NNS><NNS>measurements</NNS></NounPhrase><VerbPhrase><VBD>were</VBD><VBN>carried</VBN><RP>out</RP><PrepPhrase><IN-IN>in</IN-IN><NounPhrase><DT-THE>the</DT-THE><JJ-CHEM>simulated</JJ-CHEM><MOLECULE><OSCARCM><OSCAR-CM>PEMFC</OSCAR-CM></OSCARCM></MOLECULE><NN>cathodic</NN><MIXTURE><_-LRB->(</_-LRB-><CD>0.6</CD><NNP>V</NNP><COMMA>,</COMMA><NN>air</NN><VB-DEGASS>bubbled</VB-DEGASS><COMMA>,</COMMA><CD>70</CD><NN>℃</NN><_-RRB->)</_-RRB-></MIXTURE></NounPhrase></PrepPhrase></VerbPhrase></ActionPhrase><CC>and</CC><ActionPhrase type="Degass"><NounPhrase><DT>anodic（-0.1</DT><NNP>V</NNP><COMMA>,</COMMA><MOLECULE><OSCARCM><OSCAR-CM>H2</OSCAR-CM></OSCARCM></MOLECULE></NounPhrase><VerbPhrase><VB-DEGASS>bubbled</VB-DEGASS></VerbPhrase></ActionPhrase><COMMA>,</COMMA><NounPhrase><CD>70</CD><NN>℃）environment</NN></NounPhrase><COMMA>,</COMMA><Unmatched><RB>respectively</RB></Unmatched><STOP>.</STOP></Sentence></Document>
<?xml version="1.0" encoding="UTF-8"?>
<Document><Sentence><NounPhrase><CD>2.2.2</CD><NNP>Surface</NNP><NN>morphology</NN><CC>and</CC><NN>chemical</NN><NN>composition</NN><NN>testing</NN><NNP>Surface</NNP><NNS>morphologies</NNS><PrepPhrase><IN-OF>of</IN-OF><NounPhrase><DT-THE>the</DT-THE><JJ>bared</JJ><NNP>304SS</NNP><CC>and</CC><MOLECULE><OSCARCM><OSCAR-CM>SnO2</OSCAR-CM></OSCARCM></MOLECULE><NN>film</NN></NounPhrase></PrepPhrase></NounPhrase><VerbPhrase><VBN>modified</VBN></VerbPhrase><NounPhrase><NNP>304SS</NNP></NounPhrase><VerbPhrase><VBD>were</VBD><VBN>observed</VBN><PrepPhrase><IN-BY>by</IN-BY><NounPhrase><NNP>SEM</NNP><CITATION><_-LRB->(</_-LRB-><NNP>Hitachi</NNP><NNP>SU-1500</NNP><_-RRB->)</_-RRB-></CITATION></NounPhrase></PrepPhrase></VerbPhrase><ActionPhrase type="ApparatusAction"><VerbPhrase><VB-APPARATUS>equipped</VB-APPARATUS><PrepPhrase><IN-WITH>with</IN-WITH><NounPhrase><DT>an</DT><JJ-CHEM>energy</JJ-CHEM><JJ>dispersive</JJ><JJ-CHEM>X-ray</JJ-CHEM><NN>spectrometer</NN><MIXTURE><_-LRB->(</_-LRB-><NNP>EDX</NNP><_-RRB->)</_-RRB-></MIXTURE><CC>and</CC><NNP>AFM</NNP></NounPhrase></PrepPhrase></VerbPhrase></ActionPhrase><STOP>.</STOP></Sentence></Document>
<?xml version="1.0" encoding="UTF-8"?>
<Document><Sentence><NounPhrase><NNP>AFM</NNP><NN>tip</NN></NounPhrase><PrepPhrase><IN-IN>in</IN-IN><NounPhrase><NN>tapping</NN><NN>mode</NN><MIXTURE><_-LRB->(</_-LRB-><JJ>Molecular</JJ><NNP>Imaging</NNP><NNP>Pico</NNP><JJ>Scan</JJ><CD>2100</CD><_-RRB->)</_-RRB-></MIXTURE></NounPhrase></PrepPhrase><VerbPhrase><VBD>was</VBD><RB>also</RB><VBN>preformed</VBN><PrepPhrase><IN-ON>on</IN-ON><NounPhrase><DT-THE>the</DT-THE><NNS>surfaces</NNS><PrepPhrase><IN-OF>of</IN-OF><NounPhrase><NNS>samples</NNS></NounPhrase></PrepPhrase></NounPhrase></PrepPhrase></VerbPhrase><STOP>.</STOP></Sentence></Document>
<?xml version="1.0" encoding="UTF-8"?>
<Document><Sentence><ActionPhrase type="Yield"><NounPhrase><NN>X-ray</NN><NN>diffraction</NN><MIXTURE><_-LRB->(</_-LRB-><NNP>XRD</NNP><_-RRB->)</_-RRB-></MIXTURE><NNS>patterns</NNS></NounPhrase><VerbPhrase><VBD>were</VBD><VB-YIELD>obtained</VB-YIELD></VerbPhrase></ActionPhrase><VerbPhrase><VB-USE>using</VB-USE></VerbPhrase><NounPhrase><DT>a</DT><NNP>Bruker</NNP><UNNAMEDMOLECULE><REFERENCETOCOMPOUND><NN-IDENTIFIER>D8</NN-IDENTIFIER></REFERENCETOCOMPOUND></UNNAMEDMOLECULE><NNP>Advance</NNP><NN>diffractometer</NN></NounPhrase><VerbPhrase><VB-USE>using</VB-USE></VerbPhrase><NounPhrase><DT>a</DT><MOLECULE><OSCARCM><OSCAR-CM>Cu</OSCAR-CM><OSCAR-CM>Ka</OSCAR-CM></OSCARCM></MOLECULE><NN>source</NN><MIXTURE><_-LRB->(</_-LRB-><NN>k</NN><SYM>=</SYM><CD>0.154056</CD><NN>nm</NN><_-RRB->)</_-RRB-></MIXTURE></NounPhrase><PrepPhrase><IN>at</IN><NounPhrase><CD>40</CD><NNP>kV</NNP><CC>and</CC><CD>40</CD><NNP>mA</NNP></NounPhrase></PrepPhrase><STOP>.</STOP></Sentence><Sentence><ActionPhrase type="Yield"><NounPhrase><DT-THE>The</DT-THE><JJ-CHEM>X-ray</JJ-CHEM><NN>photoelectron</NN><NN>spectra</NN><PrepPhrase><IN-OF>of</IN-OF><NounPhrase><DT-THE>the</DT-THE><NNS>films</NNS></NounPhrase></PrepPhrase></NounPhrase><VerbPhrase><VBD>were</VBD><VB-YIELD>obtained</VB-YIELD><PrepPhrase><IN-BY>by</IN-BY><NounPhrase><NNP>X-ray</NNP><NN>photoelectron</NN><NN>spectrometer</NN><MIXTURE><_-LRB->(</_-LRB-><MOLECULE><OSCARCM><OSCAR-CM>XPS</OSCAR-CM></OSCARCM></MOLECULE><COMMA>,</COMMA><JJ>PHI-5000C</JJ><JJ>ESCA</JJ><NN>system</NN><_-RRB->)</_-RRB-></MIXTURE></NounPhrase></PrepPhrase><PrepPhrase><IN-WITH>with</IN-WITH><NounPhrase><FW>Al</FW><NNP>Kα</NNP><NN>radiation</NN><MIXTURE><_-LRB->(</_-LRB-><MOLECULE><OSCARCM><OSCAR-CM>hν</OSCAR-CM></OSCARCM></MOLECULE><SYM>=</SYM><CD>1486.6</CD><NNP>eV</NNP><_-RRB->)</_-RRB-></MIXTURE></NounPhrase></PrepPhrase></VerbPhrase></ActionPhrase><STOP>.</STOP></Sentence></Document>
<?xml version="1.0" encoding="UTF-8"?>
<Document><Sentence><NounPhrase><DT-THE>The</DT-THE><JJ>binding</JJ><NN>energy</NN></NounPhrase><VerbPhrase><VBD>was</VBD><VBN>corrected</VBN></VerbPhrase><VerbPhrase><IN-BY>by</IN-BY><VBG>taking</VBG></VerbPhrase><NounPhrase><DT-THE>the</DT-THE><MOLECULE><OSCARCM><OSCAR-CM>C1s</OSCAR-CM></OSCARCM></MOLECULE><NN>level</NN></NounPhrase><PrepPhrase><IN-AS>as</IN-AS><NounPhrase><CD>284.6</CD><NNP>eV</NNP></NounPhrase></PrepPhrase><STOP>.</STOP></Sentence><Sentence><NounPhrase><CD>3</CD></NounPhrase><STOP>.</STOP></Sentence></Document>
<?xml version="1.0" encoding="UTF-8"?>
<Document/>
