<?xml version="1.0" encoding="UTF-8"?>
<Document><Sentence><NounPhrase><JJ>Experimental</JJ><NN>setup</NN><CC>and</CC><PROCEDURE><NN-METHOD>procedures</NN-METHOD><CD>2.1</CD></PROCEDURE><NNP>Workpiece</NNP><NN-CHEMENTITY>material</NN-CHEMENTITY></NounPhrase><CC>and</CC><VerbPhrase><VBG>cutting</VBG></VerbPhrase><NounPhrase><NNS>inserts</NNS></NounPhrase><VerbPhrase><VBG>Turning</VBG></VerbPhrase><NounPhrase><NNS>runs</NNS></NounPhrase><VerbPhrase><VBD>were</VBD><VBN>carried</VBN><RP>out</RP><PrepPhrase><IN-IN>in</IN-IN><NounPhrase><JJ>dry</JJ><NNS>conditions</NNS></NounPhrase></PrepPhrase></VerbPhrase><VerbPhrase><VB-USE>using</VB-USE></VerbPhrase><NounPhrase><DT>a</DT><JJ>universal</JJ><NN>lathe</NN><MOLECULE><OSCARCM><OSCAR-CM>SN</OSCAR-CM></OSCARCM><REFERENCETOCOMPOUND><CD-ALPHANUM>40C</CD-ALPHANUM></REFERENCETOCOMPOUND></MOLECULE><NN>type</NN></NounPhrase><PrepPhrase><IN-WITH>with</IN-WITH><NounPhrase><CD>6.6</CD><NNP>kW</NNP><NN>spindle</NN><NN>power</NN></NounPhrase></PrepPhrase><STOP>.</STOP></Sentence></Document>
<?xml version="1.0" encoding="UTF-8"?>
<Document><Sentence><NounPhrase><DT-THE>The</DT-THE><JJ-CHEM>workpiece</JJ-CHEM><NN-CHEMENTITY>material</NN-CHEMENTITY></NounPhrase><VerbPhrase><VBD>was</VBD><JJ>AISI</JJ></VerbPhrase><NounPhrase><CD>52100</CD><NN>steel</NN></NounPhrase><PrepPhrase><IN-IN>in</IN-IN><NounPhrase><DT-THE>the</DT-THE><NN>form</NN><PrepPhrase><IN-OF>of</IN-OF><NounPhrase><JJ>round</JJ><NNS>bars</NNS></NounPhrase></PrepPhrase></NounPhrase></PrepPhrase><PrepPhrase><IN-WITH>with</IN-WITH><NounPhrase><CD>66</CD><CD>mm</CD><PrepPhrase><IN-OF>of</IN-OF><NounPhrase><NN>diameter</NN><CC>and</CC><CD>380</CD><CD>mm</CD><JJ>cutting</JJ><NN>length</NN></NounPhrase></PrepPhrase></NounPhrase></PrepPhrase><STOP>.</STOP></Sentence></Document>
<?xml version="1.0" encoding="UTF-8"?>
<Document><Sentence><NounPhrase><DT>This</DT><NN-CHEMENTITY>material</NN-CHEMENTITY></NounPhrase><VerbPhrase><VBZ>is</VBZ><RB>widely</RB><VBN>used</VBN><PrepPhrase><IN-IN>in</IN-IN><NounPhrase><NN>manufacturing</NN><PrepPhrase><IN-OF>of</IN-OF><NounPhrase><JJ>automotive</JJ><NNS>components</NNS></NounPhrase></PrepPhrase></NounPhrase></PrepPhrase></VerbPhrase><VerbPhrase><VBG>regarding</VBG><PrepPhrase><TO>to</TO><NounPhrase><PRP_>their</PRP_><NNS>properties</NNS></NounPhrase></PrepPhrase><PrepPhrase><IN>like</IN><NounPhrase><JJ>high</JJ><JJ-CHEM>tensile</JJ-CHEM><NN>strength</NN><COMMA>,</COMMA><NN>shock</NN><NN>resistance</NN><CC>and</CC><NNP>Brinell</NNP><NN>hardness</NN></NounPhrase></PrepPhrase><PrepPhrase><IN>about</IN><NounPhrase><CD>230</CD><NNP>HB</NNP></NounPhrase></PrepPhrase></VerbPhrase><STOP>.</STOP></Sentence></Document>
<?xml version="1.0" encoding="UTF-8"?>
<Document><Sentence><NounPhrase><DT-THE>The</DT-THE><JJ-CHEM>chemical</JJ-CHEM><NN>composition</NN><PrepPhrase><IN-OF>of</IN-OF><NounPhrase><MOLECULE><OSCARCM><OSCAR-CM>AISI</OSCAR-CM></OSCARCM><REFERENCETOCOMPOUND><CD>52100</CD></REFERENCETOCOMPOUND></MOLECULE><NN>steel</NN></NounPhrase></PrepPhrase></NounPhrase><VerbPhrase><VBZ>is</VBZ><VBN>given</VBN><PrepPhrase><IN-IN>in</IN-IN><NounPhrase><CaptionLabel><NNP-LABEL>Table</NNP-LABEL><CD>1</CD></CaptionLabel></NounPhrase></PrepPhrase></VerbPhrase><STOP>.</STOP></Sentence></Document>
<?xml version="1.0" encoding="UTF-8"?>
<Document><Sentence><VerbPhrase><VBG>Coating</VBG></VerbPhrase><NounPhrase><NN>effect</NN></NounPhrase><PrepPhrase><IN-ON>on</IN-ON><NounPhrase><DT-THE>the</DT-THE><NN>cutting</NN><NNS>performances</NNS></NounPhrase></PrepPhrase><VerbPhrase><VBD>was</VBD><VBN>investigated</VBN><VB-USE>using</VB-USE></VerbPhrase><NounPhrase><CD>two</CD><NNS>types</NNS><PrepPhrase><IN-OF>of</IN-OF><NounPhrase><JJ-CHEM>cutting</JJ-CHEM><NNS>inserts</NNS></NounPhrase></PrepPhrase></NounPhrase><STOP>.</STOP></Sentence></Document>
<?xml version="1.0" encoding="UTF-8"?>
<Document><Sentence><NounPhrase><DT-THE>The</DT-THE><JJ>first</JJ><NN>type</NN></NounPhrase><VerbPhrase><VBD>was</VBD></VerbPhrase><NounPhrase><NNP>GC</NNP><CD>1525</CD><JJ>coated</JJ><NN>insert</NN><MIXTURE><_-LRB->(</_-LRB-><MOLECULE><OSCARCM><OSCAR-CM>PVD</OSCAR-CM></OSCARCM></MOLECULE><IN-WITH>with</IN-WITH><MOLECULE><OSCARCM><OSCAR-CM>TiCN</OSCAR-CM><DASH>/</DASH><OSCAR-CM>TiN</OSCAR-CM></OSCARCM><NN-CHEMENTITY>layer</NN-CHEMENTITY></MOLECULE><NN>sequence</NN><_-RRB->)</_-RRB-></MIXTURE><COMMA>,</COMMA><WDT>which</WDT></NounPhrase><VerbPhrase><VBZ>is</VBZ></VerbPhrase><NounPhrase><DT>an</DT><MOLECULE><OSCARCM><OSCAR-CM>ISO</OSCAR-CM></OSCARCM></MOLECULE><NN>class</NN><MOLECULE><OSCARCM><OSCAR-CM>P15</OSCAR-CM></OSCARCM></MOLECULE><NN>grade</NN></NounPhrase><COMMA>,</COMMA><PrepPhrase><IN-WITH>with</IN-WITH><NounPhrase><DT>a</DT><JJ>total</JJ><NN>thickness</NN><PrepPhrase><IN-OF>of</IN-OF><NounPhrase><CD>3</CD><NN>µm</NN></NounPhrase></PrepPhrase></NounPhrase></PrepPhrase><STOP>.</STOP></Sentence></Document>
<?xml version="1.0" encoding="UTF-8"?>
<Document><Sentence><NounPhrase><DT-THE>The</DT-THE><JJ>main</JJ><JJ-CHEM>coating</JJ-CHEM><NN-CHEMENTITY>layer</NN-CHEMENTITY></NounPhrase><VerbPhrase><VBZ>includes</VBZ></VerbPhrase><NounPhrase><MOLECULE><OSCARCM><OSCAR-CM>titanium</OSCAR-CM><OSCAR-CM>carbonitride</OSCAR-CM></OSCARCM><MIXTURE><_-LRB->(</_-LRB-><OSCARCM><OSCAR-CM>TiCN</OSCAR-CM></OSCARCM><_-RRB->)</_-RRB-></MIXTURE></MOLECULE></NounPhrase><CC>and</CC><NounPhrase><DT>a</DT><JJ>thin</JJ><NN-CHEMENTITY>layer</NN-CHEMENTITY><PrepPhrase><IN-OF>of</IN-OF><NounPhrase><MOLECULE><OSCARCM><OSCAR-CM>titanium</OSCAR-CM><OSCAR-CM>nitride</OSCAR-CM></OSCARCM><MIXTURE><_-LRB->(</_-LRB-><OSCARCM><OSCAR-CM>TiN</OSCAR-CM></OSCARCM><_-RRB->)</_-RRB-></MIXTURE></MOLECULE></NounPhrase></PrepPhrase></NounPhrase><VerbPhrase><IN-AS>as</IN-AS><VBN>shown</VBN><PrepPhrase><IN-IN>in</IN-IN><NounPhrase><NNP-LABEL>Fig.</NNP-LABEL></NounPhrase></PrepPhrase></VerbPhrase></Sentence></Document>
<?xml version="1.0" encoding="UTF-8"?>
<Document><Sentence><NounPhrase><PROCEDURE><CD>1</CD></PROCEDURE><STOP>.</STOP></NounPhrase></Sentence></Document>
<?xml version="1.0" encoding="UTF-8"?>
<Document><Sentence><NounPhrase><DT-THE>The</DT-THE><JJ>second</JJ><NN>insert</NN></NounPhrase><VerbPhrase><VBD>was</VBD></VerbPhrase><NounPhrase><DT>CT5015</DT><JJ>uncoated</JJ><NN>cermet</NN></NounPhrase><STOP>.</STOP></Sentence></Document>
<?xml version="1.0" encoding="UTF-8"?>
<Document><Sentence><NounPhrase><DT-THE>The</DT-THE><CD>two</CD><NNS>inserts</NNS><CITATION><_-LRB->(</_-LRB-><NNP>GC</NNP><CD>1525</CD><CC>and</CC><NNP>CT5015</NNP><_-RRB->)</_-RRB-></CITATION></NounPhrase><VerbPhrase><VBP>have</VBP></VerbPhrase><NounPhrase><DT>an</DT><JJ>identical</JJ><NN>substrate</NN></NounPhrase><PrepPhrase><IN-WITH>with</IN-WITH><NounPhrase><DT-THE>the</DT-THE><JJ>same</JJ><JJ-CHEM>geometry</JJ-CHEM><NN>designation</NN></NounPhrase></PrepPhrase><PrepPhrase><IN-AS>as</IN-AS><NounPhrase><NNP>CNMG</NNP><CD>120408</CD></NounPhrase></PrepPhrase><STOP>.</STOP></Sentence></Document>
<?xml version="1.0" encoding="UTF-8"?>
<Document><Sentence><PrepPhrase><IN-FOR>For</IN-FOR><NounPhrase><DT>each</DT><NN>experiment</NN></NounPhrase></PrepPhrase><COMMA>,</COMMA><NounPhrase><DT>a</DT><JJ>fresh</JJ><JJ-CHEM>cutting</JJ-CHEM><NN>edge</NN></NounPhrase><VerbPhrase><VBD>was</VBD><VBN>used</VBN></VerbPhrase><STOP>.</STOP></Sentence></Document>
<?xml version="1.0" encoding="UTF-8"?>
<Document><Sentence><NounPhrase><DT>A</DT><JJ>right</JJ><JJ-CHEM>hand</JJ-CHEM><NN>style</NN><NN>tool</NN><NN>holder</NN></NounPhrase><VerbPhrase><VBN>designated</VBN><PrepPhrase><IN-BY>by</IN-BY><NounPhrase><NNP>ISO</NNP></NounPhrase></PrepPhrase><PrepPhrase><IN-AS>as</IN-AS><NounPhrase><MOLECULE><OSCARCM><OSCAR-CM>CSBNR2525M12</OSCAR-CM></OSCARCM></MOLECULE></NounPhrase></PrepPhrase></VerbPhrase><VerbPhrase><VBD>was</VBD><VBN>used</VBN></VerbPhrase><VerbPhrase><IN-FOR>for</IN-FOR><VBG>mounting</VBG></VerbPhrase><NounPhrase><DT-THE>the</DT-THE><NN>inserts</NN></NounPhrase><STOP>.</STOP></Sentence></Document>
<?xml version="1.0" encoding="UTF-8"?>
<Document><Sentence><NounPhrase><PRP>It</PRP></NounPhrase><VerbPhrase><VBZ>is</VBZ><VBN>characterized</VBN><PrepPhrase><IN-BY>by</IN-BY><NounPhrase><DT-THE>the</DT-THE><JJ-CHEM>following</JJ-CHEM><NNS>angles</NNS></NounPhrase></PrepPhrase></VerbPhrase><COLON>:</COLON><NounPhrase><NN>χr</NN><SYM>=</SYM><CD>75°</CD><COMMA>,</COMMA><NN>λ</NN><SYM>=</SYM></NounPhrase><JJ>-6°</JJ><COMMA>,</COMMA><NounPhrase><NN>γ</NN><SYM>=</SYM></NounPhrase><JJ>-6°</JJ><COMMA>,</COMMA><NounPhrase><NN>α</NN><SYM>=+6°</SYM></NounPhrase><STOP>.</STOP></Sentence></Document>
<?xml version="1.0" encoding="UTF-8"?>
<Document><Sentence><NounPhrase><CD>2.2</CD><NNP>Measuring</NNP><NNS>instruments</NNS></NounPhrase><NounPhrase><DT-THE>The</DT-THE><JJ>average</JJ><NNS>values</NNS><PrepPhrase><IN-OF>of</IN-OF><NounPhrase><DT-THE>the</DT-THE><JJ>cutting</JJ><NN>force</NN><NNS>components</NNS></NounPhrase></PrepPhrase></NounPhrase><VerbPhrase><VBD>were</VBD><VBN>measured</VBN><VB-USE>using</VB-USE></VerbPhrase><NounPhrase><DT>a</DT><CD>three-component</CD><JJ-CHEM>piezo-electric</JJ-CHEM><NN>dynamometer</NN><CITATION><_-LRB->(</_-LRB-><NNP>KISTLER</NNP><NNP>Type</NNP><CD>9257A</CD><_-RRB->)</_-RRB-></CITATION></NounPhrase><VerbPhrase><VBD>mounted</VBD><PrepPhrase><IN-ON>on</IN-ON><NounPhrase><DT-THE>the</DT-THE><CD>520</CD><NNPS>Effects</NNPS><PrepPhrase><IN-OF>of</IN-OF><NounPhrase><NN>coating</NN><NN-CHEMENTITY>material</NN-CHEMENTITY></NounPhrase></PrepPhrase></NounPhrase></PrepPhrase></VerbPhrase><CC>and</CC><VerbPhrase><VBG>cutting</VBG></VerbPhrase><NounPhrase><NNS>parameters</NNS></NounPhrase><PrepPhrase><IN-ON>on</IN-ON><NounPhrase><DT-THE>the</DT-THE><JJ-CHEM>surface</JJ-CHEM><NN>roughness</NN></NounPhrase></PrepPhrase><CC>and</CC><VerbPhrase><VBG>cutting</VBG></VerbPhrase><NounPhrase><NNS>forces</NNS></NounPhrase><PrepPhrase><IN-IN>in</IN-IN><NounPhrase><JJ>dry</JJ><NN>turning</NN><PrepPhrase><IN-OF>of</IN-OF><NounPhrase><MOLECULE><OSCARCM><OSCAR-CM>AISI</OSCAR-CM></OSCARCM><REFERENCETOCOMPOUND><CD>52100</CD></REFERENCETOCOMPOUND></MOLECULE><NN>steel</NN><CaptionLabel><NNP-LABEL>Table</NNP-LABEL><CD>2</CD></CaptionLabel><NNP>Operating</NNP><NNS>conditions</NNS><PrepPhrase><IN-OF>of</IN-OF><NounPhrase><JJ-CHEM>cutting</JJ-CHEM><NNS>parameters</NNS></NounPhrase></PrepPhrase></NounPhrase></PrepPhrase></NounPhrase></PrepPhrase><STOP>.</STOP></Sentence></Document>
<?xml version="1.0" encoding="UTF-8"?>
<Document><Sentence><NounPhrase><NN>Level</NN><NNP>V</NNP><MIXTURE><_-LRB->(</_-LRB-><NN-TIME>m/min</NN-TIME><_-RRB->)</_-RRB-></MIXTURE><NN>f</NN><UNNAMEDMOLECULE><REFERENCETOCOMPOUND><_-LRB->(</_-LRB-><CD>mm/rev</CD><_-RRB->)</_-RRB-></REFERENCETOCOMPOUND></UNNAMEDMOLECULE><NN-TIME>d</NN-TIME><UNNAMEDMOLECULE><REFERENCETOCOMPOUND><_-LRB->(</_-LRB-><CD>mm</CD><_-RRB->)</_-RRB-></REFERENCETOCOMPOUND></UNNAMEDMOLECULE><NNP>Low</NNP><CD>150</CD><CD>0.08</CD><CD>0.15</CD><NNP>Medium</NNP><CD>200</CD><CD>0.12</CD><CD>0.30</CD><NNP>High</NNP><CD>250</CD><CD>0.16</CD><CD>0.45</CD><COMMA>lathe</COMMA><NN>cross</NN><NN>slide</NN></NounPhrase><VerbPhrase><IN-AS>as</IN-AS><VBN>shown</VBN><PrepPhrase><IN-IN>in</IN-IN><NounPhrase><NNP-LABEL>Fig.</NNP-LABEL></NounPhrase></PrepPhrase></VerbPhrase></Sentence></Document>
<?xml version="1.0" encoding="UTF-8"?>
<Document><Sentence><NounPhrase><PROCEDURE><CD>2</CD></PROCEDURE><STOP>.</STOP></NounPhrase></Sentence></Document>
<?xml version="1.0" encoding="UTF-8"?>
<Document><Sentence><NounPhrase><DT-THE>The</DT-THE><JJ>static</JJ><NN>calibration</NN><PrepPhrase><IN-OF>of</IN-OF><NounPhrase><DT-THE>the</DT-THE><NN>dynamometer</NN></NounPhrase></PrepPhrase></NounPhrase><VerbPhrase><VBD>was</VBD><VBN>made</VBN><PrepPhrase><IN-IN>in</IN-IN><NounPhrase><DT>each</DT><JJ-CHEM>force</JJ-CHEM><NN>direction</NN></NounPhrase></PrepPhrase></VerbPhrase><STOP>.</STOP></Sentence></Document>
<?xml version="1.0" encoding="UTF-8"?>
<Document><Sentence><NounPhrase><DT-THE>The</DT-THE><NN>force</NN><NNS>signals</NNS></NounPhrase><VerbPhrase><VBN>acquired</VBN><VBD>were</VBD><VBN>analyzed</VBN><PrepPhrase><IN-FOR>for</IN-FOR><NounPhrase><DT>a</DT><NN>cutting</NN><NN-TIME>time</NN-TIME><PrepPhrase><IN-OF>of</IN-OF><NounPhrase><CD>2</CD><NN>sec</NN></NounPhrase></PrepPhrase></NounPhrase></PrepPhrase></VerbPhrase><STOP>.</STOP></Sentence></Document>
<?xml version="1.0" encoding="UTF-8"?>
<Document><Sentence><ActionPhrase type="Yield"><NounPhrase><DT-THE>The</DT-THE><NN>measurement</NN><PrepPhrase><IN-OF>of</IN-OF><NounPhrase><DT-THE>the</DT-THE><JJ>arithmetic</JJ><JJ-CHEM>surface</JJ-CHEM><NN>roughness</NN><MIXTURE><_-LRB->(</_-LRB-><MOLECULE><OSCARCM><OSCAR-CM>Ra</OSCAR-CM></OSCARCM></MOLECULE><_-RRB->)</_-RRB-></MIXTURE></NounPhrase></PrepPhrase></NounPhrase><VerbPhrase><VBD>was</VBD><VB-YIELD>obtained</VB-YIELD><PrepPhrase><IN-FROM>from</IN-FROM><NounPhrase><DT>a</DT><NNP>Surftest</NNP><CD>201</CD><NNP>Mitutoyo</NNP><NN>roughness-meter</NN></NounPhrase></PrepPhrase></VerbPhrase></ActionPhrase><STOP>.</STOP></Sentence></Document>
<?xml version="1.0" encoding="UTF-8"?>
<Document><Sentence><NounPhrase><DT-THE>The</DT-THE><JJ>machined</JJ><NN>length</NN></NounPhrase><VerbPhrase><VBD>was</VBD></VerbPhrase><NounPhrase><CD>24</CD><CD>mm</CD></NounPhrase><PrepPhrase><IN-WITH>with</IN-WITH><NounPhrase><DT>a</DT><JJ>basic</JJ><NN>span</NN><PrepPhrase><IN-OF>of</IN-OF><NounPhrase><CD>3</CD><CD>mm</CD></NounPhrase></PrepPhrase></NounPhrase></PrepPhrase><STOP>.</STOP></Sentence></Document>
<?xml version="1.0" encoding="UTF-8"?>
<Document><Sentence><NounPhrase><DT-THE>The</DT-THE><NNS>measurements</NNS></NounPhrase><VerbPhrase><VBD>were</VBD><VBN>repeated</VBN><PrepPhrase><IN>at</IN><NounPhrase><CD>three</CD><RB>equally</RB><JJ>spaced</JJ><NNS>locations</NNS></NounPhrase></PrepPhrase><PrepPhrase><IN>around</IN><NounPhrase><DT-THE>the</DT-THE><NN>circumference</NN><PrepPhrase><IN-OF>of</IN-OF><NounPhrase><DT-THE>the</DT-THE><NN>workpiece</NN></NounPhrase></PrepPhrase></NounPhrase></PrepPhrase><PrepPhrase><IN>at</IN><NounPhrase><CD>120°</CD></NounPhrase></PrepPhrase></VerbPhrase><CC>and</CC><NounPhrase><DT-THE>the</DT-THE><NN-CHEMENTITY>result</NN-CHEMENTITY></NounPhrase><VerbPhrase><VBD>was</VBD></VerbPhrase><NounPhrase><DT-THE>the</DT-THE><NN>average</NN><PrepPhrase><IN-OF>of</IN-OF><NounPhrase><DT>these</DT><NN>values</NN></NounPhrase></PrepPhrase></NounPhrase><STOP>.</STOP></Sentence></Document>
<?xml version="1.0" encoding="UTF-8"?>
<Document><Sentence><NounPhrase><DT-THE>The</DT-THE><JJ-CHEM>surface</JJ-CHEM><NN>roughness</NN></NounPhrase><VerbPhrase><VBD>was</VBD><RB>directly</RB><VBN>measured</VBN><PrepPhrase><IN-ON>on</IN-ON><NounPhrase><DT-THE>the</DT-THE><NN>workpiece</NN></NounPhrase></PrepPhrase></VerbPhrase><COMMA>,</COMMA><VerbPhrase><IN-WITHOUT>without</IN-WITHOUT><VBG>dismounting</VBG><PrepPhrase><IN-FROM>from</IN-FROM><NounPhrase><DT-THE>the</DT-THE><NN>lathe</NN></NounPhrase></PrepPhrase><COMMA>,</COMMA><PrepPhrase><IN-IN>in</IN-IN><NounPhrase><NN>order</NN></NounPhrase></PrepPhrase></VerbPhrase><VerbPhrase><TO>to</TO><VB>reduce</VB></VerbPhrase><NounPhrase><NN>measurement</NN><NNS>errors</NNS></NounPhrase><STOP>.</STOP></Sentence></Document>
<?xml version="1.0" encoding="UTF-8"?>
<Document><Sentence><NounPhrase><CD>2.3</CD><NNP>Experimental</NNP><NN>design</NN></NounPhrase><PrepPhrase><IN-IN>In</IN-IN><NounPhrase><DT>this</DT><NN>study</NN><COMMA>,</COMMA><MIXTURE><_-LRB->(</_-LRB-><NNP>L27</NNP><_-RRB->)</_-RRB-></MIXTURE><JJ>full</JJ><JJ-CHEM>factorial</JJ-CHEM><NN>design</NN></NounPhrase></PrepPhrase><VerbPhrase><VBD>was</VBD><VBN>adopted</VBN><PrepPhrase><IN-AS>as</IN-AS><NounPhrase><DT-THE>the</DT-THE><JJ>experimental</JJ><NN>design</NN><COMMA>,</COMMA><WDT>which</WDT></NounPhrase></PrepPhrase></VerbPhrase><VerbPhrase><VBZ>involves</VBZ></VerbPhrase><NounPhrase><NN>variation</NN><PrepPhrase><IN-OF>of</IN-OF><NounPhrase><CD>three</CD><NNS>factors</NNS></NounPhrase></PrepPhrase></NounPhrase><PrepPhrase><IN>at</IN><NounPhrase><CD>three</CD><NNS>levels</NNS><MIXTURE><_-LRB->(</_-LRB-><NN>low</NN><COMMA>,</COMMA><NN>medium</NN><CC>and</CC><JJ>high</JJ><_-RRB->)</_-RRB-></MIXTURE></NounPhrase></PrepPhrase><COMMA>,</COMMA><VerbPhrase><VBG>including</VBG><VBG>cutting</VBG></VerbPhrase><NounPhrase><NN>speed</NN><UNNAMEDMOLECULE><REFERENCETOCOMPOUND><_-LRB->(</_-LRB-><NN-IDENTIFIER>v</NN-IDENTIFIER><_-RRB->)</_-RRB-></REFERENCETOCOMPOUND></UNNAMEDMOLECULE><COMMA>,</COMMA><NN>feed</NN><UNNAMEDMOLECULE><REFERENCETOCOMPOUND><_-LRB->(</_-LRB-><NN-IDENTIFIER>f</NN-IDENTIFIER><_-RRB->)</_-RRB-></REFERENCETOCOMPOUND></UNNAMEDMOLECULE><CC>and</CC><NN>depth</NN><PrepPhrase><IN-OF>of</IN-OF><NounPhrase><NN>cut</NN><UNNAMEDMOLECULE><REFERENCETOCOMPOUND><_-LRB->(</_-LRB-><NN-IDENTIFIER>d</NN-IDENTIFIER><_-RRB->)</_-RRB-></REFERENCETOCOMPOUND></UNNAMEDMOLECULE></NounPhrase></PrepPhrase></NounPhrase><VerbPhrase><IN-AS>as</IN-AS><VBN>indicated</VBN><PrepPhrase><IN-IN>in</IN-IN><NounPhrase><CaptionLabel><NNP-LABEL>Table</NNP-LABEL><CD>2</CD></CaptionLabel></NounPhrase></PrepPhrase></VerbPhrase><STOP>.</STOP></Sentence></Document>
<?xml version="1.0" encoding="UTF-8"?>
<Document><Sentence><NounPhrase><DT-THE>The</DT-THE><JJ>experimental</JJ><JJ-CHEM>design</JJ-CHEM><NN>flowchart</NN></NounPhrase><VerbPhrase><VBZ>is</VBZ><VBN>shown</VBN><PrepPhrase><IN-IN>in</IN-IN><NounPhrase><NNP-LABEL>Fig.</NNP-LABEL></NounPhrase></PrepPhrase></VerbPhrase></Sentence></Document>
<?xml version="1.0" encoding="UTF-8"?>
<Document><Sentence><NounPhrase><PROCEDURE><CD>3</CD></PROCEDURE><STOP>.</STOP></NounPhrase></Sentence></Document>
<?xml version="1.0" encoding="UTF-8"?>
<Document><Sentence><NounPhrase><DT-THE>The</DT-THE><JJ>selected</JJ><JJ>experimental</JJ><NN>design</NN></NounPhrase><VerbPhrase><VBZ>requires</VBZ></VerbPhrase><NounPhrase><CD>27</CD><NNS>runs</NNS></NounPhrase><TempPhrase><IN-WITH>with</IN-WITH><CD>26</CD><NN-TEMP>degrees</NN-TEMP></TempPhrase><PrepPhrase><IN-OF>of</IN-OF><NounPhrase><NN>freedom</NN><MIXTURE><_-LRB->(</_-LRB-><NNP>DF</NNP><_-RRB->)</_-RRB-></MIXTURE></NounPhrase></PrepPhrase><STOP>.</STOP></Sentence></Document>
<?xml version="1.0" encoding="UTF-8"?>
<Document><Sentence><PrepPhrase><IN-FOR>For</IN-FOR><NounPhrase><DT>each</DT><NN>run</NN><COMMA>,</COMMA><CD>one</CD><NN>test</NN></NounPhrase></PrepPhrase><VerbPhrase><VBD>was</VBD><VBN>performed</VBN></VerbPhrase><Unmatched><_-LRB->(</_-LRB-></Unmatched><NounPhrase><DT>no</DT><NNS>replications</NNS></NounPhrase><Unmatched><_-RRB->)</_-RRB-></Unmatched><STOP>.</STOP></Sentence></Document>
<?xml version="1.0" encoding="UTF-8"?>
<Document><Sentence><Unmatched><RB>Also</RB></Unmatched><NounPhrase><DT>a</DT><JJ>random</JJ><NN>order</NN></NounPhrase><VerbPhrase><VBD>was</VBD><VBN>determined</VBN></VerbPhrase><VerbPhrase><IN-FOR>for</IN-FOR><VBG>running</VBG></VerbPhrase><NounPhrase><DT-THE>the</DT-THE><NN>tests</NN></NounPhrase><STOP>.</STOP></Sentence></Document>
<?xml version="1.0" encoding="UTF-8"?>
<Document><Sentence><NounPhrase><PROCEDURE><CD>3</CD></PROCEDURE><STOP>.</STOP></NounPhrase></Sentence></Document>
<?xml version="1.0" encoding="UTF-8"?>
<Document/>
