<?xml version="1.0" encoding="UTF-8"?>
<Document><Sentence><NounPhrase><MOLECULE><OSCARCM><OSCAR-CM>EXPERIMENTAL</OSCAR-CM></OSCARCM></MOLECULE><NNP>WORK</NNP><CD>2.1</CD></NounPhrase><STOP>.</STOP></Sentence></Document>
<?xml version="1.0" encoding="UTF-8"?>
<Document><Sentence><NounPhrase><NNP>Electropolymerization</NNP><PrepPhrase><IN-OF>of</IN-OF><NounPhrase><MOLECULE><OSCARCM><OSCAR-CM>pyrrole</OSCAR-CM></OSCARCM></MOLECULE></NounPhrase></PrepPhrase></NounPhrase><NounPhrase><DT-THE>The</DT-THE><NN>electropolymerization</NN><PrepPhrase><IN-OF>of</IN-OF><NounPhrase><MOLECULE><OSCARCM><OSCAR-CM>pyrrole</OSCAR-CM></OSCARCM><MIXTURE><_-LRB->(</_-LRB-><OSCARCM><OSCAR-CM>PPy</OSCAR-CM></OSCARCM><_-RRB->)</_-RRB-></MIXTURE></MOLECULE></NounPhrase></PrepPhrase></NounPhrase><PrepPhrase><IN-FROM>from</IN-FROM><NounPhrase><OSCAR-CJ>aqueous</OSCAR-CJ><NN-CHEMENTITY>solution</NN-CHEMENTITY></NounPhrase></PrepPhrase><VerbPhrase><VBD>was</VBD><VBN>carried</VBN><RP>out</RP><PrepPhrase><IN-IN>in</IN-IN><NounPhrase><CD>one-compartment</CD><NN>cell</NN></NounPhrase></PrepPhrase></VerbPhrase><STOP>.</STOP></Sentence></Document>
<?xml version="1.0" encoding="UTF-8"?>
<Document><Sentence><NounPhrase><DT-THE>The</DT-THE><JJ>working</JJ><NN>electrode</NN></NounPhrase><VerbPhrase><VBD>was</VBD><VBN>made</VBN><PrepPhrase><IN-FROM>from</IN-FROM><NounPhrase><NN>steel</NN><NN>sheet</NN><PrepPhrase><IN-OF>of</IN-OF><NounPhrase><MOLECULE><OSCARCM><OSCAR-CM>2x3x0.1</OSCAR-CM></OSCARCM></MOLECULE><NN>cm</NN></NounPhrase></PrepPhrase></NounPhrase></PrepPhrase></VerbPhrase><STOP>.</STOP></Sentence></Document>
<?xml version="1.0" encoding="UTF-8"?>
<Document><Sentence><NounPhrase><DT>Both</DT><NNS>electrodes</NNS></NounPhrase><VerbPhrase><VBD>were</VBD><VBN>polished</VBN></VerbPhrase><CC>and</CC><VerbPhrase><VBN>degreased</VBN><PrepPhrase><IN-WITH>with</IN-WITH><NounPhrase><MOLECULE><OSCARCM><OSCAR-CM>acetone</OSCAR-CM></OSCARCM></MOLECULE></NounPhrase></PrepPhrase><PrepPhrase><IN-FOR>for</IN-FOR><IN>about</IN><NounPhrase><CD>10</CD><NN-TIME>minutes</NN-TIME></NounPhrase></PrepPhrase></VerbPhrase><RB-CONJ>prior</RB-CONJ><PrepPhrase><TO>to</TO><NounPhrase><DT-THE>the</DT-THE><JJ-CHEM>electropolymerization</JJ-CHEM><NN>process</NN></NounPhrase></PrepPhrase><STOP>.</STOP></Sentence></Document>
<?xml version="1.0" encoding="UTF-8"?>
<Document><Sentence><NounPhrase><DT>An</DT><MOLECULE><OSCARCM><OSCAR-CM>Ag</OSCAR-CM><DASH>/</DASH><OSCAR-CM>AgCl</OSCAR-CM></OSCARCM></MOLECULE></NounPhrase><VerbPhrase><VBD>manufactured</VBD><PrepPhrase><IN-BY>by</IN-BY><NounPhrase><NNP>Corning</NNP><NNP>Company</NNP></NounPhrase></PrepPhrase></VerbPhrase><VerbPhrase><VBD>was</VBD><VBN>used</VBN><PrepPhrase><IN-AS>as</IN-AS><NounPhrase><DT-THE>the</DT-THE><JJ-CHEM>reference</JJ-CHEM><NN>electrode</NN></NounPhrase></PrepPhrase></VerbPhrase><STOP>.</STOP></Sentence></Document>
<?xml version="1.0" encoding="UTF-8"?>
<Document><Sentence><NounPhrase><DT-THE>The</DT-THE><JJ>potentiostatic</JJ><PROCEDURE><NN-METHOD>technique</NN-METHOD></PROCEDURE><MIXTURE><_-LRB->(</_-LRB-><JJ>constant</JJ><JJ>potential</JJ><PROCEDURE><NN-METHOD>method</NN-METHOD></PROCEDURE><_-RRB->)</_-RRB-></MIXTURE></NounPhrase><VerbPhrase><VBD>was</VBD><VBN>used</VBN><PrepPhrase><TO>to</TO><NounPhrase><RB>electrochemically</RB><NN>coat</NN><NN>steel</NN></NounPhrase></PrepPhrase><PrepPhrase><IN-WITH>with</IN-WITH><NounPhrase><DT-THE>the</DT-THE><MOLECULE><OSCARCM><OSCAR-CM>PPy</OSCAR-CM></OSCARCM><NN-CHEMENTITY>layer</NN-CHEMENTITY></MOLECULE></NounPhrase></PrepPhrase><PrepPhrase><IN-FROM>from</IN-FROM><NounPhrase><NN-CHEMENTITY>solution</NN-CHEMENTITY><PrepPhrase><IN-OF>of</IN-OF><NounPhrase><MOLECULE><OSCARCM><OSCAR-CM>pyrrole</OSCAR-CM></OSCARCM><NN-CHEMENTITY>monomer</NN-CHEMENTITY></MOLECULE></NounPhrase></PrepPhrase></NounPhrase></PrepPhrase><PrepPhrase><IN-WITH>with</IN-WITH><NounPhrase><MOLECULE><OSCARCM><OSCAR-CM>sodium</OSCAR-CM><OSCAR-CM>tartrate</OSCAR-CM></OSCARCM></MOLECULE><NN>electrolyte</NN></NounPhrase></PrepPhrase></VerbPhrase><COMMA>,</COMMA><VerbPhrase><VB-USE>using</VB-USE></VerbPhrase><NounPhrase><DT>an</DT><NNP>EG&amp;G</NNP><NNP>Princeton</NNP><NNP>Applied</NNP><NNP>Research</NNP><NNP>Potentiostat/Galvanostat</NNP><NNP>Model</NNP><UNNAMEDMOLECULE><REFERENCETOCOMPOUND><CD-ALPHANUM>273A</CD-ALPHANUM></REFERENCETOCOMPOUND></UNNAMEDMOLECULE></NounPhrase><ActionPhrase type="Yield"><VerbPhrase><VB-YIELD>provided</VB-YIELD><PrepPhrase><IN-WITH>with</IN-WITH><NounPhrase><JJ>powerCorr</JJ><NN>software</NN></NounPhrase></PrepPhrase></VerbPhrase></ActionPhrase><STOP>.</STOP></Sentence></Document>
<?xml version="1.0" encoding="UTF-8"?>
<Document><Sentence><NounPhrase><DT-THE>The</DT-THE><JJ>main</JJ><NN>parameter</NN><NNS>parameters</NNS><PrepPhrase><IN-OF>of</IN-OF><NounPhrase><NN>electropolymerization</NN><NN>process</NN></NounPhrase></PrepPhrase></NounPhrase><VerbPhrase><VBD>were</VBD></VerbPhrase><VerbPhrase><IN-AS>as</IN-AS><VBZ>follows</VBZ></VerbPhrase><ActionPhrase type="Concentrate"><NounPhrase><MOLECULE><OSCARCM><OSCAR-CM>pyrrole</OSCAR-CM></OSCARCM></MOLECULE><NN-CONCENTRATE>concentration</NN-CONCENTRATE><QUANTITY><MOLAR><CD>0.5</CD><NN-MOLAR>M</NN-MOLAR></MOLAR></QUANTITY><COMMA>,</COMMA><MOLECULE><OSCARCM><OSCAR-CM>sodium</OSCAR-CM><OSCAR-CM>tartrate</OSCAR-CM></OSCARCM></MOLECULE><NN-CONCENTRATE>concentration</NN-CONCENTRATE><QUANTITY><MOLAR><CD>0.2</CD><NN-MOLAR>M</NN-MOLAR></MOLAR></QUANTITY><COMMA>,</COMMA><UNNAMEDMOLECULE><NN-CHEMENTITY>solution</NN-CHEMENTITY><QUANTITY><PH><NN-PH>pH</NN-PH><CD>9</CD></PH></QUANTITY></UNNAMEDMOLECULE></NounPhrase></ActionPhrase><COMMA>,</COMMA><VerbPhrase><VBD>applied</VBD><JJ>potential</JJ></VerbPhrase><NounPhrase><CD>2</CD><NNP>V</NNP><CC>and</CC><NN>electropolymerization</NN><NN-TIME>time</NN-TIME></NounPhrase><ActionPhrase type="Wait"><VerbPhrase><VBD>was</VBD><TimePhrase><CD>20</CD><NN-TIME>minutes</NN-TIME></TimePhrase></VerbPhrase></ActionPhrase><NounPhrase><NN>interval</NN></NounPhrase><PrepPhrase><IN-FOR>for</IN-FOR><NounPhrase><DT>all</DT><NN>experiments</NN></NounPhrase></PrepPhrase><STOP>.</STOP></Sentence></Document>
<?xml version="1.0" encoding="UTF-8"?>
<Document><Sentence><ActionPhrase type="Wash"><PrepPhrase><IN-AFTER>After</IN-AFTER><NounPhrase><DT>each</DT><NN>experiment</NN></NounPhrase></PrepPhrase><COMMA>,</COMMA><NounPhrase><DT-THE>the</DT-THE><MOLECULE><OSCARCM><OSCAR-CM>PPy</OSCAR-CM></OSCARCM><JJ>coated</JJ></MOLECULE><NN>steel</NN></NounPhrase><VerbPhrase><VBD>was</VBD><VB-WASH>rinsed</VB-WASH><PrepPhrase><IN-WITH>with</IN-WITH><NounPhrase><JJ-CHEM>distilled</JJ-CHEM><MOLECULE role="Solvent"><OSCARCM><OSCAR-CM>water</OSCAR-CM></OSCARCM></MOLECULE><CC>and</CC><MOLECULE role="Solvent"><OSCARCM><OSCAR-CM>methanol</OSCAR-CM></OSCARCM></MOLECULE></NounPhrase></PrepPhrase></VerbPhrase></ActionPhrase><CC>and</CC><ActionPhrase type="Wait"><VerbPhrase><VB-WAIT>left</VB-WAIT></VerbPhrase></ActionPhrase><ActionPhrase type="Dry"><VerbPhrase><TO>to</TO><VB-DRY>dry</VB-DRY></VerbPhrase></ActionPhrase><STOP>.</STOP></Sentence></Document>
<?xml version="1.0" encoding="UTF-8"?>
<Document><Sentence><NounPhrase><PROCEDURE><CD>2.2</CD></PROCEDURE><STOP>.</STOP></NounPhrase></Sentence></Document>
<?xml version="1.0" encoding="UTF-8"?>
<Document><Sentence><NounPhrase><NNP>Surface</NNP><JJ>elemental</JJ><JJ-CHEM>composition</JJ-CHEM><NN>analysis</NN><JJ>Elemental</JJ><NN>analysis</NN><PrepPhrase><IN-OF>of</IN-OF><NounPhrase><DT-THE>the</DT-THE><MOLECULE><OSCARCM><OSCAR-CM>polypyrrole</OSCAR-CM></OSCARCM><JJ>coated</JJ></MOLECULE><NN>steel</NN></NounPhrase></PrepPhrase></NounPhrase><VerbPhrase><VBD>was</VBD><VBN>carried</VBN><RP>out</RP><PrepPhrase><IN-BY>by</IN-BY><NounPhrase><NNP>X-ray</NNP><NNP>Photoelectron</NNP><NNP>Spectroscopy</NNP><MIXTURE><_-LRB->(</_-LRB-><NNP>XPS</NNP><_-RRB->)</_-RRB-></MIXTURE></NounPhrase></PrepPhrase></VerbPhrase><STOP>.</STOP></Sentence></Document>
<?xml version="1.0" encoding="UTF-8"?>
<Document><Sentence><NounPhrase><DT-THE>The</DT-THE><NNP>XPS</NNP><PROCEDURE><NN-METHOD>technique</NN-METHOD></PROCEDURE></NounPhrase><VerbPhrase><VBN>used</VBN><VBD>was</VBD></VerbPhrase><NounPhrase><NN>part</NN><PrepPhrase><IN-OF>of</IN-OF><NounPhrase><DT>a</DT><JJ-CHEM>multi-technique</JJ-CHEM><NN>surface</NN><NN>analysis</NN><NN>system</NN><MIXTURE><_-LRB->(</_-LRB-><MOLECULE><OSCARCM><OSCAR-CM>MAX200</OSCAR-CM></OSCARCM></MOLECULE><COMMA>,</COMMA><NNP>Leybold</NNP><_-RRB->)</_-RRB-></MIXTURE></NounPhrase></PrepPhrase></NounPhrase><STOP>.</STOP></Sentence></Document>
<?xml version="1.0" encoding="UTF-8"?>
<Document><Sentence><PrepPhrase><IN-FROM>From</IN-FROM><NounPhrase><DT>each</DT><NN>sample</NN></NounPhrase></PrepPhrase><NounPhrase><DT>a</DT><NN>specimen</NN><PrepPhrase><IN-OF>of</IN-OF><NounPhrase><CD>20x20</CD><CD>mm</CD><NN>size</NN></NounPhrase></PrepPhrase></NounPhrase><VerbPhrase><VBD>was</VBD><VBN>cut</VBN></VerbPhrase><CC>and</CC><VerbPhrase><VBN>mounted</VBN><PrepPhrase><IN-ON>on</IN-ON><NounPhrase><DT-THE>the</DT-THE><JJ-CHEM>sample</JJ-CHEM><NN>holder</NN></NounPhrase></PrepPhrase><PrepPhrase><IN-WITH>with</IN-WITH><NounPhrase><CD>four</CD><NNS>screws</NNS></NounPhrase></PrepPhrase></VerbPhrase><STOP>.</STOP></Sentence></Document>
<?xml version="1.0" encoding="UTF-8"?>
<Document><Sentence><NounPhrase><PDT>All</PDT></NounPhrase><NounPhrase><DT-THE>the</DT-THE><NNS>samples</NNS></NounPhrase><VerbPhrase><VBD>were</VBD><VBN>examined</VBN><PrepPhrase><IN-WITH>with</IN-WITH><NounPhrase><MOLECULE><OSCARCM><OSCAR-CM>Mg-k</OSCAR-CM></OSCARCM><CITATION><_-LRB->(</_-LRB-><CD>1253.6</CD><NNP>eV</NNP><_-RRB->)</_-RRB-></CITATION></MOLECULE></NounPhrase></PrepPhrase><PrepPhrase><IN>at</IN><NounPhrase><CD>100</CD><NN>watt</NN><MOLECULE><OSCARCM><OSCAR-CM>X-ray</OSCAR-CM></OSCARCM></MOLECULE><NN>power</NN><MIXTURE><_-LRB->(</_-LRB-><CD>10</CD><NNP>kV</NNP><NN>x</NN><CD>10</CD><NNP>mA</NNP><_-RRB->)</_-RRB-></MIXTURE></NounPhrase></PrepPhrase></VerbPhrase><STOP>.</STOP></Sentence></Document>
<?xml version="1.0" encoding="UTF-8"?>
<Document><Sentence><NounPhrase><DT-THE>The</DT-THE><NN-PRESSURE>pressure</NN-PRESSURE></NounPhrase><PrepPhrase><IN-IN>in</IN-IN><NounPhrase><DT-THE>the</DT-THE><JJ-CHEM>analysis</JJ-CHEM><NN>chamber</NN></NounPhrase></PrepPhrase><PrepPhrase><IN>during</IN><NounPhrase><NN>sample</NN><NN>analysis</NN></NounPhrase></PrepPhrase><VerbPhrase><VBD>was</VBD><JJR>less</JJR><PrepPhrase><IN>than</IN><NounPhrase><CD>10</CD><CD>-8</CD><NN>mbar</NN></NounPhrase></PrepPhrase></VerbPhrase><STOP>.</STOP></Sentence></Document>
<?xml version="1.0" encoding="UTF-8"?>
<Document><Sentence><PrepPhrase><IN-AS>As</IN-AS><NounPhrase><DT>a</DT><NN>precaution</NN></NounPhrase></PrepPhrase><Unmatched><NEG>not</NEG></Unmatched><VerbPhrase><TO>to</TO><VB>damage</VB></VerbPhrase><NounPhrase><DT-THE>the</DT-THE><MOLECULE><OSCARCM><OSCAR-CM>carbon</OSCAR-CM></OSCARCM></MOLECULE><NN>signal</NN></NounPhrase><VerbPhrase><VBN>incorporated</VBN><PrepPhrase><IN-WITH>with</IN-WITH><NounPhrase><DT-THE>the</DT-THE><MOLECULE><OSCARCM><OSCAR-CM>polyaniline</OSCAR-CM></OSCARCM></MOLECULE><COMMA>,</COMMA><NNP>Int</NNP></NounPhrase></PrepPhrase></VerbPhrase><STOP>.</STOP></Sentence></Document>
<?xml version="1.0" encoding="UTF-8"?>
<Document><Sentence><NounPhrase><PROCEDURE><NN-IDENTIFIER>J</NN-IDENTIFIER></PROCEDURE><STOP>.</STOP></NounPhrase></Sentence><Sentence><NounPhrase><NNP>Electrochem</NNP></NounPhrase><STOP>.</STOP></Sentence></Document>
<?xml version="1.0" encoding="UTF-8"?>
<Document><Sentence><NounPhrase><NNP>Sci</NNP></NounPhrase><STOP>.</STOP></Sentence><Sentence><Unmatched><COMMA>,</COMMA></Unmatched></Sentence></Document>
<?xml version="1.0" encoding="UTF-8"?>
<Document/>
<?xml version="1.0" encoding="UTF-8"?>
<Document><Sentence><NounPhrase><CD>7</CD><COMMA>,</COMMA><CD>2012</CD><CD>1948</CD><MOLECULE><OSCARCM><OSCAR-CM>carbon</OSCAR-CM></OSCARCM></MOLECULE><NN>element</NN></NounPhrase><VerbPhrase><VBD>was</VBD><VBD>scanned</VBD><JJ>first</JJ></VerbPhrase><COMMA>,</COMMA><VerbPhrase><VBN>followed</VBN><PrepPhrase><IN-BY>by</IN-BY><NounPhrase><DT>a</DT><JJ-CHEM>general</JJ-CHEM><NN>survey</NN><PrepPhrase><IN-OF>of</IN-OF><NounPhrase><DT-THE>the</DT-THE><NN>sample</NN></NounPhrase></PrepPhrase></NounPhrase></PrepPhrase></VerbPhrase><COMMA>,</COMMA><CC>and</CC><NounPhrase><DT-THE>the</DT-THE><NN>rest</NN><PrepPhrase><IN-OF>of</IN-OF><NounPhrase><DT-THE>the</DT-THE><NN>elements</NN></NounPhrase></PrepPhrase></NounPhrase><STOP>.</STOP></Sentence></Document>
<?xml version="1.0" encoding="UTF-8"?>
<Document><Sentence><ActionPhrase type="Add"><PrepPhrase><IN-IN>In</IN-IN><NounPhrase><NN-ADD>addition</NN-ADD></NounPhrase></PrepPhrase><PrepPhrase><TO>to</TO><NounPhrase><DT-THE>the</DT-THE><MOLECULE><OSCARCM><OSCAR-CM>carbon</OSCAR-CM></OSCARCM></MOLECULE></NounPhrase></PrepPhrase></ActionPhrase><COMMA>,</COMMA><Unmatched><NN-MOLAR>N</NN-MOLAR></Unmatched><Unmatched><COMMA>,</COMMA></Unmatched><NounPhrase><MOLECULE><OSCARCM><OSCAR-CM>O</OSCAR-CM></OSCARCM></MOLECULE><COMMA>,</COMMA><CC>and</CC><MOLECULE><OSCARCM><OSCAR-CM>Fe</OSCAR-CM></OSCARCM></MOLECULE><NNS>elements</NNS></NounPhrase><VerbPhrase><VBD>were</VBD><VBD>scanned</VBD></VerbPhrase><CC>and</CC><NounPhrase><DT-THE>the</DT-THE><NN>area</NN></NounPhrase><PrepPhrase><IN-UNDER>under</IN-UNDER><NounPhrase><DT>each</DT><JJ-CHEM>element</JJ-CHEM><NN>peak</NN></NounPhrase></PrepPhrase><VerbPhrase><VBD>was</VBD><VBN>calculated</VBN></VerbPhrase><STOP>.</STOP></Sentence></Document>
<?xml version="1.0" encoding="UTF-8"?>
<Document><Sentence><NounPhrase><DT-THE>The</DT-THE><JJ>scan</JJ><NN>area</NN></NounPhrase><VerbPhrase><VBD>was</VBD></VerbPhrase><NounPhrase><CD>7</CD><CD>mm</CD><SYM>×</SYM><CD>4</CD><CD>mm</CD></NounPhrase><CC>and</CC><NounPhrase><DT-THE>the</DT-THE><JJ-CHEM>resulted</JJ-CHEM><NNS>data</NNS></NounPhrase><VerbPhrase><VBP>are</VBP></VerbPhrase><NounPhrase><DT-THE>the</DT-THE><NN>average</NN><PrepPhrase><IN-OF>of</IN-OF><NounPhrase><CD>50</CD><NNS>scans</NNS><PrepPhrase><IN-OF>of</IN-OF><NounPhrase><DT>each</DT><NN>element</NN></NounPhrase></PrepPhrase></NounPhrase></PrepPhrase></NounPhrase><VerbPhrase><VBD>analysed</VBD></VerbPhrase><STOP>.</STOP></Sentence></Document>
<?xml version="1.0" encoding="UTF-8"?>
<Document><Sentence><NounPhrase><DT-THE>The</DT-THE><JJ-CHEM>surface</JJ-CHEM><NN>composition</NN></NounPhrase><PrepPhrase><IN-IN>in</IN-IN><NounPhrase><JJ>atomic</JJ><NN>percentage</NN></NounPhrase></PrepPhrase><VerbPhrase><VBD>was</VBD><VBN>calculated</VBN><VB-USE>using</VB-USE></VerbPhrase><NounPhrase><DT-THE>the</DT-THE><JJ-CHEM>element</JJ-CHEM><JJ>relative</JJ><JJ-CHEM>cross</JJ-CHEM><JJ>sectional</JJ><NN>area</NN></NounPhrase><VerbPhrase><IN-AS>as</IN-AS><VBN>supplied</VBN><PrepPhrase><IN-BY>by</IN-BY><NounPhrase><DT-THE>the</DT-THE><MOLECULE><OSCARCM><OSCAR-CM>XPS</OSCAR-CM></OSCARCM></MOLECULE><NN>manufacturer</NN></NounPhrase></PrepPhrase></VerbPhrase><STOP>.</STOP></Sentence></Document>
<?xml version="1.0" encoding="UTF-8"?>
<Document><Sentence><NounPhrase><PROCEDURE><CD>2.3</CD></PROCEDURE><STOP>.</STOP></NounPhrase></Sentence></Document>
<?xml version="1.0" encoding="UTF-8"?>
<Document><Sentence><NounPhrase><NN>Examination</NN><PrepPhrase><IN-OF>of</IN-OF><NounPhrase><DT-THE>the</DT-THE><NN>performance</NN><PrepPhrase><IN-OF>of</IN-OF><NounPhrase><DT-THE>the</DT-THE><JJ-CHEM>buried</JJ-CHEM><MOLECULE><OSCARCM><OSCAR-CM>PPy</OSCAR-CM></OSCARCM><JJ>coated</JJ></MOLECULE><NN>steel</NN></NounPhrase></PrepPhrase></NounPhrase></PrepPhrase></NounPhrase><PrepPhrase><IN>against</IN><NounPhrase><NN>corrosion</NN><JJ>Potentiodynamic</JJ><NN>examination</NN><MIXTURE><_-LRB->(</_-LRB-><JJ>Tafel</JJ><NN>test</NN><_-RRB->)</_-RRB-></MIXTURE></NounPhrase></PrepPhrase><VerbPhrase><VBD>was</VBD><VBN>used</VBN><PrepPhrase><IN-FOR>for</IN-FOR><NounPhrase><DT-THE>the</DT-THE><NN>examination</NN><PrepPhrase><IN-OF>of</IN-OF><NounPhrase><DT-THE>the</DT-THE><JJ-CHEM>corrosion</JJ-CHEM><NN>resistance</NN><PrepPhrase><IN-OF>of</IN-OF><NounPhrase><MOLECULE><OSCARCM><OSCAR-CM>PPy</OSCAR-CM></OSCARCM><JJ>coated</JJ></MOLECULE><NN>steel</NN><WRB>when</WRB></NounPhrase></PrepPhrase></NounPhrase></PrepPhrase></NounPhrase></PrepPhrase></VerbPhrase><VerbPhrase><VBN>coupled</VBN><PrepPhrase><IN-WITH>with</IN-WITH><NounPhrase><JJ>stainless</JJ><NN>steel</NN></NounPhrase></PrepPhrase></VerbPhrase><VerbPhrase><IN>while</IN><VBN>buried</VBN><PrepPhrase><IN-IN>in</IN-IN><NounPhrase><DT>a</DT><NN-CHEMENTITY>layer</NN-CHEMENTITY><PrepPhrase><IN-OF>of</IN-OF><NounPhrase><QUANTITY><MASS><CD>250</CD><NN-MASS>g</NN-MASS></MASS></QUANTITY><NN>sand</NN></NounPhrase></PrepPhrase></NounPhrase></PrepPhrase></VerbPhrase><STOP>.</STOP></Sentence></Document>
<?xml version="1.0" encoding="UTF-8"?>
<Document><Sentence><ActionPhrase type="Wash"><NounPhrase><DT-THE>The</DT-THE><NN>sand</NN></NounPhrase><VerbPhrase><VBD>was</VBD><VB-WASH>washed</VB-WASH><PrepPhrase><IN-WITH>with</IN-WITH><NounPhrase><JJ>deionised</JJ><MOLECULE role="Solvent"><OSCARCM><OSCAR-CM>water</OSCAR-CM></OSCARCM></MOLECULE></NounPhrase></PrepPhrase><PrepPhrase><IN-FOR>for</IN-FOR><NounPhrase><CD>three</CD><NN-TIMES>times</NN-TIMES></NounPhrase></PrepPhrase></VerbPhrase></ActionPhrase><CC>and</CC><RB-CONJ>then</RB-CONJ><ActionPhrase type="Add"><VerbPhrase><VB-ADD>mixed</VB-ADD><PrepPhrase><IN-WITH>with</IN-WITH><NounPhrase><JJ>known</JJ><NNS>amounts</NNS><PrepPhrase><IN-OF>of</IN-OF><NounPhrase><JJ>different</JJ><JJ>corrosive</JJ><NN-CHEMENTITY>materials</NN-CHEMENTITY></NounPhrase></PrepPhrase></NounPhrase></PrepPhrase><PrepPhrase><JJ>such</JJ><IN-AS>as</IN-AS><NounPhrase><MOLECULE><OSCARCM><OSCAR-CM>NaCl</OSCAR-CM></OSCARCM></MOLECULE><COMMA>,</COMMA><MOLECULE><OSCARCM><OSCAR-CM>H2SO4</OSCAR-CM></OSCARCM></MOLECULE><COMMA>,</COMMA><CC>and</CC><NN>moisture</NN></NounPhrase></PrepPhrase></VerbPhrase></ActionPhrase><STOP>.</STOP></Sentence></Document>
<?xml version="1.0" encoding="UTF-8"?>
<Document><Sentence><VerbPhrase><IN-AS>As</IN-AS><VBN>shown</VBN><PrepPhrase><IN-IN>in</IN-IN><NounPhrase><CaptionLabel><NNP-LABEL>figure</NNP-LABEL><CD>1</CD></CaptionLabel></NounPhrase></PrepPhrase></VerbPhrase><NounPhrase><DT-THE>the</DT-THE><JJ-CHEM>buried</JJ-CHEM><MOLECULE><OSCARCM><OSCAR-CM>PPy</OSCAR-CM></OSCARCM><JJ>coated</JJ></MOLECULE><NN>steel</NN><CC>and</CC><JJ>stainless</JJ><NN>steel</NN></NounPhrase><VerbPhrase><VBD>were</VBD><VBN>used</VBN><PrepPhrase><IN-AS>as</IN-AS><NounPhrase><NN>anode</NN><CC>and</CC><NN>cathode</NN></NounPhrase></PrepPhrase></VerbPhrase><RB>respectively</RB><COMMA>,</COMMA><NounPhrase><DT-THE>the</DT-THE><NN>corrosion</NN></NounPhrase><JJ>current</JJ><CC>and</CC><VerbPhrase><JJ>potential</JJ><VBD>were</VBD><VBN>measured</VBN><PrepPhrase><IN>against</IN><NounPhrase><MOLECULE><OSCARCM><OSCAR-CM>Ag</OSCAR-CM><DASH>/</DASH><OSCAR-CM>AgCl</OSCAR-CM></OSCARCM></MOLECULE><NN>reference</NN><NN>electrode</NN></NounPhrase></PrepPhrase></VerbPhrase><VerbPhrase><VB-USE>using</VB-USE></VerbPhrase><NounPhrase><DT-THE>the</DT-THE><NNP>EG&amp;G</NNP><NNP>Princeton</NNP><NNP>Applied</NNP><NNP>Research</NNP><NNP>Potentiostat/Galvanostat</NNP><NNP>Model</NNP><UNNAMEDMOLECULE><REFERENCETOCOMPOUND><CD-ALPHANUM>273A</CD-ALPHANUM></REFERENCETOCOMPOUND></UNNAMEDMOLECULE></NounPhrase><ActionPhrase type="Yield"><VerbPhrase><VB-YIELD>provided</VB-YIELD><PrepPhrase><IN-WITH>with</IN-WITH><NounPhrase><JJ>powerCorr</JJ><NN>software</NN></NounPhrase></PrepPhrase></VerbPhrase></ActionPhrase><STOP>.</STOP></Sentence></Document>
<?xml version="1.0" encoding="UTF-8"?>
<Document><Sentence><NounPhrase><CaptionLabel><NNP-LABEL>Figure</NNP-LABEL><CD>1</CD></CaptionLabel></NounPhrase><STOP>.</STOP></Sentence></Document>
<?xml version="1.0" encoding="UTF-8"?>
<Document><Sentence><NounPhrase><JJ>Experimental</JJ><NN>setup</NN></NounPhrase><PrepPhrase><IN-FOR>for</IN-FOR><NounPhrase><JJ>potentiodynamic</JJ><NN>examination</NN><PrepPhrase><IN-OF>of</IN-OF><NounPhrase><DT-THE>the</DT-THE><JJ-CHEM>formed</JJ-CHEM><NNP>PPy</NNP><UNNAMEDMOLECULE><NN-CHEMENTITY>layer</NN-CHEMENTITY><REFERENCETOCOMPOUND><CD>3</CD></REFERENCETOCOMPOUND></UNNAMEDMOLECULE></NounPhrase></PrepPhrase></NounPhrase></PrepPhrase><STOP>.</STOP></Sentence></Document>
<?xml version="1.0" encoding="UTF-8"?>
<Document/>
