<?xml version="1.0" encoding="UTF-8"?>
<Document><Sentence><ActionPhrase type="Synthesize"><NounPhrase><NNP>Specimens</NNP><NN-SYNTHESIZE>preparation</NN-SYNTHESIZE><NNP>Forty</NNP><CD>five</CD></NounPhrase></ActionPhrase><ActionPhrase type="Synthesize"><VerbPhrase><VBD>specimenswere</VBD><VB-SYNTHESIZE>prepared</VB-SYNTHESIZE><PrepPhrase><IN-FROM>from</IN-FROM><NounPhrase><DT>these</DT><NN-CHEMENTITY>materials</NN-CHEMENTITY></NounPhrase></PrepPhrase></VerbPhrase></ActionPhrase><VerbPhrase><TO>to</TO><VB>perform</VB><VBG>bending</VBG></VerbPhrase><NounPhrase><NN>fatigue</NN><NNS>tests</NNS></NounPhrase><COMMA>,</COMMA><VerbPhrase><VBG>cutting</VBG></VerbPhrase><CC>and</CC><VerbPhrase><VBG>grinding</VBG></VerbPhrase><NounPhrase><NN>machine</NN></NounPhrase><VerbPhrase><VBD>were</VBD><VBN>used</VBN></VerbPhrase><VerbPhrase><TO>to</TO><VB>do</VB></VerbPhrase><NounPhrase><DT>this</DT><NNS>job,specimens</NNS></NounPhrase><VerbPhrase><VBP>dimensionsare</VBP><VBN>shown</VBN><PrepPhrase><IN-IN>in</IN-IN><MOLECULE><OSCARCM><OSCAR-CM>Figure(1)</OSCAR-CM></OSCARCM></MOLECULE></PrepPhrase></VerbPhrase><STOP>.</STOP></Sentence></Document>
<?xml version="1.0" encoding="UTF-8"?>
<Document><Sentence><ActionPhrase type="Wait"><NounPhrase><DT>These</DT><NNS>samples</NNS></NounPhrase><VerbPhrase><VBD>tempered</VBD><TempPhrase><IN>at</IN><CD>400</CD><NN-TEMP>oC</NN-TEMP></TempPhrase><TimePhrase><IN-FOR>for</IN-FOR><CD>one</CD><NN-TIME>hour</NN-TIME></TimePhrase></VerbPhrase></ActionPhrase><STOP>.</STOP></Sentence></Document>
<?xml version="1.0" encoding="UTF-8"?>
<Document><Sentence><NounPhrase><CaptionLabel><NNP-LABEL>Figure</NNP-LABEL><_-LRB->(</_-LRB-><CD>1</CD><_-RRB->)</_-RRB-></CaptionLabel></NounPhrase><COLON>:</COLON><JJ>Specimen</JJ><NounPhrase><NNS>dimensions</NNS></NounPhrase><NounPhrase><DT>All</DT><NNS>specimens</NNS></NounPhrase><VerbPhrase><VBD>were</VBD><JJ>mechanical</JJ><VBN>grinded</VBN></VerbPhrase><VerbPhrase><IN-BY>by</IN-BY><VBG>grinding</VBG></VerbPhrase><NounPhrase><NN>machine</NN></NounPhrase><COMMA>,</COMMA><VerbPhrase><VBD>smoothed</VBD><VB-USE>using</VB-USE></VerbPhrase><NounPhrase><MOLECULE><OSCARCM><OSCAR-CM>silicon</OSCAR-CM></OSCARCM></MOLECULE><NN>carbide</NN><NNS>papers</NNS><CITATION><_-LRB->(</_-LRB-><CD>60</CD><COMMA>,</COMMA><CD>80</CD><COMMA>,</COMMA><CD>180</CD><COMMA>,</COMMA><CD>400</CD><COMMA>,</COMMA><CD>800</CD><_-RRB->)</_-RRB-></CITATION></NounPhrase><CC>and</CC><RB-CONJ>then</RB-CONJ><VerbPhrase><VBN>cleaned</VBN></VerbPhrase><ActionPhrase type="Purify"><VerbPhrase><IN-BY>by</IN-BY><VB-PURIFY>distilled</VB-PURIFY></VerbPhrase><NounPhrase><MOLECULE><OSCARCM><OSCAR-CM>water</OSCAR-CM></OSCARCM></MOLECULE></NounPhrase></ActionPhrase><VerbPhrase><VBN>followed</VBN><PrepPhrase><IN-BY>by</IN-BY><NounPhrase><MOLECULE><OSCARCM><OSCAR-CM>alcohol</OSCAR-CM></OSCARCM></MOLECULE><NN>l</NN><SYM>=</SYM><CD>10</CD><NN>b</NN><SYM>=</SYM><CD>0.9</CD><NN>cm</NN><NN>t</NN><SYM>=</SYM><CD>2</CD><CD>mm</CD><CD>4</CD><CD>mm</CD><CD>4.5</CD><CD>mm</CD><CD>5</CD><CD>mm</CD><NNP>Journal</NNP><PrepPhrase><IN-OF>of</IN-OF><NounPhrase><NNP>Environment</NNP><CC>and</CC><NNP>Earth</NNP><NNP>Science</NNP></NounPhrase></PrepPhrase></NounPhrase></PrepPhrase><PrepPhrase><IN>www.iiste.org</IN><NounPhrase><NNP>ISSN</NNP><CD>2224-3216</CD><MIXTURE><_-LRB->(</_-LRB-><NNP>Paper</NNP><_-RRB->)</_-RRB-></MIXTURE><NNP>ISSN</NNP><CD>2225-0948</CD><MIXTURE><_-LRB->(</_-LRB-><NNP>Online</NNP><_-RRB->)</_-RRB-></MIXTURE></NounPhrase></PrepPhrase></VerbPhrase><STOP>Vol.</STOP></Sentence></Document>
<?xml version="1.0" encoding="UTF-8"?>
<Document><Sentence><NounPhrase><CD>3</CD><COMMA>,</COMMA><MOLECULE><OSCARCM><OSCAR-CM>No.5</OSCAR-CM></OSCARCM></MOLECULE><COMMA>,</COMMA><CD>2013</CD><CD>123</CD><CD>Eighteen</CD></NounPhrase><PrepPhrase><IN-FROM>from</IN-FROM><NounPhrase><DT-THE>the</DT-THE><JJ>above</JJ><NNS>specimens</NNS></NounPhrase></PrepPhrase><VerbPhrase><VBD>were</VBD></VerbPhrase><NounPhrase><MOLECULE><OSCARCM><OSCAR-CM>nickel</OSCAR-CM></OSCARCM></MOLECULE></NounPhrase><VerbPhrase><VBN>electroplated</VBN><PrepPhrase><IN-BY>by</IN-BY><NounPhrase><NNP>Watts</NNP><APPARATUS><NN>type</NN><NN-APPARATUS>bath</NN-APPARATUS></APPARATUS></NounPhrase></PrepPhrase></VerbPhrase><ActionPhrase type="Add"><VerbPhrase><VB-CONTAIN>containing</VB-CONTAIN></VerbPhrase></ActionPhrase><COLON>:</COLON><ActionPhrase type="Yield"><NounPhrase><QUANTITY><MASS><CD>200</CD><NN-MASS>g/LNiso4</NN-MASS></MASS><COMMA>,</COMMA><MASS><CD>50</CD><NN-MASS>g</NN-MASS></MASS></QUANTITY><DASH>/</DASH><NN-VOL>L</NN-VOL><NNP>Mgso4</NNP><COMMA>,</COMMA><QUANTITY><MASS><CD>70</CD><NN-MASS>g</NN-MASS></MASS></QUANTITY><DASH>/</DASH><NN-VOL>L</NN-VOL><MOLECULE><OSCARCM><OSCAR-CM>Na2so4</OSCAR-CM></OSCARCM></MOLECULE><COMMA>,</COMMA><QUANTITY><MASS><CD>30</CD><NN-MASS>g</NN-MASS></MASS></QUANTITY><DASH>/</DASH><NN-VOL>L</NN-VOL><MOLECULE><OSCARCM><OSCAR-CM>H3BO3</OSCAR-CM></OSCARCM></MOLECULE><COMMA>,</COMMA><CC>and</CC><QUANTITY><MASS><CD>5</CD><NN-MASS>g</NN-MASS></MASS></QUANTITY><DASH>/</DASH><NN-VOL>L</NN-VOL><MOLECULE><OSCARCM><OSCAR-CM>NaCl</OSCAR-CM></OSCARCM></MOLECULE></NounPhrase><TempPhrase><IN>at</IN><NN-TEMP>temperature</NN-TEMP></TempPhrase><NounPhrase><CD>25</CD><CD>0</CD><MOLECULE><OSCARCM><OSCAR-CM>C</OSCAR-CM></OSCARCM></MOLECULE><COMMA>,</COMMA><JJ>current</JJ><NN>density</NN><CD>1.5</CD></NounPhrase><Unmatched><DT>A/dm2</DT></Unmatched><Unmatched><COMMA>,</COMMA></Unmatched><NounPhrase><QUANTITY><PH><NN-PH>PH</NN-PH><SYM>=</SYM><CD>5</CD></PH></QUANTITY><COMMA>,</COMMA><CC>and</CC><CD>20</CD><NN>minute</NN><NN>electroplating</NN><NN-TIME>time</NN-TIME></NounPhrase><VerbPhrase><TO>to</TO><VB-YIELD>get</VB-YIELD></VerbPhrase><NounPhrase><CD>6</CD><NN>µm</NN><PrepPhrase><IN-OF>of</IN-OF><NounPhrase><MOLECULE><OSCARCM><OSCAR-CM>nickel</OSCAR-CM></OSCARCM></MOLECULE><NN>coating</NN></NounPhrase></PrepPhrase></NounPhrase></ActionPhrase><STOP>.</STOP></Sentence></Document>
<?xml version="1.0" encoding="UTF-8"?>
<Document><Sentence><VerbPhrase><IN-BEFORE>Before</IN-BEFORE><VBG>electroplating</VBG></VerbPhrase><NounPhrase><DT-THE>the</DT-THE><NNS>specimens</NNS></NounPhrase><VerbPhrase><VBD>were</VBD><VBN>degreased</VBN><PrepPhrase><IN-IN>in</IN-IN><MOLECULE><OSCARCM><OSCAR-CM>alcohol</OSCAR-CM></OSCARCM></MOLECULE></PrepPhrase><CC>and</CC><PrepPhrase><IN-IN>in</IN-IN><MOLECULE><OSCARCM><OSCAR-CM>alkaline</OSCAR-CM></OSCARCM><NN-CHEMENTITY>solution</NN-CHEMENTITY></MOLECULE></PrepPhrase></VerbPhrase><CC>and</CC><RB-CONJ>then</RB-CONJ><VerbPhrase><VBD>pickled</VBD><PrepPhrase><IN-IN>in</IN-IN><MOLECULE><OSCARCM><OSCAR-CM>HCl</OSCAR-CM></OSCARCM><NN-CHEMENTITY>solution</NN-CHEMENTITY></MOLECULE></PrepPhrase></VerbPhrase><STOP>.</STOP></Sentence></Document>
<?xml version="1.0" encoding="UTF-8"?>
<Document><Sentence><VerbPhrase><IN-AFTER>After</IN-AFTER><VBG>electroplating</VBG></VerbPhrase><NounPhrase><DT-THE>the</DT-THE><NNS>samples</NNS></NounPhrase><ActionPhrase type="Wash"><VerbPhrase><VB-WASH>washed</VB-WASH><PrepPhrase><IN-WITH>with</IN-WITH><NounPhrase><JJ-CHEM>distilled</JJ-CHEM><MOLECULE role="Solvent"><OSCARCM><OSCAR-CM>water</OSCAR-CM></OSCARCM></MOLECULE></NounPhrase></PrepPhrase></VerbPhrase></ActionPhrase><COMMA>,</COMMA><ActionPhrase type="Dry"><VerbPhrase><VB-DRY>dried</VB-DRY><TempPhrase><IN>at</IN><NN-TEMP>room</NN-TEMP><NN-TEMP>temperature</NN-TEMP></TempPhrase><TimePhrase><IN-FOR>for</IN-FOR><CD>24</CD><NN-TIME>hours</NN-TIME></TimePhrase></VerbPhrase></ActionPhrase><VerbPhrase><TO>to</TO><VB>avoid</VB></VerbPhrase><NounPhrase><MOLECULE><OSCARCM><OSCAR-CM>hydrogen</OSCAR-CM></OSCARCM></MOLECULE><NN>embrittlement</NN></NounPhrase><STOP>.</STOP></Sentence></Document>
<?xml version="1.0" encoding="UTF-8"?>
<Document><Sentence><NounPhrase><DT-THE>The</DT-THE><JJ-CHEM>remaining</JJ-CHEM><CD>27</CD><NNS>specimens</NNS></NounPhrase><VerbPhrase><JJ>mechanical</JJ><VBN>polished</VBN><VB-USE>using</VB-USE></VerbPhrase><NounPhrase><CD>two</CD><NNS>types</NNS><PrepPhrase><IN-OF>of</IN-OF><NounPhrase><MOLECULE><OSCARCM><OSCAR-CM>alumina</OSCAR-CM></OSCARCM><MIXTURE><_-LRB->(</_-LRB-><CD>0.5</CD><NN>micron</NN><CC>and</CC><CD>0.3</CD><NN>micron</NN><_-RRB->)</_-RRB-></MIXTURE></MOLECULE></NounPhrase></PrepPhrase></NounPhrase><VerbPhrase><RB-CONJ>Then</RB-CONJ><VBN>cleaned</VBN></VerbPhrase><ActionPhrase type="Purify"><VerbPhrase><IN-BY>by</IN-BY><VB-PURIFY>distilled</VB-PURIFY></VerbPhrase><NounPhrase><MOLECULE><OSCARCM><OSCAR-CM>water</OSCAR-CM></OSCARCM></MOLECULE></NounPhrase></ActionPhrase><CC>and</CC><PrepPhrase><IN-BY>by</IN-BY><NounPhrase><MOLECULE><OSCARCM><OSCAR-CM>alcohol</OSCAR-CM></OSCARCM></MOLECULE></NounPhrase></PrepPhrase><STOP>.</STOP></Sentence></Document>
<?xml version="1.0" encoding="UTF-8"?>
<Document><Sentence><NounPhrase><PROCEDURE><CD>4</CD></PROCEDURE><STOP>.</STOP></NounPhrase></Sentence></Document>
<?xml version="1.0" encoding="UTF-8"?>
<Document><Sentence><ActionPhrase type="Synthesize"><NounPhrase><NNP>Fatigue</NNP><NN>test</NN><CD>Five</CD><NNS>groups</NNS><PrepPhrase><IN-OF>of</IN-OF><NounPhrase><JJ>standard</JJ><JJ>low</JJ><MOLECULE><OSCARCM><OSCAR-CM>carbon</OSCAR-CM></OSCARCM></MOLECULE><NN>steel</NN><NNS>specimens</NNS></NounPhrase></PrepPhrase></NounPhrase><VerbPhrase><VBD>were</VBD><VB-SYNTHESIZE>prepared</VB-SYNTHESIZE><PrepPhrase><IN-FOR>for</IN-FOR><NounPhrase><NN>fatigue</NN><NNS>tests</NNS></NounPhrase></PrepPhrase></VerbPhrase></ActionPhrase><STOP>.</STOP></Sentence></Document>
<?xml version="1.0" encoding="UTF-8"?>
<Document><Sentence><NounPhrase><NN>Fatigue</NN><NNS>tests</NNS></NounPhrase><VerbPhrase><VBD>were</VBD><VBN>carried</VBN><RP>out</RP><PrepPhrase><IN-IN>in</IN-IN><NounPhrase><NN>air</NN></NounPhrase></PrepPhrase><PrepPhrase><IN-FOR>for</IN-FOR><NounPhrase><MOLECULE><OSCARCM><OSCAR-CM>nine</OSCAR-CM></OSCARCM></MOLECULE><NNS>specimens</NNS></NounPhrase></PrepPhrase></VerbPhrase><PrepPhrase><RB>immediately</RB><IN-AFTER>after</IN-AFTER><NounPhrase><NN>polishing</NN></NounPhrase></PrepPhrase><CC>and</CC><NounPhrase><DT-THE>the</DT-THE><JJ-CHEM>remaining</JJ-CHEM><NNS>specimens</NNS></NounPhrase><VerbPhrase><VBD>were</VBD><VBN>tested</VBN></VerbPhrase><ActionPhrase type="Wait"><VerbPhrase><IN-AFTER>after</IN-AFTER><VBG>exposing</VBG><PrepPhrase><TO>to</TO><NounPhrase><NN>lab</NN><NN>air</NN></NounPhrase></PrepPhrase><PrepPhrase><IN>at</IN><NounPhrase><MOLECULE><QUANTITY><PERCENT><CD>3</CD><NN-PERCENT>%</NN-PERCENT></PERCENT></QUANTITY><OSCARCM><OSCAR-CM>NaCl</OSCAR-CM></OSCARCM><NN-CHEMENTITY>solution</NN-CHEMENTITY></MOLECULE></NounPhrase></PrepPhrase><PrepPhrase><IN-AS>as</IN-AS><NounPhrase><JJ>corrosive</JJ><NN>environment</NN></NounPhrase></PrepPhrase><TimePhrase><IN-FOR>for</IN-FOR><DT>a</DT><NN-TIME>period</NN-TIME></TimePhrase><TimePhrase><IN-OF>of</IN-OF><CD>30</CD><NN-TIME>day</NN-TIME></TimePhrase></VerbPhrase></ActionPhrase><VerbPhrase><VB-USE>using</VB-USE></VerbPhrase><NounPhrase><DT>a</DT><NN>reverse</NN></NounPhrase><VerbPhrase><VBG>bending</VBG></VerbPhrase><NounPhrase><NN>fatigue</NN><NN>machine</NN></NounPhrase><COMMA>,</COMMA><PrepPhrase><IN-WITH>with</IN-WITH><NounPhrase><DT>a</DT><JJ>maximum</JJ><NN>capacity</NN><PrepPhrase><IN-OF>of</IN-OF><NounPhrase><QUANTITY><MOLAR><CD>800</CD><NN-MOLAR>N/mm2</NN-MOLAR></MOLAR></QUANTITY></NounPhrase></PrepPhrase></NounPhrase></PrepPhrase><COMMA>,</COMMA><NounPhrase><DT>a</DT><JJ>maximum</JJ><NN>speed</NN></NounPhrase><Unmatched><IN-OF>of</IN-OF></Unmatched><Unmatched><JJ>6000rpm</JJ></Unmatched><Unmatched><CC>and</CC></Unmatched><NounPhrase><DT>a</DT><JJ-CHEM>stress</JJ-CHEM><NN>ratio</NN><PrepPhrase><IN-OF>of</IN-OF><NounPhrase><UNNAMEDMOLECULE><REFERENCETOCOMPOUND><NN-IDENTIFIER>R</NN-IDENTIFIER></REFERENCETOCOMPOUND></UNNAMEDMOLECULE><SYM>=</SYM></NounPhrase></PrepPhrase></NounPhrase><COLON>-1.All</COLON><NounPhrase><DT-THE>the</DT-THE><NNS>tests</NNS></NounPhrase><VerbPhrase><VBD>were</VBD><VBN>performed</VBN><TempPhrase><IN>at</IN><NN-TEMP>room</NN-TEMP><NN-TEMP>temperature</NN-TEMP></TempPhrase></VerbPhrase><STOP>.</STOP></Sentence></Document>
<?xml version="1.0" encoding="UTF-8"?>
<Document><Sentence><ActionPhrase type="Degass"><NounPhrase><DT-THE>The</DT-THE><NNS>specimens</NNS></NounPhrase><VerbPhrase><VBD>were</VBD><VB-SUBJECT>subjected</VB-SUBJECT><PrepPhrase><TO>to</TO><NounPhrase><DT>an</DT><JJ>applied</JJ><NN>load</NN></NounPhrase></PrepPhrase><PrepPhrase><IN-FROM>from</IN-FROM><NounPhrase><DT-THE>the</DT-THE><JJ>right</JJ><NN>side</NN></NounPhrase></PrepPhrase><PrepPhrase><JJ>perpendicular</JJ><TO>to</TO><NounPhrase><DT-THE>the</DT-THE><NN>axis</NN><PrepPhrase><IN-OF>of</IN-OF><NounPhrase><NNS>specimen</NNS></NounPhrase></PrepPhrase></NounPhrase></PrepPhrase></VerbPhrase></ActionPhrase><CC>and</CC><Unmatched><RB>hence</RB></Unmatched><NounPhrase><DT>a</DT><JJ>bending</JJ><NN>moment</NN></NounPhrase><VerbPhrase><VBD>was</VBD><VBN>developed</VBN></VerbPhrase><STOP>.</STOP></Sentence></Document>
<?xml version="1.0" encoding="UTF-8"?>
<Document><Sentence><Unmatched><RB-CONJ>Therefore</RB-CONJ></Unmatched><Unmatched><COMMA>,</COMMA></Unmatched><NounPhrase><DT-THE>the</DT-THE><NN>surface</NN><PrepPhrase><IN-OF>of</IN-OF><NounPhrase><DT-THE>the</DT-THE><NNS>specimen</NNS></NounPhrase></PrepPhrase></NounPhrase><VerbPhrase><VBD>was</VBD><PrepPhrase><IN-UNDER>under</IN-UNDER><NounPhrase><NN>succession</NN><NN>tension</NN><CC>and</CC><NN>compression</NN><NN>stress</NN></NounPhrase></PrepPhrase></VerbPhrase><STOP>.</STOP></Sentence></Document>
<?xml version="1.0" encoding="UTF-8"?>
<Document><Sentence><NounPhrase><DT-THE>The</DT-THE><NN>value</NN><PrepPhrase><IN-OF>of</IN-OF><NounPhrase><DT-THE>the</DT-THE><JJ>bending</JJ><NN>stress</NN><MIXTURE><_-LRB->(</_-LRB-><NN>σb</NN><_-RRB->)</_-RRB-></MIXTURE></NounPhrase></PrepPhrase></NounPhrase><COMMA>,</COMMA><VerbPhrase><VBN>measured</VBN></VerbPhrase><Unmatched><IN-IN>in</IN-IN></Unmatched><Unmatched><_-LRB->(</_-LRB-></Unmatched><Unmatched><NN-MOLAR>N/mm2</NN-MOLAR></Unmatched><Unmatched><_-RRB->)</_-RRB-></Unmatched><Unmatched><COMMA>,</COMMA></Unmatched><PrepPhrase><IN-FOR>for</IN-FOR><NounPhrase><DT>a</DT><JJ>known</JJ><NN>value</NN><PrepPhrase><IN-OF>of</IN-OF><NounPhrase><NN>deflection</NN><UNNAMEDMOLECULE><REFERENCETOCOMPOUND><_-LRB->(</_-LRB-><NN-IDENTIFIER>δ</NN-IDENTIFIER><_-RRB->)</_-RRB-></REFERENCETOCOMPOUND></UNNAMEDMOLECULE></NounPhrase></PrepPhrase></NounPhrase></PrepPhrase><COMMA>,</COMMA><VerbPhrase><VBN>measured</VBN><PrepPhrase><IN-IN>in</IN-IN><NounPhrase><NN>millimeter</NN></NounPhrase></PrepPhrase></VerbPhrase><Unmatched><_-LRB->(</_-LRB-></Unmatched><Unmatched><UH>mm</UH></Unmatched><Unmatched><_-RRB->)</_-RRB-></Unmatched><VerbPhrase><VBD>was</VBD><VBN>calculated</VBN><PrepPhrase><IN-FROM>from</IN-FROM><NounPhrase><DT-THE>the</DT-THE><NN>relation</NN><UNNAMEDMOLECULE><REFERENCETOCOMPOUND><LSQB>[</LSQB><CD>4</CD><RSQB>]</RSQB></REFERENCETOCOMPOUND></UNNAMEDMOLECULE></NounPhrase></PrepPhrase></VerbPhrase><STOP>.</STOP></Sentence></Document>
<?xml version="1.0" encoding="UTF-8"?>
<Document><Sentence><NounPhrase><DT-THE>The</DT-THE><JJ>applied</JJ><NN>load</NN><UNNAMEDMOLECULE><REFERENCETOCOMPOUND><_-LRB->(</_-LRB-><NN-IDENTIFIER>P</NN-IDENTIFIER><_-RRB->)</_-RRB-></REFERENCETOCOMPOUND></UNNAMEDMOLECULE></NounPhrase><VerbPhrase><VBD>was</VBD><VBN>calculated</VBN></VerbPhrase><VerbPhrase><IN-BY>by</IN-BY><VB-USE>using</VB-USE></VerbPhrase><NounPhrase><NN-EQ>eq.</NN-EQ></NounPhrase><Unmatched><_-LRB->(</_-LRB-></Unmatched></Sentence></Document>
<?xml version="1.0" encoding="UTF-8"?>
<Document><Sentence><NounPhrase><PROCEDURE><CD>4-3</CD></PROCEDURE><_-RRB->)</_-RRB-></NounPhrase></Sentence><Sentence><PrepPhrase><IN-FROM>from</IN-FROM><NounPhrase><DT-THE>the</DT-THE><NN>deflection</NN><WDT>which</WDT></NounPhrase></PrepPhrase><VerbPhrase><VBD>set</VBD><PrepPhrase><IN-FROM>from</IN-FROM><NounPhrase><DT-THE>the</DT-THE><JJ-CHEM>test</JJ-CHEM><NN>machine</NN></NounPhrase></PrepPhrase></VerbPhrase><STOP>.</STOP></Sentence></Document>
<?xml version="1.0" encoding="UTF-8"?>
<Document><Sentence><PrepPhrase><IN-BY>By</IN-BY><NounPhrase><NN>substitute</NN></NounPhrase></PrepPhrase><NounPhrase><DT-THE>the</DT-THE><NN>value</NN><PrepPhrase><IN-OF>of</IN-OF><NounPhrase><UNNAMEDMOLECULE><REFERENCETOCOMPOUND><NN-IDENTIFIER>P</NN-IDENTIFIER></REFERENCETOCOMPOUND></UNNAMEDMOLECULE></NounPhrase></PrepPhrase></NounPhrase><PrepPhrase><IN-IN>in</IN-IN><NounPhrase><NN-EQ>eq.</NN-EQ></NounPhrase></PrepPhrase><Unmatched><_-LRB->(</_-LRB-></Unmatched></Sentence></Document>
<?xml version="1.0" encoding="UTF-8"?>
<Document><Sentence><NounPhrase><PROCEDURE><CD>4-4</CD></PROCEDURE><_-RRB->)</_-RRB-></NounPhrase></Sentence><Sentence><Unmatched><RB-CONJ>then</RB-CONJ></Unmatched><Unmatched><RB>σ�</RB></Unmatched><VerbPhrase><MD>can</MD><VB>be</VB><VBN>determined</VBN><PrepPhrase><IN-FROM>from</IN-FROM><NounPhrase><DT-THE>the</DT-THE><NN>formula</NN><WRB>Where</WRB></NounPhrase></PrepPhrase></VerbPhrase><COLON>:</COLON><VerbPhrase><VBN>σb</VBN></VerbPhrase><COLON>:</COLON><VerbPhrase><VBN>applied</VBN></VerbPhrase><NounPhrase><NN>stress</NN><MIXTURE><_-LRB->(</_-LRB-><NNP>MPa</NNP><_-RRB->)</_-RRB-></MIXTURE><COMMA>,</COMMA><NN>l</NN><SYM>=</SYM><NN>length</NN><PrepPhrase><IN-OF>of</IN-OF><NounPhrase><DT-THE>the</DT-THE><JJ-CHEM>specimen(mm)</JJ-CHEM><NN>b</NN><SYM>=</SYM><NN>width</NN><PrepPhrase><IN-OF>of</IN-OF><NounPhrase><DT-THE>the</DT-THE><NNS>specimen</NNS><UNNAMEDMOLECULE><REFERENCETOCOMPOUND><_-LRB->(</_-LRB-><CD>mm</CD><_-RRB->)</_-RRB-></REFERENCETOCOMPOUND></UNNAMEDMOLECULE><NN>t</NN><SYM>=</SYM><NN>thickness</NN><PrepPhrase><IN-OF>of</IN-OF><NounPhrase><DT-THE>the</DT-THE><NNS>specimen</NNS><UNNAMEDMOLECULE><REFERENCETOCOMPOUND><_-LRB->(</_-LRB-><CD>mm</CD><_-RRB->)</_-RRB-></REFERENCETOCOMPOUND></UNNAMEDMOLECULE><NN>p</NN><SYM>=</SYM></NounPhrase></PrepPhrase></NounPhrase></PrepPhrase></NounPhrase></PrepPhrase></NounPhrase><VerbPhrase><VBN>applied</VBN></VerbPhrase><NounPhrase><NN>load</NN><UNNAMEDMOLECULE><REFERENCETOCOMPOUND><_-LRB->(</_-LRB-><NN-IDENTIFIER>N</NN-IDENTIFIER><_-RRB->)</_-RRB-></REFERENCETOCOMPOUND></UNNAMEDMOLECULE><COMMA>,</COMMA><NN>δ</NN><SYM>=</SYM></NounPhrase><VerbPhrase><VBN>applied</VBN></VerbPhrase><NounPhrase><NN>deflection</NN></NounPhrase><Unmatched><_-LRB->(</_-LRB-></Unmatched><Unmatched><UH>mm</UH></Unmatched><Unmatched><_-RRB->)</_-RRB-></Unmatched><STOP>.</STOP></Sentence></Document>
<?xml version="1.0" encoding="UTF-8"?>
<Document><Sentence><Unmatched><IN-ON>On</IN-ON></Unmatched><STOP>.</STOP></Sentence></Document>
<?xml version="1.0" encoding="UTF-8"?>
<Document><Sentence><PrepPhrase><IN-OFF>Off</IN-OFF><NounPhrase><NNP>Switch</NNP></NounPhrase></PrepPhrase><STOP>.</STOP></Sentence></Document>
<?xml version="1.0" encoding="UTF-8"?>
<Document><Sentence><NounPhrase><NNP>Motor</NNP></NounPhrase><PrepPhrase><IN-WITH>with</IN-WITH><NounPhrase><MOLECULE><OSCARCM><OSCAR-CM>(6000)rpm</OSCAR-CM></OSCARCM></MOLECULE></NounPhrase></PrepPhrase><STOP>.</STOP></Sentence></Document>
<?xml version="1.0" encoding="UTF-8"?>
<Document><Sentence><NounPhrase><NN>Reverse</NN><NNP>Bending</NNP><NNP>Specimen</NNP></NounPhrase><STOP>.</STOP></Sentence></Document>
<?xml version="1.0" encoding="UTF-8"?>
<Document><Sentence><NounPhrase><NNP>Revolution</NNP><NNP>Counter</NNP></NounPhrase><STOP>.</STOP></Sentence></Document>
<?xml version="1.0" encoding="UTF-8"?>
<Document><Sentence><NounPhrase><NNP>Cutout</NNP><NNP>Switch</NNP></NounPhrase><STOP>.</STOP></Sentence></Document>
<?xml version="1.0" encoding="UTF-8"?>
<Document><Sentence><NounPhrase><CD>1</CD><CD>2</CD><CD>3</CD><CD>5</CD><CD>4</CD><NNP>Journal</NNP><PrepPhrase><IN-OF>of</IN-OF><NounPhrase><NNP>Environment</NNP><CC>and</CC><NNP>Earth</NNP><NNP>Science</NNP></NounPhrase></PrepPhrase></NounPhrase><PrepPhrase><IN>www.iiste.org</IN><NounPhrase><NNP>ISSN</NNP><CD>2224-3216</CD><MIXTURE><_-LRB->(</_-LRB-><NNP>Paper</NNP><_-RRB->)</_-RRB-></MIXTURE><NNP>ISSN</NNP><CD>2225-0948</CD><MIXTURE><_-LRB->(</_-LRB-><NNP>Online</NNP><_-RRB->)</_-RRB-></MIXTURE></NounPhrase></PrepPhrase><STOP>Vol.</STOP></Sentence></Document>
<?xml version="1.0" encoding="UTF-8"?>
<Document><Sentence><NounPhrase><CD>3</CD><COMMA>,</COMMA><MOLECULE><OSCARCM><OSCAR-CM>No.5</OSCAR-CM></OSCARCM></MOLECULE><COMMA>,</COMMA><CD>2013</CD><CD>124</CD><CD>5</CD></NounPhrase><STOP>.</STOP></Sentence></Document>
<?xml version="1.0" encoding="UTF-8"?>
<Document/>
