<?xml version="1.0" encoding="UTF-8"?>
<Document><Sentence><NounPhrase><NN-CHEMENTITY>MATERIALS</NN-CHEMENTITY><CC>AND</CC><JJ>EXPERIMENTAL</JJ><PROCEDURE><NN-METHOD>TECHNIQUES</NN-METHOD><CD>2.1</CD></PROCEDURE><NNP>Electrospinning</NNP><NN>setup</NN></NounPhrase><NounPhrase><DT-THE>The</DT-THE><NN-CHEMENTITY>polymer</NN-CHEMENTITY><NN-CHEMENTITY>solutions</NN-CHEMENTITY></NounPhrase><VerbPhrase><VBD>were</VBD><VBN>electrospun</VBN><VB-USE>using</VB-USE></VerbPhrase><NounPhrase><DT>a</DT><NN-STATE>needleless</NN-STATE><NN>laboratory</NN><NN>machine</NN></NounPhrase><VerbPhrase><VBN>called</VBN></VerbPhrase><NounPhrase><DT>a</DT><JJ-CHEM>nano</JJ-CHEM><NN>spider</NN><NN>laboratory</NN><MIXTURE><_-LRB->(</_-LRB-><NNP>NSLAB</NNP><UNNAMEDMOLECULE><REFERENCETOCOMPOUND><CD-ALPHANUM>500S</CD-ALPHANUM></REFERENCETOCOMPOUND></UNNAMEDMOLECULE><_-RRB->)</_-RRB-></MIXTURE><COMMA>,</COMMA><WDT>which</WDT></NounPhrase><ActionPhrase type="ApparatusAction"><VerbPhrase><VBZ>consists</VBZ><PrepPhrase><IN-OF>of</IN-OF><NounPhrase><MultipleApparatus><APPARATUS><DT>a</DT><JJ>spinning</JJ><NN>head</NN><NN-APPARATUS>tube</NN-APPARATUS></APPARATUS></MultipleApparatus></NounPhrase></PrepPhrase></VerbPhrase></ActionPhrase><NounPhrase><WRB>where</WRB></NounPhrase><NounPhrase><DT-THE>the</DT-THE><NN>rotating</NN></NounPhrase><VerbPhrase><VBG>spinning</VBG></VerbPhrase><NounPhrase><NN>electrode</NN></NounPhrase><VerbPhrase><VBZ>is</VBZ><VBN>wetted</VBN><PrepPhrase><IN-IN>in</IN-IN><NounPhrase><NN-CHEMENTITY>solution</NN-CHEMENTITY></NounPhrase></PrepPhrase><PrepPhrase><IN-UNDER>under</IN-UNDER><NounPhrase><JJ>high</JJ><NN>voltage</NN></NounPhrase></PrepPhrase></VerbPhrase><STOP>.</STOP></Sentence></Document>
<?xml version="1.0" encoding="UTF-8"?>
<Document><Sentence><NounPhrase><NNS>Nanofibers</NNS></NounPhrase><VerbPhrase><VBP>are</VBP></VerbPhrase><NounPhrase><NN>coating</NN><JJ>exchangeable</JJ><JJ>substrate</JJ><NN>belt</NN><WDT>which</WDT></NounPhrase><VerbPhrase><VBZ>is</VBZ><VBG>moving</VBG><PrepPhrase><IN>along</IN><NounPhrase><DT-THE>the</DT-THE><JJ>static</JJ><JJ-CHEM>collecting</JJ-CHEM><NN>electrode</NN></NounPhrase></PrepPhrase></VerbPhrase><STOP>.</STOP></Sentence></Document>
<?xml version="1.0" encoding="UTF-8"?>
<Document><Sentence><NounPhrase><JJ>Internal</JJ><NN>control</NN><NNS>parameters</NNS><PrepPhrase><IN-OF>of</IN-OF><NounPhrase><DT-THE>the</DT-THE><NN>process</NN></NounPhrase></PrepPhrase></NounPhrase><VerbPhrase><VBP>are</VBP><VBN>electrode</VBN></VerbPhrase><NounPhrase><NN>distance</NN><COMMA>,</COMMA><JJ>high</JJ><NN>voltage</NN><COMMA>,</COMMA><JJ>electrode</JJ><NN>speed</NN><CC>and</CC><JJ>substrate</JJ><NN>speed</NN></NounPhrase><STOP>.</STOP></Sentence></Document>
<?xml version="1.0" encoding="UTF-8"?>
<Document><Sentence><NounPhrase><JJ>External</JJ><NNS>parameters</NNS></NounPhrase><VerbPhrase><VBN>used</VBN><PrepPhrase><IN-FOR>for</IN-FOR><NounPhrase><NN>control</NN><PrepPhrase><IN-OF>of</IN-OF><NounPhrase><NN>electrospinning</NN><NN>throughput</NN><CC>and</CC><NN>nanofiber</NN><NN>quality</NN></NounPhrase></PrepPhrase></NounPhrase></PrepPhrase></VerbPhrase><VerbPhrase><VBP>are</VBP></VerbPhrase><NounPhrase><NN-CHEMENTITY>solution</NN-CHEMENTITY><NNS>characteristics</NNS><MIXTURE><_-LRB->(</_-LRB-><NN>viscosity</NN><COMMA>,</COMMA><NN>conductivity</NN><_-RRB->)</_-RRB-></MIXTURE><CC>and</CC><NN>air</NN><NNS>properties</NNS><MIXTURE><_-LRB->(</_-LRB-><NN-TEMP>temperature</NN-TEMP><COMMA>,</COMMA><JJ>relative</JJ><NN>humidity</NN><_-RRB->)</_-RRB-></MIXTURE></NounPhrase><STOP>.</STOP></Sentence></Document>
<?xml version="1.0" encoding="UTF-8"?>
<Document><Sentence><NounPhrase><CD>2.2</CD><NNP>Electrospinning</NNP><PrepPhrase><IN-OF>of</IN-OF><NounPhrase><NNP>PVC</NNP><NNP>Processing</NNP><PrepPhrase><IN-OF>of</IN-OF><NounPhrase><NN-CHEMENTITY>polymer</NN-CHEMENTITY><NN>nanofiber</NN></NounPhrase></PrepPhrase></NounPhrase></PrepPhrase></NounPhrase><VerbPhrase><VBD>was</VBD><RB>generally</RB></VerbPhrase><VerbPhrase><IN-AS>as</IN-AS><VBZ>follows</VBZ></VerbPhrase><STOP>;</STOP></Sentence><Sentence><ActionPhrase type="Synthesize"><NounPhrase><DT-THE>The</DT-THE><NNP>PVC</NNP><NN-CHEMENTITY>solution</NN-CHEMENTITY></NounPhrase><PrepPhrase><IN-IN>in</IN-IN><NounPhrase><DT>a</DT><NN>concentration</NN><PrepPhrase><IN-OF>of</IN-OF><NounPhrase><QUANTITY><PERCENT><CD>12</CD><NN>wt.</NN><NN-PERCENT>%</NN-PERCENT></PERCENT></QUANTITY></NounPhrase></PrepPhrase></NounPhrase></PrepPhrase><VerbPhrase><VBD>was</VBD><VB-SYNTHESIZE>prepared</VB-SYNTHESIZE></VerbPhrase></ActionPhrase><ActionPhrase type="Dissolve"><VerbPhrase><IN-BY>by</IN-BY><VB-DISSOLVE>dissolving</VB-DISSOLVE></VerbPhrase><NounPhrase><DT-THE>the</DT-THE><NN-CHEMENTITY>polymer</NN-CHEMENTITY><NNS>pellets</NNS></NounPhrase><PrepPhrase><IN-IN>in</IN-IN><NounPhrase><DT>a</DT><MOLECULE role="Solvent"><OSCARCM><OSCAR-CM>tetrahydrofuran</OSCAR-CM></OSCARCM><MIXTURE><_-LRB->(</_-LRB-><OSCARCM><OSCAR-CM>THF</OSCAR-CM></OSCARCM><_-RRB->)</_-RRB-></MIXTURE></MOLECULE><NN-CHEMENTITY>solvent</NN-CHEMENTITY></NounPhrase></PrepPhrase><PrepPhrase><IN>at</IN><NounPhrase><CD>30</CD></NounPhrase></PrepPhrase><PrepPhrase><IN>o</IN><NounPhrase><MOLECULE role="Solvent"><OSCARCM><OSCAR-CM>C</OSCAR-CM></OSCARCM></MOLECULE></NounPhrase></PrepPhrase></ActionPhrase><CC>and</CC><ActionPhrase type="Stir"><VerbPhrase><VB-STIR>stirring</VB-STIR><TimePhrase><NN-TIME>overnight</NN-TIME></TimePhrase></VerbPhrase></ActionPhrase><VerbPhrase><TO>to</TO><VB>be</VB><VBN>used</VBN></VerbPhrase><VerbPhrase><IN-FOR>for</IN-FOR><VBG>electrospinning</VBG></VerbPhrase><NounPhrase><DT-THE>the</DT-THE><NN>nanofiber</NN></NounPhrase><PrepPhrase><IN-ON>on</IN-ON><NounPhrase><NNP>Steel</NNP><COMMA>,</COMMA><MOLECULE><OSCARCM><OSCAR-CM>aluminum</OSCAR-CM></OSCARCM></MOLECULE><CC>and</CC><NN>brass</NN><NNS>surfaces</NNS></NounPhrase></PrepPhrase><STOP>.</STOP></Sentence></Document>
<?xml version="1.0" encoding="UTF-8"?>
<Document><Sentence><NounPhrase><DT-THE>The</DT-THE><NN-CHEMENTITY>polymer</NN-CHEMENTITY><NN-CHEMENTITY>solution</NN-CHEMENTITY></NounPhrase><VerbPhrase><VBD>was</VBD><VBN>spun</VBN><PrepPhrase><IN-UNDER>under</IN-UNDER><NounPhrase><DT-THE>the</DT-THE><JJ-CHEM>following</JJ-CHEM><NNS>conditions</NNS></NounPhrase></PrepPhrase></VerbPhrase><STOP>;</STOP></Sentence><Sentence><NounPhrase><NN>distance</NN></NounPhrase><PrepPhrase><IN-FROM>from</IN-FROM><NounPhrase><DT-THE>the</DT-THE><JJ>active</JJ><NN>electrode</NN></NounPhrase></PrepPhrase><VerbPhrase><TO>to</TO><VBG>collecting</VBG></VerbPhrase><NounPhrase><NN>electrode</NN></NounPhrase><VerbPhrase><VBZ>is</VBZ></VerbPhrase><NounPhrase><CD>18</CD><NN>cm</NN></NounPhrase><PrepPhrase><IN>at</IN><NounPhrase><DT>a</DT><JJ>driving</JJ><NN>voltage</NN><PrepPhrase><IN-OF>of</IN-OF><NounPhrase><CD>70</CD><NNP>KV</NNP><COMMA>,</COMMA><JJ>electrode</JJ><NN>speed</NN><CD>1.6</CD><NNS>rounds</NNS></NounPhrase></PrepPhrase></NounPhrase></PrepPhrase><PrepPhrase><IN>per</IN><NounPhrase><NN>minute</NN><MIXTURE><_-LRB->(</_-LRB-><NN>rpm</NN><_-RRB->)</_-RRB-></MIXTURE><COMMA>,</COMMA><NN-TEMP>temperature</NN-TEMP><PrepPhrase><IN-OF>of</IN-OF><NounPhrase><CD>25</CD></NounPhrase></PrepPhrase></NounPhrase></PrepPhrase><PrepPhrase><IN>o</IN><NounPhrase><MOLECULE><OSCARCM><OSCAR-CM>C</OSCAR-CM></OSCARCM></MOLECULE><CC>and</CC><NN>humidity</NN><PrepPhrase><IN-OF>of</IN-OF><NounPhrase><QUANTITY><PERCENT><CD>33</CD><NN-PERCENT>%</NN-PERCENT></PERCENT></QUANTITY></NounPhrase></PrepPhrase></NounPhrase></PrepPhrase><STOP>.</STOP></Sentence></Document>
<?xml version="1.0" encoding="UTF-8"?>
<Document><Sentence><ActionPhrase type="Recover"><NounPhrase><DT-THE>The</DT-THE><NNS>fibers</NNS></NounPhrase><VerbPhrase><VBD>were</VBD><VB-RECOVER>collected</VB-RECOVER><PrepPhrase><IN-ON>on</IN-ON><NounPhrase><NN>target</NN><NN-CHEMENTITY>metals</NN-CHEMENTITY></NounPhrase></PrepPhrase></VerbPhrase></ActionPhrase><STOP>.</STOP></Sentence></Document>
<?xml version="1.0" encoding="UTF-8"?>
<Document><Sentence><NounPhrase><DT-THE>The</DT-THE><NN>electrospun</NN><NNS>fibers</NNS></NounPhrase><VerbPhrase><VBD>were</VBD><JJ>first</JJ></VerbPhrase><NounPhrase><NN>air</NN></NounPhrase><ActionPhrase type="Dry"><VerbPhrase><VB-DRY>dried</VB-DRY><PrepPhrase><IN-IN>in</IN-IN><NounPhrase><DT-THE>the</DT-THE><NN>hood</NN></NounPhrase></PrepPhrase><TempPhrase><IN>at</IN><NN-TEMP>room</NN-TEMP><NN-TEMP>temperature</NN-TEMP></TempPhrase></VerbPhrase><Unmatched><_-LRB->(</_-LRB-></Unmatched><NounPhrase><NN-TIME>overnight</NN-TIME></NounPhrase></ActionPhrase><ActionPhrase type="Wash"><VerbPhrase><RB>quickly</RB><VB-WASH>rinsed</VB-WASH><PrepPhrase><IN-WITH>with</IN-WITH><NounPhrase><JJ-CHEM>distilled</JJ-CHEM><MOLECULE role="Solvent"><OSCARCM><OSCAR-CM>water</OSCAR-CM></OSCARCM></MOLECULE></NounPhrase></PrepPhrase></VerbPhrase></ActionPhrase><STOP>;</STOP></Sentence><Sentence><ActionPhrase type="Dry"><NounPhrase><NN>air</NN></NounPhrase><VerbPhrase><VB-DRY>dried</VB-DRY><RB>again</RB></VerbPhrase></ActionPhrase><CC>and</CC><RB-CONJ>then</RB-CONJ><ActionPhrase type="Dry"><VerbPhrase><VB-DRY>dried</VB-DRY><PrepPhrase><IN-IN>in</IN-IN><NounPhrase><NN-VACUUM>vacuum</NN-VACUUM><APPARATUS><NN-APPARATUS>oven</NN-APPARATUS></APPARATUS><NN-TIME>overnight</NN-TIME></NounPhrase></PrepPhrase></VerbPhrase><Unmatched><_-RRB->)</_-RRB-></Unmatched></ActionPhrase><STOP>.</STOP></Sentence></Document>
<?xml version="1.0" encoding="UTF-8"?>
<Document><Sentence><NounPhrase><CD>2.3</CD><NNP>Nanofibers</NNP><NN>morphological</NN><NN>characterization</NN></NounPhrase><NounPhrase><DT-THE>The</DT-THE><JJ-CHEM>surface</JJ-CHEM><NN>morphology</NN><PrepPhrase><IN-OF>of</IN-OF><NounPhrase><JJ>electrospun</JJ><NNS>nanofibers</NNS></NounPhrase></PrepPhrase></NounPhrase><PrepPhrase><IN-ON>on</IN-ON><NounPhrase><MOLECULE><OSCARCM><OSCAR-CM>aluminum</OSCAR-CM></OSCARCM></MOLECULE><COMMA>,</COMMA><JJ>stainless</JJ><NN>steel</NN><CC>and</CC><NN>brass</NN><NNS>surfaces</NNS></NounPhrase></PrepPhrase><VerbPhrase><VBD>were</VBD><VBN>examined</VBN></VerbPhrase><VerbPhrase><IN-BY>by</IN-BY><VBG>scanning</VBG></VerbPhrase><NounPhrase><NN>electron</NN><NN>microscopy</NN><MIXTURE><_-LRB->(</_-LRB-><JJ>JSM-7100F</JJ><_-RRB->)</_-RRB-></MIXTURE></NounPhrase><STOP>.</STOP></Sentence></Document>
<?xml version="1.0" encoding="UTF-8"?>
<Document><Sentence><PrepPhrase><IN-AFTER>After</IN-AFTER><NounPhrase><NN>sputter</NN><NN>coating</NN></NounPhrase></PrepPhrase><PrepPhrase><IN-WITH>with</IN-WITH><NounPhrase><NNP>Int</NNP></NounPhrase></PrepPhrase><STOP>.</STOP></Sentence></Document>
<?xml version="1.0" encoding="UTF-8"?>
<Document><Sentence><NounPhrase><PROCEDURE><NN-IDENTIFIER>J</NN-IDENTIFIER></PROCEDURE><STOP>.</STOP></NounPhrase></Sentence><Sentence><NounPhrase><NNP>Electrochem</NNP></NounPhrase><STOP>.</STOP></Sentence></Document>
<?xml version="1.0" encoding="UTF-8"?>
<Document><Sentence><NounPhrase><NNP>Sci</NNP></NounPhrase><STOP>.</STOP></Sentence><Sentence><Unmatched><COMMA>,</COMMA></Unmatched></Sentence></Document>
<?xml version="1.0" encoding="UTF-8"?>
<Document/>
<?xml version="1.0" encoding="UTF-8"?>
<Document><Sentence><NounPhrase><CD>7</CD><COMMA>,</COMMA><CD>2012</CD><CD>5965</CD><MOLECULE><OSCARCM><OSCAR-CM>Gold</OSCAR-CM></OSCARCM></MOLECULE></NounPhrase><COMMA>,</COMMA><NounPhrase><DT-THE>the</DT-THE><JJ-CHEM>fiber</JJ-CHEM><NN>size</NN><NN>distribution</NN></NounPhrase><VerbPhrase><VBD>was</VBD><VBN>measured</VBN><PrepPhrase><IN>up</IN><TO>to</TO><NounPhrase><CD>five</CD><NNS>frames</NNS><PrepPhrase><IN-OF>of</IN-OF><NounPhrase><RB>randomly</RB><JJ-CHEM>selected</JJ-CHEM><NNP>SEM</NNP><NN>micrograph</NN></NounPhrase></PrepPhrase></NounPhrase></PrepPhrase></VerbPhrase><VerbPhrase><VB-USE>using</VB-USE></VerbPhrase><NounPhrase><NN>software</NN></NounPhrase><STOP>.</STOP></Sentence></Document>
<?xml version="1.0" encoding="UTF-8"?>
<Document><Sentence><NounPhrase><CD>2.4</CD><NNP>ThermoGravimetric</NNP><NNP>Analysis</NNP><NNP>Thermo</NNP><JJ>gravimetric</JJ><NN>analysis</NN></NounPhrase><VerbPhrase><VBD>was</VBD><VBN>carried</VBN><RP>out</RP><VB-USE>using</VB-USE></VerbPhrase><NounPhrase><DT>a</DT><JJ>TA</JJ><NNP>Instruments</NNP><COMMA>,</COMMA><CD>Q500</CD><MOLECULE><OSCARCM><OSCAR-CM>TGA</OSCAR-CM></OSCARCM></MOLECULE></NounPhrase><COMMA>,</COMMA><VerbPhrase><VB-USE>using</VB-USE></VerbPhrase><NounPhrase><MOLECULE><OSCARCM><OSCAR-CM>platinum</OSCAR-CM></OSCARCM></MOLECULE><NN>cell</NN><PrepPhrase><IN-IN>in</IN-IN><MOLECULE><OSCARCM><OSCAR-CM>nitrogen</OSCAR-CM></OSCARCM></MOLECULE></PrepPhrase></NounPhrase><NounPhrase><UNNAMEDMOLECULE><NN-ATMOSPHERE>atmosphere</NN-ATMOSPHERE><REFERENCETOCOMPOUND><CD>20</CD></REFERENCETOCOMPOUND></UNNAMEDMOLECULE><NN-TIME>ml/min</NN-TIME></NounPhrase><STOP>.</STOP></Sentence></Document>
<?xml version="1.0" encoding="UTF-8"?>
<Document><Sentence><ActionPhrase type="Synthesize"><NounPhrase><CD>2.5</CD><NNP>Corrosion</NNP><NNS>tests</NNS></NounPhrase><NounPhrase><DT-THE>The</DT-THE><JJ-CHEM>test</JJ-CHEM><NN-CHEMENTITY>solution</NN-CHEMENTITY><COMMA>,</COMMA><MOLECULE><QUANTITY><PERCENT><CD>3.5</CD><NN>wt.</NN><NN-PERCENT>%</NN-PERCENT></PERCENT></QUANTITY><OSCARCM><OSCAR-CM>NaCl</OSCAR-CM></OSCARCM></MOLECULE></NounPhrase><COMMA>,</COMMA><VerbPhrase><VBD>was</VBD><VB-SYNTHESIZE>prepared</VB-SYNTHESIZE></VerbPhrase></ActionPhrase><ActionPhrase type="Dissolve"><VerbPhrase><IN-BY>by</IN-BY><VB-DISSOLVE>dissolving</VB-DISSOLVE></VerbPhrase><NounPhrase><ActionPhrase type="Dissolve"><MOLECULE><QUANTITY><MASS><CD>35</CD><NN-MASS>g</NN-MASS></MASS></QUANTITY><IN-OF>of</IN-OF><OSCARCM><OSCAR-CM>NaCl</OSCAR-CM></OSCARCM></MOLECULE><IN-IN>in</IN-IN><UNNAMEDMOLECULE role="Solvent"><QUANTITY><VOLUME><CD>1</CD><NN-VOL>L</NN-VOL></VOLUME></QUANTITY><NN-STATE>glass</NN-STATE></UNNAMEDMOLECULE></ActionPhrase><APPARATUS><NN-APPARATUS>flask</NN-APPARATUS></APPARATUS></NounPhrase></ActionPhrase><STOP>.</STOP></Sentence></Document>
<?xml version="1.0" encoding="UTF-8"?>
<Document><Sentence><ActionPhrase type="Synthesize"><NounPhrase><DT-THE>The</DT-THE><MOLECULE><OSCARCM><OSCAR-CM>aluminum</OSCAR-CM></OSCARCM></MOLECULE><COMMA>,</COMMA><NN>steel</NN><COMMA>,</COMMA><CC>and</CC><NN>brass</NN></NounPhrase><Unmatched><IN-WITH>with</IN-WITH></Unmatched><Unmatched><CC>and</CC></Unmatched><PrepPhrase><IN-WITHOUT>without</IN-WITHOUT><NounPhrase><DT-THE>the</DT-THE><NNP>PVC</NNP><NNS>coatings</NNS></NounPhrase></PrepPhrase><PrepPhrase><IN-FOR>for</IN-FOR><NounPhrase><NN>corrosion</NN><NNS>measurements</NNS></NounPhrase></PrepPhrase><VerbPhrase><VBD>were</VBD><VB-SYNTHESIZE>prepared</VB-SYNTHESIZE></VerbPhrase></ActionPhrase><VerbPhrase><IN-BY>by</IN-BY><VBG>attaching</VBG></VerbPhrase><NounPhrase><DT>an</DT><JJ-CHEM>insulated</JJ-CHEM><MOLECULE><OSCARCM><OSCAR-CM>copper</OSCAR-CM></OSCARCM></MOLECULE><NN>wire</NN></NounPhrase><PrepPhrase><TO>to</TO><NounPhrase><CD>one</CD><NN>face</NN><PrepPhrase><IN-OF>of</IN-OF><NounPhrase><DT-THE>the</DT-THE><NN>sample</NN></NounPhrase></PrepPhrase></NounPhrase></PrepPhrase><VerbPhrase><VB-USE>using</VB-USE></VerbPhrase><NounPhrase><DT>an</DT><MOLECULE><OSCARCM><OSCAR-CM>aluminum</OSCAR-CM></OSCARCM><JJ>conducting</JJ></MOLECULE><NN>tape</NN></NounPhrase><COMMA>,</COMMA><CC>and</CC><RB-CONJ>then</RB-CONJ><ActionPhrase type="Yield"><VerbPhrase><VB-YIELD>isolated</VB-YIELD></VerbPhrase></ActionPhrase><VerbPhrase><IN-BY>by</IN-BY><JJ>cold</JJ><VBN>mounted</VBN><PrepPhrase><IN-IN>in</IN-IN><NounPhrase><NN-CHEMENTITY>resin</NN-CHEMENTITY></NounPhrase></PrepPhrase></VerbPhrase><VerbPhrase><IN-BEFORE>before</IN-BEFORE><VBG>letting</VBG></VerbPhrase><NounPhrase><PRP>it</PRP></NounPhrase><ActionPhrase type="Dry"><VerbPhrase><TO>to</TO><VB-DRY>dry</VB-DRY><PrepPhrase><IN-IN>in</IN-IN><NounPhrase><NN>air</NN></NounPhrase></PrepPhrase><TimePhrase><IN-FOR>for</IN-FOR><CD>24</CD><NN-TIME>h</NN-TIME></TimePhrase><TempPhrase><IN>at</IN><NN-TEMP>room</NN-TEMP><NN-TEMP>temperature</NN-TEMP></TempPhrase></VerbPhrase></ActionPhrase><STOP>.</STOP></Sentence></Document>
<?xml version="1.0" encoding="UTF-8"?>
<Document><Sentence><VerbPhrase><TO>To</TO><VB>prevent</VB></VerbPhrase><NounPhrase><DT-THE>the</DT-THE><NN>possibility</NN><PrepPhrase><IN-OF>of</IN-OF><NounPhrase><NN>crevice</NN><NN>corrosion</NN></NounPhrase></PrepPhrase></NounPhrase><PrepPhrase><IN>during</IN><NounPhrase><NN>measurement</NN></NounPhrase></PrepPhrase><COMMA>,</COMMA><NounPhrase><DT-THE>the</DT-THE><NN>interface</NN></NounPhrase><PrepPhrase><IN>between</IN><NounPhrase><NN>sample</NN><CC>and</CC><NN-CHEMENTITY>resin</NN-CHEMENTITY></NounPhrase></PrepPhrase><VerbPhrase><VBD>was</VBD><VBN>coated</VBN><PrepPhrase><IN-WITH>with</IN-WITH><NounPhrase><NNP>Bostik</NNP><NNP>Quickset</NNP></NounPhrase></PrepPhrase></VerbPhrase><COMMA>,</COMMA><NounPhrase><DT>a</DT><MOLECULE><OSCARCM><OSCAR-CM>polyacrylate</OSCAR-CM></OSCARCM><NN-CHEMENTITY>resin</NN-CHEMENTITY></MOLECULE></NounPhrase><STOP>.</STOP></Sentence></Document>
<?xml version="1.0" encoding="UTF-8"?>
<Document><Sentence><NounPhrase><DT-THE>The</DT-THE><NN>area</NN><PrepPhrase><IN-OF>of</IN-OF><NounPhrase><DT-THE>the</DT-THE><JJ>other</JJ><NN>face</NN><PrepPhrase><IN-OF>of</IN-OF><NounPhrase><DT-THE>the</DT-THE><NN>samples</NN></NounPhrase></PrepPhrase></NounPhrase></PrepPhrase></NounPhrase><COMMA>,</COMMA><PrepPhrase><IN-ON>on</IN-ON><NounPhrase><WDT>which</WDT></NounPhrase></PrepPhrase><NounPhrase><DT-THE>the</DT-THE><NNS>measurements</NNS></NounPhrase><VerbPhrase><VBD>were</VBD><VBN>carried</VBN><RP>out</RP></VerbPhrase><COMMA>,</COMMA><VerbPhrase><VBD>was</VBD></VerbPhrase><NounPhrase><CD>1.0</CD><NN>cm</NN><CD>2</CD></NounPhrase><STOP>.</STOP></Sentence></Document>
<?xml version="1.0" encoding="UTF-8"?>
<Document><Sentence><NounPhrase><JJ>Electrochemical</JJ><NNS>experiments</NNS></NounPhrase><VerbPhrase><VBD>were</VBD><VBN>performed</VBN></VerbPhrase><VerbPhrase><IN-BY>by</IN-BY><VB-USE>using</VB-USE></VerbPhrase><NounPhrase><DT>a</DT><MOLECULE><OSCARCM><OSCAR-CM>PARC</OSCAR-CM></OSCARCM></MOLECULE><NNP>Parstat-2273</NNP><NNP>Advanced</NNP><NNP>Electrochemical</NNP><NNP>System</NNP></NounPhrase><VerbPhrase><IN-AFTER>after</IN-AFTER><VBG>immersing</VBG></VerbPhrase><Unmatched><DT-THE>the</DT-THE></Unmatched><Unmatched><JJ>bare</JJ></Unmatched><Unmatched><CC>and</CC></Unmatched><NounPhrase><JJ>coated</JJ><MOLECULE><OSCARCM><OSCAR-CM>PVC</OSCAR-CM></OSCARCM></MOLECULE><NNS>electrodes</NNS></NounPhrase><TimePhrase><IN-FOR>for</IN-FOR><CD>20</CD><NN-TIME>minutes</NN-TIME></TimePhrase><PrepPhrase><IN-IN>in</IN-IN><NounPhrase><RB>freely</RB><JJ>aerated</JJ><JJ>stagnant</JJ><MOLECULE><QUANTITY><PERCENT><CD>3.5</CD><NN>wt.</NN><NN-PERCENT>%</NN-PERCENT></PERCENT></QUANTITY><OSCARCM><OSCAR-CM>NaCl</OSCAR-CM></OSCARCM><NN-CHEMENTITY>solutions</NN-CHEMENTITY></MOLECULE></NounPhrase></PrepPhrase><STOP>.</STOP></Sentence></Document>
<?xml version="1.0" encoding="UTF-8"?>
<Document><Sentence><NounPhrase><DT-THE>The</DT-THE><JJ-CHEM>cyclic</JJ-CHEM><JJ>potentiodynamic</JJ><NN>polarization</NN><MIXTURE><_-LRB->(</_-LRB-><NNP>CPP</NNP><_-RRB->)</_-RRB-></MIXTURE></NounPhrase><VerbPhrase><VBZ>curves</VBZ><PrepPhrase><IN-FOR>for</IN-FOR><NounPhrase><MOLECULE><OSCARCM><OSCAR-CM>aluminum</OSCAR-CM></OSCARCM></MOLECULE></NounPhrase></PrepPhrase></VerbPhrase><ActionPhrase type="Yield"><VerbPhrase><VBD>were</VBD><VB-YIELD>obtained</VB-YIELD></VerbPhrase></ActionPhrase><VerbPhrase><IN-BY>by</IN-BY><VBG>sweeping</VBG></VerbPhrase><Unmatched><DT-THE>the</DT-THE></Unmatched><PrepPhrase><JJ>potential</JJ><IN-FROM>from</IN-FROM><NounPhrase><CD>-1800</CD><NNP>mV</NNP></NounPhrase></PrepPhrase><PrepPhrase><IN-IN>in</IN-IN><NounPhrase><DT-THE>the</DT-THE><JJ>positive</JJ><NN>direction</NN></NounPhrase></PrepPhrase><PrepPhrase><IN>up</IN><TO>to</TO><NounPhrase><CD>-500</CD><NNP>mV</NNP><NN>vs</NN></NounPhrase></PrepPhrase><STOP>.</STOP></Sentence><Sentence><NounPhrase><MOLECULE><OSCARCM><OSCAR-CM>Ag/AgCl</OSCAR-CM></OSCARCM></MOLECULE></NounPhrase><PrepPhrase><IN>at</IN><NounPhrase><DT>a</DT><JJ>scan</JJ><NN>rate</NN><PrepPhrase><IN-OF>of</IN-OF><NounPhrase><CD>1</CD><NNP>mV/s</NNP></NounPhrase></PrepPhrase></NounPhrase></PrepPhrase><STOP>.</STOP></Sentence></Document>
<?xml version="1.0" encoding="UTF-8"?>
<Document><Sentence><NounPhrase><DT-THE>The</DT-THE><NNP>CPP</NNP><NNS>curves</NNS></NounPhrase><PrepPhrase><IN-FOR>for</IN-FOR><NounPhrase><NN>steel</NN><CC>and</CC><NN>brass</NN></NounPhrase></PrepPhrase><VerbPhrase><VBD>were</VBD><VBD>scanned</VBD><PrepPhrase><IN-FROM>from-1200</IN-FROM><NounPhrase><NNP>mV</NNP></NounPhrase></PrepPhrase><PrepPhrase><IN-IN>in</IN-IN><NounPhrase><DT-THE>the</DT-THE><RBR>less</RBR><JJ>positive</JJ><NN>direction</NN></NounPhrase></PrepPhrase><PrepPhrase><IN>up</IN><TO>to</TO><NounPhrase><CD>500</CD><NNP>mV</NNP><NN>vs</NN></NounPhrase></PrepPhrase></VerbPhrase><STOP>.</STOP></Sentence><Sentence><NounPhrase><MOLECULE><OSCARCM><OSCAR-CM>Ag/AgCl</OSCAR-CM></OSCARCM></MOLECULE></NounPhrase><PrepPhrase><IN>at</IN><NounPhrase><DT-THE>the</DT-THE><JJ>same</JJ><JJ-CHEM>scan</JJ-CHEM><NN>rate</NN></NounPhrase></PrepPhrase><PrepPhrase><IN-FOR>for</IN-FOR><NounPhrase><MOLECULE><OSCARCM><OSCAR-CM>aluminum</OSCAR-CM></OSCARCM></MOLECULE></NounPhrase></PrepPhrase><STOP>.</STOP></Sentence></Document>
<?xml version="1.0" encoding="UTF-8"?>
<Document><Sentence><PrepPhrase><IN-FOR>For</IN-FOR><NounPhrase><JJ>electrochemical</JJ><JJ-CHEM>impedance</JJ-CHEM><NN>spectroscopy</NN><MIXTURE><_-LRB->(</_-LRB-><NNP>EIS</NNP><_-RRB->)</_-RRB-></MIXTURE><NNS>experiments</NNS></NounPhrase></PrepPhrase><COMMA>,</COMMA><NounPhrase><DT-THE>the</DT-THE><NN>frequency</NN></NounPhrase><VerbPhrase><VBD>was</VBD><VBD>scanned</VBD><PrepPhrase><IN>at</IN><NounPhrase><DT-THE>the</DT-THE><JJ-CHEM>open-circuit</JJ-CHEM><NN>potential</NN></NounPhrase></PrepPhrase><PrepPhrase><IN-FROM>from</IN-FROM><NounPhrase><CD>100</CD><NNP>kHz</NNP></NounPhrase></PrepPhrase><PrepPhrase><TO>to</TO><NounPhrase><CD>0.1</CD><NNP>Hz</NNP></NounPhrase></PrepPhrase><PrepPhrase><IN-WITH>with</IN-WITH><NounPhrase><DT>an</DT><JJ-CHEM>ac</JJ-CHEM><NN>wave</NN><PrepPhrase><IN-OF>of</IN-OF><NounPhrase><CD>5</CD><NNP>mV</NNP><NN>peak-to-peak</NN></NounPhrase></PrepPhrase></NounPhrase></PrepPhrase></VerbPhrase><VerbPhrase><VBN>overlaid</VBN><PrepPhrase><IN-ON>on</IN-ON><NounPhrase><DT>a</DT><MOLECULE><OSCARCM><OSCAR-CM>dc</OSCAR-CM></OSCARCM></MOLECULE><NN>bias</NN><NN>potential</NN></NounPhrase></PrepPhrase></VerbPhrase><COMMA>,</COMMA><CC>and</CC><NounPhrase><DT-THE>the</DT-THE><NNP>Nyquist</NNP><NNS>plots</NNS></NounPhrase><VerbPhrase><VBD>were</VBD><VBN>acquired</VBN><VB-USE>using</VB-USE></VerbPhrase><NounPhrase><NNP>Powersine</NNP><NN>software</NN></NounPhrase><PrepPhrase><IN>at</IN><NounPhrase><DT>a</DT><NN>rate</NN><PrepPhrase><IN-OF>of</IN-OF><NounPhrase><CD>10</CD><NNS>points</NNS></NounPhrase></PrepPhrase></NounPhrase></PrepPhrase><PrepPhrase><IN>per</IN><NounPhrase><NN>decade</NN><NN>change</NN></NounPhrase></PrepPhrase><PrepPhrase><IN-IN>in</IN-IN><NounPhrase><NN>frequency</NN></NounPhrase></PrepPhrase><STOP>.</STOP></Sentence></Document>
<?xml version="1.0" encoding="UTF-8"?>
<Document><Sentence><NounPhrase><PROCEDURE><CD>3</CD></PROCEDURE><STOP>.</STOP></NounPhrase></Sentence></Document>
<?xml version="1.0" encoding="UTF-8"?>
<Document/>
