<?xml version="1.0" encoding="UTF-8"?>
<Document><Sentence><NounPhrase><NNP>Research</NNP><NN>methodology</NN><NNP>High</NNP><NN>speed</NN><MOLECULE><OSCARCM><OSCAR-CM>HS6-5-2</OSCAR-CM></OSCARCM></MOLECULE><NN>steel</NN></NounPhrase><VerbPhrase><VBD>was</VBD><VBN>predicted</VBN><PrepPhrase><IN-FOR>for</IN-FOR><NounPhrase><NNS>researches</NNS></NounPhrase></PrepPhrase></VerbPhrase><STOP>.</STOP></Sentence></Document>
<?xml version="1.0" encoding="UTF-8"?>
<Document><Sentence><NounPhrase><PRP_>Its</PRP_><NN>chemical</NN><NN>composition</NN><CC>and</CC><NN>microstructure</NN></NounPhrase><VerbPhrase><VBZ>is</VBZ><VBN>shown</VBN><PrepPhrase><IN-IN>in</IN-IN><NounPhrase><CaptionLabel><NNP-LABEL>table</NNP-LABEL><CD>1</CD></CaptionLabel><CC>and</CC><CaptionLabel><NNP-LABEL>Figure</NNP-LABEL><CD>2</CD></CaptionLabel></NounPhrase></PrepPhrase></VerbPhrase><RB>respectively</RB><STOP>.</STOP></Sentence></Document>
<?xml version="1.0" encoding="UTF-8"?>
<Document><Sentence><NounPhrase><CaptionLabel><NNP-LABEL>Table</NNP-LABEL><CD>1</CD></CaptionLabel></NounPhrase><STOP>.</STOP></Sentence></Document>
<?xml version="1.0" encoding="UTF-8"?>
<Document><Sentence><NounPhrase><NNP>High</NNP><NNP>Speed</NNP><MOLECULE><OSCARCM><OSCAR-CM>steel-HS6-5-2</OSCAR-CM></OSCARCM><MIXTURE><_-LRB->(</_-LRB-><NNP>SW7M</NNP><_-RRB->)-chemical</_-RRB-></MIXTURE></MOLECULE><NN>composition</NN><JJ>Average</JJ><NN>content</NN></NounPhrase><COMMA>,</COMMA><Unmatched><NN-PERCENT>%</NN-PERCENT></Unmatched><NounPhrase><NNP>C</NNP><NNP>Si</NNP><NNP>Ni</NNP><NNP>Cr</NNP><NNP>Mn</NNP><NNP>Ti</NNP><NNP>Fe</NNP><NNP>W</NNP><NNP>Mo</NNP><NNP>V</NNP><NNP>Cu</NNP><CD>0,91</CD><CD>0,27</CD></NounPhrase><PrepPhrase><IN>0,15</IN><NounPhrase><CD>4,11</CD><CD>0,36</CD></NounPhrase></PrepPhrase><PrepPhrase><IN>0,008</IN><NounPhrase><CD>79,7</CD><CD>6,75</CD></NounPhrase></PrepPhrase><PrepPhrase><IN>5,40</IN><NounPhrase><CD>1,76</CD><CD>0,11</CD><NNP>Investigated</NNP><MOLECULE><OSCARCM><OSCAR-CM>steel-HS6-5-2</OSCAR-CM></OSCARCM></MOLECULE></NounPhrase></PrepPhrase><PrepPhrase><IN-IN>in</IN-IN><NounPhrase><DT>annealed</DT><NN>state</NN><NNS>posses</NNS><JJ>ferritic</JJ><NN>microstructure</NN></NounPhrase></PrepPhrase><PrepPhrase><IN-WITH>with</IN-WITH><NounPhrase><NNS>carbides</NNS></NounPhrase></PrepPhrase><COLON>:</COLON><NounPhrase><MOLECULE><OSCARCM><OSCAR-CM>M23C6</OSCAR-CM></OSCARCM></MOLECULE><COMMA>,</COMMA><MOLECULE><OSCARCM><OSCAR-CM>MC</OSCAR-CM></OSCARCM></MOLECULE><COMMA>,</COMMA><MOLECULE><OSCARCM><OSCAR-CM>M2C</OSCAR-CM></OSCARCM></MOLECULE><CC>and</CC><MOLECULE><OSCARCM><OSCAR-CM>M6C</OSCAR-CM></OSCARCM></MOLECULE></NounPhrase><STOP>.</STOP></Sentence><Sentence><PrepPhrase><IN-FROM>From</IN-FROM><NounPhrase><DT-THE>the</DT-THE><JJ-CHEM>examined</JJ-CHEM><NN-CHEMENTITY>material</NN-CHEMENTITY></NounPhrase></PrepPhrase><VerbPhrase><VBN>performed</VBN></VerbPhrase><NounPhrase><NNS>samples</NNS><MIXTURE><_-LRB->(</_-LRB-><NN>roller</NN><NN>shape</NN><_-RRB->)</_-RRB-></MIXTURE></NounPhrase><PrepPhrase><IN-WITH>with</IN-WITH><NounPhrase><NN>diameter</NN><PrepPhrase><IN-OF>of</IN-OF><NounPhrase><NN>d</NN><SYM>=</SYM></NounPhrase></PrepPhrase></NounPhrase></PrepPhrase><JJ>10mm</JJ><CC>and</CC><NounPhrase><NN>length</NN><NN>l</NN><SYM>=</SYM></NounPhrase><Unmatched><UH>70mm</UH></Unmatched><STOP>.</STOP></Sentence></Document>
<?xml version="1.0" encoding="UTF-8"?>
<Document><Sentence><ActionPhrase type="Synthesize"><Unmatched><JJ>Next</JJ></Unmatched><Unmatched><COMMA>,</COMMA></Unmatched><VerbPhrase><VB-SYNTHESIZE>prepared</VB-SYNTHESIZE><PrepPhrase><IN-ON>on</IN-ON><NounPhrase><PRP>them</PRP></NounPhrase></PrepPhrase><PrepPhrase><IN>immersion</IN><NounPhrase><NNS>coatings</NNS><PrepPhrase><IN-IN>in</IN-IN><MOLECULE><OSCARCM><OSCAR-CM>AlSi5</OSCAR-CM></OSCARCM></MOLECULE></PrepPhrase></NounPhrase></PrepPhrase></VerbPhrase><NounPhrase><NN>silumin</NN></NounPhrase></ActionPhrase><STOP>.</STOP></Sentence></Document>
<?xml version="1.0" encoding="UTF-8"?>
<Document><Sentence><NounPhrase><NNP>Silumin</NNP><APPARATUS><NN-APPARATUS>bath</NN-APPARATUS></APPARATUS><NN>tem-perature</NN></NounPhrase><VerbPhrase><VBD>was</VBD></VerbPhrase><NounPhrase><NN>t</NN><SYM>=</SYM><CD>750±5</CD><MOLECULE><OSCARCM><OSCAR-CM>C</OSCAR-CM></OSCARCM></MOLECULE><COMMA>,</COMMA><NN>sample</NN><NN>immersion</NN><NN-TIME>time</NN-TIME><NN>τ</NN><SYM>=</SYM><UNNAMEDMOLECULE><REFERENCETOCOMPOUND><CD-ALPHANUM>180s</CD-ALPHANUM></REFERENCETOCOMPOUND></UNNAMEDMOLECULE></NounPhrase><STOP>.</STOP></Sentence></Document>
<?xml version="1.0" encoding="UTF-8"?>
<Document><Sentence><ActionPhrase type="ApparatusAction"><VerbPhrase><IN-BEFORE>Before</IN-BEFORE><VB-SUSPEND>placing</VB-SUSPEND><PrepPhrase><IN-IN>in</IN-IN><NounPhrase><MultipleApparatus><APPARATUS><DT>a</DT><NN-APPARATUS>bath</NN-APPARATUS></APPARATUS></MultipleApparatus></NounPhrase></PrepPhrase></VerbPhrase></ActionPhrase><COMMA>,</COMMA><NounPhrase><DT-THE>the</DT-THE><NNS>samples</NNS></NounPhrase><VerbPhrase><VBD>were</VBD><JJ>mechanical</JJ></VerbPhrase><JJ>clean</JJ><Unmatched><IN-OFF>off</IN-OFF></Unmatched><Unmatched><COMMA>,</COMMA></Unmatched><NounPhrase><NN>chemical</NN><NN>degrease</NN></NounPhrase><CC>and</CC><ActionPhrase type="Degass"><VerbPhrase><VB-DEGASS>undergo</VB-DEGASS></VerbPhrase></ActionPhrase><VerbPhrase><IN-OF>of</IN-OF><VBG>preheating</VBG><RP>up</RP><TempPhrase><TO>to</TO><CD>50</CD><NN-TEMP>°C</NN-TEMP></TempPhrase></VerbPhrase><NounPhrase><NN>tempera-ture</NN></NounPhrase><STOP>.</STOP></Sentence></Document>
<?xml version="1.0" encoding="UTF-8"?>
<Document><Sentence><NounPhrase><NNP>Metallographic</NNP><NNS>researches</NNS><PrepPhrase><IN-OF>of</IN-OF><NounPhrase><JJ>investigated</JJ><NN>steel</NN><NNS>types</NNS><COMMA>,</COMMA><NNS>coatings</NNS><CC>and</CC><NN-CHEMENTITY>compound</NN-CHEMENTITY><NNS>castings</NNS></NounPhrase></PrepPhrase></NounPhrase><VerbPhrase><VBD>carried</VBD><RP>out</RP><PrepPhrase><IN-ON>on</IN-ON><NounPhrase><JJ>optical</JJ><NN>microscope</NN><NNP>Nikon</NNP><NNP>MA200</NNP><NNP>Eclipse</NNP></NounPhrase></PrepPhrase></VerbPhrase><ActionPhrase type="ApparatusAction"><VerbPhrase><VB-APPARATUS>equipped</VB-APPARATUS><PrepPhrase><IN-WITH>with</IN-WITH><NounPhrase><JJ>digital</JJ><NN>camera</NN></NounPhrase></PrepPhrase></VerbPhrase></ActionPhrase><STOP>.</STOP></Sentence></Document>
<?xml version="1.0" encoding="UTF-8"?>
<Document><Sentence><NounPhrase><NNP>Microstructure</NNP></NounPhrase><COLON>:</COLON><JJ>ferrite</JJ><COMMA>,</COMMA><NounPhrase><NNS>carbides</NNS><NNP-LABEL>Fig.</NNP-LABEL></NounPhrase></Sentence></Document>
<?xml version="1.0" encoding="UTF-8"?>
<Document><Sentence><NounPhrase><PROCEDURE><CD>2</CD></PROCEDURE><STOP>.</STOP></NounPhrase></Sentence></Document>
<?xml version="1.0" encoding="UTF-8"?>
<Document><Sentence><ActionPhrase type="Concentrate"><NounPhrase><NNP>Microstructure</NNP><PrepPhrase><IN-OF>of</IN-OF><NounPhrase><JJ>high</JJ><JJ-CHEM>Speer</JJ-CHEM><NNP>steel-HS6-5-2</NNP><NNP>Point</NNP><NN>microanalysis</NN><PrepPhrase><IN-OF>of</IN-OF><NounPhrase><NN-CONCENTRATE>concentration</NN-CONCENTRATE><CC>and</CC><NNS>elements</NNS></NounPhrase></PrepPhrase></NounPhrase></PrepPhrase></NounPhrase></ActionPhrase><VerbPhrase><VBP>distribu-tion</VBP></VerbPhrase><NounPhrase><NNS>maps</NNS></NounPhrase><VerbPhrase><VBD>executed</VBD><PrepPhrase><IN-WITH>with</IN-WITH><NounPhrase><NN>use</NN><PrepPhrase><IN-OF>of</IN-OF><NounPhrase><NNP>EDS</NNP><NNP>Pioneer</NNP><NN>detector</NN><CC>and</CC><MOLECULE><OSCARCM><OSCAR-CM>VENTAGE</OSCAR-CM></OSCARCM></MOLECULE><NN>software</NN><PrepPhrase><IN-OF>of</IN-OF><NounPhrase><NNP>NORAN</NNP><MOLECULE><OSCARCM><OSCAR-CM>Co</OSCAR-CM></OSCARCM></MOLECULE></NounPhrase></PrepPhrase></NounPhrase></PrepPhrase></NounPhrase></PrepPhrase></VerbPhrase><STOP>.</STOP></Sentence><Sentence><NounPhrase><DT>A</DT><NNP>R</NNP><NNP>C</NNP><NNP>H</NNP><PRP>I</PRP><NNP>V</NNP><NNP>E</NNP><NNP>S</NNP></NounPhrase><PrepPhrase><IN>o</IN><NounPhrase><NN>f</NN><NNP>F</NNP><NNP>O</NNP><NNP>U</NNP></NounPhrase></PrepPhrase><Unmatched><NN-MOLAR>N</NN-MOLAR></Unmatched><NounPhrase><NN-TIME>D</NN-TIME><NNP>R</NNP><NNP>Y</NNP><NNP>E</NNP></NounPhrase><Unmatched><NN-MOLAR>N</NN-MOLAR></Unmatched><Unmatched><NN-MASS>G</NN-MASS></Unmatched><NounPhrase><PRP>I</PRP></NounPhrase><Unmatched><NN-MOLAR>N</NN-MOLAR></Unmatched><NounPhrase><NNP>E</NNP><NNP>E</NNP><NNP>R</NNP><PRP>I</PRP></NounPhrase><Unmatched><NN-MOLAR>N</NN-MOLAR></Unmatched><Unmatched><NN-MASS>G</NN-MASS></Unmatched><NounPhrase><NNP>V</NNP></NounPhrase><PrepPhrase><IN>o</IN><NounPhrase><NN-VOL>l</NN-VOL><NN>u</NN><NN>m</NN><NN>e</NN><CD>1</CD><CD>0</CD><COMMA>,</COMMA><PRP>I</PRP></NounPhrase></PrepPhrase><VerbPhrase><VBZ>s</VBZ></VerbPhrase><NounPhrase><PRP>s</PRP></NounPhrase><PrepPhrase><IN>u</IN><NounPhrase><NN>e</NN><CD>4/2</CD><CD>0</CD><CD>1</CD><CD>0</CD><COMMA>,</COMMA><CD>1</CD><CD>9</CD><CD>1-1</CD><CD>9</CD><CD>8</CD><CD>193</CD><CD>3</CD></NounPhrase></PrepPhrase><STOP>.</STOP></Sentence></Document>
<?xml version="1.0" encoding="UTF-8"?>
<Document/>
