<?xml version="1.0" encoding="UTF-8"?>
<Document><Sentence><ActionPhrase type="Synthesize"><NounPhrase><NNP>Test</NNP><PROCEDURE><NN-METHOD>Methods</NN-METHOD><CD>2.1</CD></PROCEDURE><NNP>Specimens</NNP><CD>Two</CD><NNS>kinds</NNS><PrepPhrase><IN-OF>of</IN-OF><NounPhrase><NNS>specimens</NNS></NounPhrase></PrepPhrase></NounPhrase><VerbPhrase><VBD>were</VBD><VB-SYNTHESIZE>prepared</VB-SYNTHESIZE><PrepPhrase><IN-BY>by</IN-BY><NounPhrase><NN>coating</NN></NounPhrase></PrepPhrase></VerbPhrase><NounPhrase><DT-THE>the</DT-THE><NNS>surfaces</NNS><PrepPhrase><IN-OF>of</IN-OF><NounPhrase><JJ-CHEM>electro-galvanized</JJ-CHEM><NN>steel</NN><NNS>sheets</NNS></NounPhrase></PrepPhrase></NounPhrase><Unmatched><_-LRB->(</_-LRB-></Unmatched><NounPhrase><MOLECULE><OSCARCM><OSCAR-CM>Zn</OSCAR-CM></OSCARCM></MOLECULE><NN>coating</NN><NN>weight</NN></NounPhrase><PrepPhrase><IN>per</IN><NounPhrase><NN>side</NN><CD>60</CD><MOLECULE><OSCARCM><OSCAR-CM>g/m2</OSCAR-CM></OSCARCM></MOLECULE></NounPhrase></PrepPhrase></ActionPhrase><COMMA>,</COMMA><VerbPhrase><RB>hereinafter</RB><VBD>referred</VBD><PrepPhrase><TO>to</TO><IN-AS>as</IN-AS><NounPhrase><DT-THE>the</DT-THE><MOLECULE><OSCARCM><OSCAR-CM>EG</OSCAR-CM></OSCARCM></MOLECULE><NNS>sheets</NNS></NounPhrase></PrepPhrase></VerbPhrase><Unmatched><_-RRB->)</_-RRB-></Unmatched><Unmatched><CC>and</CC></Unmatched><VerbPhrase><VBD>galvannealed</VBD></VerbPhrase><NounPhrase><NN>steel</NN><NNS>sheets</NNS></NounPhrase><Unmatched><_-LRB->(</_-LRB-></Unmatched><NounPhrase><MOLECULE><OSCARCM><OSCAR-CM>Zn</OSCAR-CM></OSCARCM></MOLECULE><NN>coating</NN><NN>weight</NN></NounPhrase><PrepPhrase><IN>per</IN><NounPhrase><NN>side</NN><CD>45</CD><MOLECULE><OSCARCM><OSCAR-CM>g/m2</OSCAR-CM></OSCARCM></MOLECULE></NounPhrase></PrepPhrase><COMMA>,</COMMA><VerbPhrase><RB>hereinafter</RB><VBD>referred</VBD><PrepPhrase><TO>to</TO><IN-AS>as</IN-AS><NounPhrase><DT-THE>the</DT-THE><MOLECULE><OSCARCM><OSCAR-CM>GA</OSCAR-CM></OSCARCM></MOLECULE><NNS>sheets</NNS></NounPhrase></PrepPhrase></VerbPhrase><Unmatched><_-RRB->)</_-RRB-></Unmatched><PrepPhrase><IN-WITH>with</IN-WITH><NounPhrase><DT-THE>the</DT-THE><MOLECULE><OSCARCM><OSCAR-CM>Mn-P</OSCAR-CM></OSCARCM></MOLECULE><NN>coating</NN><NNS>films</NNS></NounPhrase></PrepPhrase><PrepPhrase><RB>so</RB><IN>that</IN><NounPhrase><DT-THE>the</DT-THE><JJ-CHEM>deposition</JJ-CHEM><NN>amount</NN></NounPhrase></PrepPhrase><Unmatched><IN-OF>of</IN-OF></Unmatched><Unmatched><DT>each</DT></Unmatched><PrepPhrase><IN-OF>of</IN-OF><NounPhrase><MOLECULE><OSCARCM><OSCAR-CM>Mn</OSCAR-CM></OSCARCM></MOLECULE><CC>and</CC><MOLECULE><OSCARCM><OSCAR-CM>P</OSCAR-CM></OSCARCM></MOLECULE></NounPhrase></PrepPhrase><VerbPhrase><VBD>was</VBD><PrepPhrase><IN>within</IN><NounPhrase><DT>a</DT><NN>range</NN></NounPhrase></PrepPhrase><PrepPhrase><IN-FROM>from</IN-FROM><NounPhrase><CD>0</CD></NounPhrase></PrepPhrase><PrepPhrase><TO>to</TO><NounPhrase><CD>50</CD><MOLECULE><OSCARCM><OSCAR-CM>mg/m2</OSCAR-CM></OSCARCM></MOLECULE></NounPhrase></PrepPhrase></VerbPhrase><STOP>.</STOP></Sentence></Document>
<?xml version="1.0" encoding="UTF-8"?>
<Document><Sentence><NounPhrase><CD>2.2</CD><NNP>Analysis</NNP><PrepPhrase><IN-OF>of</IN-OF><NounPhrase><NNP>Coating</NNP><NNP>Film</NNP></NounPhrase></PrepPhrase></NounPhrase><NounPhrase><DT-THE>The</DT-THE><JJ-CHEM>lubricating</JJ-CHEM><NN>coating</NN><NN>film</NN></NounPhrase><VerbPhrase><VBD>was</VBD><VBN>analyzed</VBN><PrepPhrase><IN-BY>by</IN-BY><NounPhrase><NNP>X-ray</NNP><NN>diffraction</NN><COMMA>,</COMMA><NNP>SEM</NNP><NN>observation</NN><COMMA>,</COMMA><MOLECULE><OSCARCM><OSCAR-CM>EPMA</OSCAR-CM></OSCARCM></MOLECULE><COMMA>,</COMMA><MOLECULE><OSCARCM><OSCAR-CM>XPS</OSCAR-CM></OSCARCM></MOLECULE><COMMA>,</COMMA><CC>and</CC><MOLECULE><OSCARCM><OSCAR-CM>GDS</OSCAR-CM></OSCARCM></MOLECULE></NounPhrase></PrepPhrase></VerbPhrase><STOP>.</STOP></Sentence></Document>
<?xml version="1.0" encoding="UTF-8"?>
<Document><Sentence><NounPhrase><CD>2.3</CD><NNP>Lubricating</NNP><NNP>Properties</NNP></NounPhrase><NounPhrase><DT-THE>The</DT-THE><NN>lubricating</NN><NNS>properties</NNS><PrepPhrase><IN-OF>of</IN-OF><NounPhrase><DT-THE>the</DT-THE><NN>film</NN></NounPhrase></PrepPhrase></NounPhrase><VerbPhrase><VBD>were</VBD><VBN>evaluated</VBN><PrepPhrase><IN-BY>by</IN-BY><NounPhrase><NN>measur-ing</NN></NounPhrase></PrepPhrase></VerbPhrase><NounPhrase><DT>a</DT><NN>coefficient</NN></NounPhrase><VerbPhrase><IN-OF>of</IN-OF><VBG>sliding</VBG></VerbPhrase><NounPhrase><NN>resistance</NN></NounPhrase><PrepPhrase><IN>through</IN><NounPhrase><DT>an</DT><JJ>L-shape</JJ><JJ-CHEM>draw-bead</JJ-CHEM><NN>test9</NN></NounPhrase></PrepPhrase><Unmatched><_-RRB->)</_-RRB-></Unmatched><VerbPhrase><VB-USE>using</VB-USE></VerbPhrase><NounPhrase><DT-THE>the</DT-THE><JJ>above</JJ><JJ>specimen</JJ><NN>steel</NN><NNS>sheets</NNS></NounPhrase><PrepPhrase><IN-AFTER>after</IN-AFTER><NounPhrase><NN>coating</NN><PRP>them</PRP><COMMA>,</COMMA><FW>addi-tionally</FW></NounPhrase></PrepPhrase><COMMA>,</COMMA><PrepPhrase><IN-WITH>with</IN-WITH><NounPhrase><QUANTITY><MASS><CD>1</CD><NN-MASS>g</NN-MASS></MASS></QUANTITY></NounPhrase></PrepPhrase><Unmatched><DASH>/</DASH></Unmatched><NounPhrase><CD>m2</CD><PrepPhrase><IN-OF>of</IN-OF><NounPhrase><JJ-CHEM>rust-preventive</JJ-CHEM><NN-STATE>oil</NN-STATE></NounPhrase></PrepPhrase></NounPhrase><STOP>.</STOP></Sentence></Document>
<?xml version="1.0" encoding="UTF-8"?>
<Document><Sentence><NounPhrase><CD>2.4</CD><NNP>Spot-weldability</NNP></NounPhrase><VerbPhrase><JJ-CHEM>Continuous-spot-weldability</JJ-CHEM><VBD>was</VBD><VBN>tested</VBN><VB-USE>using</VB-USE></VerbPhrase><ActionPhrase type="Dry"><NounPhrase><MOLECULE><OSCARCM><OSCAR-CM>Cu-Cr</OSCAR-CM></OSCARCM></MOLECULE><NNS>electrodes</NNS><MIXTURE><_-LRB->(</_-LRB-><NN>type</NN><VB-DRY>DR</VB-DRY><_-RRB->)</_-RRB-></MIXTURE></NounPhrase></ActionPhrase><VerbPhrase><VBG>having</VBG></VerbPhrase><NounPhrase><DT>a</DT><JJ-CHEM>tip</JJ-CHEM><NN>diameter</NN><PrepPhrase><IN-OF>of</IN-OF><NounPhrase><CD>6</CD><CD>mm</CD></NounPhrase></PrepPhrase></NounPhrase><PrepPhrase><IN-UNDER>under</IN-UNDER><NounPhrase><DT-THE>the</DT-THE><NNS>conditions</NNS><PrepPhrase><IN-OF>of</IN-OF><NounPhrase><DT>an</DT><JJ-CHEM>electrode</JJ-CHEM><NN>force</NN><PrepPhrase><IN-OF>of</IN-OF><NounPhrase><QUANTITY><MOLAR><CD>1,960</CD><NN-MOLAR>N</NN-MOLAR></MOLAR></QUANTITY></NounPhrase></PrepPhrase></NounPhrase></PrepPhrase></NounPhrase></PrepPhrase><COMMA>,</COMMA><NounPhrase><DT>a</DT><NN>welding</NN><NN-TIME>time</NN-TIME><PrepPhrase><IN-OF>of</IN-OF><NounPhrase><CYCLES><CD>12</CD><NN-CYCLE>cycles</NN-CYCLE></CYCLES></NounPhrase></PrepPhrase></NounPhrase><PrepPhrase><IN>at</IN><NounPhrase><CD>60</CD><NNP>Hz</NNP></NounPhrase></PrepPhrase><COMMA>,</COMMA><CC>and</CC><NounPhrase><DT>a</DT><NN>retention</NN><NN-TIME>time</NN-TIME><PrepPhrase><IN-OF>of</IN-OF><NounPhrase><CYCLES><CD>40</CD><NN-CYCLE>cycles</NN-CYCLE></CYCLES></NounPhrase></PrepPhrase></NounPhrase><PrepPhrase><IN>at</IN><NounPhrase><CD>60</CD><NNP>Hz</NNP></NounPhrase></PrepPhrase><STOP>.</STOP></Sentence></Document>
<?xml version="1.0" encoding="UTF-8"?>
<Document><Sentence><NounPhrase><DT-THE>The</DT-THE><JJR>lower</JJR><NN>limit</NN><PrepPhrase><IN-OF>of</IN-OF><NounPhrase><DT-THE>the</DT-THE><JJ-CHEM>nugget</JJ-CHEM><NN>diameter</NN></NounPhrase></PrepPhrase></NounPhrase><VerbPhrase><VBD>was</VBD><VBN>set</VBN><PrepPhrase><IN>at</IN><NounPhrase><CD>4</CD><MIXTURE><_-LRB->(</_-LRB-><NN>t</NN><COLON>:</COLON><NN>sheet</NN><NN>thickness</NN><_-RRB->)</_-RRB-></MIXTURE></NounPhrase></PrepPhrase></VerbPhrase><STOP>.</STOP></Sentence></Document>
<?xml version="1.0" encoding="UTF-8"?>
<Document><Sentence><ActionPhrase type="Degass"><NounPhrase><CD>2.5</CD><NNP>Chemical</NNP><NNP>Treatment</NNP><NNP>Properties</NNP></NounPhrase><NounPhrase><DT-THE>The</DT-THE><JJ>specimen</JJ><NN>steel</NN><NNS>sheets</NNS></NounPhrase><VerbPhrase><VBD>were</VBD><VB-SUBJECT>subjected</VB-SUBJECT><PrepPhrase><TO>to</TO><NounPhrase><DT>an</DT><JJ-CHEM>immersion</JJ-CHEM><NN>type</NN><MOLECULE><OSCARCM><OSCAR-CM>phosphate</OSCAR-CM></OSCARCM></MOLECULE><NN>treatment</NN></NounPhrase></PrepPhrase><TimePhrase><IN-FOR>for</IN-FOR><CD>2</CD><NN-TIME>min</NN-TIME></TimePhrase></VerbPhrase></ActionPhrase><COMMA>,</COMMA><CC>and</CC><RB-CONJ>then</RB-CONJ><NounPhrase><DT-THE>the</DT-THE><NN-STATE>crystal</NN-STATE><NN>structure</NN><PrepPhrase><IN-OF>of</IN-OF><NounPhrase><DT-THE>the</DT-THE><MOLECULE><OSCARCM><OSCAR-CM>phosphate</OSCAR-CM></OSCARCM></MOLECULE><NN>coating</NN><NN>film</NN></NounPhrase></PrepPhrase></NounPhrase><VerbPhrase><VBD>was</VBD><VBN>observed</VBN><PrepPhrase><IN-WITH>with</IN-WITH><NounPhrase><DT>an</DT><NNP>SEM</NNP><CC>and</CC><PRP_>its</PRP_><FW>deposi-t</FW><MOLECULE><OSCARCM><OSCAR-CM>NIPPON</OSCAR-CM></OSCARCM></MOLECULE><NNP>STEEL</NNP><MOLECULE><OSCARCM><OSCAR-CM>TECHNICAL</OSCAR-CM></OSCARCM></MOLECULE><NNP>REPORT</NNP><NNP>No</NNP></NounPhrase></PrepPhrase></VerbPhrase><STOP>.</STOP></Sentence></Document>
<?xml version="1.0" encoding="UTF-8"?>
<Document><Sentence><NounPhrase><CD>88</CD><RB>July</RB><CD>2003-49-tion</CD><NN>amount</NN></NounPhrase><VerbPhrase><VBD>was</VBD><VBN>measured</VBN></VerbPhrase><STOP>.</STOP></Sentence></Document>
<?xml version="1.0" encoding="UTF-8"?>
<Document><Sentence><ActionPhrase type="Synthesize"><NounPhrase><CD>2.6</CD><NNP>Corrosion</NNP><NNP>Resistance</NNP></NounPhrase><PrepPhrase><IN-AFTER>after</IN-AFTER><NounPhrase><NNP>Paint</NNP><NNP>Coating</NNP><NNP>Test</NNP><NNS>pieces</NNS></NounPhrase></PrepPhrase><PrepPhrase><IN-FOR>for</IN-FOR><NounPhrase><DT-THE>the</DT-THE><MOLECULE><OSCARCM><OSCAR-CM>water-resistance</OSCAR-CM></OSCARCM></MOLECULE><NN>adhesion</NN><NN>test</NN><CC>and</CC><NN-CHEMENTITY>salt</NN-CHEMENTITY><NN>spray</NN><NN>test</NN></NounPhrase></PrepPhrase><VerbPhrase><VBD>were</VBD><VB-SYNTHESIZE>prepared</VB-SYNTHESIZE></VerbPhrase></ActionPhrase><VerbPhrase><IN-BY>by</IN-BY><VBG>applying</VBG><PrepPhrase><TO>to</TO><NounPhrase><DT-THE>the</DT-THE><JJ>specimen</JJ><NN>steel</NN><NNS>sheets</NNS></NounPhrase></PrepPhrase></VerbPhrase><NounPhrase><DT>an</DT><JJ>epoxy</JJ><NN>paint</NN><CD>20</CD><NN>µm</NN></NounPhrase><PrepPhrase><IN-IN>in</IN-IN><NounPhrase><NN>thickness</NN></NounPhrase></PrepPhrase><PrepPhrase><IN-BY>by</IN-BY><NounPhrase><JJ>cationic</JJ><NN>electro-deposition</NN></NounPhrase></PrepPhrase><CC>and</CC><RB-CONJ>then</RB-CONJ><NounPhrase><DT>an</DT><NN-CHEMENTITY>intermediate</NN-CHEMENTITY></NounPhrase><CC>and</CC><NounPhrase><DT>a</DT><JJ-CHEM>finish</JJ-CHEM><NN>coating</NN></NounPhrase><PrepPhrase><IN-FOR>for</IN-FOR><NounPhrase><NNS>automobiles</NNS></NounPhrase></PrepPhrase><COMMA>,</COMMA><NounPhrase><DT>each</DT><CD>35</CD><NN>µm</NN></NounPhrase><PrepPhrase><IN-IN>in</IN-IN><NounPhrase><NN>thickness</NN></NounPhrase></PrepPhrase><STOP>.</STOP></Sentence></Document>
<?xml version="1.0" encoding="UTF-8"?>
<Document><Sentence><PrepPhrase><IN-IN>In</IN-IN><NounPhrase><DT-THE>the</DT-THE><MOLECULE><OSCARCM><OSCAR-CM>water-resistance</OSCAR-CM></OSCARCM></MOLECULE><NN>adhesion</NN><NN>test</NN></NounPhrase></PrepPhrase><COMMA>,</COMMA><NounPhrase><DT-THE>the</DT-THE><NN>test</NN><NNS>pieces</NNS></NounPhrase><VerbPhrase><VBD>were</VBD><VB-IMMERSE>immersed</VB-IMMERSE><PrepPhrase><IN-IN>in</IN-IN><MOLECULE><JJ-CHEM>distilled</JJ-CHEM><OSCARCM><OSCAR-CM>water</OSCAR-CM></OSCARCM></MOLECULE></PrepPhrase></VerbPhrase><Unmatched><IN>at</IN></Unmatched><TimePhrase><JJ>40˚C</JJ><IN-FOR>for</IN-FOR><CD>240</CD><NN-TIME>h</NN-TIME></TimePhrase><COMMA>,</COMMA><RB-CONJ>then</RB-CONJ><NounPhrase><DT-THE>the</DT-THE><JJ-CHEM>paint</JJ-CHEM><NN>coating</NN></NounPhrase><VerbPhrase><VBD>was</VBD><JJ>cross</JJ></VerbPhrase><NounPhrase><NN>cut</NN></NounPhrase><PrepPhrase><IN-INTO>into</IN-INTO><NounPhrase><CD>2</CD><CD>mm</CD><SYM>×</SYM><CD>2</CD><CD>mm</CD><NNS>grids</NNS></NounPhrase></PrepPhrase><COMMA>,</COMMA><CC>and</CC><NounPhrase><DT-THE>the</DT-THE><JJ-CHEM>area</JJ-CHEM><NN>percentage</NN><PrepPhrase><IN-OF>of</IN-OF><NounPhrase><DT-THE>the</DT-THE><NN>coating</NN></NounPhrase></PrepPhrase></NounPhrase><VerbPhrase><VBG>remaining</VBG></VerbPhrase><VerbPhrase><IN-AFTER>after</IN-AFTER><VBG>peeling</VBG><PrepPhrase><IN-WITH>with</IN-WITH><NounPhrase><DT>an</DT><JJ>adhesive</JJ><NN>tape</NN></NounPhrase></PrepPhrase></VerbPhrase><VerbPhrase><VBD>was</VBD><VBN>measured</VBN></VerbPhrase><STOP>.</STOP></Sentence></Document>
<?xml version="1.0" encoding="UTF-8"?>
<Document><Sentence><PrepPhrase><IN-IN>In</IN-IN><NounPhrase><DT-THE>the</DT-THE><NN-CHEMENTITY>salt</NN-CHEMENTITY><NN>spray</NN><NN>test</NN></NounPhrase></PrepPhrase><COMMA>,</COMMA><NounPhrase><DT-THE>the</DT-THE><JJ-CHEM>paint</JJ-CHEM><NN>coating</NN></NounPhrase><VerbPhrase><VBD>was</VBD><JJ>cross</JJ></VerbPhrase><NounPhrase><NN>cut</NN><PrepPhrase><IN-IN>in</IN-IN><MOLECULE><OSCARCM><OSCAR-CM>X</OSCAR-CM></OSCARCM></MOLECULE></PrepPhrase></NounPhrase><COMMA>,</COMMA><NounPhrase><DT>each</DT><NN>stroke</NN></NounPhrase><VerbPhrase><VBG>being</VBG></VerbPhrase><NounPhrase><CD>70</CD><CD>mm</CD></NounPhrase><PrepPhrase><IN-IN>in</IN-IN><NounPhrase><NN>length</NN></NounPhrase></PrepPhrase><COMMA>,</COMMA><RB-CONJ>then</RB-CONJ><ActionPhrase type="Degass"><NounPhrase><DT-THE>the</DT-THE><NN>test</NN><NNS>pieces</NNS></NounPhrase><VerbPhrase><VBD>were</VBD><VB-SUBJECT>subjected</VB-SUBJECT><PrepPhrase><TO>to</TO><NounPhrase><NN-CHEMENTITY>salt</NN-CHEMENTITY><MOLECULE><OSCARCM><OSCAR-CM>water</OSCAR-CM></OSCARCM></MOLECULE><NN>spray</NN></NounPhrase></PrepPhrase><TimePhrase><IN-FOR>for</IN-FOR><CD>600</CD><NN-TIME>h</NN-TIME></TimePhrase></VerbPhrase></ActionPhrase><COMMA>,</COMMA><CC>and</CC><NounPhrase><DT-THE>the</DT-THE><JJ-CHEM>maximum</JJ-CHEM><NN>blister</NN><NN>width</NN></NounPhrase><PrepPhrase><IN-ON>on</IN-ON><NounPhrase><CD>one</CD><NN>side</NN><PrepPhrase><IN-OF>of</IN-OF><NounPhrase><DT>a</DT><JJ-CHEM>cross-cut</JJ-CHEM><NN>line</NN></NounPhrase></PrepPhrase></NounPhrase></PrepPhrase><VerbPhrase><VBD>was</VBD><VBN>measured</VBN></VerbPhrase><STOP>.</STOP></Sentence></Document>
<?xml version="1.0" encoding="UTF-8"?>
<Document><Sentence><NounPhrase><PROCEDURE><CD>3</CD></PROCEDURE><STOP>.</STOP></NounPhrase></Sentence></Document>
<?xml version="1.0" encoding="UTF-8"?>
<Document/>
