<?xml version="1.0" encoding="UTF-8"?>
<Document><Sentence><NounPhrase><NNP>Search</NNP></NounPhrase><PrepPhrase><IN-FOR>for</IN-FOR><NounPhrase><JJ>optimum</JJ><JJ-CHEM>alloy</JJ-CHEM><NN>composition</NN><PRP>It</PRP></NounPhrase></PrepPhrase><VerbPhrase><VBZ>is</VBZ><RB>well</RB><VBN>known</VBN><PrepPhrase><IN>that</IN><NounPhrase><MOLECULE><OSCARCM><OSCAR-CM>aluminum</OSCAR-CM></OSCARCM></MOLECULE><CC>and</CC><MOLECULE><OSCARCM><OSCAR-CM>Al-Si</OSCAR-CM></OSCARCM><JJ>coated</JJ></MOLECULE><NN>steel</NN></NounPhrase></PrepPhrase></VerbPhrase><VerbPhrase><VBP>have</VBP><JJ>excellent</JJ></VerbPhrase><NounPhrase><JJ-CHEM>corrosion</JJ-CHEM><NN>resistivity</NN><CC>and</CC><JJ>high</JJ><NN-TEMP>temperature</NN-TEMP><NN>oxidation</NN></NounPhrase><COMMA>,</COMMA><Unmatched><RB>however</RB></Unmatched><Unmatched><COMMA>,</COMMA></Unmatched><NounPhrase><PRP_>their</PRP_><NN>ability</NN></NounPhrase><PrepPhrase><IN-FOR>for</IN-FOR><NounPhrase><JJ>sacrificial</JJ><NN>action</NN></NounPhrase></PrepPhrase><VerbPhrase><VBZ>is</VBZ><NEG>not</NEG></VerbPhrase><JJ>enough</JJ><ActionPhrase type="Degass"><VerbPhrase><TO>to</TO><VB>protect</VB><VB-DEGASS>underlying</VB-DEGASS></VerbPhrase><NounPhrase><NN>steel</NN></NounPhrase></ActionPhrase><STOP>.</STOP></Sentence></Document>
<?xml version="1.0" encoding="UTF-8"?>
<Document><Sentence><NounPhrase><MOLECULE><OSCARCM><OSCAR-CM>Magnesium</OSCAR-CM></OSCARCM></MOLECULE></NounPhrase><VerbPhrase><VBD>was</VBD><VBN>considered</VBN><PrepPhrase><IN-AS>as</IN-AS><NounPhrase><DT>an</DT><JJ>alloying</JJ><NN>element</NN></NounPhrase></PrepPhrase></VerbPhrase><ActionPhrase type="Add"><VerbPhrase><TO>to</TO><VB-ADD>add</VB-ADD><JJ>sacrificial</JJ></VerbPhrase><NounPhrase><NN>ability</NN></NounPhrase></ActionPhrase><COMMA>,</COMMA><CC>and</CC><PrepPhrase><IN-FROM>from</IN-FROM><NounPhrase><JJ>metallurgical</JJ><NN>reason</NN></NounPhrase></PrepPhrase><VerbPhrase><MD>will</MD><VB>be</VB><VBN>described</VBN><JJ>latter</JJ></VerbPhrase><COMMA>,</COMMA><ActionPhrase type="Add"><VerbPhrase><JJ-CHEM>sili-cone</JJ-CHEM><VBD>was</VBD><RB>also</RB><VB-ADD>added</VB-ADD></VerbPhrase></ActionPhrase><STOP>.</STOP></Sentence></Document>
<?xml version="1.0" encoding="UTF-8"?>
<Document><Sentence><ActionPhrase type="Remove"><PrepPhrase><IN-BY>By</IN-BY><NounPhrase><JJ>simultaneous</JJ><NN-VACUUM>vacuum</NN-VACUUM><NN>evapo-ration</NN><PrepPhrase><IN-OF>of</IN-OF><NounPhrase><MOLECULE><OSCARCM><OSCAR-CM>magnesium</OSCAR-CM></OSCARCM></MOLECULE><CC>and</CC><MOLECULE><OSCARCM><OSCAR-CM>aluminum</OSCAR-CM></OSCARCM></MOLECULE><CC>or</CC><MOLECULE><OSCARCM><OSCAR-CM>magnesium</OSCAR-CM></OSCARCM></MOLECULE><CC>and</CC><MOLECULE><OSCARCM><OSCAR-CM>Al-Si</OSCAR-CM></OSCARCM></MOLECULE><NN>mother</NN></NounPhrase></PrepPhrase></NounPhrase></PrepPhrase><RB>alloy</RB><COMMA>,</COMMA><VerbPhrase><VB-REMOVE>evaporated</VB-REMOVE></VerbPhrase><NounPhrase><NNS>coatings</NNS></NounPhrase></ActionPhrase><VerbPhrase><VBG>having</VBG><JJ>wide</JJ></VerbPhrase><NounPhrase><JJ-CHEM>com-position</JJ-CHEM><NN>range</NN></NounPhrase><ActionPhrase type="Yield"><VerbPhrase><VBD>were</VBD><VB-YIELD>obtained</VB-YIELD></VerbPhrase></ActionPhrase><CC>and</CC><Unmatched><JJ>electrochemical</JJ></Unmatched><Unmatched><JJ-CHEM>proper-ties</JJ-CHEM></Unmatched><Unmatched><COMMA>,</COMMA></Unmatched><PrepPhrase><JJ>such</JJ><IN-AS>as</IN-AS><NounPhrase><NN>polarization</NN><NNS>curves</NNS><CC>and</CC><JJ>galvanic</JJ><JJ-CHEM>couple</JJ-CHEM><NN>cur-rents</NN></NounPhrase></PrepPhrase><VerbPhrase><VBD>were</VBD><VBN>measured</VBN></VerbPhrase><STOP>.</STOP></Sentence></Document>
<?xml version="1.0" encoding="UTF-8"?>
<Document><Sentence><PrepPhrase><IN-FROM>From</IN-FROM><NounPhrase><JJ>preliminary</JJ><NN>experiments,3</NN></NounPhrase></PrepPhrase><Unmatched><_-RRB->)</_-RRB-></Unmatched><NounPhrase><PRP>it</PRP></NounPhrase><VerbPhrase><VBD>was</VBD><VBN>found</VBN><PrepPhrase><IN>that</IN><IN-IN>in-creasing</IN-IN><NounPhrase><DT-THE>the</DT-THE><MOLECULE><OSCARCM><OSCAR-CM>magnesium</OSCAR-CM></OSCARCM></MOLECULE><NN>content</NN></NounPhrase></PrepPhrase></VerbPhrase><VerbPhrase><VBD>lowered</VBD></VerbPhrase><Unmatched><DT-THE>the</DT-THE></Unmatched><Unmatched><JJ-CHEM>corrosion</JJ-CHEM></Unmatched><Unmatched><JJ-CHEM>po-tential</JJ-CHEM></Unmatched><Unmatched><CC>and</CC></Unmatched><ActionPhrase type="Heat"><VerbPhrase><VB-INCREASE>increased</VB-INCREASE><JJ>sacrificial</JJ></VerbPhrase><NounPhrase><NN>ability</NN></NounPhrase></ActionPhrase><STOP>.</STOP></Sentence></Document>
<?xml version="1.0" encoding="UTF-8"?>
<Document><Sentence><NounPhrase><NNP-LABEL>Fig.</NNP-LABEL></NounPhrase></Sentence></Document>
<?xml version="1.0" encoding="UTF-8"?>
<Document><Sentence><NounPhrase><CD>1</CD></NounPhrase><VerbPhrase><VBZ>shows</VBZ></VerbPhrase><NounPhrase><NN>effect</NN><PrepPhrase><IN-OF>of</IN-OF><NounPhrase><MOLECULE><OSCARCM><OSCAR-CM>silicone</OSCAR-CM></OSCARCM></MOLECULE><NN>content</NN></NounPhrase></PrepPhrase></NounPhrase><PrepPhrase><IN-ON>on</IN-ON><NounPhrase><DT-THE>the</DT-THE><NN>polarization</NN><NNS>curves</NNS><PrepPhrase><IN-OF>of</IN-OF><NounPhrase><FW>Al-10</FW></NounPhrase></PrepPhrase></NounPhrase></PrepPhrase><Unmatched><NN-PERCENT>%</NN-PERCENT></Unmatched><NounPhrase><NNP>Mg-x</NNP></NounPhrase><Unmatched><NN-PERCENT>%</NN-PERCENT></Unmatched><NounPhrase><MOLECULE><OSCARCM><OSCAR-CM>Si</OSCAR-CM></OSCARCM><MIXTURE><_-LRB->(</_-LRB-><IN-IN>in</IN-IN><NN>mass</NN><NN-PERCENT>%</NN-PERCENT><_-RRB->)</_-RRB-></MIXTURE></MOLECULE></NounPhrase><VerbPhrase><VBZ>alloys</VBZ><PrepPhrase><IN-IN>in</IN-IN><MOLECULE><QUANTITY><MOLAR><CD>0.5</CD><NN-MOLAR>M</NN-MOLAR></MOLAR></QUANTITY><OSCARCM><OSCAR-CM>Na2SO4+0.1</OSCAR-CM></OSCARCM></MOLECULE></PrepPhrase></VerbPhrase><Unmatched><NN-MOLAR>M</NN-MOLAR></Unmatched><NounPhrase><MOLECULE><OSCARCM><OSCAR-CM>NaCl</OSCAR-CM></OSCARCM><NN-CHEMENTITY>solution</NN-CHEMENTITY></MOLECULE></NounPhrase><STOP>.</STOP></Sentence></Document>
<?xml version="1.0" encoding="UTF-8"?>
<Document><Sentence><NounPhrase><PRP>It</PRP></NounPhrase><VerbPhrase><VBZ>is</VBZ><VBN>seen</VBN><PrepPhrase><IN-FROM>from</IN-FROM><NounPhrase><DT-THE>the</DT-THE><NN>polarization</NN><NNS>curves</NNS></NounPhrase></PrepPhrase><PrepPhrase><IN>that</IN><NounPhrase><DT-THE>the</DT-THE><NN>corrosion</NN></NounPhrase></PrepPhrase></VerbPhrase><VerbPhrase><JJ>potential</JJ><VBD>ranged</VBD><PrepPhrase><IN-IN>in</IN-IN><NounPhrase><CD>-1.1</CD></NounPhrase></PrepPhrase><PrepPhrase><TO>to</TO><NounPhrase><CD>-1.3</CD><NNP>V</NNP><MIXTURE><_-LRB->(</_-LRB-><NN>vs</NN><MOLECULE><OSCARCM><OSCAR-CM>Ag</OSCAR-CM><DASH>/</DASH><OSCAR-CM>AgCl</OSCAR-CM></OSCARCM></MOLECULE><NN>electrode</NN><COMMA>,</COMMA><MOLECULE><OSCARCM><OSCAR-CM>SSE</OSCAR-CM></OSCARCM></MOLECULE><_-RRB->)</_-RRB-></MIXTURE><CC>and</CC><JJ>passive</JJ><NNS>currents</NNS></NounPhrase></PrepPhrase></VerbPhrase><VerbPhrase><VBD>ranged</VBD><PrepPhrase><IN-IN>in</IN-IN><NounPhrase><CD>0.1</CD></NounPhrase></PrepPhrase><PrepPhrase><TO>to</TO><NounPhrase><CD>1</CD></NounPhrase></PrepPhrase></VerbPhrase><STOP>µA</STOP></Sentence><Sentence><NounPhrase><CD>/cm2</CD></NounPhrase><STOP>.</STOP></Sentence></Document>
<?xml version="1.0" encoding="UTF-8"?>
<Document><Sentence><NounPhrase><DT-THE>The</DT-THE><JJ-CHEM>corrosion</JJ-CHEM><NN>potential</NN></NounPhrase><VerbPhrase><VBD>was</VBD><VBN>shifted</VBN><RBR>more</RBR><JJ>negative</JJ></VerbPhrase><CC>and</CC><ActionPhrase type="Heat"><Unmatched><JJ>passive</JJ></Unmatched><VerbPhrase><JJ>current</JJ><VBD>was</VBD><VB-INCREASE>increased</VB-INCREASE></VerbPhrase></ActionPhrase><ActionPhrase type="Heat"><VerbPhrase><IN-BY>by</IN-BY><VB-INCREASE>increasing</VB-INCREASE></VerbPhrase><NounPhrase><MOLECULE><OSCARCM><OSCAR-CM>silicone</OSCAR-CM></OSCARCM></MOLECULE><NN>content</NN></NounPhrase></ActionPhrase><STOP>.</STOP></Sentence></Document>
<?xml version="1.0" encoding="UTF-8"?>
<Document><Sentence><ActionPhrase type="Heat"><Unmatched><DT-THE>The</DT-THE></Unmatched><Unmatched><JJ>passive</JJ></Unmatched><VerbPhrase><JJ>current</JJ><VB-INCREASE>increased</VB-INCREASE><PrepPhrase><IN>above</IN><NounPhrase><CD>-0.6</CD><NNP>V</NNP></NounPhrase></PrepPhrase></VerbPhrase></ActionPhrase><STOP>.</STOP></Sentence><Sentence><ActionPhrase type="Wait"><NounPhrase><NNP>TOORU</NNP><NNP>TSURU</NNP><CD>234</CD><MOLECULE><OSCARCM><OSCAR-CM>CORROSION</OSCAR-CM></OSCARCM></MOLECULE><NNP>SCIENCE</NNP><CC>AND</CC><MOLECULE><OSCARCM><OSCAR-CM>TECHNOLOGY</OSCAR-CM></OSCARCM></MOLECULE><NNP>Vol.9</NNP><COMMA>,</COMMA><MOLECULE><OSCARCM><OSCAR-CM>No.6</OSCAR-CM></OSCARCM></MOLECULE><COMMA>,</COMMA><CD>2010</CD><NNP>C</NNP><NN>ur</NN><NN>re</NN><NN>nt</NN><NN-TIME>d</NN-TIME></NounPhrase><PrepPhrase><IN>en</IN><NounPhrase><FW>si</FW><NN>ty</NN></NounPhrase></PrepPhrase><COMMA>,</COMMA><PrepPhrase><IN>i/A</IN><NounPhrase><NN>cm</NN><CD>-2</CD><CD>10-7</CD><CD>10-6</CD><CD>10-5</CD><CD>10-4</CD><CD>10-3</CD><NNP>Potential</NNP><COMMA>,</COMMA><NNP>E/V</NNP></NounPhrase></PrepPhrase><PrepPhrase><IN>vs</IN><NounPhrase><NNP>SSE</NNP><CD>10-8</CD><CD>-1.4</CD><CD>-1.2</CD><CD>-1.0</CD><CD>-0.8</CD><CD>-0.6</CD><CD>-0.4</CD><CD>-0.2</CD><NNP>Al-10Mg-0Si</NNP><NNP>Al-10Mg-1.1Si</NNP><NNP>Al-10Mg-5.1Si</NNP><NNP>Al-10Mg-2Si</NNP><NNP>C</NNP><NN>ur</NN></NounPhrase></PrepPhrase><VerbPhrase><VBP>re</VBP><JJ>nt</JJ><TimePhrase><NN-TIME>d</NN-TIME></TimePhrase><PrepPhrase><IN>en</IN><NounPhrase><FW>si</FW><NN>ty</NN></NounPhrase></PrepPhrase><COMMA>,</COMMA><PrepPhrase><IN>i/A</IN><NounPhrase><NN>cm</NN><CD>-2</CD><CD>10-7</CD><CD>10-6</CD><CD>10-5</CD><CD>10-4</CD><CD>10-3</CD><NNP>Potential</NNP><COMMA>,</COMMA><NNP>E/V</NNP></NounPhrase></PrepPhrase><PrepPhrase><IN>vs</IN><NounPhrase><NNP>SSE</NNP><CD>10-8</CD><CD>-1.4</CD><CD>-1.2</CD><CD>-1.0</CD><CD>-0.8</CD><CD>-0.6</CD><CD>-0.4</CD><CD>-0.2</CD><NNP>Al-10Mg-0Si</NNP><NNP>Al-10Mg-1.1Si</NNP><NNP>Al-10Mg-5.1Si</NNP><MOLECULE><OSCARCM><OSCAR-CM>Al-10Mg-2Si</OSCAR-CM></OSCARCM></MOLECULE><NNP-LABEL>Fig.</NNP-LABEL></NounPhrase></PrepPhrase></VerbPhrase></ActionPhrase></Sentence></Document>
<?xml version="1.0" encoding="UTF-8"?>
<Document><Sentence><NounPhrase><PROCEDURE><CD>1</CD></PROCEDURE><STOP>.</STOP></NounPhrase></Sentence></Document>
<?xml version="1.0" encoding="UTF-8"?>
<Document><Sentence><NounPhrase><JJ>Anodic</JJ><NN>polarization</NN><NNS>curves</NNS><PrepPhrase><IN-OF>of</IN-OF><NounPhrase><MOLECULE><OSCARCM><OSCAR-CM>Al-10Mg-×</OSCAR-CM><OSCAR-CM>Si</OSCAR-CM></OSCARCM><JJ>coated</JJ></MOLECULE><NNS>steels</NNS><PrepPhrase><IN-IN>in</IN-IN><MOLECULE><QUANTITY><MOLAR><CD>0.5</CD><NN-MOLAR>M</NN-MOLAR></MOLAR></QUANTITY><OSCARCM><OSCAR-CM>Na2SO4+0.1</OSCAR-CM></OSCARCM></MOLECULE></PrepPhrase></NounPhrase></PrepPhrase></NounPhrase><Unmatched><NN-MOLAR>M</NN-MOLAR></Unmatched><NounPhrase><MOLECULE><OSCARCM><OSCAR-CM>NaCl</OSCAR-CM></OSCARCM></MOLECULE></NounPhrase><STOP>.</STOP></Sentence></Document>
<?xml version="1.0" encoding="UTF-8"?>
<Document><Sentence><NounPhrase><CD>0.1</CD><CD>0.2</CD><CD>0.3</CD><CD>0</CD><CD>20</CD><CD>40</CD><CD>60</CD><CD>80</CD><CD>100</CD><NNP>Diffraction</NNP><NN>angle</NN><COMMA>,</COMMA><NN-TEMP>2θ/deg</NN-TEMP><PrepPhrase><IN-IN>In</IN-IN><MOLECULE><OSCARCM><OSCAR-CM>te</OSCAR-CM></OSCARCM></MOLECULE></PrepPhrase></NounPhrase><NounPhrase><NNS>ns</NNS></NounPhrase><RB>ity</RB><COMMA>,</COMMA><NounPhrase><DT>a</DT><MOLECULE><OSCARCM><OSCAR-CM>.u</OSCAR-CM></OSCARCM></MOLECULE></NounPhrase><STOP>.</STOP></Sentence></Document>
<?xml version="1.0" encoding="UTF-8"?>
<Document><Sentence><NounPhrase><MOLECULE><OSCARCM><OSCAR-CM>Al-26.2</OSCAR-CM></OSCARCM></MOLECULE></NounPhrase><Unmatched><NN-PERCENT>%</NN-PERCENT></Unmatched><Unmatched><NN-MASS>Mg</NN-MASS></Unmatched><Unmatched><DT>Al-50.1</DT></Unmatched><Unmatched><NN-PERCENT>%</NN-PERCENT></Unmatched><Unmatched><NN-MASS>Mg</NN-MASS></Unmatched><Unmatched><DT>Al-50.1</DT></Unmatched><Unmatched><NN-PERCENT>%</NN-PERCENT></Unmatched><Unmatched><NN-MASS>Mg</NN-MASS></Unmatched><NounPhrase><NN>heated*</NN><NNP>Pure</NNP><MOLECULE><OSCARCM><OSCAR-CM>AlAl2Mg</OSCAR-CM></OSCARCM></MOLECULE></NounPhrase><STOP>Al-25.7</STOP></Sentence><Sentence><Unmatched><NN-PERCENT>%</NN-PERCENT></Unmatched><NounPhrase><MOLECULE><QUANTITY><PERCENT><CD>Mg-2.6</CD><NN-PERCENT>%</NN-PERCENT></PERCENT></QUANTITY><OSCARCM><OSCAR-CM>Si</OSCAR-CM></OSCARCM><REFERENCETOCOMPOUND><CD>0</CD></REFERENCETOCOMPOUND></MOLECULE><CD>0.1</CD><CD>0.2</CD><CD>0.3</CD><CD>0</CD><CD>20</CD><CD>40</CD><CD>60</CD><CD>80</CD><CD>100</CD><NNP>Diffraction</NNP><NN>angle</NN><COMMA>,</COMMA><NN-TEMP>2θ/deg</NN-TEMP><PrepPhrase><IN-IN>In</IN-IN><MOLECULE><OSCARCM><OSCAR-CM>te</OSCAR-CM></OSCARCM></MOLECULE></PrepPhrase></NounPhrase><NounPhrase><NNS>ns</NNS></NounPhrase><RB>ity</RB><COMMA>,</COMMA><NounPhrase><DT>a</DT><MOLECULE><OSCARCM><OSCAR-CM>.u</OSCAR-CM></OSCARCM></MOLECULE></NounPhrase><STOP>.</STOP></Sentence></Document>
<?xml version="1.0" encoding="UTF-8"?>
<Document><Sentence><NounPhrase><MOLECULE><OSCARCM><OSCAR-CM>Al-26.2</OSCAR-CM></OSCARCM></MOLECULE></NounPhrase><Unmatched><NN-PERCENT>%</NN-PERCENT></Unmatched><Unmatched><NN-MASS>Mg</NN-MASS></Unmatched><Unmatched><DT>Al-50.1</DT></Unmatched><Unmatched><NN-PERCENT>%</NN-PERCENT></Unmatched><Unmatched><NN-MASS>Mg</NN-MASS></Unmatched><Unmatched><DT>Al-50.1</DT></Unmatched><Unmatched><NN-PERCENT>%</NN-PERCENT></Unmatched><Unmatched><NN-MASS>Mg</NN-MASS></Unmatched><NounPhrase><NN>heated*</NN><NNP>Pure</NNP><MOLECULE><OSCARCM><OSCAR-CM>AlAl2Mg</OSCAR-CM></OSCARCM></MOLECULE></NounPhrase><STOP>Al-25.7</STOP></Sentence><Sentence><Unmatched><NN-PERCENT>%</NN-PERCENT></Unmatched><NounPhrase><MOLECULE><QUANTITY><PERCENT><CD>Mg-2.6</CD><NN-PERCENT>%</NN-PERCENT></PERCENT></QUANTITY><OSCARCM><OSCAR-CM>Si</OSCAR-CM></OSCARCM><REFERENCETOCOMPOUND><CD>0</CD></REFERENCETOCOMPOUND></MOLECULE><NNP-LABEL>Fig.</NNP-LABEL></NounPhrase></Sentence></Document>
<?xml version="1.0" encoding="UTF-8"?>
<Document><Sentence><NounPhrase><PROCEDURE><CD>2</CD></PROCEDURE><STOP>.</STOP></NounPhrase></Sentence></Document>
<?xml version="1.0" encoding="UTF-8"?>
<Document><Sentence><ActionPhrase type="Yield"><NounPhrase><NNP>XRD</NNP></NounPhrase><VerbPhrase><VB-YIELD>results</VB-YIELD></VerbPhrase><Unmatched><IN-OF>of</IN-OF></Unmatched></ActionPhrase><VerbPhrase><IN-AS>as</IN-AS><VBN>deposited</VBN></VerbPhrase><CC>and</CC><ActionPhrase type="Heat"><VerbPhrase><VB-HEAT>heat</VB-HEAT></VerbPhrase></ActionPhrase><ActionPhrase type="Add"><VerbPhrase><VB-TREAT>treated</VB-TREAT></VerbPhrase><NounPhrase><MOLECULE><OSCARCM><OSCAR-CM>Al-Mg</OSCAR-CM></OSCARCM></MOLECULE><CC>and</CC><MOLECULE><OSCARCM><OSCAR-CM>Al-Mg-Si</OSCAR-CM></OSCARCM></MOLECULE><NNS>alloys</NNS></NounPhrase></ActionPhrase><STOP>.</STOP></Sentence></Document>
<?xml version="1.0" encoding="UTF-8"?>
<Document><Sentence><NounPhrase><NNP-LABEL>Fig.</NNP-LABEL></NounPhrase></Sentence></Document>
<?xml version="1.0" encoding="UTF-8"?>
<Document><Sentence><NounPhrase><PROCEDURE><CD>3</CD></PROCEDURE><STOP>.</STOP></NounPhrase></Sentence></Document>
<?xml version="1.0" encoding="UTF-8"?>
<Document><Sentence><NounPhrase><MOLECULE><OSCARCM><OSCAR-CM>Al-Mg-Si</OSCAR-CM></OSCARCM><JJ>ternary</JJ><NN-CHEMENTITY>phase</NN-CHEMENTITY></MOLECULE><NNP-LABEL>diagram</NNP-LABEL></NounPhrase><CC>and</CC><Unmatched><JJ>typical</JJ></Unmatched><Unmatched><JJ-CHEM>micro-structures</JJ-CHEM></Unmatched><STOP>.</STOP></Sentence></Document>
<?xml version="1.0" encoding="UTF-8"?>
<Document><Sentence><PrepPhrase><IN>At</IN><NounPhrase><DT-THE>the</DT-THE><JJ>eutectic</JJ><NN>composition</NN><PrepPhrase><IN-OF>of</IN-OF><NounPhrase><JJ-CHEM>quasi-eutectic</JJ-CHEM><NN>system</NN><PrepPhrase><IN-OF>of</IN-OF><NounPhrase><MOLECULE><OSCARCM><OSCAR-CM>Al-Mg2Si</OSCAR-CM></OSCARCM></MOLECULE></NounPhrase></PrepPhrase></NounPhrase></PrepPhrase></NounPhrase></PrepPhrase><COMMA>,</COMMA><Unmatched><RB>almost</RB></Unmatched><Unmatched><DT>all</DT></Unmatched><NounPhrase><DT-THE>the</DT-THE><NN-CHEMENTITY>phases</NN-CHEMENTITY></NounPhrase><VerbPhrase><VBN>composed</VBN><PrepPhrase><IN-OF>of</IN-OF><NounPhrase><JJ>fine</JJ><JJ>eutectic</JJ><NN>structure</NN></NounPhrase></PrepPhrase></VerbPhrase><STOP>.</STOP></Sentence></Document>
<?xml version="1.0" encoding="UTF-8"?>
<Document><Sentence><NounPhrase><NNP>Pitting</NNP><NN>corrosion</NN></NounPhrase><CC>or</CC><VerbPhrase><VBN>localized</VBN></VerbPhrase><NounPhrase><NN>dissolution</NN><PrepPhrase><IN-OF>of</IN-OF><NounPhrase><JJ>evaporated</JJ><NN>coating</NN></NounPhrase></PrepPhrase></NounPhrase><VerbPhrase><VBD>was</VBD><RB>hardly</RB><VBN>observed</VBN></VerbPhrase><PrepPhrase><IN-AFTER>after</IN-AFTER><NounPhrase><DT-THE>the</DT-THE><NN>polarization</NN><NNS>meas-urements</NNS></NounPhrase></PrepPhrase><STOP>.</STOP></Sentence></Document>
<?xml version="1.0" encoding="UTF-8"?>
<Document><Sentence><ActionPhrase type="Yield"><VerbPhrase><VB-YIELD>Results</VB-YIELD><PrepPhrase><IN-OF>of</IN-OF><NounPhrase><NNP>X-ray</NNP><NN>diffraction</NN><MIXTURE><_-LRB->(</_-LRB-><NNP>XRD</NNP><_-RRB->)</_-RRB-></MIXTURE><NN>analysis</NN></NounPhrase></PrepPhrase><PrepPhrase><IN-FOR>for</IN-FOR><NounPhrase><JJ-CHEM>evapo-rated</JJ-CHEM><NNS>coatings</NNS></NounPhrase></PrepPhrase></VerbPhrase></ActionPhrase><VerbPhrase><VBP>are</VBP><VBN>shown</VBN><PrepPhrase><IN-IN>in</IN-IN><NounPhrase><NNP-LABEL>Fig.</NNP-LABEL></NounPhrase></PrepPhrase></VerbPhrase></Sentence></Document>
<?xml version="1.0" encoding="UTF-8"?>
<Document><Sentence><NounPhrase><PROCEDURE><CD>2</CD></PROCEDURE><STOP>.</STOP></NounPhrase></Sentence></Document>
<?xml version="1.0" encoding="UTF-8"?>
<Document><Sentence><NounPhrase><PRP>It</PRP></NounPhrase><VerbPhrase><VBZ>is</VBZ><JJ>interesting</JJ><PrepPhrase><IN>that</IN><NounPhrase><PDT>all</PDT></NounPhrase></PrepPhrase></VerbPhrase><NounPhrase><DT-THE>the</DT-THE><JJ-CHEM>evaporated</JJ-CHEM><NNS>coatings</NNS><COMMA>,</COMMA><RB>even</RB><JJ>high</JJ><MOLECULE><OSCARCM><OSCAR-CM>magnesium</OSCAR-CM></OSCARCM></MOLECULE><NN>content</NN><NNS>alloys</NNS></NounPhrase><COMMA>,</COMMA><VerbPhrase><VBP>show</VBP><RB>only</RB></VerbPhrase><NounPhrase><DT-THE>the</DT-THE><NNS>peaks</NNS></NounPhrase><VerbPhrase><VBG>belonging</VBG><PrepPhrase><TO>to</TO><NounPhrase><MOLECULE><OSCARCM><OSCAR-CM>α-Al</OSCAR-CM></OSCARCM></MOLECULE><COMMA>,</COMMA><CC>and</CC><MOLECULE><OSCARCM><OSCAR-CM>Al-Mg</OSCAR-CM></OSCARCM><NN-CHEMENTITY>compounds</NN-CHEMENTITY></MOLECULE><NNS>peaks</NNS></NounPhrase></PrepPhrase></VerbPhrase><VerbPhrase><VBP>appear</VBP></VerbPhrase><ActionPhrase type="Heat"><VerbPhrase><IN-AFTER>after</IN-AFTER><VB-HEAT>heat</VB-HEAT></VerbPhrase><NounPhrase><NN>treatment</NN></NounPhrase></ActionPhrase><STOP>.</STOP></Sentence></Document>
<?xml version="1.0" encoding="UTF-8"?>
<Document><Sentence><NounPhrase><DT>This</DT><NN>sug-gests</NN></NounPhrase><PrepPhrase><IN>that</IN><NounPhrase><DT-THE>the</DT-THE><JJ-CHEM>evaporated</JJ-CHEM><NN>coating</NN></NounPhrase></PrepPhrase><VerbPhrase><VBZ>has</VBZ><JJ>homogeneous</JJ></VerbPhrase><NounPhrase><NN>struc-ture</NN></NounPhrase><PrepPhrase><IN>like</IN><NounPhrase><JJ>amorphous</JJ><NNS>alloys</NNS></NounPhrase></PrepPhrase><VerbPhrase><RB>so</RB><VBG>pitting</VBG></VerbPhrase><NounPhrase><NN>corrosion</NN></NounPhrase><CC>or</CC><VerbPhrase><VBN>localized</VBN></VerbPhrase><NounPhrase><NN>corrosion</NN></NounPhrase><VerbPhrase><RB>hardly</RB><VBD>observed</VBD></VerbPhrase><STOP>.</STOP></Sentence></Document>
<?xml version="1.0" encoding="UTF-8"?>
<Document><Sentence><VerbPhrase><VBN>Based</VBN></VerbPhrase><Unmatched><IN-ON>on</IN-ON></Unmatched><Unmatched><DT-THE>the</DT-THE></Unmatched><ActionPhrase type="Yield"><VerbPhrase><VB-YIELD>results</VB-YIELD><PrepPhrase><IN-OF>of</IN-OF><NounPhrase><NN>polarization</NN><NNS>measurements</NNS><CC>and</CC><NN>corrosion</NN><NNS>tests</NNS><COMMA>,</COMMA><JJ>primary</JJ><JJ-CHEM>precipitated</JJ-CHEM><JJ>massive</JJ><MOLECULE><OSCARCM><OSCAR-CM>Al3Mg2</OSCAR-CM></OSCARCM></MOLECULE><CC>and</CC><MOLECULE><OSCARCM><OSCAR-CM>Mg2Si</OSCAR-CM></OSCARCM></MOLECULE></NounPhrase></PrepPhrase></VerbPhrase></ActionPhrase><ActionPhrase type="Dissolve"><VerbPhrase><RB>preferentially</RB><VB-DISSOLVE>dissolved</VB-DISSOLVE></VerbPhrase></ActionPhrase><CC>and</CC><ActionPhrase type="Yield"><VerbPhrase><VB-YIELD>result</VB-YIELD></VerbPhrase></ActionPhrase><VerbPhrase><VBN>localized</VBN></VerbPhrase><NounPhrase><FW>corro-sion</FW><COMMA>,</COMMA><CC>and</CC><JJ>eutectic</JJ><JJ>fine</JJ><NN>structure</NN><PrepPhrase><IN-OF>of</IN-OF><NounPhrase><MOLECULE><OSCARCM><OSCAR-CM>α-Al</OSCAR-CM></OSCARCM></MOLECULE><CC>and</CC><MOLECULE><OSCARCM><OSCAR-CM>Mg2Si</OSCAR-CM></OSCARCM></MOLECULE><NNS>dis-solved</NNS></NounPhrase></PrepPhrase></NounPhrase><RB>homogeneously</RB><STOP>.</STOP></Sentence></Document>
<?xml version="1.0" encoding="UTF-8"?>
<Document><Sentence><NounPhrase><NN-CHEMENTITY>Phase</NN-CHEMENTITY><NNP-LABEL>diagram</NNP-LABEL><PrepPhrase><IN-OF>of</IN-OF><NounPhrase><MOLECULE><OSCARCM><OSCAR-CM>Al-Mg-Si</OSCAR-CM></OSCARCM><JJ-CHEM>sys-tem</JJ-CHEM></MOLECULE></NounPhrase></PrepPhrase></NounPhrase><CC>and</CC><Unmatched><JJ>typical</JJ></Unmatched><VerbPhrase><JJ-CHEM>micro-structures</JJ-CHEM><VBP>are</VBP><VBN>shown</VBN><PrepPhrase><IN-IN>in</IN-IN><NounPhrase><NNP-LABEL>Fig.</NNP-LABEL></NounPhrase></PrepPhrase></VerbPhrase></Sentence></Document>
<?xml version="1.0" encoding="UTF-8"?>
<Document><Sentence><NounPhrase><PROCEDURE><CD>3</CD></PROCEDURE><STOP>.</STOP></NounPhrase></Sentence></Document>
<?xml version="1.0" encoding="UTF-8"?>
<Document><Sentence><PrepPhrase><IN>At</IN><NounPhrase><DT-THE>the</DT-THE><JJ-CHEM>quasi-eutectic</JJ-CHEM><NN>composition</NN><PrepPhrase><IN-OF>of</IN-OF><NounPhrase><MOLECULE><OSCARCM><OSCAR-CM>Al-Mg2Si</OSCAR-CM></OSCARCM></MOLECULE><NN>system</NN><COMMA>,</COMMA><RB>almost</RB><JJ>HOT-DIPPED</JJ><NNP>AL-MG-SI</NNP><NNP>COATING</NNP><NNP>STEEL-ITS</NNP><MOLECULE><OSCARCM><OSCAR-CM>STRUCTURE</OSCAR-CM></OSCARCM></MOLECULE><COMMA>,</COMMA><MOLECULE><OSCARCM><OSCAR-CM>ELECTROCHEMICAL</OSCAR-CM></OSCARCM></MOLECULE><CC>AND</CC><MOLECULE><OSCARCM><OSCAR-CM>MECHANICAL</OSCAR-CM><OSCAR-CM>PROPERTIES-235CORROSION</OSCAR-CM></OSCARCM></MOLECULE><NNP>SCIENCE</NNP><CC>AND</CC><MOLECULE><OSCARCM><OSCAR-CM>TECHNOLOGY</OSCAR-CM></OSCARCM></MOLECULE><NNPS>Vol.9</NNPS><COMMA>,</COMMA><MOLECULE><OSCARCM><OSCAR-CM>No.6</OSCAR-CM></OSCARCM></MOLECULE><COMMA>,</COMMA><CD>2010</CD><PDT>all</PDT></NounPhrase></PrepPhrase></NounPhrase></PrepPhrase><NounPhrase><DT-THE>the</DT-THE><NN-CHEMENTITY>phase</NN-CHEMENTITY></NounPhrase><VerbPhrase><VBN>composed</VBN><PrepPhrase><IN-OF>of</IN-OF><NounPhrase><JJ>fine</JJ><JJ>eutectic</JJ><NN>structure</NN></NounPhrase></PrepPhrase></VerbPhrase><STOP>.</STOP></Sentence></Document>
<?xml version="1.0" encoding="UTF-8"?>
<Document><Sentence><NounPhrase><JJ>Anodic</JJ><NN>polarization</NN><NNS>curves</NNS></NounPhrase><Unmatched><IN-OF>of</IN-OF></Unmatched><Unmatched><JJ>casted</JJ></Unmatched><Unmatched><CC>and</CC></Unmatched><NounPhrase><JJ-CHEM>hot-dip</JJ-CHEM><JJ>coated</JJ><NN>steel</NN><FW>al-most</FW></NounPhrase><VerbPhrase><JJ>similar</JJ><VBN>shown</VBN><PrepPhrase><IN-IN>in</IN-IN><NounPhrase><NNP-LABEL>Fig.</NNP-LABEL></NounPhrase></PrepPhrase></VerbPhrase></Sentence></Document>
<?xml version="1.0" encoding="UTF-8"?>
<Document><Sentence><ActionPhrase type="Heat"><NounPhrase><CD>1</CD></NounPhrase><COMMA>,</COMMA><Unmatched><RB>however</RB></Unmatched><Unmatched><COMMA>,</COMMA></Unmatched><NounPhrase><PRP>they</PRP></NounPhrase><VerbPhrase><VBD>showed</VBD><JJ>rapid</JJ><JJ>current</JJ><VB-INCREASE>increase</VB-INCREASE><PrepPhrase><IN>above</IN><NounPhrase><CD>-0.6</CD></NounPhrase></PrepPhrase><PrepPhrase><TO>to</TO><NounPhrase><CD>-0.5</CD><NNP>V</NNP></NounPhrase></PrepPhrase></VerbPhrase></ActionPhrase><VerbPhrase><VBG>indicating</VBG></VerbPhrase><NounPhrase><NN>start</NN><PrepPhrase><IN-OF>of</IN-OF><NounPhrase><JJ>localized</JJ><NN>corrosion.4</NN></NounPhrase></PrepPhrase></NounPhrase><Unmatched><_-RRB->)</_-RRB-></Unmatched><PrepPhrase><IN-AFTER>After</IN-AFTER><NounPhrase><JJ>X-cut</JJ><NN>corrosion</NN><NNS>tests</NNS><PrepPhrase><IN-OF>of</IN-OF><NounPhrase><JJ>evaporate</JJ><JJ>coated</JJ><NN>steel</NN><CC>and</CC><JJ-CHEM>hot-dip</JJ-CHEM><JJ>coated</JJ><NN>steel</NN><PrepPhrase><IN-IN>in</IN-IN><MOLECULE><QUANTITY><MOLAR><CD>0.5</CD><NN-MOLAR>M</NN-MOLAR></MOLAR></QUANTITY><OSCARCM><OSCAR-CM>Na2SO4+0.1</OSCAR-CM></OSCARCM></MOLECULE></PrepPhrase></NounPhrase></PrepPhrase></NounPhrase></PrepPhrase><Unmatched><NN-MOLAR>M</NN-MOLAR></Unmatched><NounPhrase><MOLECULE><OSCARCM><OSCAR-CM>NaCl</OSCAR-CM></OSCARCM><JJ-CHEM>sol-ution</JJ-CHEM></MOLECULE></NounPhrase><TimePhrase><IN-FOR>for</IN-FOR><CD>20</CD><NN-TIME>h</NN-TIME></TimePhrase><CC>and</CC><NounPhrase><CD>1</CD><NN-TIME>week</NN-TIME></NounPhrase><COMMA>,</COMMA><NounPhrase><DT>no</DT><JJ>red</JJ><NN>rust</NN></NounPhrase><VerbPhrase><VBD>was</VBD><VBN>observed</VBN><PrepPhrase><IN-ON>on</IN-ON><NounPhrase><DT-THE>the</DT-THE><JJ-CHEM>steel</JJ-CHEM><NN>surface</NN></NounPhrase></PrepPhrase></VerbPhrase><STOP>.</STOP></Sentence></Document>
<?xml version="1.0" encoding="UTF-8"?>
<Document><Sentence><ActionPhrase type="Remove"><NounPhrase><NNP>Galvanic</NNP><NN>couple</NN><NN>corrosion</NN><NN>test</NN></NounPhrase><PrepPhrase><IN-FOR>for</IN-FOR><NounPhrase><JJ>bare</JJ><NN>steel</NN></NounPhrase></PrepPhrase><CC>and</CC><VerbPhrase><VB-REMOVE>evaporate</VB-REMOVE><JJ>coated</JJ></VerbPhrase><NounPhrase><NN>steel</NN><COMMA>,</COMMA><NN>area</NN><NN>ratio</NN></NounPhrase></ActionPhrase><VerbPhrase><VBD>was</VBD></VerbPhrase><NounPhrase><RATIO><CD>1</CD><COLON>:</COLON><CD>10</CD></RATIO></NounPhrase><COMMA>,</COMMA><ActionPhrase type="Yield"><PrepPhrase><IN-IN>in</IN-IN><NounPhrase><DT-THE>the</DT-THE><JJ>same</JJ><NN-CHEMENTITY>solution</NN-CHEMENTITY></NounPhrase></PrepPhrase><TimePhrase><IN-FOR>for</IN-FOR><CD>1</CD><NN-TIME>week</NN-TIME></TimePhrase><VerbPhrase><VB-YIELD>resulted</VB-YIELD></VerbPhrase><NounPhrase><DT>no</DT><JJ>red</JJ><NN>rust</NN></NounPhrase><PrepPhrase><IN-ON>on</IN-ON><NounPhrase><DT-THE>the</DT-THE><JJ-CHEM>steel</JJ-CHEM><NN>surface</NN></NounPhrase></PrepPhrase></ActionPhrase><VerbPhrase><VBG>indicating</VBG><JJ>complete</JJ></VerbPhrase><NounPhrase><JJ>sacrificial</JJ><NN>action</NN></NounPhrase><STOP>.</STOP></Sentence></Document>
<?xml version="1.0" encoding="UTF-8"?>
<Document><Sentence><NounPhrase><NNP>Stable</NNP><JJ>sacrificial</JJ><NN>current</NN></NounPhrase><VerbPhrase><VBD>was</VBD><VBN>observed</VBN></VerbPhrase><CC>and</CC><ActionPhrase type="Dissolve"><NounPhrase><DT-THE>the</DT-THE><NN>coating</NN></NounPhrase><VerbPhrase><VB-DISSOLVE>dissolved</VB-DISSOLVE><RB>almost</RB><RB>uniformly</RB></VerbPhrase></ActionPhrase><STOP>.</STOP></Sentence></Document>
<?xml version="1.0" encoding="UTF-8"?>
<Document><Sentence><NounPhrase><PROCEDURE><CD>3</CD></PROCEDURE><STOP>.</STOP></NounPhrase></Sentence></Document>
<?xml version="1.0" encoding="UTF-8"?>
<Document><Sentence><NounPhrase><NN>Effect</NN><PrepPhrase><IN-OF>of</IN-OF><NounPhrase><NNP>Micro-structure</NNP></NounPhrase></PrepPhrase></NounPhrase><PrepPhrase><IN-ON>on</IN-ON><NounPhrase><NN>corrosion</NN><NN>resis-tance</NN><CC>and</CC><JJ>sacrificial</JJ><NN>action</NN></NounPhrase></PrepPhrase><PrepPhrase><IN-IN>In</IN-IN><NounPhrase><DT>a</DT><JJ>casted</JJ><NN>alloy</NN><CC>and</CC><JJ-CHEM>hot-dip</JJ-CHEM><JJ>coated</JJ><NN-CHEMENTITY>layer</NN-CHEMENTITY><COMMA>,</COMMA><JJ>primary</JJ><JJ-CHEM>pre-cipitated</JJ-CHEM><JJ>massive</JJ><MOLECULE><OSCARCM><OSCAR-CM>Al3Mg2</OSCAR-CM></OSCARCM></MOLECULE><CC>and</CC><MOLECULE><OSCARCM><OSCAR-CM>Mg2Si</OSCAR-CM></OSCARCM></MOLECULE></NounPhrase></PrepPhrase><VerbPhrase><RB>preferentially</RB><VBZ>dis-solved</VBZ></VerbPhrase><CC>and</CC><NounPhrase><PRP>they</PRP></NounPhrase><VerbPhrase><VBD>caused</VBD><JJ>localized</JJ></VerbPhrase><NounPhrase><NNS>corrosion.4</NNS></NounPhrase><Unmatched><_-RRB->)</_-RRB-></Unmatched><Unmatched><RB>Furthermore</RB></Unmatched><Unmatched><COMMA>,</COMMA></Unmatched><NounPhrase><MultipleApparatus><APPARATUS><JJ-CHEM>hot-dipping</JJ-CHEM><NN-APPARATUS>bath</NN-APPARATUS></APPARATUS></MultipleApparatus></NounPhrase><VerbPhrase><VBZ>contains</VBZ><JJ>considerable</JJ></VerbPhrase><NounPhrase><NN>amount</NN><PrepPhrase><IN-OF>of</IN-OF><NounPhrase><MOLECULE><OSCARCM><OSCAR-CM>iron</OSCAR-CM></OSCARCM></MOLECULE><WDT>which</WDT></NounPhrase></PrepPhrase></NounPhrase><ActionPhrase type="Dissolve"><VerbPhrase><VB-DISSOLVE>dissolved</VB-DISSOLVE><PrepPhrase><IN-INTO>into</IN-INTO><NounPhrase><DT-THE>the</DT-THE><JJ>melt</JJ><APPARATUS><NN-APPARATUS>bath</NN-APPARATUS></APPARATUS></NounPhrase></PrepPhrase></VerbPhrase></ActionPhrase><VerbPhrase><IN>during</IN><VBG>dipping</VBG></VerbPhrase><STOP>.</STOP></Sentence></Document>
<?xml version="1.0" encoding="UTF-8"?>
<Document><Sentence><ActionPhrase type="Precipitate"><NounPhrase><MOLECULE><OSCARCM><OSCAR-CM>Iron</OSCAR-CM></OSCARCM></MOLECULE></NounPhrase><VerbPhrase><VB-PRECIPITATE>precipitates</VB-PRECIPITATE><PrepPhrase><IN-IN>in</IN-IN><NounPhrase><DT-THE>the</DT-THE><JJ-CHEM>coating</JJ-CHEM><NN-CHEMENTITY>layer</NN-CHEMENTITY></NounPhrase></PrepPhrase><PrepPhrase><IN-AS>as</IN-AS><NounPhrase><MOLECULE><OSCARCM><OSCAR-CM>Al3Fe</OSCAR-CM></OSCARCM></MOLECULE><CC>or</CC><MOLECULE><OSCARCM><OSCAR-CM>Al-Fe</OSCAR-CM></OSCARCM></MOLECULE><NN>alloy</NN><WDT>which</WDT></NounPhrase></PrepPhrase></VerbPhrase></ActionPhrase><ActionPhrase type="Synthesize"><VerbPhrase><VBZ>acts</VBZ><PrepPhrase><IN-AS>as</IN-AS><NounPhrase><NN>cathode</NN><NN>site</NN></NounPhrase></PrepPhrase><PrepPhrase><IN-FOR>for</IN-FOR><NounPhrase><NN>corrosion</NN><NN-SYNTHESIZE>reaction</NN-SYNTHESIZE></NounPhrase></PrepPhrase></VerbPhrase></ActionPhrase><STOP>.</STOP></Sentence></Document>
<?xml version="1.0" encoding="UTF-8"?>
<Document><Sentence><PrepPhrase><IN>Around</IN><NounPhrase><DT>these</DT><NN>precipitates</NN><COMMA>,</COMMA><MOLECULE><OSCARCM><OSCAR-CM>aluminum</OSCAR-CM></OSCARCM></MOLECULE><NN>depletion</NN></NounPhrase></PrepPhrase><VerbPhrase><VBZ>leads</VBZ></VerbPhrase><ActionPhrase type="Precipitate"><VerbPhrase><TO>to</TO><VB-PRECIPITATE>precipitate</VB-PRECIPITATE><JJ>massive</JJ></VerbPhrase><NounPhrase><MOLECULE><OSCARCM><OSCAR-CM>Al3Mg2</OSCAR-CM></OSCARCM></MOLECULE><CC>and</CC><MOLECULE><OSCARCM><OSCAR-CM>Mg2Si</OSCAR-CM></OSCARCM></MOLECULE></NounPhrase></ActionPhrase><STOP>.</STOP></Sentence></Document>
<?xml version="1.0" encoding="UTF-8"?>
<Document><Sentence><PrepPhrase><IN-AFTER>After</IN-AFTER><NounPhrase><DT-THE>the</DT-THE><JJ-CHEM>corrosion</JJ-CHEM><NN>test</NN><COMMA>,</COMMA><MOLECULE><OSCARCM><OSCAR-CM>Al3Fe</OSCAR-CM></OSCARCM></MOLECULE><CC>or</CC><MOLECULE><OSCARCM><OSCAR-CM>Al-Fe</OSCAR-CM></OSCARCM></MOLECULE></NounPhrase></PrepPhrase><VerbPhrase><RB>alloy</RB><VBD>remained</VBD><PrepPhrase><IN-IN>in</IN-IN><NounPhrase><DT-THE>the</DT-THE><NN>coating</NN><CC>and</CC><JJ>preferential</JJ><NN>dissolution</NN></NounPhrase></PrepPhrase></VerbPhrase><VerbPhrase><VBD>was</VBD><VBN>observed</VBN><PrepPhrase><IN>around</IN><NounPhrase><DT>these</DT><NN>precipitates</NN></NounPhrase></PrepPhrase></VerbPhrase><STOP>.</STOP></Sentence></Document>
<?xml version="1.0" encoding="UTF-8"?>
<Document><Sentence><NounPhrase><PRP>It</PRP></NounPhrase><VerbPhrase><VBD>was</VBD><VBN>confirmed</VBN><PrepPhrase><IN>that</IN><NounPhrase><PDT>all</PDT></NounPhrase></PrepPhrase></VerbPhrase><NounPhrase><DT-THE>the</DT-THE><NN-CHEMENTITY>phases</NN-CHEMENTITY></NounPhrase><PrepPhrase><JJ>such</JJ><IN>that</IN><NounPhrase><MOLECULE><OSCARCM><OSCAR-CM>Al3Mg2</OSCAR-CM></OSCARCM></MOLECULE><COMMA>,</COMMA><MOLECULE><OSCARCM><OSCAR-CM>Mg2Si</OSCAR-CM></OSCARCM></MOLECULE><COMMA>,</COMMA><MOLECULE><OSCARCM><OSCAR-CM>Al3Fe</OSCAR-CM></OSCARCM></MOLECULE><CC>and</CC><RB>also</RB><JJ-CHEM>quasi-eutectic</JJ-CHEM><NN>structure</NN></NounPhrase></PrepPhrase><COMMA>,</COMMA><VerbPhrase><MD>should</MD><VB>be</VB></VerbPhrase><Unmatched><IN-AS>as</IN-AS></Unmatched><Unmatched><JJ>fine</JJ></Unmatched><Unmatched><IN-AS>as</IN-AS></Unmatched><Unmatched><JJ>possible</JJ></Unmatched><VerbPhrase><TO>to</TO><VB>prevent</VB><VBN>localized</VBN></VerbPhrase><NounPhrase><NN>corrosion</NN><PrepPhrase><IN-OF>of</IN-OF><NounPhrase><NN>coating</NN><NN-CHEMENTITY>layer</NN-CHEMENTITY></NounPhrase></PrepPhrase></NounPhrase><STOP>.</STOP></Sentence></Document>
<?xml version="1.0" encoding="UTF-8"?>
<Document><Sentence><NounPhrase><DT>This</DT><JJ>indicates</JJ><NN>importance</NN></NounPhrase><VerbPhrase><IN-FOR>for</IN-FOR><VBG>controlling</VBG></VerbPhrase><Unmatched><DT-THE>the</DT-THE></Unmatched><PrepPhrase><JJ-CHEM>micro-struc-ture</JJ-CHEM><IN-OF>of</IN-OF><NounPhrase><NN>coating</NN><NN-CHEMENTITY>layer</NN-CHEMENTITY></NounPhrase></PrepPhrase><STOP>.</STOP></Sentence></Document>
<?xml version="1.0" encoding="UTF-8"?>
<Document><Sentence><PrepPhrase><IN-AS>As</IN-AS><NounPhrase><DT>a</DT><NN>test</NN></NounPhrase></PrepPhrase><PrepPhrase><IN-FOR>for</IN-FOR><NounPhrase><JJ>sacrificial</JJ><NN>action</NN><PrepPhrase><IN-OF>of</IN-OF><NounPhrase><JJ-CHEM>quasi-eutectic</JJ-CHEM><JJ-CHEM>alloy</JJ-CHEM><NN>coating</NN></NounPhrase></PrepPhrase></NounPhrase></PrepPhrase><COMMA>,</COMMA><Unmatched><DT>Al-8.2</DT></Unmatched><Unmatched><NN-PERCENT>%</NN-PERCENT></Unmatched><STOP>Mg-4.8</STOP></Sentence><Sentence><Unmatched><NN-PERCENT>%</NN-PERCENT></Unmatched><NounPhrase><MOLECULE><OSCARCM><OSCAR-CM>Si</OSCAR-CM></OSCARCM></MOLECULE></NounPhrase><VerbPhrase><VBD>was</VBD><VBN>used</VBN><PrepPhrase><IN-FOR>for</IN-FOR><NounPhrase><JJ>X-cut</JJ><NN>test</NN><CC>and</CC><JJ>galvanic</JJ><JJ-CHEM>couple</JJ-CHEM><NN>test</NN></NounPhrase></PrepPhrase><PrepPhrase><IN-IN>in</IN-IN><NounPhrase><DT>a</DT><NN-CHEMENTITY>solution</NN-CHEMENTITY><PrepPhrase><IN-OF>of</IN-OF><NounPhrase><MOLECULE><QUANTITY><MOLAR><CD>0.5</CD><NN-MOLAR>M</NN-MOLAR></MOLAR></QUANTITY><OSCARCM><OSCAR-CM>Na2SO4+0.1</OSCAR-CM></OSCARCM></MOLECULE></NounPhrase></PrepPhrase></NounPhrase></PrepPhrase></VerbPhrase><Unmatched><NN-MOLAR>M</NN-MOLAR></Unmatched><NounPhrase><MOLECULE><OSCARCM><OSCAR-CM>NaCl</OSCAR-CM></OSCARCM></MOLECULE></NounPhrase><TimePhrase><IN-FOR>for</IN-FOR><CD>1</CD><NN-TIME>week</NN-TIME></TimePhrase><STOP>.</STOP></Sentence></Document>
<?xml version="1.0" encoding="UTF-8"?>
<Document><Sentence><NounPhrase><DT>No</DT><JJ>red</JJ><NN>rust</NN></NounPhrase><VerbPhrase><VBD>observed</VBD><PrepPhrase><IN-ON>on</IN-ON><NounPhrase><DT-THE>the</DT-THE><JJ>bare</JJ><JJ-CHEM>steel</JJ-CHEM><NN>surface</NN></NounPhrase></PrepPhrase></VerbPhrase><CC>and</CC><NounPhrase><DT-THE>the</DT-THE><JJ-CHEM>galvanic</JJ-CHEM><NN>couple</NN></NounPhrase><VerbPhrase><JJ>current</JJ><VBN>continued</VBN><PrepPhrase><IN>between</IN><NounPhrase><CD>60</CD></NounPhrase></PrepPhrase><PrepPhrase><TO>to</TO><NounPhrase><CD>90</CD><NNS>µA/cm2</NNS></NounPhrase></PrepPhrase><PrepPhrase><IN-FOR>for</IN-FOR><NounPhrase><DT-THE>the</DT-THE><NN>steel</NN></NounPhrase></PrepPhrase></VerbPhrase><STOP>.</STOP></Sentence></Document>
<?xml version="1.0" encoding="UTF-8"?>
<Document><Sentence><NounPhrase><MOLECULE><OSCARCM><OSCAR-CM>Zinc</OSCAR-CM></OSCARCM></MOLECULE></NounPhrase><VerbPhrase><VBZ>has</VBZ><JJ>excellent</JJ></VerbPhrase><NounPhrase><NN>ability</NN></NounPhrase><Unmatched><TO>to</TO></Unmatched><Unmatched><RB>supply</RB></Unmatched><Unmatched><JJ>large</JJ></Unmatched><Unmatched><JJ>anodic</JJ></Unmatched><Unmatched><JJ>current</JJ></Unmatched><VerbPhrase><TO>to</TO><VB>protect</VB></VerbPhrase><NounPhrase><DT>a</DT><JJ>wide</JJ><JJ-CHEM>surface</JJ-CHEM><NN>area</NN><PrepPhrase><IN-OF>of</IN-OF><NounPhrase><NN>steel</NN></NounPhrase></PrepPhrase></NounPhrase><PrepPhrase><JJ>such</JJ><IN>like</IN><NounPhrase><DT>a</DT><JJ>sacrificial</JJ><NN>anode</NN></NounPhrase></PrepPhrase><PrepPhrase><IN-FOR>for</IN-FOR><NounPhrase><NN>catho-dic</NN><NN>protection</NN><PrepPhrase><IN-OF>of</IN-OF><NounPhrase><JJ>structural</JJ><NN-CHEMENTITY>materials</NN-CHEMENTITY></NounPhrase></PrepPhrase></NounPhrase></PrepPhrase><COMMA>,</COMMA><Unmatched><RB>however</RB></Unmatched><Unmatched><COMMA>,</COMMA></Unmatched><NounPhrase><MOLECULE><OSCARCM><OSCAR-CM>Al-Mg-Si</OSCAR-CM></OSCARCM></MOLECULE><NN>alloy</NN><NN>coating</NN></NounPhrase><VerbPhrase><VBZ>has</VBZ><RB>enough</RB></VerbPhrase><NounPhrase><NN>ability</NN></NounPhrase><ActionPhrase type="Degass"><VerbPhrase><TO>to</TO><VB>protect</VB><VB-DEGASS>underlying</VB-DEGASS></VerbPhrase><NounPhrase><NN>steel</NN><WRB>when</WRB></NounPhrase><NounPhrase><DT-THE>the</DT-THE><NN>coating</NN></NounPhrase></ActionPhrase><VerbPhrase><VBN>scratched</VBN></VerbPhrase><CC>or</CC><NounPhrase><PRP>it</PRP></NounPhrase><VerbPhrase><VBZ>has</VBZ><JJ>native</JJ></VerbPhrase><NounPhrase><NN>defects</NN></NounPhrase><STOP>.</STOP></Sentence></Document>
<?xml version="1.0" encoding="UTF-8"?>
<Document><Sentence><Unmatched><IN-OVER>More-over</IN-OVER></Unmatched><Unmatched><COMMA>,</COMMA></Unmatched><NounPhrase><DT-THE>the</DT-THE><JJ-CHEM>corrosion</JJ-CHEM><NN>potential</NN><PrepPhrase><IN-OF>of</IN-OF><NounPhrase><MOLECULE><OSCARCM><OSCAR-CM>zinc</OSCAR-CM></OSCARCM><JJ>coated</JJ></MOLECULE><NN>steel</NN></NounPhrase></PrepPhrase></NounPhrase><PrepPhrase><IN-UNDER>under</IN-UNDER><NounPhrase><JJ>sacrificial</JJ><NN>action</NN></NounPhrase></PrepPhrase><VerbPhrase><VBZ>is</VBZ><RB>usually</RB><PrepPhrase><IN>below</IN><NounPhrase><CD>-1.0</CD><NNP>V</NNP><WRB>where</WRB><MOLECULE><OSCARCM><OSCAR-CM>hydrogen</OSCAR-CM></OSCARCM></MOLECULE><NN>evolution</NN><CC>and</CC><NN>entry</NN></NounPhrase></PrepPhrase><PrepPhrase><IN-INTO>into</IN-INTO><NounPhrase><DT-THE>the</DT-THE><JJ-CHEM>underlying</JJ-CHEM><NN>steel</NN></NounPhrase></PrepPhrase></VerbPhrase><VerbPhrase><MD>will</MD><VB>occur</VB></VerbPhrase><STOP>.</STOP></Sentence></Document>
<?xml version="1.0" encoding="UTF-8"?>
<Document><Sentence><PrepPhrase><IN-ON>On</IN-ON><NounPhrase><DT-THE>the</DT-THE><JJ>other</JJ><NN>hand</NN></NounPhrase></PrepPhrase><COMMA>,</COMMA><Unmatched><IN>that</IN></Unmatched><PrepPhrase><JJ>potential</JJ><IN-FOR>for</IN-FOR><NounPhrase><MOLECULE><OSCARCM><OSCAR-CM>Al-Mg-Si</OSCAR-CM></OSCARCM></MOLECULE><NN>alloy</NN></NounPhrase></PrepPhrase><VerbPhrase><VBN>coated</VBN></VerbPhrase><NounPhrase><NN>steel</NN></NounPhrase><VerbPhrase><RB>usually</RB><VBD>ranged</VBD><PrepPhrase><IN>between</IN><NounPhrase><CD>-0.6</CD></NounPhrase></PrepPhrase><PrepPhrase><TO>to</TO><NounPhrase><CD>-0.75</CD><NNP>V</NNP></NounPhrase></PrepPhrase></VerbPhrase><STOP>.</STOP></Sentence><Sentence><PrepPhrase><IN>Since</IN><NounPhrase><DT-THE>the</DT-THE><NN>amount</NN><PrepPhrase><IN-OF>of</IN-OF><NounPhrase><MOLECULE><OSCARCM><OSCAR-CM>hydrogen</OSCAR-CM></OSCARCM></MOLECULE></NounPhrase></PrepPhrase></NounPhrase></PrepPhrase><PrepPhrase><IN-INTO>into</IN-INTO><NounPhrase><DT>a</DT><NN>steel</NN></NounPhrase></PrepPhrase><VerbPhrase><VBZ>is</VBZ><VBN>controlled</VBN><PrepPhrase><IN-BY>by</IN-BY><NounPhrase><DT-THE>the</DT-THE><NNP-LABEL>elec-Fig.</NNP-LABEL></NounPhrase></PrepPhrase></VerbPhrase></Sentence></Document>
<?xml version="1.0" encoding="UTF-8"?>
<Document><Sentence><NounPhrase><PROCEDURE><CD>4</CD></PROCEDURE><STOP>.</STOP></NounPhrase></Sentence></Document>
<?xml version="1.0" encoding="UTF-8"?>
<Document><Sentence><NounPhrase><NNP>Amount</NNP><PrepPhrase><IN-OF>of</IN-OF><NounPhrase><MOLECULE><OSCARCM><OSCAR-CM>hydrogen</OSCAR-CM></OSCARCM></MOLECULE></NounPhrase></PrepPhrase></NounPhrase><VerbPhrase><VBD>entered</VBD><PrepPhrase><IN-INTO>into</IN-INTO><NounPhrase><JJ>substrate</JJ><NN>steel</NN></NounPhrase></PrepPhrase></VerbPhrase><Unmatched><IN>during</IN></Unmatched><Unmatched><JJ>wet</JJ></Unmatched><Unmatched><CC>and</CC></Unmatched><ActionPhrase type="Dry"><VerbPhrase><VB-DRY>dry</VB-DRY></VerbPhrase><NounPhrase><NN>corrosion</NN><NN-CYCLE>cycle</NN-CYCLE></NounPhrase></ActionPhrase><STOP>.</STOP></Sentence></Document>
<?xml version="1.0" encoding="UTF-8"?>
<Document><Sentence><NounPhrase><DT>Both</DT><JJ>coated</JJ><NNS>steels</NNS></NounPhrase><VerbPhrase><VBD>scratched</VBD></VerbPhrase><NounPhrase><CD>1</CD><CD>mm</CD></NounPhrase><JJ>width</JJ><CC>and</CC><NounPhrase><MOLECULE><QUANTITY><VOLUME><CD>0.2</CD><NN-VOL>µL</NN-VOL></VOLUME></QUANTITY><IN-OF>of</IN-OF><QUANTITY><MOLAR><CD>0.1</CD><NN-MOLAR>N</NN-MOLAR></MOLAR></QUANTITY><OSCARCM><OSCAR-CM>NaCl</OSCAR-CM></OSCARCM><NN-CHEMENTITY>solution</NN-CHEMENTITY></MOLECULE></NounPhrase><VerbPhrase><VBD>was</VBD><VB-SUSPEND>placed</VB-SUSPEND><PrepPhrase><IN-ON>on</IN-ON><NounPhrase><DT-THE>the</DT-THE><NN>scratch</NN></NounPhrase></PrepPhrase></VerbPhrase><STOP>.</STOP></Sentence></Document>
<?xml version="1.0" encoding="UTF-8"?>
<Document><Sentence><NounPhrase><NN>trode</NN></NounPhrase><JJ>potential</JJ><COMMA>,</COMMA><PrepPhrase><RB>so</RB><IN>that</IN><IN-FOR>for</IN-FOR><NounPhrase><MOLECULE><OSCARCM><OSCAR-CM>Al-Mg-Si</OSCAR-CM></OSCARCM></MOLECULE></NounPhrase></PrepPhrase><PrepPhrase><IN>alloy</IN><NounPhrase><JJ>coated</JJ><NN>steel</NN></NounPhrase></PrepPhrase><VerbPhrase><MD>can</MD><VB>be</VB></VerbPhrase><Unmatched><JJ-COMPOUND>expected</JJ-COMPOUND></Unmatched><NounPhrase><JJ>several</JJ><NNS>orders</NNS><PrepPhrase><IN-OF>of</IN-OF><NounPhrase><NN>magnitude</NN></NounPhrase></PrepPhrase></NounPhrase><PrepPhrase><JJR>smaller</JJR><IN>than</IN><NounPhrase><MOLECULE><OSCARCM><OSCAR-CM>zinc</OSCAR-CM></OSCARCM><JJ>coated</JJ></MOLECULE><NN>steel</NN></NounPhrase></PrepPhrase><STOP>.</STOP></Sentence></Document>
<?xml version="1.0" encoding="UTF-8"?>
<Document><Sentence><VerbPhrase><VB-USE>Using</VB-USE></VerbPhrase><NounPhrase><DT>a</DT><MOLECULE><OSCARCM><OSCAR-CM>zinc</OSCAR-CM></OSCARCM><JJ>coated</JJ></MOLECULE><CC>and</CC><MOLECULE><OSCARCM><OSCAR-CM>Al-Mg-Si</OSCAR-CM></OSCARCM><JJ>coated</JJ></MOLECULE><NNS>steels</NNS></NounPhrase><PrepPhrase><IN-WITH>with</IN-WITH><NounPhrase><DT>a</DT><NN>scratch</NN></NounPhrase></PrepPhrase><Unmatched><IN-IN>in</IN-IN></Unmatched><Unmatched><JJ>wet</JJ></Unmatched><Unmatched><CC>and</CC></Unmatched><NounPhrase><JJ-CHEM>dry</JJ-CHEM><JJ-CHEM>cyclic</JJ-CHEM><JJ-CHEM>corrosion</JJ-CHEM><NN>con-dition</NN><COMMA>,</COMMA><NN>amount</NN><PrepPhrase><IN-OF>of</IN-OF><NounPhrase><MOLECULE><OSCARCM><OSCAR-CM>hydrogen</OSCAR-CM></OSCARCM></MOLECULE><NN>permeation</NN></NounPhrase></PrepPhrase></NounPhrase><PrepPhrase><JJ>current</JJ><IN>against</IN><NounPhrase><DT-THE>the</DT-THE><JJ-CHEM>corrosion</JJ-CHEM><NN>potential</NN></NounPhrase></PrepPhrase><VerbPhrase><VBZ>is</VBZ><VBN>shown</VBN><PrepPhrase><IN-IN>in</IN-IN><NounPhrase><NNP-LABEL>Fig.</NNP-LABEL></NounPhrase></PrepPhrase></VerbPhrase></Sentence></Document>
<?xml version="1.0" encoding="UTF-8"?>
<Document><Sentence><NounPhrase><PROCEDURE><CD>4</CD></PROCEDURE><STOP>.</STOP></NounPhrase></Sentence></Document>
<?xml version="1.0" encoding="UTF-8"?>
<Document><Sentence><NounPhrase><DT-THE>The</DT-THE><NN>alloy</NN><FW>composi-tion</FW><PrepPhrase><IN-OF>of</IN-OF><NounPhrase><JJ>evaporated</JJ><NN>coating</NN></NounPhrase></PrepPhrase></NounPhrase><VerbPhrase><VBN>used</VBN><VBZ>is</VBZ></VerbPhrase><NounPhrase><DT>Al-12</DT><JJ-CHEM>%</JJ-CHEM><NNP>Mg-3</NNP></NounPhrase><Unmatched><NN-PERCENT>%</NN-PERCENT></Unmatched><NounPhrase><MOLECULE><OSCARCM><OSCAR-CM>Si</OSCAR-CM></OSCARCM></MOLECULE></NounPhrase><COMMA>,</COMMA><NounPhrase><DT>a</DT><JJ-CHEM>lit-tle</JJ-CHEM><NN>bit</NN></NounPhrase><PrepPhrase><JJ>different</JJ><IN-FROM>from</IN-FROM><NounPhrase><DT-THE>the</DT-THE><JJ-CHEM>quasi-eutectic</JJ-CHEM><NN>composition</NN></NounPhrase></PrepPhrase><CC>and</CC><NounPhrase><DT-THE>the</DT-THE><JJ-CHEM>corrosion</JJ-CHEM><NN>potential</NN></NounPhrase><VerbPhrase><VBZ>is</VBZ><RB>much</RB><JJ>negative</JJ></VerbPhrase><Unmatched><IN>than</IN></Unmatched><Unmatched><JJ>usual</JJ></Unmatched><Unmatched><COMMA>,</COMMA></Unmatched><PrepPhrase><RB>even</RB><IN>so</IN><NounPhrase><DT-THE>the</DT-THE><NN>amount</NN><PrepPhrase><IN-OF>of</IN-OF><NounPhrase><MOLECULE><OSCARCM><OSCAR-CM>hydrogen</OSCAR-CM></OSCARCM></MOLECULE></NounPhrase></PrepPhrase></NounPhrase></PrepPhrase><VerbPhrase><VBN>entered</VBN><VBZ>is</VBZ></VerbPhrase><NounPhrase><CD>five</CD><NN-TIMES>times</NN-TIMES></NounPhrase><JJR>smaller</JJR><Unmatched><IN>than</IN></Unmatched><Unmatched><DT>that</DT></Unmatched><PrepPhrase><IN-OF>of</IN-OF><NounPhrase><MOLECULE><OSCARCM><OSCAR-CM>zinc</OSCAR-CM></OSCARCM><JJ>coated</JJ></MOLECULE><NN>steel.5</NN></NounPhrase></PrepPhrase><Unmatched><_-RRB->)</_-RRB-></Unmatched><VerbPhrase><DT>This</DT><VBZ>suggests</VBZ><PrepPhrase><IN>that</IN><NounPhrase><MOLECULE><OSCARCM><OSCAR-CM>Al-Mg-Si</OSCAR-CM></OSCARCM></MOLECULE><NN>coating</NN></NounPhrase></PrepPhrase></VerbPhrase><VerbPhrase><MD>can</MD><VB>be</VB><VBN>used</VBN><PrepPhrase><IN-FOR>for</IN-FOR><NounPhrase><JJ>high</JJ><NN>strength</NN><NNS>steels</NNS></NounPhrase></PrepPhrase><PrepPhrase><IN-WITHOUT>without</IN-WITHOUT><NounPhrase><NN>risk</NN></NounPhrase></PrepPhrase></VerbPhrase><CC>or</CC><Unmatched><JJR>more</JJR></Unmatched><VerbPhrase><RB>safely</RB><VB>use</VB><PrepPhrase><IN-FOR>for</IN-FOR><NounPhrase><MOLECULE><OSCARCM><OSCAR-CM>hydrogen</OSCAR-CM></OSCARCM></MOLECULE><NN>embrittlement</NN></NounPhrase></PrepPhrase></VerbPhrase><STOP>.</STOP></Sentence></Document>
<?xml version="1.0" encoding="UTF-8"?>
<Document><Sentence><NounPhrase><PROCEDURE><CD>4</CD></PROCEDURE><STOP>.</STOP></NounPhrase></Sentence></Document>
<?xml version="1.0" encoding="UTF-8"?>
<Document><Sentence><ActionPhrase type="Synthesize"><NounPhrase><NNP>Control</NNP><PrepPhrase><IN-OF>of</IN-OF><NounPhrase><NN-SYNTHESIZE>reaction</NN-SYNTHESIZE><NN-CHEMENTITY>layers</NN-CHEMENTITY></NounPhrase></PrepPhrase></NounPhrase><PrepPhrase><IN>at</IN><NounPhrase><DT-THE>the</DT-THE><NN>substrate</NN><CC>and</CC><NN>coating</NN><NN-CHEMENTITY>layer</NN-CHEMENTITY><PRP>It</PRP></NounPhrase></PrepPhrase></ActionPhrase><VerbPhrase><VBZ>is</VBZ><RB>well</RB><VBN>known</VBN><PrepPhrase><IN>that</IN><NounPhrase><MOLECULE><OSCARCM><OSCAR-CM>Al-Fe</OSCAR-CM></OSCARCM><JJ-CHEM>inter-metallic</JJ-CHEM><NN-CHEMENTITY>compounds</NN-CHEMENTITY></MOLECULE><CC>or</CC><MOLECULE><OSCARCM><OSCAR-CM>Al-Fe</OSCAR-CM></OSCARCM></MOLECULE><NN>alloy</NN><NN-CHEMENTITY>layer</NN-CHEMENTITY></NounPhrase></PrepPhrase></VerbPhrase><ActionPhrase type="Yield"><VerbPhrase><VB-YIELD>formed</VB-YIELD></VerbPhrase></ActionPhrase><CC>and</CC><VerbPhrase><VBD>developed</VBD><RB>rapidly</RB></VerbPhrase><CC>and</CC><NounPhrase><DT>these</DT><NN-CHEMENTITY>layers</NN-CHEMENTITY></NounPhrase><VerbPhrase><VBP>are</VBP><RB>usually</RB><JJ>loose</JJ></VerbPhrase><NounPhrase><DT-THE>the</DT-THE><JJ>mechanical</JJ><NN>ductility</NN><PrepPhrase><IN-OF>of</IN-OF><NounPhrase><JJ>coated</JJ><NN-CHEMENTITY>layer</NN-CHEMENTITY></NounPhrase></PrepPhrase></NounPhrase><CC>and</CC><VerbPhrase><VBZ>causes</VBZ></VerbPhrase><NounPhrase><NN>flaking</NN><PrepPhrase><IN-OF>of</IN-OF><NounPhrase><DT-THE>the</DT-THE><JJ>coated</JJ><NN-CHEMENTITY>layer</NN-CHEMENTITY></NounPhrase></PrepPhrase></NounPhrase><STOP>.</STOP></Sentence></Document>
<?xml version="1.0" encoding="UTF-8"?>
<Document><Sentence><ActionPhrase type="Add"><NounPhrase><PRP>It</PRP></NounPhrase><VerbPhrase><VBZ>is</VBZ><RB>also</RB><VBN>known</VBN><PrepPhrase><IN>that</IN><NounPhrase><NN-ADD>addition</NN-ADD><PrepPhrase><IN-OF>of</IN-OF><NounPhrase><MOLECULE><OSCARCM><OSCAR-CM>silicone</OSCAR-CM></OSCARCM></MOLECULE></NounPhrase></PrepPhrase></NounPhrase></PrepPhrase></VerbPhrase></ActionPhrase><VerbPhrase><VBZ>decreases</VBZ></VerbPhrase><NounPhrase><DT-THE>the</DT-THE><JJ-CHEM>alloy</JJ-CHEM><NN-CHEMENTITY>layer</NN-CHEMENTITY><NN>growth</NN></NounPhrase><ActionPhrase type="Yield"><VerbPhrase><IN-BY>by</IN-BY><VB-YIELD>forming</VB-YIELD></VerbPhrase><NounPhrase><MOLECULE><OSCARCM><OSCAR-CM>Al-Si-Fe</OSCAR-CM></OSCARCM><NN-CHEMENTITY>layer</NN-CHEMENTITY></MOLECULE></NounPhrase></ActionPhrase><RB-CONJ>prior</RB-CONJ><PrepPhrase><TO>to</TO><NounPhrase><DT-THE>the</DT-THE><JJ-CHEM>alloy</JJ-CHEM><NN-CHEMENTITY>layer</NN-CHEMENTITY><NN>formation</NN></NounPhrase></PrepPhrase><STOP>.</STOP></Sentence></Document>
<?xml version="1.0" encoding="UTF-8"?>
<Document><Sentence><NounPhrase><JJ>Similar</JJ><NN>effect</NN></NounPhrase><VerbPhrase><VBD>was</VBD><VBN>observed</VBN><PrepPhrase><IN-FOR>for</IN-FOR><NounPhrase><JJ-CHEM>hot-dip</JJ-CHEM><MOLECULE><OSCARCM><OSCAR-CM>Al-Mg-Si</OSCAR-CM></OSCARCM></MOLECULE><NN>alloy</NN><NN>coating</NN></NounPhrase></PrepPhrase></VerbPhrase><STOP>.</STOP></Sentence></Document>
<?xml version="1.0" encoding="UTF-8"?>
<Document><Sentence><ActionPhrase type="Synthesize"><NounPhrase><NN-SYNTHESIZE>Reaction</NN-SYNTHESIZE><NN-CHEMENTITY>layer</NN-CHEMENTITY><NN>thickness</NN></NounPhrase><TimePhrase><IN-WITH>with</IN-WITH><NN-TIME>time</NN-TIME></TimePhrase></ActionPhrase><VerbPhrase><VBZ>is</VBZ><VBN>shown</VBN><PrepPhrase><IN-IN>in</IN-IN><NounPhrase><NNP-LABEL>Fig.</NNP-LABEL></NounPhrase></PrepPhrase></VerbPhrase></Sentence></Document>
<?xml version="1.0" encoding="UTF-8"?>
<Document><Sentence><ActionPhrase type="ApparatusAction"><NounPhrase><CD>5</CD><COMMA>,</COMMA><WRB>where</WRB><MOLECULE><JJ>pure</JJ><OSCARCM><OSCAR-CM>iron</OSCAR-CM></OSCARCM></MOLECULE></NounPhrase><VerbPhrase><VBD>was</VBD><VBN>dipped</VBN><PrepPhrase><IN-INTO>into</IN-INTO><NounPhrase><MultipleApparatus><APPARATUS><JJ>pure</JJ><MOLECULE><OSCARCM><OSCAR-CM>aluminum</OSCAR-CM></OSCARCM></MOLECULE><NN-APPARATUS>bath</NN-APPARATUS></APPARATUS></MultipleApparatus></NounPhrase></PrepPhrase></VerbPhrase></ActionPhrase><CC>and</CC><Unmatched><DT>Al-8.2</DT></Unmatched><Unmatched><NN-PERCENT>%</NN-PERCENT></Unmatched><Unmatched><CC>Mg-4.8</CC></Unmatched><Unmatched><NN-PERCENT>%</NN-PERCENT></Unmatched><NounPhrase><MultipleApparatus><APPARATUS><MOLECULE><OSCARCM><OSCAR-CM>Si</OSCAR-CM></OSCARCM></MOLECULE><NN-APPARATUS>bath</NN-APPARATUS></APPARATUS></MultipleApparatus></NounPhrase><PrepPhrase><IN>at</IN><NounPhrase><CD>973</CD><CC>and</CC><CD>923</CD><NN-TEMP>K</NN-TEMP></NounPhrase></PrepPhrase><PrepPhrase><IN-FOR>for</IN-FOR><NounPhrase><CD>2</CD></NounPhrase></PrepPhrase><PrepPhrase><TO>to</TO><NounPhrase><UNNAMEDMOLECULE><REFERENCETOCOMPOUND><CD-ALPHANUM>60s</CD-ALPHANUM></REFERENCETOCOMPOUND></UNNAMEDMOLECULE></NounPhrase></PrepPhrase><STOP>.</STOP></Sentence></Document>
<?xml version="1.0" encoding="UTF-8"?>
<Document><Sentence><PrepPhrase><IN-IN>In</IN-IN><NounPhrase><NN>case</NN><PrepPhrase><IN-OF>of</IN-OF><NounPhrase><MOLECULE><OSCARCM><OSCAR-CM>Al-Mg-Si</OSCAR-CM></OSCARCM></MOLECULE><NN>alloy</NN></NounPhrase></PrepPhrase></NounPhrase></PrepPhrase><COMMA>,</COMMA><NounPhrase><DT-THE>the</DT-THE><JJ-CHEM>reaction</JJ-CHEM><NN-CHEMENTITY>layer</NN-CHEMENTITY><NN>thickness</NN></NounPhrase><VerbPhrase><RB>largely</RB><VBD>suppressed</VBD></VerbPhrase><CC>and</CC><VerbPhrase><VBD>lowered</VBD></VerbPhrase><NounPhrase><DT-THE>the</DT-THE><JJ-CHEM>growth</JJ-CHEM><NN>rate.6</NN></NounPhrase><Unmatched><_-RRB->)</_-RRB-></Unmatched><NounPhrase><NN-TEMP>Temperature</NN-TEMP></NounPhrase><Unmatched><IN-OF>of</IN-OF></Unmatched><Unmatched><DT-THE>the</DT-THE></Unmatched><VerbPhrase><VBN>melted</VBN><VB>alloy</VB></VerbPhrase><NounPhrase><MultipleApparatus><APPARATUS><NN-APPARATUS>bath</NN-APPARATUS></APPARATUS></MultipleApparatus></NounPhrase><COMMA>,</COMMA><ActionPhrase type="Cool"><NounPhrase><NN-TIME>time</NN-TIME></NounPhrase><PrepPhrase><IN-FOR>for</IN-FOR><NounPhrase><FW>im-mersion</FW></NounPhrase></PrepPhrase><CC>and</CC><VerbPhrase><VB-COOL>cooling</VB-COOL></VerbPhrase><NounPhrase><NN>rate</NN><PrepPhrase><IN-OF>of</IN-OF><NounPhrase><JJ>coated</JJ><NN>steel</NN></NounPhrase></PrepPhrase></NounPhrase></ActionPhrase><VerbPhrase><VBP>are</VBP><RB>also</RB><JJ>important</JJ></VerbPhrase><NounPhrase><NNS>factors</NNS></NounPhrase><PrepPhrase><IN-FOR>for</IN-FOR><NounPhrase><DT-THE>the</DT-THE><NN>structure</NN><PrepPhrase><IN-OF>of</IN-OF><NounPhrase><DT-THE>the</DT-THE><JJ-CHEM>coating</JJ-CHEM><NN-CHEMENTITY>layer</NN-CHEMENTITY></NounPhrase></PrepPhrase></NounPhrase></PrepPhrase><STOP>.</STOP></Sentence></Document>
<?xml version="1.0" encoding="UTF-8"?>
<Document><Sentence><NounPhrase><NNP-LABEL>Fig.</NNP-LABEL></NounPhrase></Sentence></Document>
<?xml version="1.0" encoding="UTF-8"?>
<Document><Sentence><NounPhrase><CD>6</CD></NounPhrase><VerbPhrase><VBZ>shows</VBZ></VerbPhrase><NounPhrase><MOLECULE><OSCARCM><OSCAR-CM>TOORU</OSCAR-CM></OSCARCM></MOLECULE><NNP>TSURU</NNP><CD>236</CD><MOLECULE><OSCARCM><OSCAR-CM>CORROSION</OSCAR-CM></OSCARCM></MOLECULE><NNP>SCIENCE</NNP><CC>AND</CC><MOLECULE><OSCARCM><OSCAR-CM>TECHNOLOGY</OSCAR-CM></OSCARCM></MOLECULE><NNPS>Vol.9</NNPS><COMMA>,</COMMA><MOLECULE><OSCARCM><OSCAR-CM>No.6</OSCAR-CM></OSCARCM></MOLECULE><COMMA>,</COMMA><CD>2010</CD><NNP-LABEL>Fig.</NNP-LABEL></NounPhrase></Sentence></Document>
<?xml version="1.0" encoding="UTF-8"?>
<Document><Sentence><NounPhrase><PROCEDURE><CD>6</CD></PROCEDURE><STOP>.</STOP></NounPhrase></Sentence></Document>
<?xml version="1.0" encoding="UTF-8"?>
<Document><Sentence><NounPhrase><NN>Effect</NN><PrepPhrase><IN-OF>of</IN-OF><NounPhrase><NN>melt</NN><NN-TEMP>temperature</NN-TEMP><CC>and</CC><NN>immersion</NN><NN-TIME>time</NN-TIME></NounPhrase></PrepPhrase></NounPhrase><PrepPhrase><IN-ON>on</IN-ON><NounPhrase><DT-THE>the</DT-THE><NN>morphology</NN><PrepPhrase><IN-OF>of</IN-OF><NounPhrase><NN>coating</NN><NN-CHEMENTITY>layer</NN-CHEMENTITY><NNP-LABEL>Fig.</NNP-LABEL></NounPhrase></PrepPhrase></NounPhrase></PrepPhrase></Sentence></Document>
<?xml version="1.0" encoding="UTF-8"?>
<Document><Sentence><NounPhrase><PROCEDURE><CD>5</CD></PROCEDURE><STOP>.</STOP></NounPhrase></Sentence></Document>
<?xml version="1.0" encoding="UTF-8"?>
<Document><Sentence><ActionPhrase type="Yield"><NounPhrase><NN>Thickness</NN><PrepPhrase><IN-OF>of</IN-OF><NounPhrase><DT-THE>the</DT-THE><JJ-CHEM>reaction</JJ-CHEM><NN-CHEMENTITY>layer</NN-CHEMENTITY></NounPhrase></PrepPhrase></NounPhrase><VerbPhrase><VB-YIELD>formed</VB-YIELD><PrepPhrase><IN-ON>on</IN-ON><NounPhrase><JJ>pure</JJ><FW>Al</FW><CC>and</CC><MOLECULE><OSCARCM><OSCAR-CM>Al-Mg-Si</OSCAR-CM></OSCARCM></MOLECULE><NN>coating</NN></NounPhrase></PrepPhrase></VerbPhrase><NounPhrase><DT>a</DT><JJ>typical</JJ><NN-EXAMPLE>example</NN-EXAMPLE><PrepPhrase><IN-OF>of</IN-OF><NounPhrase><DT-THE>the</DT-THE><NN>effect</NN></NounPhrase></PrepPhrase></NounPhrase></ActionPhrase><ActionPhrase type="Cool"><VerbPhrase><IN-OF>of</IN-OF><VB-COOL>cooling</VB-COOL></VerbPhrase><NounPhrase><NN>rate</NN></NounPhrase><PrepPhrase><IN-ON>on</IN-ON><NounPhrase><DT-THE>the</DT-THE><NN>structure</NN></NounPhrase></PrepPhrase></ActionPhrase><STOP>.</STOP></Sentence></Document>
<?xml version="1.0" encoding="UTF-8"?>
<Document><Sentence><PrepPhrase><IN-IN>In</IN-IN><NounPhrase><NN>case</NN><PrepPhrase><IN-OF>of</IN-OF><NounPhrase><JJ>fast</JJ><JJ-CHEM>cooling</JJ-CHEM><NN>rate</NN><COMMA>,</COMMA><JJ>massive</JJ><MOLECULE><OSCARCM><OSCAR-CM>Mg2Si</OSCAR-CM></OSCARCM></MOLECULE><CC>and</CC><JJ-CHEM>needle-shaped</JJ-CHEM><MOLECULE><OSCARCM><OSCAR-CM>Al-Fe</OSCAR-CM></OSCARCM><NN-CHEMENTITY>compound</NN-CHEMENTITY></MOLECULE></NounPhrase></PrepPhrase></NounPhrase></PrepPhrase><VerbPhrase><VBD>disappeared</VBD></VerbPhrase><CC>and</CC><NounPhrase><PRP>they</PRP></NounPhrase><PrepPhrase><JJ-CHEM>dis-persed</JJ-CHEM><IN-AS>as</IN-AS><NounPhrase><JJ>fine</JJ><NN>particles</NN></NounPhrase></PrepPhrase><STOP>.</STOP></Sentence></Document>
<?xml version="1.0" encoding="UTF-8"?>
<Document><Sentence><NounPhrase><PROCEDURE><CD>5</CD></PROCEDURE><STOP>.</STOP></NounPhrase></Sentence></Document>
<?xml version="1.0" encoding="UTF-8"?>
<Document><Sentence><NounPhrase><JJ>Mechanical</JJ><NNS>properties</NNS></NounPhrase><CC>and</CC><VerbPhrase><VBG>flaking</VBG></VerbPhrase><NounPhrase><FW>mecha-nisms</FW><NNP>Crack</NNP><NN>growth</NN><CC>and</CC><NN>flaking</NN><PrepPhrase><IN-OF>of</IN-OF><NounPhrase><JJ>coated</JJ><NN-CHEMENTITY>layer</NN-CHEMENTITY></NounPhrase></PrepPhrase></NounPhrase><PrepPhrase><IN-ON>on</IN-ON><NounPhrase><DT>a</DT><NN>steel</NN></NounPhrase></PrepPhrase><VerbPhrase><VBZ>is</VBZ><JJ>important</JJ></VerbPhrase><NounPhrase><NNS>characteristics</NNS></NounPhrase><PrepPhrase><IN-FOR>for</IN-FOR><NounPhrase><JJ>mechanical</JJ><JJ-CHEM>forming</JJ-CHEM><JJ>coated</JJ><NN>steel</NN></NounPhrase></PrepPhrase><STOP>.</STOP></Sentence></Document>
<?xml version="1.0" encoding="UTF-8"?>
<Document><Sentence><NounPhrase><DT-THE>The</DT-THE><JJ>author's</JJ><NN>group</NN></NounPhrase><VerbPhrase><VBN>developed</VBN></VerbPhrase><NounPhrase><PROCEDURE><NN-METHOD>methods</NN-METHOD></PROCEDURE></NounPhrase><PrepPhrase><IN-FOR>for</IN-FOR><NounPhrase><JJ-CHEM>con-tinuous</JJ-CHEM><NN>observation</NN><PrepPhrase><IN-OF>of</IN-OF><NounPhrase><JJ>deforming</JJ><NN>process</NN></NounPhrase></PrepPhrase></NounPhrase></PrepPhrase><PrepPhrase><IN-UNDER>under</IN-UNDER><NounPhrase><JJ>optical</JJ><NNS>mi-croscope</NNS><MIXTURE><_-LRB->(</_-LRB-><NNP>OM</NNP><_-RRB->)</_-RRB-></MIXTURE></NounPhrase></PrepPhrase><CC>and</CC><VerbPhrase><VBG>scanning</VBG></VerbPhrase><NounPhrase><NN>electron</NN><NN>microscope</NN><MIXTURE><_-LRB->(</_-LRB-><NNP>SEM</NNP><_-RRB->)</_-RRB-></MIXTURE></NounPhrase><STOP>.</STOP></Sentence></Document>
<?xml version="1.0" encoding="UTF-8"?>
<Document><Sentence><NounPhrase><NNP>SEM</NNP><NN>observation</NN></NounPhrase><VerbPhrase><IN-FOR>for</IN-FOR><VBG>bending</VBG></VerbPhrase><NounPhrase><MOLECULE><OSCARCM><OSCAR-CM>Al-8</OSCAR-CM></OSCARCM></MOLECULE></NounPhrase><Unmatched><NN-PERCENT>%</NN-PERCENT></Unmatched><NounPhrase><MOLECULE><OSCARCM><OSCAR-CM>Si</OSCAR-CM></OSCARCM><JJ-CHEM>hot-dip</JJ-CHEM></MOLECULE><JJ>coated</JJ><NN>steel</NN></NounPhrase><VerbPhrase><VBZ>is</VBZ><VBN>shown</VBN><PrepPhrase><IN-IN>in</IN-IN><NounPhrase><NNP-LABEL>Fig.</NNP-LABEL></NounPhrase></PrepPhrase></VerbPhrase></Sentence></Document>
<?xml version="1.0" encoding="UTF-8"?>
<Document><Sentence><NounPhrase><CD>7</CD><WRB>where</WRB><JJ>white</JJ><NNS>triangles</NNS><UNNAMEDMOLECULE><REFERENCETOCOMPOUND><_-LRB->(</_-LRB-><NN-IDENTIFIER>Δ</NN-IDENTIFIER><_-RRB->)</_-RRB-></REFERENCETOCOMPOUND></UNNAMEDMOLECULE></NounPhrase><VerbPhrase><VBP>indicate</VBP><VBN>preexisted</VBN></VerbPhrase><NounPhrase><NNS>cracks</NNS></NounPhrase><PrepPhrase><IN-IN>in</IN-IN><NounPhrase><DT-THE>the</DT-THE><JJ-CHEM>reaction</JJ-CHEM><NN-CHEMENTITY>layer</NN-CHEMENTITY><CC>and</CC><JJ>black</JJ><NNS>triangles</NNS><MIXTURE><_-LRB->(</_-LRB-><NN>▲</NN><_-RRB->)</_-RRB-></MIXTURE></NounPhrase></PrepPhrase><VerbPhrase><VBP>indicate</VBP><RB>newly</RB><JJ-CHEM>formed</JJ-CHEM></VerbPhrase><NounPhrase><NNS>cracks</NNS></NounPhrase><PrepPhrase><IN-BY>by</IN-BY><NounPhrase><NNS>deformation.7</NNS></NounPhrase></PrepPhrase><Unmatched><_-RRB->)</_-RRB-></Unmatched><PrepPhrase><IN-BY>By</IN-BY><NounPhrase><NN>deformation</NN></NounPhrase></PrepPhrase><VerbPhrase><IN-OF>of</IN-OF><VBG>bending</VBG></VerbPhrase><COMMA>,</COMMA><NounPhrase><NN>number</NN></NounPhrase><CC>and</CC><PrepPhrase><JJ>width</JJ><IN-OF>of</IN-OF><NounPhrase><NNS>cracks</NNS></NounPhrase></PrepPhrase><JJ-CHEM>in-creased</JJ-CHEM><COMMA>,</COMMA><Unmatched><RB>however</RB></Unmatched><Unmatched><COMMA>,</COMMA></Unmatched><VerbPhrase><DT>these</DT><VBZ>does</VBZ><NEG>not</NEG><VB>act</VB><PrepPhrase><IN-AS>as</IN-AS><NounPhrase><DT>an</DT><NN>origin</NN><PrepPhrase><IN-OF>of</IN-OF><NounPhrase><NN>crack</NN><PrepPhrase><IN-OF>of</IN-OF><NounPhrase><JJ>coated</JJ><NN-CHEMENTITY>layer</NN-CHEMENTITY></NounPhrase></PrepPhrase></NounPhrase></PrepPhrase></NounPhrase></PrepPhrase></VerbPhrase><STOP>.</STOP></Sentence></Document>
<?xml version="1.0" encoding="UTF-8"?>
<Document><Sentence><PrepPhrase><IN-FOR>For</IN-FOR><NounPhrase><DT-THE>the</DT-THE><MOLECULE><OSCARCM><OSCAR-CM>Al-8</OSCAR-CM></OSCARCM></MOLECULE></NounPhrase></PrepPhrase><Unmatched><NN-PERCENT>%</NN-PERCENT></Unmatched><NounPhrase><MOLECULE><OSCARCM><OSCAR-CM>Si</OSCAR-CM></OSCARCM><JJ>coated</JJ></MOLECULE><NN>steel</NN></NounPhrase><COMMA>,</COMMA><NounPhrase><DT>no</DT><JJ>apparent</JJ><NN>crack</NN></NounPhrase><VerbPhrase><VBD>was</VBD><VBN>observed</VBN></VerbPhrase><PrepPhrase><IN-AFTER>after</IN-AFTER><NounPhrase><CD>180</CD><NN>degree</NN></NounPhrase></PrepPhrase><VerbPhrase><VBG>bending</VBG></VerbPhrase><STOP>.</STOP></Sentence></Document>
<?xml version="1.0" encoding="UTF-8"?>
<Document><Sentence><NounPhrase><NNP-LABEL>Fig.</NNP-LABEL></NounPhrase></Sentence></Document>
<?xml version="1.0" encoding="UTF-8"?>
<Document><Sentence><NounPhrase><CD>8</CD></NounPhrase><VerbPhrase><VBZ>shows</VBZ></VerbPhrase><Unmatched><DT-THE>the</DT-THE></Unmatched><ActionPhrase type="Yield"><VerbPhrase><VB-YIELD>result</VB-YIELD><PrepPhrase><IN-OF>of</IN-OF><NounPhrase><MOLECULE><OSCARCM><OSCAR-CM>OM</OSCAR-CM></OSCARCM></MOLECULE><NN>observation</NN></NounPhrase></PrepPhrase><PrepPhrase><IN-FOR>for</IN-FOR><NounPhrase><MOLECULE><OSCARCM><OSCAR-CM>Al-Mg-Si</OSCAR-CM></OSCARCM><JJ-CHEM>hot-dip</JJ-CHEM></MOLECULE><JJ>coated</JJ><NN>steel.7</NN></NounPhrase></PrepPhrase></VerbPhrase><Unmatched><_-RRB->)</_-RRB-></Unmatched><PrepPhrase><IN-IN>In</IN-IN><NounPhrase><DT>this</DT><NN>case</NN></NounPhrase></PrepPhrase><NounPhrase><DT>no</DT><JJ>preexist</JJ><NN>crack</NN></NounPhrase><PrepPhrase><JJ-CHEM>ob-served</JJ-CHEM><IN-IN>in</IN-IN><NounPhrase><DT-THE>the</DT-THE><JJ-CHEM>reaction</JJ-CHEM><NN-CHEMENTITY>layer</NN-CHEMENTITY></NounPhrase></PrepPhrase></ActionPhrase><STOP>.</STOP></Sentence></Document>
<?xml version="1.0" encoding="UTF-8"?>
<Document><Sentence><PrepPhrase><IN>At</IN><NounPhrase><DT-THE>the</DT-THE><JJ>lateral</JJ><NN>strain</NN><PrepPhrase><IN-OF>of</IN-OF><NounPhrase><QUANTITY><PERCENT><CD>4.6</CD><NN-PERCENT>%</NN-PERCENT></PERCENT></QUANTITY><COMMA>,</COMMA><JJ>vertical</JJ><NNS>cracks</NNS></NounPhrase></PrepPhrase></NounPhrase></PrepPhrase><VerbPhrase><VBN>observed</VBN><PrepPhrase><IN-IN>in</IN-IN><NounPhrase><DT-THE>the</DT-THE><JJ-CHEM>reaction</JJ-CHEM><NN-CHEMENTITY>layer</NN-CHEMENTITY></NounPhrase></PrepPhrase></VerbPhrase><RB-CONJ>then</RB-CONJ><NounPhrase><JJ>several</JJ><NNS>cracks</NNS></NounPhrase><VerbPhrase><VBD>were</VBD><VBN>coupled</VBN><PrepPhrase><IN-BY>by</IN-BY><NounPhrase><DT>a</DT><JJ>lateral</JJ><NN>crack</NN></NounPhrase></PrepPhrase></VerbPhrase><STOP>.</STOP></Sentence></Document>
<?xml version="1.0" encoding="UTF-8"?>
<Document><Sentence><VerbPhrase><VBG>Flaking</VBG></VerbPhrase><NounPhrase><NNS>stats</NNS></NounPhrase><PrepPhrase><IN-FROM>from</IN-FROM><NounPhrase><DT>this</DT><JJ>coupled</JJ><NN>crack</NN><WRB>when</WRB></NounPhrase></PrepPhrase><NounPhrase><DT-THE>the</DT-THE><JJ>lateral</JJ><NNS>cracks</NNS></NounPhrase><VerbPhrase><VBN>coupled</VBN><RB>much</RB><RBR>more</RBR></VerbPhrase><CC>and</CC><VerbPhrase><VBD>opened</VBD><RB>widely</RB></VerbPhrase><STOP>.</STOP></Sentence></Document>
<?xml version="1.0" encoding="UTF-8"?>
<Document><Sentence><NounPhrase><PRP>It</PRP></NounPhrase><VerbPhrase><VBZ>is</VBZ><RB>also</RB><VBN>confirmed</VBN><PrepPhrase><IN>that</IN><NounPhrase><DT>no</DT><NNS>cracks</NNS></NounPhrase></PrepPhrase><PrepPhrase><IN-IN>in</IN-IN><NounPhrase><DT-THE>the</DT-THE><JJ-CHEM>coating</JJ-CHEM><NN-CHEMENTITY>layer</NN-CHEMENTITY></NounPhrase></PrepPhrase></VerbPhrase><VerbPhrase><VBD>originated</VBD><PrepPhrase><IN-FROM>from</IN-FROM><NounPhrase><DT-THE>the</DT-THE><JJ>vertical</JJ><NNS>cracks</NNS></NounPhrase></PrepPhrase><PrepPhrase><IN-IN>in</IN-IN><NounPhrase><DT-THE>the</DT-THE><JJ-CHEM>reaction</JJ-CHEM><NN-CHEMENTITY>layer</NN-CHEMENTITY><RB>even</RB><WRB>when</WRB></NounPhrase></PrepPhrase></VerbPhrase><NounPhrase><DT-THE>the</DT-THE><JJ>later</JJ><NN>crack</NN></NounPhrase><VerbPhrase><VBD>opened</VBD><RB>widely</RB></VerbPhrase><STOP>.</STOP></Sentence></Document>
<?xml version="1.0" encoding="UTF-8"?>
<Document><Sentence><NounPhrase><NNP>Crack</NNP><NN>initiation</NN></NounPhrase><PrepPhrase><IN-FOR>for</IN-FOR><NounPhrase><DT>both</DT><NNS>directions</NNS></NounPhrase></PrepPhrase><VerbPhrase><VBD>depended</VBD><PrepPhrase><IN>upon</IN><NounPhrase><DT-THE>the</DT-THE><NN>thickness</NN><PrepPhrase><IN-OF>of</IN-OF><NounPhrase><DT-THE>the</DT-THE><JJ-CHEM>reaction</JJ-CHEM><NN-CHEMENTITY>layer</NN-CHEMENTITY></NounPhrase></PrepPhrase></NounPhrase></PrepPhrase></VerbPhrase><COMMA>,</COMMA><VerbPhrase><IN-AS>as</IN-AS><VBN>shown</VBN><PrepPhrase><IN-IN>in</IN-IN><NounPhrase><NNP-LABEL>Fig.</NNP-LABEL></NounPhrase></PrepPhrase></VerbPhrase></Sentence></Document>
<?xml version="1.0" encoding="UTF-8"?>
<Document><Sentence><NounPhrase><PROCEDURE><CD>9</CD></PROCEDURE><STOP>.</STOP></NounPhrase></Sentence></Document>
<?xml version="1.0" encoding="UTF-8"?>
<Document><Sentence><ActionPhrase type="Yield"><PrepPhrase><IN-FOR>For</IN-FOR><NounPhrase><DT-THE>the</DT-THE><NN>initiation</NN><PrepPhrase><IN-OF>of</IN-OF><NounPhrase><JJ>horizontal</JJ><NNS>cracks</NNS><WDT>which</WDT></NounPhrase></PrepPhrase></NounPhrase></PrepPhrase><VerbPhrase><MD>will</MD><VB-YIELD>result</VB-YIELD></VerbPhrase><NounPhrase><NN>flaking</NN></NounPhrase></ActionPhrase><CC>or</CC><VerbPhrase><VB>peel</VB><IN-OFF>off</IN-OFF><PrepPhrase><IN-OF>of</IN-OF><NounPhrase><NN>coating</NN><NN-CHEMENTITY>layer</NN-CHEMENTITY></NounPhrase></PrepPhrase></VerbPhrase><COMMA>,</COMMA><VerbPhrase><VBG>reducing</VBG></VerbPhrase><NounPhrase><DT-THE>the</DT-THE><JJ-CHEM>reaction</JJ-CHEM><NN-CHEMENTITY>layer</NN-CHEMENTITY><NN>thickness</NN></NounPhrase><ActionPhrase type="Heat"><VerbPhrase><VB-INCREASE>increases</VB-INCREASE></VerbPhrase><NounPhrase><DT-THE>the</DT-THE><NN>strain</NN></NounPhrase></ActionPhrase><VerbPhrase><TO>to</TO><VB>start</VB><JJ>horizontal</JJ></VerbPhrase><NounPhrase><JJ-CHEM>crack</JJ-CHEM><NN>initiation</NN></NounPhrase><STOP>.</STOP></Sentence></Document>
<?xml version="1.0" encoding="UTF-8"?>
<Document><Sentence><PrepPhrase><IN-IN>In</IN-IN><NounPhrase><JJ>other</JJ><NN>words</NN></NounPhrase></PrepPhrase><COMMA>,</COMMA><VerbPhrase><VBG>decreasing</VBG></VerbPhrase><NounPhrase><DT-THE>the</DT-THE><NN>thickness</NN><PrepPhrase><IN-OF>of</IN-OF><NounPhrase><DT-THE>the</DT-THE><NNP>HOT-DIPPED</NNP><NNP>AL-MG-SI</NNP><NNP>COATING</NNP><NNP>STEEL-ITS</NNP><MOLECULE><OSCARCM><OSCAR-CM>STRUCTURE</OSCAR-CM></OSCARCM></MOLECULE><COMMA>,</COMMA><MOLECULE><OSCARCM><OSCAR-CM>ELECTROCHEMICAL</OSCAR-CM></OSCARCM></MOLECULE><CC>AND</CC><MOLECULE><OSCARCM><OSCAR-CM>MECHANICAL</OSCAR-CM></OSCARCM></MOLECULE><NNS>PROPERTIES</NNS></NounPhrase></PrepPhrase></NounPhrase><Unmatched><DASH>-</DASH></Unmatched><NounPhrase><CD>237CORROSION</CD><NNP>SCIENCE</NNP><CC>AND</CC><MOLECULE><OSCARCM><OSCAR-CM>TECHNOLOGY</OSCAR-CM></OSCARCM></MOLECULE><NNPS>Vol.9</NNPS><COMMA>,</COMMA><MOLECULE><OSCARCM><OSCAR-CM>No.6</OSCAR-CM></OSCARCM></MOLECULE><COMMA>,</COMMA><CD>2010</CD><NNP-LABEL>Fig.</NNP-LABEL></NounPhrase></Sentence></Document>
<?xml version="1.0" encoding="UTF-8"?>
<Document><Sentence><NounPhrase><PROCEDURE><CD>7</CD></PROCEDURE><STOP>.</STOP></NounPhrase></Sentence></Document>
<?xml version="1.0" encoding="UTF-8"?>
<Document><Sentence><ActionPhrase type="Synthesize"><NounPhrase><NNS>Cracks</NNS><NN>formation</NN><CC>and</CC><NN>propagation</NN><PrepPhrase><IN-IN>in</IN-IN><MOLECULE><OSCARCM><OSCAR-CM>Al-Fe</OSCAR-CM></OSCARCM></MOLECULE></PrepPhrase></NounPhrase><NounPhrase><NN-SYNTHESIZE>reaction</NN-SYNTHESIZE><NN-CHEMENTITY>layer</NN-CHEMENTITY></NounPhrase></ActionPhrase><STOP>.</STOP></Sentence><Sentence><Unmatched><_-LRB->(</_-LRB-></Unmatched></Sentence></Document>
<?xml version="1.0" encoding="UTF-8"?>
<Document><Sentence><NounPhrase><PROCEDURE><NN-IDENTIFIER>a</NN-IDENTIFIER></PROCEDURE><_-RRB->)</_-RRB-></NounPhrase></Sentence><Sentence><VerbPhrase><IN-BEFORE>before</IN-BEFORE><VBG>bending</VBG></VerbPhrase><COMMA>,</COMMA><NounPhrase><DT>Δ</DT><JJ>indicates</JJ><JJ>preexist</JJ><NN>crack</NN><COMMA>,</COMMA><UNNAMEDMOLECULE><REFERENCETOCOMPOUND><_-LRB->(</_-LRB-><NN-IDENTIFIER>b</NN-IDENTIFIER><_-RRB->)</_-RRB-></REFERENCETOCOMPOUND></UNNAMEDMOLECULE></NounPhrase><VerbPhrase><VBG>bending</VBG></VerbPhrase><NounPhrase><NN>angle</NN><NN>θ</NN><SYM>=</SYM><CD>4.2º</CD><COMMA>,</COMMA><UNNAMEDMOLECULE><REFERENCETOCOMPOUND><_-LRB->(</_-LRB-><NN-IDENTIFIER>c</NN-IDENTIFIER><_-RRB->)</_-RRB-></REFERENCETOCOMPOUND></UNNAMEDMOLECULE><NN>θ</NN><SYM>=</SYM><CD>12.7º</CD><COMMA>,</COMMA><UNNAMEDMOLECULE><REFERENCETOCOMPOUND><_-LRB->(</_-LRB-><NN-IDENTIFIER>d</NN-IDENTIFIER><_-RRB->)</_-RRB-></REFERENCETOCOMPOUND></UNNAMEDMOLECULE><NN>θ</NN><SYM>=</SYM><CD>25.0º</CD><COMMA>,</COMMA><UNNAMEDMOLECULE><REFERENCETOCOMPOUND><_-LRB->(</_-LRB-><NN-IDENTIFIER>e</NN-IDENTIFIER><_-RRB->)</_-RRB-></REFERENCETOCOMPOUND></UNNAMEDMOLECULE><NN>θ</NN><SYM>=</SYM><CD>40.6º</CD><COMMA>,</COMMA><CC>and</CC><UNNAMEDMOLECULE><REFERENCETOCOMPOUND><_-LRB->(</_-LRB-><NN-IDENTIFIER>f</NN-IDENTIFIER><_-RRB->)</_-RRB-></REFERENCETOCOMPOUND></UNNAMEDMOLECULE><NN>θ</NN><SYM>=</SYM><CD>67.4º</CD></NounPhrase><STOP>.</STOP></Sentence><Sentence><NounPhrase><MIXTURE><_-LRB->(</_-LRB-><JJ>SEM</JJ><NN>observation</NN><_-RRB->)</_-RRB-></MIXTURE><NNP-LABEL>Fig.</NNP-LABEL></NounPhrase></Sentence></Document>
<?xml version="1.0" encoding="UTF-8"?>
<Document><Sentence><NounPhrase><PROCEDURE><CD>8</CD></PROCEDURE><STOP>.</STOP></NounPhrase></Sentence></Document>
<?xml version="1.0" encoding="UTF-8"?>
<Document><Sentence><Unmatched><IN-IN>In</IN-IN></Unmatched><Unmatched><DT-THE>the</DT-THE></Unmatched><Unmatched><JJ-COMPOUND>initial</JJ-COMPOUND></Unmatched><NounPhrase><PROCEDURE><NN-METHOD>stage</NN-METHOD></PROCEDURE><PrepPhrase><IN-OF>of</IN-OF><NounPhrase><NN>deformation</NN><COMMA>,</COMMA><JJ>vertical</JJ><NNS>cracks</NNS></NounPhrase></PrepPhrase></NounPhrase><VerbPhrase><VBP>start</VBP><PrepPhrase><IN-IN>in</IN-IN><NounPhrase><DT-THE>the</DT-THE><MOLECULE><OSCARCM><OSCAR-CM>Al-Fe</OSCAR-CM></OSCARCM><NN-CHEMENTITY>layer</NN-CHEMENTITY></MOLECULE></NounPhrase></PrepPhrase></VerbPhrase><COMMA>,</COMMA><RB-CONJ>then</RB-CONJ><NounPhrase><PRP>they</PRP></NounPhrase><VerbPhrase><VBD>joined</VBD><PrepPhrase><IN-BY>by</IN-BY><NounPhrase><JJ>new</JJ><JJ>horizontal</JJ><NN>cracks</NN></NounPhrase></PrepPhrase></VerbPhrase><STOP>.</STOP></Sentence></Document>
<?xml version="1.0" encoding="UTF-8"?>
<Document><Sentence><NounPhrase><JJ>Lateral</JJ><NNS>strains</NNS></NounPhrase><VerbPhrase><VBP>are</VBP></VerbPhrase><NounPhrase><QUANTITY><PERCENT><CD>4.6</CD><NN-PERCENT>%</NN-PERCENT></PERCENT><COMMA>,</COMMA><PERCENT><CD>5.6</CD><NN-PERCENT>%</NN-PERCENT></PERCENT></QUANTITY><CC>and</CC><QUANTITY><PERCENT><CD>11.2</CD><NN-PERCENT>%</NN-PERCENT></PERCENT></QUANTITY></NounPhrase><STOP>.</STOP></Sentence><Sentence><Unmatched><_-LRB->(</_-LRB-></Unmatched></Sentence></Document>
<?xml version="1.0" encoding="UTF-8"?>
<Document><Sentence><NounPhrase><JJ>Optical</JJ><JJ-CHEM>microscope</JJ-CHEM><NN>observation</NN></NounPhrase><Unmatched><_-RRB->)</_-RRB-></Unmatched><NounPhrase><NNP-LABEL>Fig.</NNP-LABEL></NounPhrase></Sentence></Document>
<?xml version="1.0" encoding="UTF-8"?>
<Document><Sentence><NounPhrase><PROCEDURE><CD>9</CD></PROCEDURE><STOP>.</STOP></NounPhrase></Sentence></Document>
<?xml version="1.0" encoding="UTF-8"?>
<Document><Sentence><ActionPhrase type="Synthesize"><NounPhrase><NNP>Dependence</NNP><PrepPhrase><IN-OF>of</IN-OF><NounPhrase><NN-SYNTHESIZE>reaction</NN-SYNTHESIZE><NN-CHEMENTITY>layer</NN-CHEMENTITY><NN>thickness</NN></NounPhrase></PrepPhrase></NounPhrase><PrepPhrase><IN-ON>on</IN-ON><NounPhrase><DT-THE>the</DT-THE><JJ>starting</JJ><NN>strain</NN></NounPhrase></PrepPhrase><Unmatched><IN-OF>of</IN-OF></Unmatched><Unmatched><JJ>vertical</JJ></Unmatched><Unmatched><CC>and</CC></Unmatched></ActionPhrase><ActionPhrase type="Synthesize"><NounPhrase><JJ>horizontal</JJ><MIXTURE><_-LRB->(</_-LRB-><JJ>lateral</JJ><_-RRB->)</_-RRB-></MIXTURE><NN>crack</NN><NN-SYNTHESIZE>reaction</NN-SYNTHESIZE><NN-CHEMENTITY>layer</NN-CHEMENTITY></NounPhrase></ActionPhrase><VerbPhrase><VBZ>improves</VBZ></VerbPhrase><NounPhrase><DT-THE>the</DT-THE><JJ-CHEM>flaking</JJ-CHEM><NN>resistivity</NN></NounPhrase><STOP>.</STOP></Sentence></Document>
<?xml version="1.0" encoding="UTF-8"?>
<Document><Sentence><NounPhrase><PROCEDURE><CD>6</CD></PROCEDURE><STOP>.</STOP></NounPhrase></Sentence></Document>
<?xml version="1.0" encoding="UTF-8"?>
<Document><Sentence><NounPhrase><NNP>Application</NNP></NounPhrase><PrepPhrase><TO>to</TO><NounPhrase><JJ>high</JJ><NN>strength</NN><NNS>steels</NNS><CC>and</CC><JJ-CHEM>con-tinuous</JJ-CHEM><JJ-CHEM>coating</JJ-CHEM><NN>line</NN><CD>One</CD><PrepPhrase><IN-OF>of</IN-OF><NounPhrase><JJ>main</JJ><NN>goal</NN><PrepPhrase><IN-OF>of</IN-OF><NounPhrase><DT>this</DT><NN>project</NN></NounPhrase></PrepPhrase></NounPhrase></PrepPhrase></NounPhrase></PrepPhrase><VerbPhrase><VBZ>is</VBZ></VerbPhrase><NounPhrase><NN>application</NN><PrepPhrase><IN-OF>of</IN-OF><NounPhrase><MOLECULE><OSCARCM><OSCAR-CM>Al-Mg-Si</OSCAR-CM></OSCARCM></MOLECULE><NN>coating</NN></NounPhrase></PrepPhrase></NounPhrase><PrepPhrase><TO>to</TO><NounPhrase><JJ>high</JJ><NN>strength</NN><NNS>steels</NNS></NounPhrase></PrepPhrase><STOP>.</STOP></Sentence></Document>
<?xml version="1.0" encoding="UTF-8"?>
<Document><Sentence><Unmatched><DT>Some</DT></Unmatched><PrepPhrase><JJ-CHEM>alloying</JJ-CHEM><JJ-CHEM>ele-ments</JJ-CHEM><IN-IN>in</IN-IN><NounPhrase><JJ>high</JJ><JJ-CHEM>strength</JJ-CHEM><NN>steel</NN></NounPhrase></PrepPhrase><VerbPhrase><VBZ>is</VBZ><VBN>known</VBN></VerbPhrase><VerbPhrase><TO>to</TO><VB>make</VB><JJ>difficult</JJ></VerbPhrase><VerbPhrase><IN-FOR>for</IN-FOR><VBG>galvanizing</VBG><PrepPhrase><IN-OF>of</IN-OF><NounPhrase><MOLECULE><OSCARCM><OSCAR-CM>zinc</OSCAR-CM></OSCARCM></MOLECULE><COMMA>,</COMMA><RB>so</RB><JJ>similar</JJ><NN>difficulty</NN></NounPhrase></PrepPhrase></VerbPhrase><VerbPhrase><MD>may</MD><VB>occur</VB><PrepPhrase><IN-FOR>for</IN-FOR><NounPhrase><JJ-CHEM>hot-dip</JJ-CHEM><JJ-CHEM>coating</JJ-CHEM><NN>process</NN><PrepPhrase><IN-OF>of</IN-OF><NounPhrase><MOLECULE><OSCARCM><OSCAR-CM>Al-Mg-Si</OSCAR-CM></OSCARCM></MOLECULE><NN>alloy</NN><NN>coating</NN></NounPhrase></PrepPhrase></NounPhrase></PrepPhrase></VerbPhrase><STOP>.</STOP></Sentence></Document>
<?xml version="1.0" encoding="UTF-8"?>
<Document><Sentence><NounPhrase><NNP>Investigation</NNP></NounPhrase><PrepPhrase><IN-ON>on</IN-ON><NounPhrase><DT>this</DT><NN-CHEMENTITY>subject</NN-CHEMENTITY></NounPhrase></PrepPhrase><VerbPhrase><VBZ>is</VBZ><VBG>going</VBG><PrepPhrase><IN-ON>on</IN-ON><IN-IN>in</IN-IN><NounPhrase><JJ>author's</JJ><NN>group</NN></NounPhrase></PrepPhrase></VerbPhrase><STOP>.</STOP></Sentence></Document>
<?xml version="1.0" encoding="UTF-8"?>
<Document><Sentence><VerbPhrase><IN-AS>As</IN-AS><VBN>mentioned</VBN></VerbPhrase><Unmatched><IN-BEFORE>before</IN-BEFORE></Unmatched><Unmatched><COMMA>,</COMMA></Unmatched><NounPhrase><NN>suppression</NN><PrepPhrase><IN-OF>of</IN-OF><NounPhrase><MOLECULE><OSCARCM><OSCAR-CM>hydrogen</OSCAR-CM></OSCARCM></MOLECULE><NN>entry</NN></NounPhrase></PrepPhrase></NounPhrase><PrepPhrase><IN-INTO>into</IN-INTO><NounPhrase><DT-THE>the</DT-THE><JJ>substrate</JJ><NN>steel</NN></NounPhrase></PrepPhrase><PrepPhrase><IN>during</IN><NounPhrase><JJ>sacrificial</JJ><NN>action</NN><PrepPhrase><IN-OF>of</IN-OF><NounPhrase><MOLECULE><OSCARCM><OSCAR-CM>Al-Mg-Si</OSCAR-CM></OSCARCM></MOLECULE></NounPhrase></PrepPhrase></NounPhrase></PrepPhrase><PrepPhrase><IN>alloy</IN><NounPhrase><JJ>coated</JJ><NN>steel</NN></NounPhrase></PrepPhrase><VerbPhrase><MD>should</MD><VB>be</VB></VerbPhrase><NounPhrase><CD>one</CD><PrepPhrase><IN-OF>of</IN-OF><NounPhrase><JJ>superior</JJ><NNS>advantages</NNS><PrepPhrase><IN-OF>of</IN-OF><NounPhrase><DT>this</DT><NN>coating</NN></NounPhrase></PrepPhrase></NounPhrase></PrepPhrase></NounPhrase><PrepPhrase><IN-OVER>over</IN-OVER><NounPhrase><MOLECULE><OSCARCM><OSCAR-CM>zinc</OSCAR-CM></OSCARCM></MOLECULE><NN>coating</NN></NounPhrase></PrepPhrase><STOP>.</STOP></Sentence></Document>
<?xml version="1.0" encoding="UTF-8"?>
<Document><Sentence><NounPhrase><MOLECULE><OSCARCM><OSCAR-CM>TOORU</OSCAR-CM></OSCARCM></MOLECULE><NNP>TSURU</NNP><CD>238</CD><MOLECULE><OSCARCM><OSCAR-CM>CORROSION</OSCAR-CM></OSCARCM></MOLECULE><NNP>SCIENCE</NNP><CC>AND</CC><MOLECULE><OSCARCM><OSCAR-CM>TECHNOLOGY</OSCAR-CM></OSCARCM></MOLECULE><NNP>Vol.9</NNP><COMMA>,</COMMA><MOLECULE><OSCARCM><OSCAR-CM>No.6</OSCAR-CM></OSCARCM></MOLECULE><COMMA>,</COMMA><CD>2010</CD></NounPhrase><NounPhrase><DT>Another</DT><JJ>main</JJ><NN>goal</NN><PrepPhrase><IN-OF>of</IN-OF><NounPhrase><DT>this</DT><NN>project</NN></NounPhrase></PrepPhrase></NounPhrase><VerbPhrase><VBZ>is</VBZ><PrepPhrase><IN>that</IN><NounPhrase><DT-THE>the</DT-THE><JJ-CHEM>production</JJ-CHEM><NN>process</NN></NounPhrase></PrepPhrase><PrepPhrase><IN-FOR>for</IN-FOR><NounPhrase><MOLECULE><OSCARCM><OSCAR-CM>Al-Mg-Si</OSCAR-CM></OSCARCM></MOLECULE><NN>coating</NN></NounPhrase></PrepPhrase></VerbPhrase><Unmatched><MD>should</MD></Unmatched><Unmatched><NEG>not</NEG></Unmatched><VerbPhrase><VB>change</VB><RB>drastically</RB><PrepPhrase><IN-FROM>from</IN-FROM><NounPhrase><JJ>present</JJ><JJ>continuous</JJ><JJ>galvanizing</JJ><NN>line</NN></NounPhrase></PrepPhrase></VerbPhrase><STOP>.</STOP></Sentence></Document>
<?xml version="1.0" encoding="UTF-8"?>
<Document><Sentence><VerbPhrase><JJ>Slight</JJ><VBN>modified</VBN></VerbPhrase><NounPhrase><NN>process</NN></NounPhrase><VerbPhrase><VBZ>is</VBZ><VBN>considered</VBN></VerbPhrase><CC>and</CC><NounPhrase><DT-THE>the</DT-THE><NN>process</NN></NounPhrase><VerbPhrase><MD>should</MD><VB>involve</VB></VerbPhrase><NounPhrase><DT-THE>the</DT-THE><JJ-CHEM>heat</JJ-CHEM><NN>treatment</NN><PrepPhrase><IN-OF>of</IN-OF><NounPhrase><JJ>high</JJ><NN>strength</NN><NNS>steels</NNS></NounPhrase></PrepPhrase></NounPhrase><VerbPhrase><TO>to</TO><VB>simplify</VB></VerbPhrase><NounPhrase><DT-THE>the</DT-THE><NN>production</NN></NounPhrase><STOP>.</STOP></Sentence></Document>
<?xml version="1.0" encoding="UTF-8"?>
<Document><Sentence><NounPhrase><NN>Production</NN><NN>process</NN></NounPhrase><VerbPhrase><VBZ>is</VBZ><RB>too</RB><VBN>complicated</VBN></VerbPhrase><Unmatched><TO>to</TO></Unmatched><Unmatched><IN-IN>in-vestigate</IN-IN></Unmatched><Unmatched><CC>and</CC></Unmatched><VerbPhrase><TO>to</TO><VB>analyze</VB><PrepPhrase><IN-BY>by</IN-BY><NounPhrase><DT>a</DT><JJ-CHEM>research</JJ-CHEM><NN>group</NN></NounPhrase></PrepPhrase></VerbPhrase><VerbPhrase><VBG>belonging</VBG><PrepPhrase><TO>to</TO><NounPhrase><NNS>universities</NNS><COMMA>,</COMMA><NN>collaboration</NN></NounPhrase></PrepPhrase><PrepPhrase><IN-WITH>with</IN-WITH><NounPhrase><NN>steel</NN><NNS>makers</NNS></NounPhrase></PrepPhrase></VerbPhrase><VerbPhrase><MD>will</MD><VB>devel-op</VB><JJ>new</JJ></VerbPhrase><NounPhrase><NN>fields</NN></NounPhrase><STOP>.</STOP></Sentence></Document>
<?xml version="1.0" encoding="UTF-8"?>
<Document><Sentence><NounPhrase><PROCEDURE><CD>7</CD></PROCEDURE><STOP>.</STOP></NounPhrase></Sentence></Document>
<?xml version="1.0" encoding="UTF-8"?>
<Document/>
