<?xml version="1.0" encoding="UTF-8"?>
<Document><Sentence><NounPhrase><MOLECULE><OSCARCM><OSCAR-CM>EXPERIMENTAL</OSCAR-CM></OSCARCM></MOLECULE><PROCEDURE><NN-METHOD>PROCEDURES</NN-METHOD></PROCEDURE><NNP>AISI</NNP><CD>4340</CD><NN>steel</NN></NounPhrase><VerbPhrase><VBZ>is</VBZ><RB>widely</RB><VBN>used</VBN><PrepPhrase><IN-IN>in</IN-IN><NounPhrase><NN>aircraft</NN><NNS>components</NNS><WRB>where</WRB><NN>strength</NN><CC>and</CC><NN>toughness</NN></NounPhrase></PrepPhrase></VerbPhrase><VerbPhrase><VBP>are</VBP><JJ>fundamental</JJ></VerbPhrase><NounPhrase><NN>design</NN><NNS>requirements</NNS></NounPhrase><STOP>.</STOP></Sentence></Document>
<?xml version="1.0" encoding="UTF-8"?>
<Document><Sentence><NounPhrase><DT-THE>The</DT-THE><JJ>chemical</JJ><NN>analysis</NN><PrepPhrase><IN-OF>of</IN-OF><NounPhrase><DT-THE>the</DT-THE><NN-CHEMENTITY>material</NN-CHEMENTITY></NounPhrase></PrepPhrase></NounPhrase><VerbPhrase><VBN>used</VBN><PrepPhrase><IN-IN>in</IN-IN><NounPhrase><DT>this</DT><NN>research</NN></NounPhrase></PrepPhrase></VerbPhrase><VerbPhrase><VBZ>indicates</VBZ></VerbPhrase><NounPhrase><NN>accordance</NN></NounPhrase><PrepPhrase><IN-WITH>with</IN-WITH><NounPhrase><NNS>specifications</NNS></NounPhrase></PrepPhrase><STOP>.</STOP></Sentence></Document>
<?xml version="1.0" encoding="UTF-8"?>
<Document><Sentence><NounPhrase><DT-THE>The</DT-THE><JJ-CHEM>fatigue</JJ-CHEM><JJ>experimental</JJ><NN>program</NN></NounPhrase><VerbPhrase><VBD>was</VBD><VBN>performed</VBN></VerbPhrase><VerbPhrase><IN-ON>on</IN-ON><VBG>rotating</VBG><VBG>bending</VBG></VerbPhrase><CC>and</CC><NounPhrase><JJ>axial</JJ><JJ-CHEM>fatigue</JJ-CHEM><NN>test</NN><NNS>specimens</NNS></NounPhrase><VerbPhrase><VBN>machined</VBN></VerbPhrase><VerbPhrase><IN-FROM>from</IN-FROM><JJ>hot</JJ><VBN>rolled</VBN></VerbPhrase><CC>and</CC><ActionPhrase type="Quench"><VerbPhrase><VB-QUENCH>quenched</VB-QUENCH></VerbPhrase></ActionPhrase><CC>and</CC><VerbPhrase><VBN>tempered</VBN></VerbPhrase><NounPhrase><NNS>bars</NNS></NounPhrase><VerbPhrase><VBG>according</VBG><PrepPhrase><TO>to</TO><NounPhrase><NNP-LABEL>Fig.</NNP-LABEL></NounPhrase></PrepPhrase></VerbPhrase></Sentence></Document>
<?xml version="1.0" encoding="UTF-8"?>
<Document><Sentence><NounPhrase><CD>1</CD><CC>and</CC><NNP-LABEL>Fig.</NNP-LABEL></NounPhrase></Sentence></Document>
<?xml version="1.0" encoding="UTF-8"?>
<Document><Sentence><NounPhrase><CD>2</CD></NounPhrase><COMMA>,</COMMA><Unmatched><RB>respectively</RB></Unmatched><STOP>.</STOP></Sentence></Document>
<?xml version="1.0" encoding="UTF-8"?>
<Document><Sentence><NounPhrase><DT-THE>The</DT-THE><NNS>specimens</NNS></NounPhrase><VerbPhrase><VBD>were</VBD><VBN>polished</VBN><PrepPhrase><IN-IN>in</IN-IN><NounPhrase><DT-THE>the</DT-THE><JJ>reduced</JJ><NN>section</NN></NounPhrase></PrepPhrase><PrepPhrase><IN-WITH>with</IN-WITH><NounPhrase><CD>600</CD><JJ>grit</JJ><NN>papers</NN></NounPhrase></PrepPhrase></VerbPhrase><COMMA>,</COMMA><VerbPhrase><VBN>inspected</VBN><RB>dimensionally</RB><CC>and</CC><PrepPhrase><IN-BY>by</IN-BY><NounPhrase><JJ>magnetic</JJ><JJ-CHEM>particle</JJ-CHEM><NN>inspection</NN></NounPhrase></PrepPhrase></VerbPhrase><STOP>.</STOP></Sentence></Document>
<?xml version="1.0" encoding="UTF-8"?>
<Document><Sentence><ActionPhrase type="Quench"><NounPhrase><NN>Fatigue</NN><NN>test</NN><NNS>specimens</NNS></NounPhrase><VerbPhrase><VBD>were</VBD><VB-QUENCH>quenched</VB-QUENCH><TempPhrase><IN-FROM>from</IN-FROM><CD>815</CD><NN-TEMP>°C</NN-TEMP></TempPhrase></VerbPhrase><Unmatched><DASH>-</DASH></Unmatched><NounPhrase><CD>845</CD><NN-TEMP>°C</NN-TEMP></NounPhrase><PrepPhrase><IN-IN>in</IN-IN><NounPhrase><NN-STATE>oil</NN-STATE><MIXTURE><_-LRB->(</_-LRB-><CD>20</CD><NN-TEMP>°C</NN-TEMP><_-RRB->)</_-RRB-></MIXTURE></NounPhrase></PrepPhrase></ActionPhrase><CC>and</CC><ActionPhrase type="Wait"><VerbPhrase><VBN>tempered</VBN><PrepPhrase><IN-IN>in</IN-IN><NounPhrase><DT-THE>the</DT-THE><NN>range</NN><PrepPhrase><IN-OF>of</IN-OF><NounPhrase><MIXTURE><_-LRB->(</_-LRB-><CD>520</CD><NN>±</NN><CD>5</CD><_-RRB->)</_-RRB-></MIXTURE><NN-TEMP>°C</NN-TEMP></NounPhrase></PrepPhrase></NounPhrase></PrepPhrase><TimePhrase><IN-FOR>for</IN-FOR><CD>two</CD><NN-TIME>hours</NN-TIME></TimePhrase></VerbPhrase></ActionPhrase><STOP>.</STOP></Sentence></Document>
<?xml version="1.0" encoding="UTF-8"?>
<Document><Sentence><NounPhrase><JJ>Mechanical</JJ><NNS>properties</NNS><PrepPhrase><IN-OF>of</IN-OF><NounPhrase><DT-THE>the</DT-THE><NN-CHEMENTITY>material</NN-CHEMENTITY></NounPhrase></PrepPhrase></NounPhrase><PrepPhrase><IN-AFTER>after</IN-AFTER><NounPhrase><DT-THE>the</DT-THE><JJ-CHEM>heat</JJ-CHEM><NN>treatment</NN></NounPhrase></PrepPhrase><VerbPhrase><VBP>are</VBP></VerbPhrase><COLON>:</COLON><NounPhrase><NN>hardness</NN><PrepPhrase><IN-OF>of</IN-OF><NounPhrase><CD>39</CD><NNP>HRc</NNP></NounPhrase></PrepPhrase></NounPhrase><STOP>;</STOP></Sentence><Sentence><ActionPhrase type="Yield"><VerbPhrase><VB-YIELD>yield</VB-YIELD><JJ>tensile</JJ></VerbPhrase><NounPhrase><NN>strength</NN><PrepPhrase><IN-OF>of</IN-OF><NounPhrase><CD>1118</CD><NNP>MPa</NNP><COMMA>,</COMMA><CC>and</CC><JJ>ultimate</JJ><JJ>tensile</JJ><NN>strength</NN><PrepPhrase><IN-OF>of</IN-OF><NounPhrase><CD>1210</CD><NNP>MPa</NNP></NounPhrase></PrepPhrase></NounPhrase></PrepPhrase></NounPhrase></ActionPhrase><STOP>.</STOP></Sentence></Document>
<?xml version="1.0" encoding="UTF-8"?>
<Document><Sentence><ActionPhrase type="Synthesize"><Unmatched><IN-AFTER>After</IN-AFTER></Unmatched><Unmatched><JJ-COMPOUND>final</JJ-COMPOUND></Unmatched><NounPhrase><NN-SYNTHESIZE>preparation</NN-SYNTHESIZE><COMMA>,</COMMA><NNS>samples</NNS><CD>77</CD><NNP>Brought</NNP></NounPhrase><PrepPhrase><TO>to</TO><NounPhrase><PRP>you</PRP></NounPhrase></PrepPhrase><PrepPhrase><IN-BY>by</IN-BY><NounPhrase><NNP>|</NNP><NNP>Universidade</NNP><NNP>Estadual</NNP><NNP>Paulista</NNP><CITATION><_-LRB->(</_-LRB-><NNP>Universidade</NNP><NNP>Estadual</NNP><NNP>Paulista</NNP><_-RRB->)</_-RRB-></CITATION><NNP>Authenticated</NNP><NNS>|</NNS><CD>172.16.1.226</CD><NNP>Download</NNP><NNP>Date</NNP></NounPhrase></PrepPhrase></ActionPhrase><VerbPhrase><VBD>|</VBD></VerbPhrase><NounPhrase><CD>3/29/12</CD><RATIO><CD>4</CD><COLON>:</COLON><CD>19</CD></RATIO><NNP>PM</NNP><PRP>I</PRP><RB>Ol·</RB><CD>21</CD></NounPhrase><STOP>.</STOP></Sentence></Document>
<?xml version="1.0" encoding="UTF-8"?>
<Document><Sentence><NounPhrase><MOLECULE><OSCARCM><OSCAR-CM>No</OSCAR-CM></OSCARCM></MOLECULE></NounPhrase><STOP>.</STOP></Sentence></Document>
<?xml version="1.0" encoding="UTF-8"?>
<Document><Sentence><NounPhrase><PRP>I</PRP><COMMA>,</COMMA><CD>2003</CD></NounPhrase><NounPhrase><DT-THE>The</DT-THE><NNP>Effect</NNP><PrepPhrase><IN-OF>of</IN-OF><NounPhrase><NNP>IVC-17Co</NNP><NNP>Thermal</NNP><NNP>Spray</NNP><NNP>Coating</NNP></NounPhrase></PrepPhrase></NounPhrase><PrepPhrase><IN-BY>By</IN-BY><NounPhrase><MOLECULE><OSCARCM><OSCAR-CM>HVOF</OSCAR-CM></OSCARCM></MOLECULE><NNP-LABEL>Fig.</NNP-LABEL></NounPhrase></PrepPhrase></Sentence></Document>
<?xml version="1.0" encoding="UTF-8"?>
<Document><Sentence><NounPhrase><PROCEDURE><CD>1</CD></PROCEDURE><COLON>:</COLON></NounPhrase></Sentence><Sentence><VerbPhrase><VBG>Rotating</VBG><VBG>bending</VBG></VerbPhrase><NounPhrase><NN>fatigue</NN><NN>test</NN><NNS>specimen</NNS></NounPhrase><STOP>.</STOP></Sentence></Document>
<?xml version="1.0" encoding="UTF-8"?>
<Document><Sentence><NounPhrase><NNP-LABEL>Fig.</NNP-LABEL></NounPhrase></Sentence></Document>
<?xml version="1.0" encoding="UTF-8"?>
<Document><Sentence><NounPhrase><PROCEDURE><CD>2</CD></PROCEDURE><COLON>:</COLON></NounPhrase></Sentence><Sentence><NounPhrase><NNP>Axial</NNP><NN>fatigue</NN><NN>test</NN><NNS>specimen</NNS></NounPhrase><STOP>.</STOP></Sentence></Document>
<?xml version="1.0" encoding="UTF-8"?>
<Document><Sentence><ActionPhrase type="Degass"><VerbPhrase><VBD>were</VBD><VB-SUBJECT>subjected</VB-SUBJECT><PrepPhrase><TO>to</TO><NounPhrase><DT>a</DT><NN>stress</NN></NounPhrase></PrepPhrase></VerbPhrase></ActionPhrase><ActionPhrase type="Heat"><VerbPhrase><VBZ>relieving</VBZ><VB-HEAT>heat</VB-HEAT></VerbPhrase><NounPhrase><NN>treatment</NN></NounPhrase><TempPhrase><IN>at</IN><CD>190</CD><NN-TEMP>°C</NN-TEMP></TempPhrase><TimePhrase><IN-FOR>for</IN-FOR><CD>4</CD><NN-TIME>hours</NN-TIME></TimePhrase></ActionPhrase><VerbPhrase><TO>to</TO><VB>reduce</VB><JJ>residual</JJ><VBZ>stresses</VBZ><VBN>induced</VBN><PrepPhrase><IN-BY>by</IN-BY><NounPhrase><NN>machining</NN></NounPhrase></PrepPhrase></VerbPhrase><STOP>.</STOP></Sentence></Document>
<?xml version="1.0" encoding="UTF-8"?>
<Document><Sentence><NounPhrase><JJ>Average</JJ><JJ>superficial</JJ><NN>roughness</NN></NounPhrase><PrepPhrase><IN-IN>in</IN-IN><NounPhrase><DT-THE>the</DT-THE><JJ>reduced</JJ><NN>section</NN><PrepPhrase><IN-OF>of</IN-OF><NounPhrase><DT-THE>the</DT-THE><NNS>samples</NNS></NounPhrase></PrepPhrase></NounPhrase></PrepPhrase><VerbPhrase><VBD>was</VBD></VerbPhrase><NounPhrase><NNP>Ra</NNP><NNP>«</NNP><CD>2.75</CD><NN>µιτι</NN><CC>and</CC><JJ>standard</JJ><NN>deviation</NN><PrepPhrase><IN-OF>of</IN-OF><NounPhrase><CD>0.89</CD><NN>µιτι</NN></NounPhrase></PrepPhrase></NounPhrase><STOP>.</STOP></Sentence></Document>
<?xml version="1.0" encoding="UTF-8"?>
<Document><Sentence><VerbPhrase><VBG>Rotating</VBG><VBG>bending</VBG></VerbPhrase><NounPhrase><NN>fatigue</NN><NNS>tests</NNS></NounPhrase><VerbPhrase><VBD>were</VBD><VBN>conducted</VBN><VB-USE>using</VB-USE></VerbPhrase><NounPhrase><DT>a</DT><JJ>sinusoidal</JJ><NN>load</NN><PrepPhrase><IN-OF>of</IN-OF><NounPhrase><NN>frequency</NN><CD>50</CD><NNP>Hz</NNP><COMMA>,</COMMA><CC>and</CC><NN>load</NN><NN>ratio</NN><MOLECULE><OSCARCM><OSCAR-CM>R</OSCAR-CM></OSCARCM></MOLECULE><SYM>=</SYM><CD>-1.0</CD></NounPhrase></PrepPhrase></NounPhrase><COMMA>,</COMMA><TempPhrase><IN>at</IN><NN-TEMP>room</NN-TEMP><NN-TEMP>temperature</NN-TEMP></TempPhrase><STOP>.</STOP></Sentence></Document>
<?xml version="1.0" encoding="UTF-8"?>
<Document><Sentence><PrepPhrase><IN-FOR>For</IN-FOR><NounPhrase><JJ>axial</JJ><NN>fatigue</NN><NNS>tests</NNS></NounPhrase></PrepPhrase><COMMA>,</COMMA><NounPhrase><DT>a</DT><JJ>sinusoidal</JJ><NN>load</NN><PrepPhrase><IN-OF>of</IN-OF><NounPhrase><NN>frequency</NN><CD>50</CD><NNP>Hz</NNP><CC>and</CC><NN>load</NN><NN>ratio</NN><MOLECULE><OSCARCM><OSCAR-CM>R</OSCAR-CM></OSCARCM></MOLECULE><SYM>=</SYM><CD>0.1</CD></NounPhrase></PrepPhrase></NounPhrase><VerbPhrase><VBD>was</VBD><VBN>applied</VBN><PrepPhrase><IN>throughout</IN><NounPhrase><DT>this</DT><NN>study</NN></NounPhrase></PrepPhrase></VerbPhrase><STOP>.</STOP></Sentence></Document>
<?xml version="1.0" encoding="UTF-8"?>
<Document><Sentence><NounPhrase><DT>Both</DT><NNS>tests</NNS></NounPhrase><VerbPhrase><VBP>consider</VBP><PrepPhrase><IN-AS>as</IN-AS><NounPhrase><NN>fatigue</NN><NN>strength</NN></NounPhrase></PrepPhrase></VerbPhrase><NounPhrase><DT-THE>the</DT-THE><JJ>complete</JJ><NN>fracture</NN><PrepPhrase><IN-OF>of</IN-OF><NounPhrase><DT-THE>the</DT-THE><NNS>specimens</NNS><CC>or</CC><CYCLES><CD>107</CD><NN>load</NN><NN-CYCLE>cycles</NN-CYCLE></CYCLES></NounPhrase></PrepPhrase></NounPhrase><STOP>.</STOP></Sentence></Document>
<?xml version="1.0" encoding="UTF-8"?>
<Document><Sentence><ActionPhrase type="Synthesize"><NounPhrase><CD>Four</CD><NNS>groups</NNS><PrepPhrase><IN-OF>of</IN-OF><NounPhrase><NN>fatigue</NN><NNS>specimens</NNS></NounPhrase></PrepPhrase></NounPhrase><VerbPhrase><VBD>were</VBD><VB-SYNTHESIZE>prepared</VB-SYNTHESIZE></VerbPhrase></ActionPhrase><ActionPhrase type="Yield"><VerbPhrase><TO>to</TO><VB-YIELD>obtain</VB-YIELD></VerbPhrase><NounPhrase><MOLECULE><OSCARCM><OSCAR-CM>S-N</OSCAR-CM></OSCARCM></MOLECULE><NNS>curves</NNS></NounPhrase></ActionPhrase><VerbPhrase><IN-FOR>for</IN-FOR><VBG>rotating</VBG><VBG>bending</VBG></VerbPhrase><NounPhrase><NN>fatigue</NN><CC>and</CC><JJ>axial</JJ><NN>fatigue</NN><NNS>tests</NNS></NounPhrase><STOP>.</STOP></Sentence></Document>
<?xml version="1.0" encoding="UTF-8"?>
<Document><Sentence><NounPhrase><CD>78</CD><NNP>Brought</NNP></NounPhrase><PrepPhrase><TO>to</TO><NounPhrase><PRP>you</PRP></NounPhrase></PrepPhrase><PrepPhrase><IN-BY>by</IN-BY><NounPhrase><NNP>|</NNP><NNP>Universidade</NNP><NNP>Estadual</NNP><NNP>Paulista</NNP><CITATION><_-LRB->(</_-LRB-><NNP>Universidade</NNP><NNP>Estadual</NNP><NNP>Paulista</NNP><_-RRB->)</_-RRB-></CITATION><NNP>Authenticated</NNP><NNS>|</NNS><CD>172.16.1.226</CD><NNP>Download</NNP><NNP>Date</NNP></NounPhrase></PrepPhrase><VerbPhrase><VBD>|</VBD></VerbPhrase><NounPhrase><CD>3/29/12</CD><RATIO><CD>4</CD><COLON>:</COLON><CD>19</CD></RATIO><NNP>PM</NNP><NNP>Renata</NNP><NNP>C</NNP></NounPhrase><STOP>.</STOP></Sentence><Sentence><NounPhrase><NNP>Sonza</NNP><NNP>Corrosion</NNP><NNP>Reviews</NNP><CD>2.1</CD></NounPhrase><VerbPhrase><IN-FOR>For</IN-FOR><VBG>rotating</VBG><VBG>bending</VBG></VerbPhrase><NounPhrase><NN>fatigue</NN><NNS>tests</NNS></NounPhrase><COLON>:</COLON><VerbPhrase><VB>•</VB></VerbPhrase><NounPhrase><CD>12</CD><JJ>smooth</JJ><NNS>specimens</NNS><PrepPhrase><IN-OF>of</IN-OF><NounPhrase><NN-CHEMENTITY>base</NN-CHEMENTITY><NN-CHEMENTITY>metal</NN-CHEMENTITY></NounPhrase></PrepPhrase></NounPhrase><STOP>;</STOP></Sentence><Sentence><VerbPhrase><VB>•</VB></VerbPhrase><NounPhrase><CD>12</CD><NNS>specimens</NNS><PrepPhrase><IN-OF>of</IN-OF><NounPhrase><NN-CHEMENTITY>base</NN-CHEMENTITY><NN-CHEMENTITY>metal</NN-CHEMENTITY></NounPhrase></PrepPhrase></NounPhrase><PrepPhrase><IN-WITH>with</IN-WITH><NounPhrase><JJ>conventional</JJ><JJ>hard</JJ><MOLECULE><OSCARCM><OSCAR-CM>chromium</OSCAR-CM></OSCARCM></MOLECULE><NN>electroplating</NN><COMMA>,</COMMA><CD>160</CD><NNS>µιτι</NNS></NounPhrase></PrepPhrase><JJ>thick</JJ><STOP>;</STOP></Sentence><Sentence><NounPhrase><JJ>•</JJ><CD>12</CD><NNS>specimens</NNS><PrepPhrase><IN-OF>of</IN-OF><NounPhrase><NN-CHEMENTITY>base</NN-CHEMENTITY><NN-CHEMENTITY>metal</NN-CHEMENTITY></NounPhrase></PrepPhrase></NounPhrase><PrepPhrase><IN-WITH>with</IN-WITH><NounPhrase><MOLECULE><QUANTITY><PERCENT><CD>WC-17</CD><NN-PERCENT>%</NN-PERCENT></PERCENT></QUANTITY><OSCARCM><OSCAR-CM>Co</OSCAR-CM></OSCARCM></MOLECULE><NN>spray</NN><NN>coating</NN></NounPhrase></PrepPhrase><PrepPhrase><IN-BY>by</IN-BY><NounPhrase><DT>JP-5000</DT><MOLECULE><OSCARCM><OSCAR-CM>HP</OSCAR-CM><DASH>/</DASH><OSCAR-CM>HVOF</OSCAR-CM></OSCARCM></MOLECULE><NN>spray</NN><NN>process</NN><PrepPhrase><IN-OF>of</IN-OF><NounPhrase><MOLECULE><OSCARCM><OSCAR-CM>TAFA</OSCAR-CM></OSCARCM></MOLECULE><COMMA>,</COMMA><CD>150</CD><NNS>µηι</NNS></NounPhrase></PrepPhrase></NounPhrase></PrepPhrase><JJ>thick</JJ><STOP>;</STOP></Sentence><Sentence><NounPhrase><JJ>•</JJ><CD>12</CD><NNS>specimens</NNS><PrepPhrase><IN-OF>of</IN-OF><NounPhrase><NN-CHEMENTITY>base</NN-CHEMENTITY><NN-CHEMENTITY>metal</NN-CHEMENTITY></NounPhrase></PrepPhrase></NounPhrase><PrepPhrase><IN-WITH>with</IN-WITH><NounPhrase><MOLECULE><QUANTITY><PERCENT><CD>WC-17</CD><NN-PERCENT>%</NN-PERCENT></PERCENT></QUANTITY><OSCARCM><OSCAR-CM>Co</OSCAR-CM></OSCARCM></MOLECULE><NN>spray</NN><NN>coating</NN></NounPhrase></PrepPhrase><PrepPhrase><IN-BY>by</IN-BY><NounPhrase><JJ>Jet</JJ><NNP>Kote</NNP><UNNAMEDMOLECULE><REFERENCETOCOMPOUND><NN-IDENTIFIER>II</NN-IDENTIFIER></REFERENCETOCOMPOUND></UNNAMEDMOLECULE><MOLECULE><OSCARCM><OSCAR-CM>HVOF</OSCAR-CM></OSCARCM></MOLECULE><NN>spray</NN><NN>process</NN><PrepPhrase><IN-OF>of</IN-OF><NounPhrase><NNP>STELLITE</NNP><COMMA>,</COMMA><CD>150</CD><NNS>µιη</NNS></NounPhrase></PrepPhrase></NounPhrase></PrepPhrase><JJ>thick</JJ><STOP>.</STOP></Sentence></Document>
<?xml version="1.0" encoding="UTF-8"?>
<Document><Sentence><NounPhrase><CD>2.2</CD></NounPhrase><PrepPhrase><IN-FOR>For</IN-FOR><NounPhrase><JJ>axial</JJ><NN>fatigue</NN><NNS>tests</NNS></NounPhrase></PrepPhrase><COLON>:</COLON><VerbPhrase><VB>•</VB></VerbPhrase><NounPhrase><CD>12</CD><JJ>smooth</JJ><NNS>specimens</NNS><PrepPhrase><IN-OF>of</IN-OF><NounPhrase><NN-CHEMENTITY>base</NN-CHEMENTITY><NN-CHEMENTITY>metal</NN-CHEMENTITY></NounPhrase></PrepPhrase></NounPhrase><STOP>;</STOP></Sentence><Sentence><VerbPhrase><VB>•</VB></VerbPhrase><NounPhrase><CD>12</CD><NNS>specimens</NNS><PrepPhrase><IN-OF>of</IN-OF><NounPhrase><NN-CHEMENTITY>base</NN-CHEMENTITY><NN-CHEMENTITY>metal</NN-CHEMENTITY></NounPhrase></PrepPhrase></NounPhrase><PrepPhrase><IN-WITH>with</IN-WITH><NounPhrase><JJ>conventional</JJ><JJ>hard</JJ><MOLECULE><OSCARCM><OSCAR-CM>chromium</OSCAR-CM></OSCARCM></MOLECULE><NN>electroplating</NN><COMMA>,</COMMA><CD>160</CD><NNS>µπτ</NNS></NounPhrase></PrepPhrase><JJ>thick</JJ><STOP>;</STOP></Sentence><Sentence><NounPhrase><JJ>•</JJ><CD>12</CD><NNS>specimens</NNS><PrepPhrase><IN-OF>of</IN-OF><NounPhrase><NN-CHEMENTITY>base</NN-CHEMENTITY><NN-CHEMENTITY>metal</NN-CHEMENTITY></NounPhrase></PrepPhrase></NounPhrase><PrepPhrase><IN-WITH>with</IN-WITH><NounPhrase><MOLECULE><QUANTITY><PERCENT><CD>WC-17</CD><NN-PERCENT>%</NN-PERCENT></PERCENT></QUANTITY><OSCARCM><OSCAR-CM>Co</OSCAR-CM></OSCARCM></MOLECULE><NN>spray</NN><NN>coating</NN></NounPhrase></PrepPhrase><PrepPhrase><IN-BY>by</IN-BY><NounPhrase><DT>JP-5000</DT><MOLECULE><OSCARCM><OSCAR-CM>HP</OSCAR-CM><DASH>/</DASH><OSCAR-CM>HVOF</OSCAR-CM></OSCARCM></MOLECULE><NN>spray</NN><NN>process</NN><PrepPhrase><IN-OF>of</IN-OF><NounPhrase><MOLECULE><OSCARCM><OSCAR-CM>TAFA</OSCAR-CM></OSCARCM></MOLECULE><COMMA>,</COMMA><CD>150</CD><NNS>µηι</NNS></NounPhrase></PrepPhrase></NounPhrase></PrepPhrase><JJ>thick</JJ><STOP>;</STOP></Sentence><Sentence><NounPhrase><JJ>•</JJ><CD>12</CD><NNS>specimens</NNS><PrepPhrase><IN-OF>of</IN-OF><NounPhrase><NN-CHEMENTITY>base</NN-CHEMENTITY><NN-CHEMENTITY>metal</NN-CHEMENTITY></NounPhrase></PrepPhrase></NounPhrase><PrepPhrase><IN-WITH>with</IN-WITH><NounPhrase><MOLECULE><QUANTITY><PERCENT><CD>WC-17</CD><NN-PERCENT>%</NN-PERCENT></PERCENT></QUANTITY><OSCARCM><OSCAR-CM>Co</OSCAR-CM></OSCARCM></MOLECULE><NN>spray</NN><NN>coating</NN></NounPhrase></PrepPhrase><PrepPhrase><IN-BY>by</IN-BY><NounPhrase><JJ>Jet</JJ><NNP>Kote</NNP><UNNAMEDMOLECULE><REFERENCETOCOMPOUND><NN-IDENTIFIER>II</NN-IDENTIFIER></REFERENCETOCOMPOUND></UNNAMEDMOLECULE><MOLECULE><OSCARCM><OSCAR-CM>HVOF</OSCAR-CM></OSCARCM></MOLECULE><NN>spray</NN><NN>process</NN><PrepPhrase><IN-OF>of</IN-OF><NounPhrase><NNP>STELLITE</NNP><COMMA>,</COMMA><CD>150</CD><NNS>µιη</NNS></NounPhrase></PrepPhrase></NounPhrase></PrepPhrase><JJ>thick</JJ><STOP>.</STOP></Sentence></Document>
<?xml version="1.0" encoding="UTF-8"?>
<Document><Sentence><NounPhrase><DT-THE>The</DT-THE><MOLECULE><OSCARCM><OSCAR-CM>tungsten</OSCAR-CM><OSCAR-CM>carbide</OSCAR-CM></OSCARCM></MOLECULE></NounPhrase><NounPhrase><DT>thermal</DT><JJ-CHEM>spray</JJ-CHEM><JJ>coated</JJ><NNS>specimens</NNS></NounPhrase><VerbPhrase><VBD>were</VBD><VBN>blasted</VBN><PrepPhrase><IN-WITH>with</IN-WITH><NounPhrase><MOLECULE><OSCARCM><OSCAR-CM>aluminium</OSCAR-CM><OSCAR-CM>oxide</OSCAR-CM></OSCARCM></MOLECULE><NN>mesh</NN><CD>90</CD></NounPhrase></PrepPhrase></VerbPhrase><VerbPhrase><TO>to</TO><VB>enhance</VB></VerbPhrase><NounPhrase><NN>adhesion</NN></NounPhrase><STOP>.</STOP></Sentence></Document>
<?xml version="1.0" encoding="UTF-8"?>
<Document><Sentence><NounPhrase><CD>2.3</CD><JJ>Abrasive</JJ><JJ-CHEM>wear</JJ-CHEM><NN>test</NN></NounPhrase><NounPhrase><DT-THE>The</DT-THE><NN>performance</NN><PrepPhrase><IN-OF>of</IN-OF><NounPhrase><DT-THE>the</DT-THE><NN>coating</NN></NounPhrase></PrepPhrase></NounPhrase><VerbPhrase><VBD>was</VBD><RB>also</RB><VBN>evaluated</VBN><PrepPhrase><IN-WITH>with</IN-WITH><NounPhrase><NN>respect</NN></NounPhrase></PrepPhrase><PrepPhrase><TO>to</TO><NounPhrase><JJ>abrasive</JJ><NN>wear</NN></NounPhrase></PrepPhrase></VerbPhrase><STOP>.</STOP></Sentence></Document>
<?xml version="1.0" encoding="UTF-8"?>
<Document><Sentence><ActionPhrase type="Synthesize"><PrepPhrase><IN-FOR>For</IN-FOR><NounPhrase><JJ>abrasive</JJ><NN>wear</NN><NNS>tests</NNS><COMMA>,</COMMA><NNS>samples</NNS></NounPhrase></PrepPhrase><VerbPhrase><VBD>were</VBD><VB-SYNTHESIZE>prepared</VB-SYNTHESIZE><PrepPhrase><IN-FROM>from</IN-FROM><NounPhrase><DT>annealed</DT><MOLECULE><OSCARCM><OSCAR-CM>AIS1</OSCAR-CM></OSCARCM><REFERENCETOCOMPOUND><CD>4340</CD></REFERENCETOCOMPOUND></MOLECULE><NN>steel</NN><CD>4</CD><CD>mm</CD></NounPhrase></PrepPhrase><PrepPhrase><IN-IN>in</IN-IN><NounPhrase><NN>thickness</NN><CC>and</CC><CD>100</CD><CD>mm</CD><NN>square</NN></NounPhrase></PrepPhrase></VerbPhrase></ActionPhrase><COMMA>,</COMMA><VerbPhrase><VBG>according</VBG></VerbPhrase><Unmatched><TO>to</TO></Unmatched><Unmatched><JJ-CHEM>FED-STD-141C</JJ-CHEM></Unmatched><STOP>.</STOP></Sentence><Sentence><NounPhrase><DT-THE>The</DT-THE><NNS>samples</NNS></NounPhrase><VerbPhrase><VBD>were</VBD><VBN>divided</VBN><PrepPhrase><IN-IN>in</IN-IN><NounPhrase><CD>three</CD><NNS>groups</NNS></NounPhrase></PrepPhrase></VerbPhrase><COLON>:</COLON><NounPhrase><CD>one</CD></NounPhrase><PrepPhrase><JJ>coated</JJ><IN-WITH>with</IN-WITH><NounPhrase><CD>100</CD><JJ>µιτι</JJ><NN>thickness</NN><PrepPhrase><IN-OF>of</IN-OF><NounPhrase><JJ>conventional</JJ><JJ>hard</JJ><MOLECULE><OSCARCM><OSCAR-CM>chromium</OSCAR-CM></OSCARCM></MOLECULE><NN>electroplating</NN><CC>and</CC><CD>two</CD><NNS>groups</NNS></NounPhrase></PrepPhrase></NounPhrase></PrepPhrase><VerbPhrase><VBN>coated</VBN><PrepPhrase><IN-WITH>with</IN-WITH><NounPhrase><CD>100</CD><JJ>µιτι</JJ><NN>thickness</NN><PrepPhrase><IN-OF>of</IN-OF><NounPhrase><MOLECULE><QUANTITY><PERCENT><CD>WC-17</CD><NN-PERCENT>%</NN-PERCENT></PERCENT></QUANTITY><OSCARCM><OSCAR-CM>Co</OSCAR-CM></OSCARCM></MOLECULE><NN>spray</NN><NN>coating</NN></NounPhrase></PrepPhrase></NounPhrase></PrepPhrase><PrepPhrase><IN-BY>by</IN-BY><NounPhrase><DT>JP-5000</DT><MOLECULE><OSCARCM><OSCAR-CM>HP</OSCAR-CM><DASH>/</DASH><OSCAR-CM>HVOF</OSCAR-CM></OSCARCM></MOLECULE><NN>spray</NN><NN>process</NN><PrepPhrase><IN-OF>of</IN-OF><NounPhrase><MOLECULE><OSCARCM><OSCAR-CM>TAFA</OSCAR-CM></OSCARCM></MOLECULE><CC>and</CC><NNP>Jet</NNP><NNP>Kote</NNP><UNNAMEDMOLECULE><REFERENCETOCOMPOUND><NN-IDENTIFIER>II</NN-IDENTIFIER></REFERENCETOCOMPOUND></UNNAMEDMOLECULE><MOLECULE><OSCARCM><OSCAR-CM>HVOF</OSCAR-CM></OSCARCM></MOLECULE><NN>spray</NN><NN>process</NN><PrepPhrase><IN-OF>of</IN-OF><NounPhrase><NNP>STELLITE</NNP></NounPhrase></PrepPhrase></NounPhrase></PrepPhrase></NounPhrase></PrepPhrase></VerbPhrase><COMMA>,</COMMA><Unmatched><RB>respectively</RB></Unmatched><STOP>.</STOP></Sentence></Document>
<?xml version="1.0" encoding="UTF-8"?>
<Document><Sentence><NounPhrase><DT-THE>The</DT-THE><NN>wear</NN><NNS>tests</NNS></NounPhrase><VerbPhrase><VBD>were</VBD><VBN>conducted</VBN><PrepPhrase><IN-IN>in</IN-IN><NounPhrase><DT>a</DT><NNP>Taber</NNP><NNP>Abraser</NNP></NounPhrase></PrepPhrase><COMMA>,</COMMA><TempPhrase><IN>at</IN><NN-TEMP>room</NN-TEMP><NN-TEMP>temperature</NN-TEMP></TempPhrase></VerbPhrase><COMMA>,</COMMA><VerbPhrase><VB-USE>using</VB-USE></VerbPhrase><NounPhrase><CD>10</CD><JJ>Ν</JJ><NN>load</NN><CC>and</CC><MOLECULE><OSCARCM><OSCAR-CM>CS-17</OSCAR-CM></OSCARCM></MOLECULE><NN>abrading</NN><NN>wheel</NN></NounPhrase><PrepPhrase><IN-FOR>for</IN-FOR><NounPhrase><JJ>hard</JJ><MOLECULE><OSCARCM><OSCAR-CM>chromium</OSCAR-CM></OSCARCM></MOLECULE><NN>electroplating</NN><CC>and</CC><MOLECULE><OSCARCM><OSCAR-CM>diamond</OSCAR-CM></OSCARCM></MOLECULE><NN>wheel</NN></NounPhrase></PrepPhrase><PrepPhrase><IN-FOR>for</IN-FOR><NounPhrase><MOLECULE><OSCARCM><OSCAR-CM>tungsten</OSCAR-CM><OSCAR-CM>carbide</OSCAR-CM></OSCARCM></MOLECULE><NN>coating</NN></NounPhrase></PrepPhrase><STOP>.</STOP></Sentence></Document>
<?xml version="1.0" encoding="UTF-8"?>
<Document><Sentence><NounPhrase><DT-THE>The</DT-THE><NN-CHEMENTITY>results</NN-CHEMENTITY></NounPhrase><VerbPhrase><VBD>were</VBD><VBN>analysed</VBN><PrepPhrase><IN-BY>by</IN-BY><NounPhrase><NN>wear</NN><NN>index</NN></NounPhrase></PrepPhrase></VerbPhrase><Unmatched><_-LRB->(</_-LRB-></Unmatched><Unmatched><NN-MASS>mg</NN-MASS></Unmatched><Unmatched><DASH>/</DASH></Unmatched><NounPhrase><CYCLES><CD>1,000</CD><NN-CYCLE>cycles</NN-CYCLE></CYCLES></NounPhrase><Unmatched><_-RRB->)</_-RRB-></Unmatched><Unmatched><CC>and</CC></Unmatched><NounPhrase><JJ>total</JJ><NN>wear</NN></NounPhrase><Unmatched><_-LRB->(</_-LRB-></Unmatched><Unmatched><NN-MASS>mg</NN-MASS></Unmatched><Unmatched><DASH>/</DASH></Unmatched><NounPhrase><CYCLES><CD>10,000</CD><NN-CYCLE>cycles</NN-CYCLE></CYCLES></NounPhrase><Unmatched><_-RRB->)</_-RRB-></Unmatched><NounPhrase><NNS>data</NNS></NounPhrase><STOP>.</STOP></Sentence></Document>
<?xml version="1.0" encoding="UTF-8"?>
<Document><Sentence><NounPhrase><CD>79</CD><NNP>Brought</NNP></NounPhrase><PrepPhrase><TO>to</TO><NounPhrase><PRP>you</PRP></NounPhrase></PrepPhrase><PrepPhrase><IN-BY>by</IN-BY><NounPhrase><NNP>|</NNP><NNP>Universidade</NNP><NNP>Estadual</NNP><NNP>Paulista</NNP><CITATION><_-LRB->(</_-LRB-><NNP>Universidade</NNP><NNP>Estadual</NNP><NNP>Paulista</NNP><_-RRB->)</_-RRB-></CITATION><NNP>Authenticated</NNP><NNS>|</NNS><CD>172.16.1.226</CD><NNP>Download</NNP><NNP>Date</NNP></NounPhrase></PrepPhrase><VerbPhrase><VBD>|</VBD></VerbPhrase><NounPhrase><CD>3/29/12</CD><RATIO><CD>4</CD><COLON>:</COLON><CD>19</CD></RATIO><NNP>PM</NNP><NNP>Vol.</NNP></NounPhrase></Sentence></Document>
<?xml version="1.0" encoding="UTF-8"?>
<Document><Sentence><NounPhrase><PROCEDURE><CD>21</CD></PROCEDURE><STOP>.</STOP></NounPhrase></Sentence></Document>
<?xml version="1.0" encoding="UTF-8"?>
<Document><Sentence><NounPhrase><MOLECULE><OSCARCM><OSCAR-CM>No</OSCAR-CM></OSCARCM></MOLECULE></NounPhrase><STOP>.</STOP></Sentence></Document>
<?xml version="1.0" encoding="UTF-8"?>
<Document><Sentence><NounPhrase><PROCEDURE><NN-IDENTIFIER>I</NN-IDENTIFIER></PROCEDURE><STOP>.</STOP></NounPhrase></Sentence><Sentence><NounPhrase><CD>2003</CD></NounPhrase><NounPhrase><DT-THE>The</DT-THE><JJ-CHEM>Effect</JJ-CHEM><JJ>of\VC-17Co</JJ><JJ>Thermal</JJ><NNP>Spray</NNP><NNP>Coaling</NNP></NounPhrase><PrepPhrase><IN-BY>By</IN-BY><NounPhrase><MOLECULE><OSCARCM><OSCAR-CM>HVOF</OSCAR-CM></OSCARCM><REFERENCETOCOMPOUND><CD>2.4</CD></REFERENCETOCOMPOUND><OSCARCM><OSCAR-CM>Tungsten</OSCAR-CM><OSCAR-CM>carbide</OSCAR-CM></OSCARCM></MOLECULE><NN>coating</NN></NounPhrase></PrepPhrase><NounPhrase><DT-THE>The</DT-THE><MOLECULE><OSCARCM><OSCAR-CM>tungsten</OSCAR-CM><OSCAR-CM>carbide</OSCAR-CM></OSCARCM></MOLECULE><COMMA>thermal</COMMA><NN>spray</NN><NN>coating</NN></NounPhrase><VerbPhrase><VBN>applied</VBN><PrepPhrase><IN-BY>by</IN-BY><NounPhrase><DT-THE>the</DT-THE><MOLECULE><OSCARCM><OSCAR-CM>HVOF</OSCAR-CM></OSCARCM></MOLECULE><NN>system</NN></NounPhrase></PrepPhrase></VerbPhrase><VerbPhrase><VBD>used</VBD><JJ>WC</JJ></VerbPhrase><NounPhrase><NN-STATE>powder</NN-STATE></NounPhrase><PrepPhrase><IN-WITH>with</IN-WITH><NounPhrase><MOLECULE><QUANTITY><PERCENT><CD>17</CD><NN-PERCENT>%</NN-PERCENT></PERCENT></QUANTITY><OSCARCM><OSCAR-CM>Co</OSCAR-CM></OSCARCM></MOLECULE></NounPhrase></PrepPhrase><COMMA>,</COMMA><ActionPhrase type="Yield"><VerbPhrase><VB-YIELD>resulting</VB-YIELD><PrepPhrase><IN-IN>in</IN-IN><NounPhrase><DT>a</DT><NN>thickness</NN></NounPhrase></PrepPhrase><PrepPhrase><JJ>equal</JJ><TO>to</TO><NounPhrase><CD>150</CD><NNS>µιη</NNS></NounPhrase></PrepPhrase></VerbPhrase></ActionPhrase><STOP>.</STOP></Sentence></Document>
<?xml version="1.0" encoding="UTF-8"?>
<Document><Sentence><ActionPhrase type="Synthesize"><NounPhrase><CD>Two</CD><JJ>high</JJ><NN>velocity</NN><MOLECULE><OSCARCM><OSCAR-CM>oxygen</OSCAR-CM></OSCARCM></MOLECULE><NN>fuel</NN><NN>spray</NN><NNS>systems</NNS></NounPhrase><VerbPhrase><VBD>were</VBD><JJ>responsible</JJ><PrepPhrase><IN-FOR>for</IN-FOR><NounPhrase><NN>sample</NN><NN-SYNTHESIZE>preparation</NN-SYNTHESIZE></NounPhrase></PrepPhrase></VerbPhrase></ActionPhrase><STOP>;</STOP></Sentence><Sentence><NounPhrase><CD>1</CD></NounPhrase><STOP>.</STOP></Sentence></Document>
<?xml version="1.0" encoding="UTF-8"?>
<Document><Sentence><ActionPhrase type="ApparatusAction"><NounPhrase><NNP>Equipment</NNP></NounPhrase><COLON>:</COLON><NounPhrase><NNP>Jet</NNP><NNP>Kote</NNP></NounPhrase><NounPhrase><DT>thermal</DT><JJ-CHEM>spray</JJ-CHEM><NN>system</NN></NounPhrase><PrepPhrase><IN>utilizing</IN><NounPhrase><DT>a</DT><NNP>JK</NNP><NNP>IIa</NNP></NounPhrase></PrepPhrase><VerbPhrase><VB-APPARATUS>closed</VB-APPARATUS></VerbPhrase><NounPhrase><NN>loop</NN></NounPhrase></ActionPhrase><VerbPhrase><VBN>controlled</VBN></VerbPhrase><NounPhrase><NN>system</NN></NounPhrase><STOP>.</STOP></Sentence></Document>
<?xml version="1.0" encoding="UTF-8"?>
<Document><Sentence><NounPhrase><NNS>Parameters</NNS></NounPhrase><COLON>:</COLON><JJ>•</JJ><NounPhrase><NNP>Spray</NNP><NNP>Distance</NNP></NounPhrase><COLON>:</COLON><NounPhrase><CD>7,5</CD><FW>"</FW><JJ>•</JJ><NN-STATE>Powder</NN-STATE></NounPhrase><COLON>:</COLON><NounPhrase><NNP>JK</NNP><CD>117</CD><MIXTURE><_-LRB->(</_-LRB-><NNP>WC17Co</NNP><_-RRB->)</_-RRB-></MIXTURE><NNP>Lot</NNP><CD>1548-1</CD><NN>•</NN><NNPS>Flows</NNPS></NounPhrase><COLON>:</COLON><NounPhrase><MOLECULE><OSCARCM><OSCAR-CM>Hydrogen</OSCAR-CM></OSCARCM></MOLECULE></NounPhrase><COLON>:</COLON><NounPhrase><CD>1150</CD><NNP>SCFH</NNP><MOLECULE><OSCARCM><OSCAR-CM>Oxygen</OSCAR-CM></OSCARCM></MOLECULE></NounPhrase><COLON>:</COLON><NounPhrase><CD>570</CD><NNP>SCFH</NNP><MOLECULE><OSCARCM><OSCAR-CM>Argon</OSCAR-CM></OSCARCM></MOLECULE></NounPhrase><COLON>:</COLON><NounPhrase><CD>57</CD><NNP>SCFH</NNP><NN-STATE>Powder</NN-STATE></NounPhrase><COLON>:</COLON><NounPhrase><CD>29-34</CD><NN-TIME>g/min</NN-TIME><CD>2</CD></NounPhrase><STOP>.</STOP></Sentence></Document>
<?xml version="1.0" encoding="UTF-8"?>
<Document><Sentence><NounPhrase><NNP>Equipment</NNP></NounPhrase><COLON>:</COLON><NounPhrase><CD>JP-5000</CD><MOLECULE><OSCARCM><OSCAR-CM>HP</OSCAR-CM><DASH>/</DASH><OSCAR-CM>HVOF</OSCAR-CM></OSCARCM></MOLECULE><NN>spray</NN><NN>system</NN></NounPhrase><STOP>.</STOP></Sentence></Document>
<?xml version="1.0" encoding="UTF-8"?>
<Document><Sentence><NounPhrase><NNS>Parameters</NNS></NounPhrase><COLON>:</COLON><NounPhrase><NN>•</NN><NNP>Spray</NNP><NNP>Distance</NNP></NounPhrase><COLON>:</COLON><NounPhrase><CD>14</CD><FW>"</FW></NounPhrase><VerbPhrase><VB>•</VB></VerbPhrase><NounPhrase><NN-STATE>Powder</NN-STATE></NounPhrase><COLON>:</COLON><NounPhrase><CD>1343V</CD><MIXTURE><_-LRB->(</_-LRB-><NNP>WC17Co</NNP><_-RRB->)</_-RRB-></MIXTURE></NounPhrase><VerbPhrase><VBZ>•</VBZ></VerbPhrase><NounPhrase><NNPS>Flows</NNPS></NounPhrase><COLON>:</COLON><NounPhrase><NNP>Kerosene</NNP></NounPhrase><COLON>:</COLON><NounPhrase><CD>5.2</CD><NN-TIME>gal/hr</NN-TIME><MOLECULE><OSCARCM><OSCAR-CM>Oxygen</OSCAR-CM></OSCARCM></MOLECULE></NounPhrase><COLON>:</COLON><NounPhrase><CD>1880</CD><NNP>SCFH</NNP><MOLECULE><OSCARCM><OSCAR-CM>Water</OSCAR-CM></OSCARCM></MOLECULE></NounPhrase><COLON>:</COLON><NounPhrase><CD>8</CD><NN-TIME>gal/min</NN-TIME><NN-STATE>Powder</NN-STATE></NounPhrase><COLON>:</COLON><NounPhrase><CD>73</CD><NN-TIME>g/min</NN-TIME><CD>2.5</CD><NNP>Hard</NNP><MOLECULE><OSCARCM><OSCAR-CM>chromium</OSCAR-CM></OSCARCM><JJ-CHEM>electroplating</JJ-CHEM></MOLECULE></NounPhrase><NounPhrase><DT-THE>The</DT-THE><JJ>conventional</JJ><JJ>hard</JJ><MOLECULE><OSCARCM><OSCAR-CM>chromium</OSCAR-CM></OSCARCM></MOLECULE><NN>electroplating</NN></NounPhrase><VerbPhrase><VBD>was</VBD><VBN>carried</VBN><RP>out</RP><PrepPhrase><IN-BY>by</IN-BY><NounPhrase><DT>a</DT><MOLECULE><OSCARCM><OSCAR-CM>chromic</OSCAR-CM><OSCAR-CM>acid</OSCAR-CM></OSCARCM><NN-CHEMENTITY>solution</NN-CHEMENTITY></MOLECULE></NounPhrase></PrepPhrase><PrepPhrase><IN-WITH>with</IN-WITH><NounPhrase><QUANTITY><MASS><CD>250</CD><NN-MASS>g</NN-MASS></MASS></QUANTITY><DASH>/</DASH><NN-VOL>L</NN-VOL><PrepPhrase><IN-OF>of</IN-OF><NounPhrase><MOLECULE><OSCARCM><OSCAR-CM>CrO</OSCAR-CM></OSCARCM></MOLECULE><COMMA>,</COMMA><CC>and</CC><QUANTITY><MASS><CD>2.5</CD><NN-MASS>g</NN-MASS></MASS></QUANTITY><DASH>/</DASH><NN-VOL>L</NN-VOL><PrepPhrase><IN-OF>of</IN-OF><NounPhrase><MOLECULE><OSCARCM><OSCAR-CM>H2S04</OSCAR-CM></OSCARCM></MOLECULE></NounPhrase></PrepPhrase></NounPhrase></PrepPhrase></NounPhrase></PrepPhrase><COMMA>,</COMMA><TempPhrase><IN>at</IN><CD>50</CD><NN-TEMP>°C</NN-TEMP></TempPhrase></VerbPhrase><Unmatched><DASH>-</DASH></Unmatched><NounPhrase><CD>55</CD><NN-TEMP>°C</NN-TEMP></NounPhrase><COMMA>,</COMMA><ActionPhrase type="Wait"><PrepPhrase><IN-WITH>with</IN-WITH><NounPhrase><DT>a</DT><JJ>current</JJ><NN>density</NN></NounPhrase></PrepPhrase><PrepPhrase><IN-FROM>from</IN-FROM><NounPhrase><CD>31</CD></NounPhrase></PrepPhrase><Unmatched><DT>A/dm2</DT></Unmatched><PrepPhrase><TO>to</TO><NounPhrase><CD>46</CD></NounPhrase></PrepPhrase><Unmatched><DT>A/dm2</DT></Unmatched><Unmatched><COMMA>,</COMMA></Unmatched><Unmatched><CC>and</CC></Unmatched><NounPhrase><NN>speed</NN><PrepPhrase><IN-OF>of</IN-OF><NounPhrase><NN>deposition</NN></NounPhrase></PrepPhrase></NounPhrase><TimePhrase><JJ>equal</JJ><TO>to</TO><CD>25</CD><NN-TIME>µηι/h</NN-TIME></TimePhrase></ActionPhrase><STOP>.</STOP></Sentence></Document>
<?xml version="1.0" encoding="UTF-8"?>
<Document><Sentence><ActionPhrase type="ApparatusAction"><NounPhrase><MultipleApparatus><APPARATUS><DT>A</DT><NN-APPARATUS>bath</NN-APPARATUS></APPARATUS></MultipleApparatus></NounPhrase><PrepPhrase><IN-WITH>with</IN-WITH><NounPhrase><DT>a</DT><JJ>single</JJ><NN-CHEMENTITY>catalyst</NN-CHEMENTITY></NounPhrase></PrepPhrase><VerbPhrase><VBN>based</VBN><PrepPhrase><IN-ON>on</IN-ON><NounPhrase><MOLECULE><OSCARCM><OSCAR-CM>sulfate</OSCAR-CM></OSCARCM></MOLECULE></NounPhrase></PrepPhrase></VerbPhrase></ActionPhrase><VerbPhrase><VBD>was</VBD><VBN>used</VBN></VerbPhrase><STOP>.</STOP></Sentence></Document>
<?xml version="1.0" encoding="UTF-8"?>
<Document><Sentence><ActionPhrase type="Degass"><PrepPhrase><IN-AFTER>After</IN-AFTER><NounPhrase><DT-THE>the</DT-THE><JJ-CHEM>coating</JJ-CHEM><NN>deposition</NN></NounPhrase></PrepPhrase><COMMA>,</COMMA><NounPhrase><DT-THE>the</DT-THE><NNS>samples</NNS></NounPhrase><VerbPhrase><VBD>were</VBD><VB-SUBJECT>subjected</VB-SUBJECT><PrepPhrase><TO>to</TO><NounPhrase><DT>a</DT><MOLECULE><OSCARCM><OSCAR-CM>hydrogen</OSCAR-CM></OSCARCM></MOLECULE><NN>embrittlement</NN><NN>relief</NN><NN>treatment</NN></NounPhrase></PrepPhrase><TempPhrase><IN>at</IN><CD>190</CD><NN-TEMP>°C</NN-TEMP></TempPhrase><TimePhrase><IN-FOR>for</IN-FOR><CD>8</CD><NN-TIME>hours</NN-TIME></TimePhrase></VerbPhrase></ActionPhrase><STOP>.</STOP></Sentence></Document>
<?xml version="1.0" encoding="UTF-8"?>
<Document><Sentence><NounPhrase><JJ>Average</JJ><JJ-CHEM>surface</JJ-CHEM><NN>roughness</NN><PrepPhrase><IN-OF>of</IN-OF><NounPhrase><DT-THE>the</DT-THE><JJ>hard</JJ><MOLECULE><OSCARCM><OSCAR-CM>chromium</OSCAR-CM></OSCARCM></MOLECULE><NN>electroplating</NN></NounPhrase></PrepPhrase></NounPhrase><VerbPhrase><VBD>was</VBD></VerbPhrase><NounPhrase><NNP>R</NNP></NounPhrase><PrepPhrase><IN>„</IN><NounPhrase><CD>«3.13</CD><NN>µιη</NN></NounPhrase></PrepPhrase><PrepPhrase><IN-IN>in</IN-IN><NounPhrase><DT-THE>the</DT-THE><JJ>reduced</JJ><NN>section</NN><CC>and</CC><JJ>standard</JJ><NN>deviation</NN><PrepPhrase><IN-OF>of</IN-OF><NounPhrase><CD>0.79</CD><NN>µιη</NN></NounPhrase></PrepPhrase></NounPhrase></PrepPhrase><COMMA>,</COMMA><PrepPhrase><IN-IN>in</IN-IN><NounPhrase><DT-THE>the</DT-THE><JJ>as-electroplated</JJ><NN>condition</NN></NounPhrase></PrepPhrase><STOP>.</STOP></Sentence></Document>
<?xml version="1.0" encoding="UTF-8"?>
<Document><Sentence><NounPhrase><NN>Analysis</NN><PrepPhrase><IN-OF>of</IN-OF><NounPhrase><NN>fracture</NN><NNS>surfaces</NNS></NounPhrase></PrepPhrase></NounPhrase><VerbPhrase><VBD>was</VBD><VBN>carried</VBN><RP>out</RP></VerbPhrase><VerbPhrase><IN-ON>on</IN-ON><VBG>rotating</VBG><VBG>bending</VBG></VerbPhrase><NounPhrase><NN>fatigue</NN><NNS>specimens</NNS></NounPhrase><VerbPhrase><IN-BY>by</IN-BY><VBG>scanning</VBG></VerbPhrase><NounPhrase><NN>electron</NN><NN>microscope</NN><COMMA>,</COMMA><NN>model</NN><NNP>LEO</NNP><CD>435</CD><NN>vpi</NN><CC>and</CC><NNP>Zeiss</NNP><NNP>DSM</NNP><CD>950</CD></NounPhrase><STOP>.</STOP></Sentence></Document>
<?xml version="1.0" encoding="UTF-8"?>
<Document><Sentence><NounPhrase><DT-THE>The</DT-THE><JJ>metallographic</JJ><NN>analysis</NN></NounPhrase><VerbPhrase><VBD>was</VBD><VBN>carried</VBN><RP>out</RP><PrepPhrase><IN-ON>on</IN-ON><NounPhrase><DT>an</DT><JJ>optical</JJ><NN>microscope</NN><COMMA>,</COMMA><NN>model</NN><NNP>Neophot</NNP><CD>21</CD></NounPhrase></PrepPhrase></VerbPhrase><STOP>.</STOP></Sentence></Document>
<?xml version="1.0" encoding="UTF-8"?>
<Document><Sentence><NounPhrase><CD>80</CD><NNP>Brought</NNP></NounPhrase><PrepPhrase><TO>to</TO><NounPhrase><PRP>you</PRP></NounPhrase></PrepPhrase><PrepPhrase><IN-BY>by</IN-BY><NounPhrase><NNP>|</NNP><NNP>Universidade</NNP><NNP>Estadual</NNP><NNP>Paulista</NNP><CITATION><_-LRB->(</_-LRB-><NNP>Universidade</NNP><NNP>Estadual</NNP><NNP>Paulista</NNP><_-RRB->)</_-RRB-></CITATION><NNP>Authenticated</NNP><NNS>|</NNS><CD>172.16.1.226</CD><NNP>Download</NNP><NNP>Date</NNP></NounPhrase></PrepPhrase><VerbPhrase><VBD>|</VBD></VerbPhrase><NounPhrase><CD>3/29/12</CD><RATIO><CD>4</CD><COLON>:</COLON><CD>19</CD></RATIO><NNP>PM</NNP><NNP>Renata</NNP><NNP>C</NNP></NounPhrase><Unmatched><APOST>'</APOST></Unmatched><STOP>.</STOP></Sentence></Document>
<?xml version="1.0" encoding="UTF-8"?>
<Document><Sentence><NounPhrase><NNP>Sauza</NNP><NNP>Corrosion</NNP><NNP>Reviews</NNP><CD>3</CD></NounPhrase><STOP>.</STOP></Sentence></Document>
<?xml version="1.0" encoding="UTF-8"?>
<Document/>
