<?xml version="1.0" encoding="UTF-8"?>
<Document><Sentence><NounPhrase><NNP>Experimental</NNP><NNPS>Details</NNPS></NounPhrase><NounPhrase><DT-THE>The</DT-THE><JJ-CHEM>substrate</JJ-CHEM><NN-CHEMENTITY>material</NN-CHEMENTITY></NounPhrase><VerbPhrase><VBN>used</VBN><PrepPhrase><IN-IN>in</IN-IN><NounPhrase><DT>this</DT><NN>study</NN></NounPhrase></PrepPhrase></VerbPhrase><VerbPhrase><VBD>was</VBD></VerbPhrase><NounPhrase><NNP>AISI</NNP><CD>4140</CD><NN>steel</NN></NounPhrase><PrepPhrase><IN-WITH>with</IN-WITH><NounPhrase><DT-THE>the</DT-THE><JJ-CHEM>chemical</JJ-CHEM><NN>composition</NN><PrepPhrase><IN-OF>of</IN-OF><NounPhrase><MOLECULE><MIXTURE><_-LRB->(</_-LRB-><IN-IN>in</IN-IN><NN>wt.</NN><NN-PERCENT>%</NN-PERCENT><_-RRB->)</_-RRB-></MIXTURE><QUANTITY><PERCENT><CD>0.39</CD><NN-PERCENT>%</NN-PERCENT></PERCENT></QUANTITY><OSCARCM><OSCAR-CM>C</OSCAR-CM></OSCARCM></MOLECULE><COMMA>,</COMMA><MOLECULE><QUANTITY><PERCENT><CD>0.30</CD><NN-PERCENT>%</NN-PERCENT></PERCENT></QUANTITY><OSCARCM><OSCAR-CM>Si</OSCAR-CM></OSCARCM></MOLECULE><COMMA>,</COMMA><MOLECULE><QUANTITY><PERCENT><CD>0.68</CD><NN-PERCENT>%</NN-PERCENT></PERCENT></QUANTITY><OSCARCM><OSCAR-CM>Mn</OSCAR-CM></OSCARCM></MOLECULE><COMMA>,</COMMA><MOLECULE><QUANTITY><PERCENT><CD>0.012</CD><NN-PERCENT>%</NN-PERCENT></PERCENT></QUANTITY><OSCARCM><OSCAR-CM>P</OSCAR-CM></OSCARCM></MOLECULE><COMMA>,</COMMA><MOLECULE><QUANTITY><PERCENT><CD>0.002</CD><NN-PERCENT>%</NN-PERCENT></PERCENT></QUANTITY><OSCARCM><OSCAR-CM>S</OSCAR-CM></OSCARCM></MOLECULE><COMMA>,</COMMA><MOLECULE><QUANTITY><PERCENT><CD>1.15</CD><NN-PERCENT>%</NN-PERCENT></PERCENT></QUANTITY><OSCARCM><OSCAR-CM>Cr</OSCAR-CM></OSCARCM></MOLECULE><COMMA>,</COMMA><MOLECULE><QUANTITY><PERCENT><CD>0.20</CD><NN-PERCENT>%</NN-PERCENT></PERCENT></QUANTITY><OSCARCM><OSCAR-CM>Mo</OSCAR-CM></OSCARCM></MOLECULE><COMMA>,</COMMA><MOLECULE><QUANTITY><PERCENT><CD>0.08</CD><NN-PERCENT>%</NN-PERCENT></PERCENT></QUANTITY><OSCARCM><OSCAR-CM>Ni</OSCAR-CM></OSCARCM></MOLECULE><COMMA>,</COMMA><QUANTITY><PERCENT><CD>0.016</CD><NN-PERCENT>%</NN-PERCENT></PERCENT></QUANTITY><FW>Al</FW><COMMA>,</COMMA><QUANTITY><PERCENT><CD>0.01</CD><NN-PERCENT>%</NN-PERCENT></PERCENT></QUANTITY><NNP>V</NNP><CC>and</CC><NN>balance</NN><MOLECULE><OSCARCM><OSCAR-CM>Fe</OSCAR-CM></OSCARCM></MOLECULE></NounPhrase></PrepPhrase></NounPhrase></PrepPhrase><STOP>.</STOP></Sentence></Document>
<?xml version="1.0" encoding="UTF-8"?>
<Document><Sentence><NounPhrase><NNP>Disc</NNP></NounPhrase><VerbPhrase><VBD>shaped</VBD></VerbPhrase><NounPhrase><NNS>samples</NNS><MIXTURE><_-LRB->(</_-LRB-><CD>26</CD><CD>mm</CD><IN-IN>in</IN-IN><NN>diameter</NN><CC>and</CC><CD>10</CD><CD>mm</CD><IN-IN>in</IN-IN><NN>thickness</NN><_-RRB->)</_-RRB-></MIXTURE></NounPhrase><VerbPhrase><VBD>were</VBD><VBN>received</VBN><PrepPhrase><IN-IN>in</IN-IN><NounPhrase><DT-THE>the</DT-THE><JJ>hardened</JJ><NN>state</NN></NounPhrase></PrepPhrase></VerbPhrase><COMMA>,</COMMA><VerbPhrase><VBG>having</VBG></VerbPhrase><NounPhrase><DT-THE>the</DT-THE><JJ>average</JJ><NN>hardness</NN><PrepPhrase><IN-OF>of</IN-OF><NounPhrase><CD>35</CD><NNP>HRC</NNP></NounPhrase></PrepPhrase></NounPhrase><STOP>.</STOP></Sentence></Document>
<?xml version="1.0" encoding="UTF-8"?>
<Document><Sentence><PrepPhrase><IN-IN>In</IN-IN><NounPhrase><DT-THE>the</DT-THE><NN>scope</NN><PrepPhrase><IN-OF>of</IN-OF><NounPhrase><DT>this</DT><NN>study</NN><NNS>samples</NNS></NounPhrase></PrepPhrase></NounPhrase></PrepPhrase><VerbPhrase><VBD>were</VBD></VerbPhrase><NounPhrase><MOLECULE><OSCARCM><OSCAR-CM>CrN</OSCAR-CM></OSCARCM><JJ>coated</JJ></MOLECULE></NounPhrase><PrepPhrase><IN-BY>by</IN-BY><NounPhrase><JJ>arc-PVD</JJ><PROCEDURE><NN-METHOD>technique</NN-METHOD></PROCEDURE></NounPhrase></PrepPhrase><Unmatched><IN-BEFORE>before</IN-BEFORE></Unmatched><Unmatched><CC>and</CC></Unmatched><PrepPhrase><IN-AFTER>after</IN-AFTER><NounPhrase><NN>plasma</NN><MOLECULE><OSCARCM><OSCAR-CM>nitriding</OSCAR-CM></OSCARCM></MOLECULE><COMMA>,</COMMA><WDT>which</WDT></NounPhrase></PrepPhrase><VerbPhrase><VBD>were</VBD><VBN>identified</VBN></VerbPhrase><Unmatched><IN-AS>as</IN-AS></Unmatched><Unmatched><JJ>single</JJ></Unmatched><Unmatched><CC>and</CC></Unmatched><NounPhrase><JJ>duplex</JJ><NN>surface</NN><NNS>treatments</NNS></NounPhrase><COMMA>,</COMMA><Unmatched><RB>respectively</RB></Unmatched><STOP>.</STOP></Sentence></Document>
<?xml version="1.0" encoding="UTF-8"?>
<Document><Sentence><NounPhrase><NNP>Plasma</NNP><MOLECULE><OSCARCM><OSCAR-CM>nitriding</OSCAR-CM></OSCARCM></MOLECULE></NounPhrase><VerbPhrase><VBD>was</VBD><VBN>conducted</VBN><PrepPhrase><IN-IN>in</IN-IN><NounPhrase><DT>a</DT><NN-STATE>gas</NN-STATE><NN-CHEMENTITY>mixture</NN-CHEMENTITY></NounPhrase></PrepPhrase></VerbPhrase><ActionPhrase type="Add"><VerbPhrase><VB-CONTAIN>containing</VB-CONTAIN></VerbPhrase><NounPhrase><MOLECULE><QUANTITY><PERCENT><CD>25</CD><NN-PERCENT>%</NN-PERCENT></PERCENT></QUANTITY><OSCARCM><OSCAR-CM>N2+75</OSCAR-CM></OSCARCM></MOLECULE></NounPhrase><Unmatched><NN-PERCENT>%</NN-PERCENT></Unmatched><NounPhrase><MOLECULE><OSCARCM><OSCAR-CM>H2</OSCAR-CM></OSCARCM></MOLECULE></NounPhrase><PrepPhrase><IN>at</IN><NounPhrase><CD>500</CD></NounPhrase></PrepPhrase><PrepPhrase><IN>o</IN><NounPhrase><NNP>C</NNP></NounPhrase></PrepPhrase><TimePhrase><IN-FOR>for</IN-FOR><CD>8</CD><NN-TIME>h</NN-TIME></TimePhrase></ActionPhrase><STOP>.</STOP></Sentence><Sentence><ActionPhrase type="Wait"><NounPhrase><DT>Arc-PVD</DT><NN>process</NN></NounPhrase><VerbPhrase><VBD>was</VBD><VBN>conducted</VBN><TimePhrase><IN-FOR>for</IN-FOR><CD>80</CD><NN-TIME>min</NN-TIME></TimePhrase><PrepPhrase><IN>at</IN><NounPhrase><CD>-110</CD><NNP>V</NNP><NN>bias</NN><NN>voltage</NN><COMMA>,</COMMA><CD>50</CD></NounPhrase></PrepPhrase></VerbPhrase></ActionPhrase><ActionPhrase type="Add"><Unmatched><DT>A</DT></Unmatched><Unmatched><JJ-CHEM>cathode</JJ-CHEM></Unmatched><Unmatched><JJ>current</JJ></Unmatched><Unmatched><CC>and</CC></Unmatched><NounPhrase><CD>5</CD><NN>mtorr</NN><MOLECULE><OSCARCM><OSCAR-CM>N2</OSCAR-CM></OSCARCM></MOLECULE><NN-PRESSURE>pressure</NN-PRESSURE></NounPhrase><PrepPhrase><IN>at</IN><NounPhrase><NNP>Tribological</NNP><NNP>Behaviour</NNP><PrepPhrase><IN-OF>Of</IN-OF><NounPhrase><NNP>Duplex</NNP></NounPhrase></PrepPhrase></NounPhrase></PrepPhrase><VerbPhrase><VB-TREAT>Treated</VB-TREAT></VerbPhrase><NounPhrase><NNP>Aisi</NNP><CD>4140</CD><NNP>Steel</NNP><CD>40</CD><NNS>temperatures</NNS></NounPhrase><PrepPhrase><IN-IN>in</IN-IN><IN>between</IN><NounPhrase><CD>279</CD><MIXTURE><_-LRB->(</_-LRB-><NN>start</NN><_-RRB->)-293</_-RRB-></MIXTURE><NN-TEMP>°C</NN-TEMP><MIXTURE><_-LRB->(</_-LRB-><NN>finish</NN><_-RRB->)</_-RRB-></MIXTURE></NounPhrase></PrepPhrase></ActionPhrase><STOP>.</STOP></Sentence></Document>
<?xml version="1.0" encoding="UTF-8"?>
<Document><Sentence><NounPhrase><MOLECULE><OSCARCM><OSCAR-CM>CrN</OSCAR-CM></OSCARCM></MOLECULE><NN>coating</NN></NounPhrase><VerbPhrase><VBD>was</VBD><VBN>applied</VBN></VerbPhrase><Unmatched><TO>to</TO></Unmatched><Unmatched><DT-THE>the</DT-THE></Unmatched><Unmatched><JJ>as-received</JJ></Unmatched><Unmatched><CC>and</CC></Unmatched><NounPhrase><NN>plasma</NN><MOLECULE><OSCARCM><OSCAR-CM>nitrided</OSCAR-CM></OSCARCM></MOLECULE><NNS>samples</NNS><COMMA>,</COMMA><WDT>which</WDT></NounPhrase><VerbPhrase><VBD>were</VBD><VBN>identified</VBN></VerbPhrase><Unmatched><IN-AS>as</IN-AS></Unmatched><Unmatched><JJ>single</JJ></Unmatched><Unmatched><CC>and</CC></Unmatched><ActionPhrase type="Add"><VerbPhrase><JJ>dublex</JJ><VB-TREAT>treated</VB-TREAT></VerbPhrase><NounPhrase><NNS>steels</NNS></NounPhrase></ActionPhrase><COMMA>,</COMMA><Unmatched><RB>respectively</RB></Unmatched><STOP>.</STOP></Sentence></Document>
<?xml version="1.0" encoding="UTF-8"?>
<Document><Sentence><PrepPhrase><IN-BEFORE>Before</IN-BEFORE><NounPhrase><DT-THE>the</DT-THE><MOLECULE><OSCARCM><OSCAR-CM>CrN</OSCAR-CM></OSCARCM></MOLECULE><NN>coating</NN><PrepPhrase><IN-OF>of</IN-OF><NounPhrase><DT-THE>the</DT-THE><MOLECULE><OSCARCM><OSCAR-CM>nitrided</OSCAR-CM></OSCARCM></MOLECULE><NNS>samples</NNS><COMMA>,</COMMA><PRP_>their</PRP_><NNS>surfaces</NNS></NounPhrase></PrepPhrase></NounPhrase></PrepPhrase><VerbPhrase><VBD>were</VBD><VBN>shot</VBN><VBN>peened</VBN></VerbPhrase><CC>and</CC><RB-CONJ>then</RB-CONJ><VerbPhrase><VBD>polished</VBD></VerbPhrase><STOP>.</STOP></Sentence></Document>
<?xml version="1.0" encoding="UTF-8"?>
<Document><Sentence><ActionPhrase type="Add"><Unmatched><DT-THE>The</DT-THE></Unmatched><Unmatched><JJ>single</JJ></Unmatched><Unmatched><CC>and</CC></Unmatched><VerbPhrase><JJ>dublex</JJ><VB-TREAT>treated</VB-TREAT></VerbPhrase><NounPhrase><NNS>samples</NNS></NounPhrase></ActionPhrase><ActionPhrase type="Degass"><VerbPhrase><VBD>were</VBD><VB-SUBJECT>subjected</VB-SUBJECT><PrepPhrase><TO>to</TO><NounPhrase><JJ>microstructural</JJ><NN>survey</NN><COMMA>,</COMMA><NN>hardness</NN><NNS>measurements</NNS><COMMA>,</COMMA><NNP>Rockwell</NNP><NNP>C</NNP><NN>adhesion</NN><NNS>tests</NNS></NounPhrase></PrepPhrase></VerbPhrase></ActionPhrase><CC>and</CC><ActionPhrase type="Dry"><VerbPhrase><VB-DRY>dry</VB-DRY></VerbPhrase></ActionPhrase><VerbPhrase><VBG>sliding</VBG></VerbPhrase><NounPhrase><NN>wear</NN><NNS>tests</NNS></NounPhrase><STOP>.</STOP></Sentence></Document>
<?xml version="1.0" encoding="UTF-8"?>
<Document><Sentence><NounPhrase><NNP>Microstructural</NNP><NN>survey</NN></NounPhrase><VerbPhrase><VBN>covered</VBN><PrepPhrase><IN>Ligth</IN><NounPhrase><JJ>optical</JJ><NN>microscope</NN><MIXTURE><_-LRB->(</_-LRB-><NNP>LOM</NNP><_-RRB->)</_-RRB-></MIXTURE><NN>examination</NN><CC>and</CC><NNP>X-ray</NNP><NN>diffraction</NN><MIXTURE><_-LRB->(</_-LRB-><NNP>XRD</NNP><_-RRB->)</_-RRB-></MIXTURE><NN>analysis</NN></NounPhrase></PrepPhrase></VerbPhrase><STOP>.</STOP></Sentence></Document>
<?xml version="1.0" encoding="UTF-8"?>
<Document><Sentence><NounPhrase><NNP>XRD</NNP><NN>analysis</NN></NounPhrase><VerbPhrase><VBD>was</VBD><VBN>carried</VBN><RP>out</RP></VerbPhrase><VerbPhrase><IN-BY>by</IN-BY><VBG>utilizing</VBG></VerbPhrase><NounPhrase><MOLECULE><OSCARCM><OSCAR-CM>Cu</OSCAR-CM></OSCARCM></MOLECULE><NNP>Kα</NNP><NN>radiation</NN></NounPhrase><STOP>.</STOP></Sentence></Document>
<?xml version="1.0" encoding="UTF-8"?>
<Document><Sentence><NounPhrase><NNP>Hardness</NNP><NNS>measurements</NNS></NounPhrase><VerbPhrase><VBD>were</VBD><VBN>conducted</VBN><PrepPhrase><IN-ON>on</IN-ON><NounPhrase><DT-THE>the</DT-THE><NN>surface</NN><PrepPhrase><IN-OF>of</IN-OF><NounPhrase><DT-THE>the</DT-THE><NNS>samples</NNS></NounPhrase></PrepPhrase></NounPhrase></PrepPhrase><PrepPhrase><IN-WITH>with</IN-WITH><NounPhrase><DT>a</DT><NNP>Vickers</NNP><NN>pyramid</NN><NN>indenter</NN></NounPhrase></PrepPhrase><PrepPhrase><IN-UNDER>under</IN-UNDER><NounPhrase><NN>indentation</NN><NN>test</NN><NNS>loads</NNS></NounPhrase></PrepPhrase></VerbPhrase><VerbPhrase><VBN>varied</VBN><PrepPhrase><IN-FROM>from</IN-FROM><NounPhrase><QUANTITY><MASS><CD>25</CD><NN-MASS>g</NN-MASS></MASS></QUANTITY></NounPhrase></PrepPhrase><PrepPhrase><TO>to</TO><NounPhrase><UNNAMEDMOLECULE><REFERENCETOCOMPOUND><CD>10</CD></REFERENCETOCOMPOUND><QUANTITY><MASS><CD>000</CD><NN-MASS>g</NN-MASS></MASS></QUANTITY></UNNAMEDMOLECULE></NounPhrase></PrepPhrase></VerbPhrase><STOP>.</STOP></Sentence><Sentence><NounPhrase><NNP>Rockwell</NNP><NNP>C</NNP><NN>adhesion</NN><NNS>tests</NNS></NounPhrase><VerbPhrase><VBD>were</VBD><VBN>conducted</VBN><PrepPhrase><IN-ON>on</IN-ON><NounPhrase><DT>a</DT><JJ>standard</JJ><NNP>Rockwell</NNP><NN>hardness</NN><MOLECULE><OSCARCM><OSCAR-CM>tester</OSCAR-CM></OSCARCM></MOLECULE></NounPhrase></PrepPhrase></VerbPhrase><COMMA>,</COMMA><VerbPhrase><IN-BY>by</IN-BY><VBG>indenting</VBG></VerbPhrase><NounPhrase><DT-THE>the</DT-THE><NNP>Rockwell</NNP><NNP>C</NNP><MOLECULE><OSCARCM><OSCAR-CM>diamond</OSCAR-CM></OSCARCM></MOLECULE><NN>indenter</NN></NounPhrase><PrepPhrase><IN-ON>on</IN-ON><NounPhrase><DT-THE>the</DT-THE><NNS>samples</NNS></NounPhrase></PrepPhrase><PrepPhrase><IN-UNDER>under</IN-UNDER><NounPhrase><JJ>normal</JJ><NN>load</NN><PrepPhrase><IN-OF>of</IN-OF><NounPhrase><QUANTITY><MASS><CD>150</CD><NN-MASS>kg</NN-MASS></MASS></QUANTITY></NounPhrase></PrepPhrase></NounPhrase></PrepPhrase><STOP>.</STOP></Sentence></Document>
<?xml version="1.0" encoding="UTF-8"?>
<Document><Sentence><PrepPhrase><IN-AFTER>After</IN-AFTER><NounPhrase><DT-THE>the</DT-THE><NN>adhesion</NN><NNS>tests</NNS></NounPhrase></PrepPhrase><COMMA>,</COMMA><NounPhrase><DT-THE>the</DT-THE><NN>damage</NN><NNS>patterns</NNS></NounPhrase><VerbPhrase><VBN>developed</VBN><PrepPhrase><IN-ON>on</IN-ON><NounPhrase><DT-THE>the</DT-THE><NNS>samples</NNS></NounPhrase></PrepPhrase></VerbPhrase><VerbPhrase><VBD>were</VBD><VBN>detected</VBN><PrepPhrase><IN-BY>by</IN-BY><NounPhrase><DT>a</DT><MOLECULE><OSCARCM><OSCAR-CM>LOM</OSCAR-CM></OSCARCM></MOLECULE></NounPhrase></PrepPhrase></VerbPhrase><STOP>.</STOP></Sentence></Document>
<?xml version="1.0" encoding="UTF-8"?>
<Document><Sentence><ActionPhrase type="Dry"><VerbPhrase><VB-DRY>Dry</VB-DRY></VerbPhrase></ActionPhrase><VerbPhrase><VBG>sliding</VBG></VerbPhrase><NounPhrase><NN>wear</NN><NNS>tests</NNS></NounPhrase><VerbPhrase><VBD>were</VBD><VBN>applied</VBN><PrepPhrase><IN-ON>on</IN-ON><NounPhrase><DT>a</DT><JJ-CHEM>reciprocating</JJ-CHEM><NN>type</NN><NN>wear</NN><MOLECULE><OSCARCM><OSCAR-CM>tester</OSCAR-CM></OSCARCM></MOLECULE></NounPhrase></PrepPhrase><PrepPhrase><IN>at</IN><NounPhrase><JJ>normal</JJ><JJ>atmospheric</JJ><NN>condition</NN></NounPhrase></PrepPhrase></VerbPhrase><STOP>.</STOP></Sentence></Document>
<?xml version="1.0" encoding="UTF-8"?>
<Document><Sentence><NounPhrase><NN>Wear</NN><NNS>tests</NNS></NounPhrase><VerbPhrase><VBD>were</VBD><VBN>carried</VBN><RP>out</RP></VerbPhrase><VerbPhrase><IN-BY>by</IN-BY><VBG>rubbing</VBG></VerbPhrase><NounPhrase><MOLECULE><OSCARCM><OSCAR-CM>Al2O3</OSCAR-CM></OSCARCM></MOLECULE><NN>ball</NN></NounPhrase><VerbPhrase><VBG>having</VBG></VerbPhrase><NounPhrase><DT>a</DT><NN>diameter</NN><PrepPhrase><IN-OF>of</IN-OF><NounPhrase><CD>6</CD><CD>mm</CD></NounPhrase></PrepPhrase></NounPhrase><PrepPhrase><TO>to</TO><NounPhrase><DT-THE>the</DT-THE><NNS>samples</NNS></NounPhrase></PrepPhrase><PrepPhrase><IN-UNDER>under</IN-UNDER><NounPhrase><DT>a</DT><JJ>normal</JJ><NN>load</NN><PrepPhrase><IN-OF>of</IN-OF><NounPhrase><QUANTITY><MOLAR><CD>5</CD><NN-MOLAR>N</NN-MOLAR></MOLAR></QUANTITY></NounPhrase></PrepPhrase></NounPhrase></PrepPhrase><STOP>.</STOP></Sentence><Sentence><NounPhrase><JJ>Sliding</JJ><NN>stroke</NN></NounPhrase><COMMA>,</COMMA><VerbPhrase><JJ>total</JJ><VBG>sliding</VBG></VerbPhrase><NounPhrase><NN>distance</NN></NounPhrase><CC>and</CC><VerbPhrase><VBG>sliding</VBG></VerbPhrase><NounPhrase><NN>velocity</NN></NounPhrase><VerbPhrase><VBD>were</VBD></VerbPhrase><NounPhrase><CD>2</CD><CD>mm</CD><COMMA>,</COMMA><CD>50</CD><NN>m</NN><CC>and</CC><CD>3.0</CD><NNS>ms</NNS><CD>-1</CD></NounPhrase><COMMA>,</COMMA><Unmatched><RB>respectively</RB></Unmatched><STOP>.</STOP></Sentence></Document>
<?xml version="1.0" encoding="UTF-8"?>
<Document><Sentence><ActionPhrase type="Yield"><VerbPhrase><VB-YIELD>Results</VB-YIELD><PrepPhrase><IN-OF>of</IN-OF><NounPhrase><DT-THE>the</DT-THE><NN>wear</NN><NNS>tests</NNS></NounPhrase></PrepPhrase></VerbPhrase></ActionPhrase><VerbPhrase><VBD>were</VBD><VBN>evaluated</VBN><PrepPhrase><IN-BY>by</IN-BY><NounPhrase><DT-THE>the</DT-THE><NN>wear</NN><NNS>tracks</NNS></NounPhrase></PrepPhrase></VerbPhrase><VerbPhrase><VBN>developed</VBN><PrepPhrase><IN-ON>on</IN-ON><NounPhrase><DT-THE>the</DT-THE><NN>surface</NN><PrepPhrase><IN-OF>of</IN-OF><NounPhrase><DT-THE>the</DT-THE><NNS>steels</NNS></NounPhrase></PrepPhrase></NounPhrase></PrepPhrase></VerbPhrase><VerbPhrase><IN-AFTER>after</IN-AFTER><VBG>measuring</VBG></VerbPhrase><NounPhrase><PRP_>their</PRP_></NounPhrase><JJ>width</JJ><CC>and</CC><NounPhrase><NN>depth</NN></NounPhrase><PrepPhrase><IN-BY>by</IN-BY><NounPhrase><DT>a</DT><NN>profilometer</NN></NounPhrase></PrepPhrase><STOP>.</STOP></Sentence></Document>
<?xml version="1.0" encoding="UTF-8"?>
<Document><Sentence><NounPhrase><PROCEDURE><CD>3</CD></PROCEDURE><STOP>.</STOP></NounPhrase></Sentence></Document>
<?xml version="1.0" encoding="UTF-8"?>
<Document/>
