<?xml version="1.0" encoding="UTF-8"?>
<Document><Sentence><NounPhrase><MOLECULE><OSCARCM><OSCAR-CM>EXPERIMENTAL</OSCAR-CM></OSCARCM><REFERENCETOCOMPOUND><CD>2.1</CD></REFERENCETOCOMPOUND></MOLECULE><JJ>Substrate</JJ><NN>pre-treatment</NN></NounPhrase><STOP>.</STOP></Sentence></Document>
<?xml version="1.0" encoding="UTF-8"?>
<Document><Sentence><Unmatched><RB-CONJ>Prior</RB-CONJ></Unmatched><PrepPhrase><TO>to</TO><NounPhrase><NN>electrodeposition</NN><NN>process</NN><COMMA>,</COMMA><JJ>stainless</JJ><JJ-CHEM>steel</JJ-CHEM><NN>substrate</NN><COMMA>,</COMMA><NN>type</NN><NNP>SS</NNP><CD>304</CD><MIXTURE><_-LRB->(</_-LRB-><CD>2</CD><NN>x</NN><CD>2</CD><NN>cm</NN><CD>2</CD><_-RRB->)</_-RRB-></MIXTURE></NounPhrase></PrepPhrase><VerbPhrase><VBD>was</VBD><RB>mechanically</RB><VBN>polished</VBN><VB-USE>using</VB-USE></VerbPhrase><NounPhrase><MOLECULE><OSCARCM><OSCAR-CM>SiC</OSCAR-CM></OSCARCM></MOLECULE><NNS>papers</NNS></NounPhrase><PrepPhrase><IN-FROM>from</IN-FROM><NounPhrase><MOLECULE><OSCARCM><OSCAR-CM>P800</OSCAR-CM></OSCARCM></MOLECULE></NounPhrase></PrepPhrase><PrepPhrase><TO>to</TO><NounPhrase><CD>P4000</CD><NN>grit</NN></NounPhrase></PrepPhrase><COMMA>,</COMMA><VerbPhrase><VBN>followed</VBN></VerbPhrase><VerbPhrase><IN-BY>by</IN-BY><RB>ultrasonically</RB><VBN>cleaned</VBN><PrepPhrase><IN-WITH>with</IN-WITH><NounPhrase><MOLECULE><OSCARCM><OSCAR-CM>acetone</OSCAR-CM></OSCARCM></MOLECULE></NounPhrase></PrepPhrase></VerbPhrase><CC>and</CC><ActionPhrase type="Wash"><VerbPhrase><VB-WASH>rinsed</VB-WASH></VerbPhrase><Unmatched><IN-WITH>with</IN-WITH></Unmatched><TimePhrase><JJ-CHEM>ultra-pure</JJ-CHEM><IN-FOR>for</IN-FOR><CD>15</CD><NN-TIME>min</NN-TIME></TimePhrase></ActionPhrase><ActionPhrase type="Dry"><VerbPhrase><DT>each</DT><IN-BEFORE>before</IN-BEFORE><VB-DRY>dried</VB-DRY><TempPhrase><IN>at</IN><NN-TEMP>room</NN-TEMP><NN-TEMP>temperature</NN-TEMP></TempPhrase></VerbPhrase></ActionPhrase><STOP>.</STOP></Sentence></Document>
<?xml version="1.0" encoding="UTF-8"?>
<Document><Sentence><NounPhrase><DT>An</DT><JJ>adhesive</JJ><NN>tape</NN></NounPhrase><VerbPhrase><VBD>was</VBD><VBN>used</VBN></VerbPhrase><VerbPhrase><TO>to</TO><VB>mask</VB><IN-OFF>off</IN-OFF></VerbPhrase><NounPhrase><DT-THE>the</DT-THE><JJ>stainless</JJ><NN>steel</NN><NNS>substrates</NNS></NounPhrase><PrepPhrase><IN>except</IN><NounPhrase><NN>surface</NN><NN>area</NN><PrepPhrase><IN-OF>of</IN-OF><NounPhrase><CD>2</CD><NN>cm</NN><CD>2</CD></NounPhrase></PrepPhrase></NounPhrase></PrepPhrase><PrepPhrase><IN-IN>in</IN-IN><NounPhrase><WDT>which</WDT><NN>deposition</NN></NounPhrase></PrepPhrase><VerbPhrase><VBD>was</VBD></VerbPhrase><Unmatched><JJ-COMPOUND>desired</JJ-COMPOUND></Unmatched><STOP>.</STOP></Sentence></Document>
<?xml version="1.0" encoding="UTF-8"?>
<Document><Sentence><NounPhrase><CD>2.2</CD><JJ>Electrochemical</JJ><NN>studies</NN></NounPhrase><STOP>.</STOP></Sentence></Document>
<?xml version="1.0" encoding="UTF-8"?>
<Document><Sentence><NounPhrase><DT-THE>The</DT-THE><JJ>electrochemical</JJ><NNS>studies</NNS><PrepPhrase><IN-OF>of</IN-OF><NounPhrase><MOLECULE><OSCARCM><OSCAR-CM>copper</OSCAR-CM></OSCARCM><JJ>coated</JJ></MOLECULE><JJ>stainless</JJ><NN>steel</NN></NounPhrase></PrepPhrase></NounPhrase><VerbPhrase><VBD>were</VBD><VBN>done</VBN><PrepPhrase><IN-BY>by</IN-BY><NounPhrase><JJ-CHEM>cyclic</JJ-CHEM><NN>voltammetry</NN><MIXTURE><_-LRB->(</_-LRB-><NNP>CV</NNP><_-RRB->)</_-RRB-></MIXTURE><CC>and</CC><NN>chronoamperometry</NN><MIXTURE><_-LRB->(</_-LRB-><NNP>CA</NNP><_-RRB->)</_-RRB-></MIXTURE></NounPhrase></PrepPhrase></VerbPhrase><STOP>.</STOP></Sentence></Document>
<?xml version="1.0" encoding="UTF-8"?>
<Document><Sentence><NounPhrase><NNS>Experiments</NNS></NounPhrase><VerbPhrase><VBD>were</VBD><VBN>carried</VBN><RP>out</RP><PrepPhrase><IN-IN>in</IN-IN><NounPhrase><DT>a</DT><NN-STATE>glass</NN-STATE><NN>cell</NN></NounPhrase></PrepPhrase><PrepPhrase><IN-WITH>with</IN-WITH><NounPhrase><CD>three</CD><NNS>electrodes</NNS></NounPhrase></PrepPhrase></VerbPhrase><COLON>:</COLON><JJ>polished</JJ><JJ>stainless</JJ><JJ-CHEM>steel</JJ-CHEM><NounPhrase><NN>substrate</NN></NounPhrase><VerbPhrase><IN-AS>as</IN-AS><VBG>working</VBG></VerbPhrase><NounPhrase><NN>electrode</NN><COMMA>,</COMMA><MOLECULE><OSCARCM><OSCAR-CM>platinum</OSCAR-CM></OSCARCM></MOLECULE><NN>rod</NN></NounPhrase><PrepPhrase><IN-AS>as</IN-AS><NounPhrase><DT>a</DT><JJ-CHEM>counter</JJ-CHEM><NN>electrode</NN><CC>and</CC><MOLECULE><OSCARCM><OSCAR-CM>Ag</OSCAR-CM><DASH>/</DASH><OSCAR-CM>AgCl</OSCAR-CM></OSCARCM></MOLECULE></NounPhrase></PrepPhrase><PrepPhrase><IN-AS>as</IN-AS><NounPhrase><DT>a</DT><JJ-CHEM>reference</JJ-CHEM><NN>electrode</NN></NounPhrase></PrepPhrase><COMMA>,</COMMA><PrepPhrase><IN-IN>in</IN-IN><MOLECULE><QUANTITY><MOLAR><CD>0.01</CD><NN-MOLAR>M</NN-MOLAR></MOLAR></QUANTITY><OSCARCM><OSCAR-CM>CuSO4</OSCAR-CM></OSCARCM><NN-CHEMENTITY>solution</NN-CHEMENTITY></MOLECULE></PrepPhrase><STOP>.</STOP></Sentence></Document>
<?xml version="1.0" encoding="UTF-8"?>
<Document><Sentence><ActionPhrase type="Synthesize"><NounPhrase><DT-THE>The</DT-THE><NN-CHEMENTITY>solution</NN-CHEMENTITY></NounPhrase><VerbPhrase><VBD>was</VBD><VB-SYNTHESIZE>prepared</VB-SYNTHESIZE></VerbPhrase></ActionPhrase><VerbPhrase><VB-USE>using</VB-USE></VerbPhrase><NounPhrase><NN-CHEMENTITY>reagent</NN-CHEMENTITY><NN>grade</NN><PrepPhrase><IN-OF>of</IN-OF><NounPhrase><MOLECULE><OSCARCM><OSCAR-CM>CuSO4</OSCAR-CM></OSCARCM></MOLECULE></NounPhrase></PrepPhrase></NounPhrase><CC>and</CC><VerbPhrase><VBN>adjusted</VBN><PrepPhrase><TO>to</TO><NounPhrase><QUANTITY><PH><NN-PH>pH</NN-PH><CD>1</CD></PH></QUANTITY></NounPhrase></PrepPhrase></VerbPhrase><ActionPhrase type="Add"><VerbPhrase><IN-BY>by</IN-BY><VB-ADD>adding</VB-ADD><JJ-CHEM>concentrated</JJ-CHEM></VerbPhrase><NounPhrase><MOLECULE><OSCARCM><OSCAR-CM>H2SO4</OSCAR-CM></OSCARCM></MOLECULE></NounPhrase></ActionPhrase><STOP>.</STOP></Sentence></Document>
<?xml version="1.0" encoding="UTF-8"?>
<Document><Sentence><NounPhrase><NNP>CV</NNP><NN>experiment</NN></NounPhrase><VerbPhrase><VBD>was</VBD><VBN>carried</VBN><RP>out</RP></VerbPhrase><VerbPhrase><IN-BY>by</IN-BY><VBG>scanning</VBG></VerbPhrase><Unmatched><DT-THE>the</DT-THE></Unmatched><PrepPhrase><JJ>potential</JJ><IN-FROM>from+0.5</IN-FROM><NounPhrase><NNP>V</NNP></NounPhrase></PrepPhrase><PrepPhrase><TO>to</TO><NounPhrase><CD>-0.5</CD><NNP>V</NNP></NounPhrase></PrepPhrase><CC>and</CC><VerbPhrase><VBD>switched</VBD><RB>back</RB><PrepPhrase><TO>to+0.5</TO><NounPhrase><NNP>V</NNP></NounPhrase></PrepPhrase><PrepPhrase><IN>at</IN><NounPhrase><DT>a</DT><JJ>scan</JJ><NN>rate</NN><PrepPhrase><IN-OF>of</IN-OF><NounPhrase><CD>10</CD><NNP>mV/s</NNP></NounPhrase></PrepPhrase></NounPhrase></PrepPhrase></VerbPhrase><STOP>.</STOP></Sentence></Document>
<?xml version="1.0" encoding="UTF-8"?>
<Document><Sentence><Unmatched><IN>While</IN></Unmatched><Unmatched><COMMA>,</COMMA></Unmatched><PrepPhrase><IN-IN>in</IN-IN><MOLECULE><OSCARCM><OSCAR-CM>CA</OSCAR-CM></OSCARCM></MOLECULE></PrepPhrase><NounPhrase><NN>study</NN></NounPhrase><COMMA>,</COMMA><NounPhrase><DT-THE>the</DT-THE><NN>effect</NN></NounPhrase><Unmatched><IN-OF>of</IN-OF></Unmatched><Unmatched><JJ>applied</JJ></Unmatched><Unmatched><JJ>potential</JJ></Unmatched><Unmatched><CC>and</CC></Unmatched><NounPhrase><NN>deposition</NN><NN-TIME>time</NN-TIME></NounPhrase><VerbPhrase><VBD>was</VBD><VBN>investigated</VBN></VerbPhrase><STOP>.</STOP></Sentence></Document>
<?xml version="1.0" encoding="UTF-8"?>
<Document><Sentence><NounPhrase><CD>Four</CD><JJ>different</JJ><NNS>potentials</NNS><MIXTURE><_-LRB->(</_-LRB-><FW>e.g.</FW><CD>-0.25</CD><NNP>V</NNP><COMMA>,</COMMA><CD>-0.3</CD><NNP>V</NNP><COMMA>,</COMMA><CD>-0.4</CD><NNP>V</NNP><CC>and</CC><CD>-0.5</CD><NNP>V</NNP><IN>vs</IN><MOLECULE><OSCARCM><OSCAR-CM>Ag</OSCAR-CM><DASH>/</DASH><OSCAR-CM>AgCl</OSCAR-CM></OSCARCM></MOLECULE><_-RRB->)</_-RRB-></MIXTURE></NounPhrase><VerbPhrase><VBD>were</VBD><VBN>chosen</VBN><VBN>based</VBN><PrepPhrase><IN-ON>on</IN-ON><NounPhrase><NNP>CV</NNP></NounPhrase></PrepPhrase></VerbPhrase><ActionPhrase type="Yield"><VerbPhrase><VB-YIELD>result</VB-YIELD></VerbPhrase></ActionPhrase><STOP>.</STOP></Sentence></Document>
<?xml version="1.0" encoding="UTF-8"?>
<Document><Sentence><NounPhrase><NNP>Whilst</NNP></NounPhrase><COMMA>,</COMMA><PrepPhrase><IN-FOR>for</IN-FOR><NounPhrase><DT-THE>the</DT-THE><NN>effect</NN><PrepPhrase><IN-OF>of</IN-OF><NounPhrase><NN>deposition</NN><NN-TIME>time</NN-TIME></NounPhrase></PrepPhrase></NounPhrase></PrepPhrase><COMMA>,</COMMA><NounPhrase><DT-THE>the</DT-THE><NN>electrodeposition</NN><PrepPhrase><IN-OF>of</IN-OF><NounPhrase><MOLECULE><OSCARCM><OSCAR-CM>copper</OSCAR-CM></OSCARCM></MOLECULE></NounPhrase></PrepPhrase></NounPhrase><PrepPhrase><IN-ON>on</IN-ON><NounPhrase><JJ>stainless</JJ><NN>steel</NN></NounPhrase></PrepPhrase><PrepPhrase><IN>at</IN><NounPhrase><CD>-0.25</CD><NNP>V</NNP></NounPhrase></PrepPhrase><PrepPhrase><IN-FOR>for</IN-FOR><NounPhrase><CD>60</CD></NounPhrase></PrepPhrase><VerbPhrase><VBZ>s</VBZ><RB>up</RB><PrepPhrase><TO>to</TO><NounPhrase><CD>900</CD></NounPhrase></PrepPhrase></VerbPhrase><VerbPhrase><VBZ>s</VBZ></VerbPhrase><COMMA>,</COMMA><VerbPhrase><VBD>were</VBD><VBN>studied</VBN></VerbPhrase><CC>and</CC><VerbPhrase><VBN>compared</VBN></VerbPhrase><STOP>.</STOP></Sentence></Document>
<?xml version="1.0" encoding="UTF-8"?>
<Document><Sentence><NounPhrase><DT>All</DT><NNS>experiments</NNS></NounPhrase><VerbPhrase><VBD>were</VBD><VBN>controlled</VBN><VB-USE>using</VB-USE></VerbPhrase><NounPhrase><DT>an</DT><NNP>Autolab</NNP><NNP>Potentiostat</NNP><MIXTURE><_-LRB->(</_-LRB-><NNP>Aut302</NNP><MOLECULE><OSCARCM><OSCAR-CM>FRA2</OSCAR-CM></OSCARCM></MOLECULE><_-RRB->)</_-RRB-></MIXTURE><COMMA>,</COMMA><NN>interface</NN></NounPhrase><PrepPhrase><IN-WITH>with</IN-WITH><NounPhrase><DT>a</DT><MOLECULE><OSCARCM><OSCAR-CM>PC</OSCAR-CM></OSCARCM></MOLECULE></NounPhrase></PrepPhrase><VerbPhrase><VBG>running</VBG></VerbPhrase><NounPhrase><MOLECULE><OSCARCM><OSCAR-CM>NOVA</OSCAR-CM></OSCARCM></MOLECULE><NN>software</NN></NounPhrase><CC>and</CC><VerbPhrase><VBD>were</VBD><VBN>performed</VBN><TempPhrase><IN-UNDER>under</IN-UNDER><NN-TEMP>room</NN-TEMP><NN-TEMP>temperature</NN-TEMP></TempPhrase></VerbPhrase><STOP>.</STOP></Sentence></Document>
<?xml version="1.0" encoding="UTF-8"?>
<Document><Sentence><NounPhrase><CD>2.3</CD><NNP>Coatings</NNP><NN>characterization</NN></NounPhrase><STOP>.</STOP></Sentence></Document>
<?xml version="1.0" encoding="UTF-8"?>
<Document><Sentence><ActionPhrase type="Yield"><NounPhrase><NN>Characterization</NN><PrepPhrase><IN-OF>of</IN-OF><NounPhrase><DT-THE>the</DT-THE><JJ-CHEM>prepared</JJ-CHEM><MOLECULE><OSCARCM><OSCAR-CM>copper</OSCAR-CM></OSCARCM></MOLECULE><NNS>coatings</NNS></NounPhrase></PrepPhrase></NounPhrase><VerbPhrase><VBD>was</VBD><VB-YIELD>obtained</VB-YIELD><PrepPhrase><IN-BY>by</IN-BY><NounPhrase><JJ>several</JJ><PROCEDURE><NN-METHOD>methods</NN-METHOD></PROCEDURE></NounPhrase></PrepPhrase></VerbPhrase></ActionPhrase><COLON>:</COLON><NounPhrase><DT-THE>the</DT-THE><JJ-CHEM>surface</JJ-CHEM><NN>morphology</NN><PrepPhrase><IN-OF>of</IN-OF><NounPhrase><DT-THE>the</DT-THE><JJ-CHEM>prepared</JJ-CHEM><NNS>samples</NNS></NounPhrase></PrepPhrase></NounPhrase><VerbPhrase><VBD>was</VBD><VBN>examined</VBN><PrepPhrase><IN-BY>by</IN-BY><NounPhrase><NNP>Field</NNP><NNP>Emission</NNP><NNP>Scanning</NNP><NNP>Electron</NNP><NN>microscope</NN><CITATION><_-LRB->(</_-LRB-><NNP>FESEM</NNP><COMMA>,</COMMA><NNP>Carl</NNP><NNP>Zeiss</NNP><NNP>SMT</NNP><NNP>Supra</NNP><CD>40</CD><NNP>VP</NNP><_-RRB->)</_-RRB-></CITATION></NounPhrase></PrepPhrase></VerbPhrase><CC>and</CC><NounPhrase><DT-THE>the</DT-THE><NN-STATE>crystallography</NN-STATE><CC>and</CC><NN-CHEMENTITY>phase</NN-CHEMENTITY><NN>structure</NN><PrepPhrase><IN-OF>of</IN-OF><NounPhrase><DT-THE>the</DT-THE><JJ-CHEM>prepared</JJ-CHEM><NNS>samples</NNS></NounPhrase></PrepPhrase></NounPhrase><VerbPhrase><VBD>were</VBD><VBN>analyzed</VBN><PrepPhrase><IN-BY>by</IN-BY><NounPhrase><DT>a</DT><NN>diffractometer</NN><CITATION><_-LRB->(</_-LRB-><NNP>X’pert</NNP><NNP>pro-MPD</NNP><COMMA>,</COMMA><NNP>PANalytical</NNP><_-RRB->)</_-RRB-></CITATION></NounPhrase></PrepPhrase><PrepPhrase><IN-WITH>with</IN-WITH><NounPhrase><JJ>thin</JJ><JJ-CHEM>film</JJ-CHEM><NNP>X-ray</NNP><NN>diffraction</NN><MIXTURE><_-LRB->(</_-LRB-><NNP>TF-XRD</NNP><_-RRB->)</_-RRB-></MIXTURE><NN>capability</NN></NounPhrase></PrepPhrase><PrepPhrase><IN-WITH>with</IN-WITH><NounPhrase><MOLECULE><OSCARCM><OSCAR-CM>Cu</OSCAR-CM></OSCARCM></MOLECULE><NNP>Kα</NNP><NN>radiation</NN></NounPhrase></PrepPhrase></VerbPhrase><STOP>.</STOP></Sentence></Document>
<?xml version="1.0" encoding="UTF-8"?>
<Document><Sentence><NounPhrase><DT-THE>The</DT-THE><JJ-CHEM>produced</JJ-CHEM><NNS>patterns</NNS></NounPhrase><VerbPhrase><VBD>were</VBD><VBN>matched</VBN><PrepPhrase><IN-WITH>with</IN-WITH><NounPhrase><NN>reference</NN><NN>pattern</NN></NounPhrase></PrepPhrase><PrepPhrase><JJ>available</JJ><IN-IN>in</IN-IN><NounPhrase><DT-THE>the</DT-THE><NNP>X’pert</NNP><NNP>Highscore</NNP><CC>Plus</CC><NN>software</NN></NounPhrase></PrepPhrase></VerbPhrase><STOP>.</STOP></Sentence></Document>
<?xml version="1.0" encoding="UTF-8"?>
<Document><Sentence><NounPhrase><NNP>Int</NNP></NounPhrase><STOP>.</STOP></Sentence></Document>
<?xml version="1.0" encoding="UTF-8"?>
<Document><Sentence><NounPhrase><PROCEDURE><NN-IDENTIFIER>J</NN-IDENTIFIER></PROCEDURE><STOP>.</STOP></NounPhrase></Sentence><Sentence><NounPhrase><NNP>Electrochem</NNP></NounPhrase><STOP>.</STOP></Sentence></Document>
<?xml version="1.0" encoding="UTF-8"?>
<Document><Sentence><NounPhrase><NNP>Sci</NNP></NounPhrase><STOP>.</STOP></Sentence><Sentence><Unmatched><COMMA>,</COMMA></Unmatched></Sentence></Document>
<?xml version="1.0" encoding="UTF-8"?>
<Document/>
<?xml version="1.0" encoding="UTF-8"?>
<Document><Sentence><NounPhrase><CD>12</CD><COMMA>,</COMMA><CD>2017</CD><CD>6013</CD><CD>3</CD></NounPhrase><STOP>.</STOP></Sentence></Document>
<?xml version="1.0" encoding="UTF-8"?>
<Document/>
