<?xml version="1.0" encoding="UTF-8"?>
<Document><Sentence><NounPhrase><MOLECULE><OSCARCM><OSCAR-CM>EXPERIMENTAL</OSCAR-CM></OSCARCM><REFERENCETOCOMPOUND><CD>2.1</CD></REFERENCETOCOMPOUND></MOLECULE></NounPhrase><STOP>.</STOP></Sentence></Document>
<?xml version="1.0" encoding="UTF-8"?>
<Document><Sentence><NounPhrase><NN-CHEMENTITY>Materials</NN-CHEMENTITY></NounPhrase><NounPhrase><DT-THE>The</DT-THE><NN>test</NN><NNS>panels</NNS></NounPhrase><VerbPhrase><VBD>were</VBD><JJ>cold</JJ><VBN>rolled</VBN></VerbPhrase><NounPhrase><MOLECULE><OSCARCM><OSCAR-CM>low-carbon</OSCAR-CM></OSCARCM></MOLECULE><NN>steel</NN><MIXTURE><_-LRB->(</_-LRB-><CD>50</CD><SYM>×</SYM><CD>50</CD><SYM>×</SYM><CD>1</CD><CD>mm</CD><_-RRB->)</_-RRB-></MIXTURE></NounPhrase><STOP>.</STOP></Sentence></Document>
<?xml version="1.0" encoding="UTF-8"?>
<Document><Sentence><Unmatched><RB>Firstly</RB></Unmatched><Unmatched><COMMA>,</COMMA></Unmatched><NounPhrase><DT>these</DT><NNS>panels</NNS></NounPhrase><VerbPhrase><VBD>were</VBD><JJ>alkaline</JJ></VerbPhrase><JJ>degreased</JJ><CC>and</CC><ActionPhrase type="Wash"><VerbPhrase><VB-WASH>rinsed</VB-WASH><RB>thoroughly</RB><PrepPhrase><IN-BY>by</IN-BY><NounPhrase><JJ>deionized</JJ><MOLECULE><OSCARCM><OSCAR-CM>water</OSCAR-CM></OSCARCM></MOLECULE></NounPhrase></PrepPhrase></VerbPhrase></ActionPhrase><STOP>.</STOP></Sentence></Document>
<?xml version="1.0" encoding="UTF-8"?>
<Document><Sentence><Unmatched><RB-CONJ>Then</RB-CONJ></Unmatched><NounPhrase><DT-THE>the</DT-THE><NN>steel</NN><NNS>sheets</NNS></NounPhrase><VerbPhrase><VBD>were</VBD><VBN>electroplated</VBN></VerbPhrase><VerbPhrase><IN-BY>by</IN-BY><VB-USE>using</VB-USE></VerbPhrase><NounPhrase><NN>alkaline</NN><MOLECULE><OSCARCM><OSCAR-CM>non-cyanide</OSCAR-CM><OSCAR-CM>zinc</OSCAR-CM></OSCARCM></MOLECULE><NN>plating</NN><NN>process</NN></NounPhrase><ActionPhrase type="Yield"><VerbPhrase><TO>to</TO><VB-YIELD>produce</VB-YIELD></VerbPhrase><NounPhrase><DT>a</DT><JJ>bright</JJ><MOLECULE><OSCARCM><OSCAR-CM>zinc</OSCAR-CM></OSCARCM></MOLECULE><NN>coating</NN><PrepPhrase><IN-OF>of</IN-OF><NounPhrase><WDT>which</WDT></NounPhrase></PrepPhrase></NounPhrase><NounPhrase><DT-THE>the</DT-THE><NN>thickness</NN></NounPhrase></ActionPhrase><VerbPhrase><VBD>was</VBD><PrepPhrase><IN>about</IN><NounPhrase><CD>10</CD><NN>µm</NN></NounPhrase></PrepPhrase></VerbPhrase><STOP>.</STOP></Sentence></Document>
<?xml version="1.0" encoding="UTF-8"?>
<Document><Sentence><NounPhrase><PROCEDURE><CD>2.2</CD></PROCEDURE><STOP>.</STOP></NounPhrase></Sentence></Document>
<?xml version="1.0" encoding="UTF-8"?>
<Document><Sentence><ActionPhrase type="Synthesize"><NounPhrase><NNP>Chemical</NNP><NNP>Conversion</NNP><NNP>Coating</NNP><NN-SYNTHESIZE>Preparation</NN-SYNTHESIZE></NounPhrase><NounPhrase><DT-THE>The</DT-THE><MOLECULE><OSCARCM><OSCAR-CM>Ti</OSCAR-CM><DASH>/</DASH><OSCAR-CM>Zr</OSCAR-CM></OSCARCM><JJ>based</JJ></MOLECULE><NN>chemical</NN><NN>conversion</NN><NN-CHEMENTITY>solution</NN-CHEMENTITY></NounPhrase></ActionPhrase><ActionPhrase type="Synthesize"><VerbPhrase><VBD>was</VBD><VB-SYNTHESIZE>prepared</VB-SYNTHESIZE></VerbPhrase></ActionPhrase><VerbPhrase><VB-USE>using</VB-USE><JJ>fluotitanate</JJ></VerbPhrase><NounPhrase><NN-CHEMENTITY>acid</NN-CHEMENTITY><MIXTURE><_-LRB->(</_-LRB-><QUANTITY><PERCENT><CD>60</CD><NN>wt</NN><NN-PERCENT>%</NN-PERCENT></PERCENT><COMMA>,</COMMA><MASS><CD>5</CD><NN-MASS>g</NN-MASS></MASS></QUANTITY><DASH>/</DASH><NN-VOL>L</NN-VOL><_-RRB->)</_-RRB-></MIXTURE><COMMA>,</COMMA><MOLECULE><OSCARCM><OSCAR-CM>fluozirconate</OSCAR-CM><OSCAR-CM>acid</OSCAR-CM></OSCARCM><MIXTURE><_-LRB->(</_-LRB-><QUANTITY><PERCENT><CD>45</CD><NN>wt</NN><NN-PERCENT>%</NN-PERCENT></PERCENT><COMMA>,</COMMA><MASS><CD>7.5</CD><NN-MASS>g</NN-MASS></MASS></QUANTITY><DASH>/</DASH><NN-VOL>L</NN-VOL><_-RRB->)</_-RRB-></MIXTURE></MOLECULE><CC>and</CC><MOLECULE><OSCARCM><OSCAR-CM>hydrofluoric</OSCAR-CM><OSCAR-CM>acid</OSCAR-CM></OSCARCM><MIXTURE><_-LRB->(</_-LRB-><QUANTITY><PERCENT><CD>40</CD><NN>wt</NN><NN-PERCENT>%</NN-PERCENT></PERCENT><COMMA>,</COMMA><MASS><CD>0.2</CD><NN-MASS>g</NN-MASS></MASS></QUANTITY><DASH>/</DASH><NN-VOL>L</NN-VOL><_-RRB->)</_-RRB-></MIXTURE></MOLECULE></NounPhrase><STOP>.</STOP></Sentence></Document>
<?xml version="1.0" encoding="UTF-8"?>
<Document><Sentence><Unmatched><RB>Also</RB></Unmatched><Unmatched><COMMA>,</COMMA></Unmatched><NounPhrase><DT-THE>the</DT-THE><NN-CHEMENTITY>solution</NN-CHEMENTITY></NounPhrase><VerbPhrase><VBZ>is</VBZ><VBN>comprised</VBN><PrepPhrase><IN-OF>of</IN-OF><NounPhrase><JJ-CHEM>film-forming</JJ-CHEM><NNS>accelerators</NNS><CC>and</CC><NN-PH>pH</NN-PH><NNS>stabilizers</NNS></NounPhrase></PrepPhrase></VerbPhrase><STOP>.</STOP></Sentence></Document>
<?xml version="1.0" encoding="UTF-8"?>
<Document><Sentence><ActionPhrase type="Synthesize"><NounPhrase><DT-THE>The</DT-THE><JJ-CHEM>chemical</JJ-CHEM><NN>conversion</NN><NN>coating</NN><NN-SYNTHESIZE>preparation</NN-SYNTHESIZE><PROCEDURE><NN-METHOD>steps</NN-METHOD></PROCEDURE></NounPhrase></ActionPhrase><VerbPhrase><VBD>were</VBD></VerbPhrase><VerbPhrase><IN-AS>as</IN-AS><VBZ>follows</VBZ></VerbPhrase><COLON>:</COLON><NounPhrase><UNNAMEDMOLECULE><REFERENCETOCOMPOUND><_-LRB->(</_-LRB-><CD>1</CD><_-RRB->)</_-RRB-></REFERENCETOCOMPOUND></UNNAMEDMOLECULE></NounPhrase><NounPhrase><DT-THE>The</DT-THE><JJ-CHEM>pH</JJ-CHEM><NN>value</NN><PrepPhrase><IN-OF>of</IN-OF><NounPhrase><DT-THE>the</DT-THE><JJ-CHEM>chemical</JJ-CHEM><NN>conversion</NN><NN-CHEMENTITY>solution</NN-CHEMENTITY></NounPhrase></PrepPhrase></NounPhrase><VerbPhrase><VBD>was</VBD><VBN>adjusted</VBN><PrepPhrase><TO>to</TO><NounPhrase><CD>3.0±0.2</CD><MOLECULE><JJ>using</JJ><OSCARCM><OSCAR-CM>KOH</OSCAR-CM></OSCARCM></MOLECULE><CC>or</CC><MOLECULE><OSCARCM><OSCAR-CM>NH3·H2O</OSCAR-CM></OSCARCM></MOLECULE></NounPhrase></PrepPhrase></VerbPhrase><COMMA>,</COMMA><CC>and</CC><RB-CONJ>then</RB-CONJ><ActionPhrase type="Heat"><NounPhrase><DT-THE>the</DT-THE><NN-CHEMENTITY>solution</NN-CHEMENTITY></NounPhrase><VerbPhrase><VBD>was</VBD><VB-HEAT>heated</VB-HEAT><TempPhrase><TO>to</TO><CD>45±5</CD><NN-TEMP>°C</NN-TEMP></TempPhrase></VerbPhrase></ActionPhrase><STOP>.</STOP></Sentence></Document>
<?xml version="1.0" encoding="UTF-8"?>
<Document><Sentence><NounPhrase><PROCEDURE><_-LRB->(</_-LRB-><CD>2</CD><_-RRB->)</_-RRB-></PROCEDURE></NounPhrase></Sentence><Sentence><NounPhrase><DT-THE>The</DT-THE><RB>freshly</RB><JJ>prepared</JJ><JJ>electrogalvanized</JJ><NN>steel</NN><NNS>panels</NNS></NounPhrase><VerbPhrase><VBD>were</VBD><VBN>dipped</VBN><PrepPhrase><IN-INTO>into</IN-INTO><NounPhrase><DT-THE>the</DT-THE><JJ-CHEM>chemical</JJ-CHEM><NN>conversion</NN><NN-CHEMENTITY>solution</NN-CHEMENTITY></NounPhrase></PrepPhrase><PrepPhrase><IN-FOR>for</IN-FOR><NounPhrase><CD>90</CD></NounPhrase></PrepPhrase></VerbPhrase><VerbPhrase><VBZ>s</VBZ></VerbPhrase><STOP>.</STOP></Sentence><Sentence><VerbPhrase><IN-AFTER>After</IN-AFTER><VBG>remaining</VBG><PrepPhrase><IN-IN>in</IN-IN><NounPhrase><DT-THE>the</DT-THE><NN>air</NN></NounPhrase></PrepPhrase><PrepPhrase><IN-FOR>for</IN-FOR><NounPhrase><CD>30</CD></NounPhrase></PrepPhrase></VerbPhrase><VerbPhrase><VBZ>s</VBZ></VerbPhrase><COMMA>,</COMMA><ActionPhrase type="Wash"><NounPhrase><DT-THE>the</DT-THE><NNS>panels</NNS></NounPhrase><VerbPhrase><VBD>were</VBD><RB>firstly</RB><VB-WASH>rinsed</VB-WASH><RB>thoroughly</RB></VerbPhrase></ActionPhrase><VerbPhrase><IN-WITH>with</IN-WITH><VBG>running</VBG></VerbPhrase><NounPhrase><NN>tap</NN><MOLECULE><OSCARCM><OSCAR-CM>water</OSCAR-CM></OSCARCM></MOLECULE></NounPhrase><CC>and</CC><RB-CONJ>then</RB-CONJ><VerbPhrase><VBD>deionized</VBD></VerbPhrase><NounPhrase><MOLECULE><OSCARCM><OSCAR-CM>water</OSCAR-CM></OSCARCM></MOLECULE></NounPhrase><STOP>.</STOP></Sentence></Document>
<?xml version="1.0" encoding="UTF-8"?>
<Document><Sentence><NounPhrase><PROCEDURE><_-LRB->(</_-LRB-><CD>3</CD><_-RRB->)</_-RRB-></PROCEDURE></NounPhrase></Sentence><Sentence><ActionPhrase type="Dry"><NounPhrase><DT-THE>The</DT-THE><JJ-CHEM>converted</JJ-CHEM><NNS>panels</NNS></NounPhrase><VerbPhrase><VBD>were</VBD><RB-CONJ>then</RB-CONJ><VB-DRY>dried</VB-DRY></VerbPhrase><Unmatched><IN-WITH>with</IN-WITH></Unmatched><Unmatched><JJ-CHEM>hot-air</JJ-CHEM></Unmatched><Unmatched><CC>and</CC></Unmatched></ActionPhrase><ActionPhrase type="Wait"><VerbPhrase><VBN>taken</VBN><PrepPhrase><TO>to</TO><NounPhrase><DT-THE>the</DT-THE><APPARATUS><NN-APPARATUS>oven</NN-APPARATUS></APPARATUS></NounPhrase></PrepPhrase><TempPhrase><IN-WITH>with</IN-WITH><NN-TEMP>temperature</NN-TEMP></TempPhrase><TempPhrase><IN-OF>of</IN-OF><CD>50-60</CD><NN-TEMP>°C</NN-TEMP></TempPhrase><TimePhrase><IN-FOR>for</IN-FOR><CD>30</CD><NN-TIME>minutes</NN-TIME></TimePhrase><PrepPhrase><IN-IN>in</IN-IN><NounPhrase><NN>order</NN></NounPhrase></PrepPhrase><PrepPhrase><TO>to</TO><NounPhrase><NN>age</NN></NounPhrase></PrepPhrase></VerbPhrase></ActionPhrase><NounPhrase><DT-THE>the</DT-THE><NN>conversion</NN><NNS>coatings</NNS></NounPhrase><STOP>.</STOP></Sentence></Document>
<?xml version="1.0" encoding="UTF-8"?>
<Document><Sentence><NounPhrase><NNP>Int</NNP></NounPhrase><STOP>.</STOP></Sentence></Document>
<?xml version="1.0" encoding="UTF-8"?>
<Document><Sentence><NounPhrase><PROCEDURE><NN-IDENTIFIER>J</NN-IDENTIFIER></PROCEDURE><STOP>.</STOP></NounPhrase></Sentence><Sentence><NounPhrase><NNP>Electrochem</NNP></NounPhrase><STOP>.</STOP></Sentence></Document>
<?xml version="1.0" encoding="UTF-8"?>
<Document><Sentence><NounPhrase><NNP>Sci</NNP></NounPhrase><STOP>.</STOP></Sentence><Sentence><Unmatched><COMMA>,</COMMA></Unmatched></Sentence></Document>
<?xml version="1.0" encoding="UTF-8"?>
<Document/>
<?xml version="1.0" encoding="UTF-8"?>
<Document><Sentence><NounPhrase><CD>6</CD><COMMA>,</COMMA><CD>2011</CD><CD>4855</CD><CD>2.3</CD></NounPhrase><STOP>.</STOP></Sentence></Document>
<?xml version="1.0" encoding="UTF-8"?>
<Document><Sentence><NounPhrase><NNP>Performance</NNP><NNPS>Tests</NNPS><CD>2.3.1</CD></NounPhrase><STOP>.</STOP></Sentence></Document>
<?xml version="1.0" encoding="UTF-8"?>
<Document><Sentence><NounPhrase><NNP>Morphological</NNP><NNP>Analysis</NNP></NounPhrase><NounPhrase><DT-THE>The</DT-THE><JJ-CHEM>surface</JJ-CHEM><NN>morphology</NN><PrepPhrase><IN-OF>of</IN-OF><NounPhrase><DT-THE>the</DT-THE><JJ-CHEM>conversion</JJ-CHEM><NN>coating</NN></NounPhrase></PrepPhrase></NounPhrase><VerbPhrase><VBD>was</VBD><VBN>carried</VBN><RP>out</RP><PrepPhrase><IN-BY>by</IN-BY><NounPhrase><NNP>FEI</NNP><NNP>Inspect</NNP><MOLECULE><OSCARCM><OSCAR-CM>F</OSCAR-CM></OSCARCM><CITATION><_-LRB->(</_-LRB-><CD>25</CD><NNP>kV</NNP><_-RRB->)</_-RRB-></CITATION></MOLECULE><NNP>Field</NNP><NNP>Emission</NNP><NNP>Gun</NNP><NNP>Scanning</NNP><NNP>Electron</NNP><NNP>Microscope</NNP><MIXTURE><_-LRB->(</_-LRB-><NNP>FEG-SEM</NNP><_-RRB->)</_-RRB-></MIXTURE></NounPhrase></PrepPhrase></VerbPhrase><ActionPhrase type="ApparatusAction"><VerbPhrase><VB-APPARATUS>equipped</VB-APPARATUS><PrepPhrase><IN-WITH>with</IN-WITH><NounPhrase><NNP>Oxford</NNP><MOLECULE><OSCARCM><OSCAR-CM>INCA</OSCAR-CM></OSCARCM></MOLECULE><NNP>X-MAX</NNP><CD>20</CD><NNP>Energy</NNP><NNP>Dispersive</NNP><NNP>X-ray</NNP><NNP>Spectroscopy</NNP><MIXTURE><_-LRB->(</_-LRB-><NNP>EDS</NNP><_-RRB->)</_-RRB-></MIXTURE><NN>system</NN></NounPhrase></PrepPhrase></VerbPhrase></ActionPhrase><STOP>.</STOP></Sentence></Document>
<?xml version="1.0" encoding="UTF-8"?>
<Document><Sentence><NounPhrase><PROCEDURE><CD>2.3.2</CD></PROCEDURE><STOP>.</STOP></NounPhrase></Sentence></Document>
<?xml version="1.0" encoding="UTF-8"?>
<Document><Sentence><NounPhrase><NNP>Component</NNP><NNP>Analysis</NNP></NounPhrase><NounPhrase><DT-THE>The</DT-THE><JJ-CHEM>chemical</JJ-CHEM><NN>composition</NN><PrepPhrase><IN-OF>of</IN-OF><NounPhrase><DT-THE>the</DT-THE><JJ-CHEM>conversion</JJ-CHEM><NN>coating</NN></NounPhrase></PrepPhrase></NounPhrase><VerbPhrase><VBD>was</VBD><VBN>analyzed</VBN><PrepPhrase><IN-BY>by</IN-BY><NounPhrase><NNP>X-ray</NNP><NNP>Photoelectron</NNP><NNP>Spectroscopy</NNP><MIXTURE><_-LRB->(</_-LRB-><NNP>XPS</NNP><_-RRB->)</_-RRB-></MIXTURE></NounPhrase></PrepPhrase><PrepPhrase><IN-WITH>with</IN-WITH><NounPhrase><DT>a</DT><NNP>Thermo</NNP><NNP>VG</NNP><NNP>Scientific</NNP><NNP>ESCALAB</NNP><CD>250</CD><NN>spectrometer</NN></NounPhrase></PrepPhrase></VerbPhrase><STOP>.</STOP></Sentence></Document>
<?xml version="1.0" encoding="UTF-8"?>
<Document><Sentence><ActionPhrase type="Recover"><NounPhrase><DT-THE>The</DT-THE><NN>spectra</NN></NounPhrase><VerbPhrase><VBD>were</VBD><VB-RECOVER>collected</VB-RECOVER><PrepPhrase><IN-WITH>with</IN-WITH><NounPhrase><DT>a</DT><JJ>monochromatic</JJ><FW>Al</FW><NNP>Kα</NNP><NNP>X-ray</NNP><NN>source</NN><CITATION><_-LRB->(</_-LRB-><CD>1486.6</CD><NNP>eV</NNP><_-RRB->)</_-RRB-></CITATION></NounPhrase></PrepPhrase></VerbPhrase></ActionPhrase><STOP>.</STOP></Sentence></Document>
<?xml version="1.0" encoding="UTF-8"?>
<Document><Sentence><NounPhrase><DT-THE>The</DT-THE><JJ-CHEM>depth</JJ-CHEM><NN>profile</NN><NN>analysis</NN><PrepPhrase><IN-OF>of</IN-OF><NounPhrase><DT-THE>the</DT-THE><NN>coating</NN></NounPhrase></PrepPhrase></NounPhrase><VerbPhrase><VBD>was</VBD><VBN>conducted</VBN><PrepPhrase><IN-BY>by</IN-BY><NounPhrase><MOLECULE><OSCARCM><OSCAR-CM>argon</OSCAR-CM></OSCARCM></MOLECULE><NN>ion</NN></NounPhrase></PrepPhrase></VerbPhrase><ActionPhrase type="Wait"><VerbPhrase><VBG>sputtering</VBG><PrepPhrase><IN-WITH>with</IN-WITH><NounPhrase><DT>an</DT><JJ-CHEM>ion</JJ-CHEM><NN>gun</NN><NN>voltage</NN><PrepPhrase><IN-OF>of</IN-OF><NounPhrase><CD>2</CD><NNP>kV</NNP></NounPhrase></PrepPhrase></NounPhrase></PrepPhrase><CC>and</CC><PrepPhrase><JJ>current</JJ><IN-OF>of</IN-OF><NounPhrase><CD>2</CD><NNP>µA</NNP></NounPhrase></PrepPhrase><TimePhrase><IN-FOR>for</IN-FOR><CD>10</CD><NN-TIME>min</NN-TIME></TimePhrase></VerbPhrase></ActionPhrase><STOP>.</STOP></Sentence></Document>
<?xml version="1.0" encoding="UTF-8"?>
<Document><Sentence><NounPhrase><JJ>Scanning</JJ><PROCEDURE><NN-METHOD>steps</NN-METHOD></PROCEDURE><PrepPhrase><IN-OF>of</IN-OF><NounPhrase><CD>1</CD><CC>and</CC><CD>0.2</CD><NNP>eV·step</NNP><CD>-1</CD></NounPhrase></PrepPhrase></NounPhrase><PrepPhrase><IN-WITH>with</IN-WITH><NounPhrase><DT>an</DT><NN>interval</NN><PrepPhrase><IN-OF>of</IN-OF><NounPhrase><CD>50</CD><NNS>ms</NNS></NounPhrase></PrepPhrase></NounPhrase></PrepPhrase><VerbPhrase><VBD>were</VBD><VBN>utilized</VBN><PrepPhrase><IN-FOR>for</IN-FOR><NounPhrase><NN>survey</NN><CC>and</CC><JJ-CHEM>high-resolution</JJ-CHEM><NN>modes</NN></NounPhrase></PrepPhrase></VerbPhrase><STOP>.</STOP></Sentence></Document>
<?xml version="1.0" encoding="UTF-8"?>
<Document><Sentence><NounPhrase><DT-THE>The</DT-THE><NN>surface</NN><PrepPhrase><IN-OF>of</IN-OF><NounPhrase><DT-THE>the</DT-THE><JJ-CHEM>conversion</JJ-CHEM><NN>coating</NN></NounPhrase></PrepPhrase></NounPhrase><VerbPhrase><VBD>was</VBD><RB>also</RB><VBN>investigated</VBN><PrepPhrase><IN-BY>by</IN-BY><NounPhrase><DT>a</DT><NNP>Nicolet</NNP><NNP>Magna</NNP><NNP>IR-560</NNP><NNP>Fourier</NNP><NNP>Transform</NNP><NNP>Infrared</NNP><MIXTURE><_-LRB->(</_-LRB-><NNP>FTIR</NNP><_-RRB->)</_-RRB-></MIXTURE><NNP>Spectrometer</NNP></NounPhrase></PrepPhrase><PrepPhrase><IN-IN>in</IN-IN><NounPhrase><DT-THE>the</DT-THE><JJ-CHEM>wavenumber</JJ-CHEM><NN>range</NN></NounPhrase></PrepPhrase><PrepPhrase><IN-FROM>from</IN-FROM><NounPhrase><CD>400</CD></NounPhrase></PrepPhrase><PrepPhrase><TO>to</TO><NounPhrase><CD>4000</CD><NN>cm</NN><CD>-1</CD></NounPhrase></PrepPhrase></VerbPhrase><STOP>.</STOP></Sentence></Document>
<?xml version="1.0" encoding="UTF-8"?>
<Document><Sentence><NounPhrase><PROCEDURE><CD>2.3.3</CD></PROCEDURE><STOP>.</STOP></NounPhrase></Sentence></Document>
<?xml version="1.0" encoding="UTF-8"?>
<Document><Sentence><NounPhrase><NNP>Electrochemical</NNP><NNP>Characterization</NNP></NounPhrase><NounPhrase><DT-THE>The</DT-THE><JJ-CHEM>tested</JJ-CHEM><NNS>samples</NNS></NounPhrase><VerbPhrase><VBD>were</VBD><VBN>evaluated</VBN><PrepPhrase><IN-BY>by</IN-BY><NounPhrase><JJ>potentiodynamic</JJ><NN>polarization</NN><NNS>curves</NNS><CC>and</CC><NNP>Electrochemical</NNP><NNP>Impedance</NNP><NNP>Spectroscopy</NNP><MIXTURE><_-LRB->(</_-LRB-><NNS>EIS</NNS><_-RRB->)</_-RRB-></MIXTURE></NounPhrase></PrepPhrase></VerbPhrase><VerbPhrase><VB-USE>using</VB-USE></VerbPhrase><NounPhrase><NNP>EG&amp;G</NNP><CD>M273</CD><NNP>Potentiostat</NNP></NounPhrase><VerbPhrase><VBN>combined</VBN></VerbPhrase><Unmatched><IN-WITH>with</IN-WITH></Unmatched><Unmatched><DT>an</DT></Unmatched><PrepPhrase><JJ>M5210</JJ><IN-IN>Lock-in</IN-IN><NounPhrase><NNP>Amplifier</NNP></NounPhrase></PrepPhrase><STOP>.</STOP></Sentence></Document>
<?xml version="1.0" encoding="UTF-8"?>
<Document><Sentence><NounPhrase><DT>A</DT><CD>three-electrode</CD><NN>system</NN></NounPhrase><VerbPhrase><VBD>was</VBD><VBN>employed</VBN><PrepPhrase><IN-IN>in</IN-IN><NounPhrase><DT-THE>the</DT-THE><NN>tests</NN><COMMA>,</COMMA><WDT>which</WDT></NounPhrase></PrepPhrase></VerbPhrase><VerbPhrase><VBD>was</VBD><VBN>assembled</VBN><PrepPhrase><IN-WITH>with</IN-WITH><NounPhrase><NN>test</NN><NNS>specimen</NNS></NounPhrase></PrepPhrase><PrepPhrase><IN-AS>as</IN-AS><NounPhrase><DT>a</DT><JJ>working</JJ><NN>electrode</NN><COMMA>,</COMMA><JJ>large</JJ><NN>area</NN><MOLECULE><OSCARCM><OSCAR-CM>platinum</OSCAR-CM></OSCARCM></MOLECULE><NN>sheet</NN></NounPhrase></PrepPhrase></VerbPhrase><VerbPhrase><VBD>was</VBD><VBN>used</VBN><PrepPhrase><IN-AS>as</IN-AS><NounPhrase><DT>an</DT><JJ>auxiliary</JJ><NN>electrode</NN><CC>and</CC><JJ-CHEM>saturated</JJ-CHEM><JJ-CHEM>calomel</JJ-CHEM><NN>electrode</NN><MIXTURE><_-LRB->(</_-LRB-><NNP>SCE</NNP><_-RRB->)</_-RRB-></MIXTURE></NounPhrase></PrepPhrase><PrepPhrase><IN-AS>as</IN-AS><NounPhrase><DT>a</DT><JJ-CHEM>reference</JJ-CHEM><NN>electrode</NN></NounPhrase></PrepPhrase></VerbPhrase><STOP>.</STOP></Sentence></Document>
<?xml version="1.0" encoding="UTF-8"?>
<Document><Sentence><NounPhrase><DT-THE>The</DT-THE><NN>area</NN><PrepPhrase><IN-OF>of</IN-OF><NounPhrase><DT-THE>the</DT-THE><JJ>working</JJ><NN>electrode</NN></NounPhrase></PrepPhrase></NounPhrase><VerbPhrase><VBN>exposed</VBN><PrepPhrase><TO>to</TO><NounPhrase><DT-THE>the</DT-THE><JJ>corrosive</JJ><NNS>media</NNS></NounPhrase></PrepPhrase></VerbPhrase><VerbPhrase><VBD>was</VBD></VerbPhrase><NounPhrase><CD>0.531</CD><NN>cm</NN><CD>2</CD></NounPhrase><STOP>.</STOP></Sentence></Document>
<?xml version="1.0" encoding="UTF-8"?>
<Document><Sentence><NounPhrase><DT>All</DT><NNS>measurements</NNS></NounPhrase><VerbPhrase><VBD>were</VBD><VBN>carried</VBN><RP>out</RP><PrepPhrase><IN-IN>in</IN-IN><NounPhrase><JJ>neutral</JJ><CD>5</CD></NounPhrase></PrepPhrase></VerbPhrase><JJ-CHEM>w/v</JJ-CHEM><Unmatched><NN-PERCENT>%</NN-PERCENT></Unmatched><NounPhrase><MOLECULE><OSCARCM><OSCAR-CM>NaCl</OSCAR-CM></OSCARCM><NN-CHEMENTITY>solution</NN-CHEMENTITY></MOLECULE></NounPhrase><PrepPhrase><IN>at</IN><NounPhrase><NN>ambient</NN><NN-TEMP>temperature</NN-TEMP><COMMA>,</COMMA><CC>and</CC><NNS>potentials</NNS></NounPhrase></PrepPhrase><VerbPhrase><VBN>mentioned</VBN><PrepPhrase><IN-IN>in</IN-IN><NounPhrase><DT>this</DT><NN>paper</NN></NounPhrase></PrepPhrase></VerbPhrase><VerbPhrase><VBD>were</VBD></VerbPhrase><Unmatched><DT>all</DT></Unmatched><PrepPhrase><JJ>relative</JJ><TO>to</TO><NounPhrase><DT-THE>the</DT-THE><NNP>SCE</NNP></NounPhrase></PrepPhrase><STOP>.</STOP></Sentence></Document>
<?xml version="1.0" encoding="UTF-8"?>
<Document><Sentence><NounPhrase><DT-THE>The</DT-THE><JJ>bare</JJ><JJ>electrogalvanized</JJ><NN>steel</NN><NNS>panels</NNS></NounPhrase><VerbPhrase><VBD>were</VBD><VBN>tested</VBN><RB>instantly</RB></VerbPhrase><PrepPhrase><IN-AFTER>after</IN-AFTER><NounPhrase><NN>exposure</NN></NounPhrase></PrepPhrase><PrepPhrase><TO>to</TO><NounPhrase><DT-THE>the</DT-THE><NN>electrolyte</NN></NounPhrase></PrepPhrase><COMMA>,</COMMA><CC>and</CC><ActionPhrase type="Wait"><NounPhrase><DT-THE>the</DT-THE><NNS>samples</NNS></NounPhrase><PrepPhrase><IN-WITH>with</IN-WITH><NounPhrase><NN>conversion</NN><NN>coating</NN></NounPhrase></PrepPhrase><VerbPhrase><VBD>were</VBD><VB-IMMERSE>pre-immersed</VB-IMMERSE><PrepPhrase><IN-IN>in</IN-IN><NounPhrase><DT-THE>the</DT-THE><NN>electrolyte</NN></NounPhrase></PrepPhrase><TimePhrase><IN-FOR>for</IN-FOR><CD>10</CD><NN-TIME>minutes</NN-TIME></TimePhrase></VerbPhrase></ActionPhrase><VerbPhrase><TO>to</TO><VB>achieve</VB></VerbPhrase><NounPhrase><DT-THE>the</DT-THE><JJ>constant</JJ><JJ>open</JJ><JJ-CHEM>circuit</JJ-CHEM><NN>potential</NN><MIXTURE><_-LRB->(</_-LRB-><NNP>OCP</NNP><_-RRB->)</_-RRB-></MIXTURE></NounPhrase><PrepPhrase><IN-BEFORE>before</IN-BEFORE><NounPhrase><NN>measurement</NN></NounPhrase></PrepPhrase><STOP>.</STOP></Sentence></Document>
<?xml version="1.0" encoding="UTF-8"?>
<Document><Sentence><NounPhrase><DT-THE>The</DT-THE><JJ>potentiodynamic</JJ><NN>polarization</NN><NNS>curves</NNS></NounPhrase><VerbPhrase><VBD>were</VBD><VBN>acquired</VBN><PrepPhrase><IN-BY>by</IN-BY><NounPhrase><NNP>M352</NNP><NN>software</NN></NounPhrase></PrepPhrase><PrepPhrase><IN-FROM>from</IN-FROM><NounPhrase><CD>-250</CD></NounPhrase></PrepPhrase><PrepPhrase><TO>to+500</TO><NounPhrase><NNP>mV</NNP></NounPhrase></PrepPhrase></VerbPhrase><Unmatched><_-LRB->(</_-LRB-></Unmatched><NounPhrase><MOLECULE><OSCARCM><OSCAR-CM>Vs</OSCAR-CM></OSCARCM></MOLECULE></NounPhrase><STOP>.</STOP></Sentence></Document>
<?xml version="1.0" encoding="UTF-8"?>
<Document><Sentence><NounPhrase><MOLECULE><OSCARCM><OSCAR-CM>OCP</OSCAR-CM></OSCARCM></MOLECULE></NounPhrase><Unmatched><_-RRB->)</_-RRB-></Unmatched><PrepPhrase><IN-WITH>with</IN-WITH><NounPhrase><DT>a</DT><JJ>scan</JJ><NN>rate</NN><PrepPhrase><IN-OF>of</IN-OF><NounPhrase><CD>0.5</CD><NNS>mV·s</NNS><CD>-1</CD></NounPhrase></PrepPhrase></NounPhrase></PrepPhrase><STOP>.</STOP></Sentence></Document>
<?xml version="1.0" encoding="UTF-8"?>
<Document><Sentence><NounPhrase><DT-THE>The</DT-THE><NNP>EIS</NNP><NN>spectra</NN></NounPhrase><VerbPhrase><VBD>were</VBD><VBN>recorded</VBN><PrepPhrase><IN-WITH>with</IN-WITH><NounPhrase><MOLECULE><OSCARCM><OSCAR-CM>M398</OSCAR-CM></OSCARCM></MOLECULE><NN>software</NN></NounPhrase></PrepPhrase><PrepPhrase><IN-OVER>over</IN-OVER><NounPhrase><DT>a</DT><JJ-CHEM>frequency</JJ-CHEM><NN>range</NN></NounPhrase></PrepPhrase><PrepPhrase><IN-FROM>from</IN-FROM><NounPhrase><CD>10</CD><CD>-2</CD></NounPhrase></PrepPhrase><PrepPhrase><TO>to</TO><NounPhrase><CD>10</CD><CD>5</CD><NNP>Hz</NNP></NounPhrase></PrepPhrase><PrepPhrase><IN-WITH>with</IN-WITH><NounPhrase><DT>an</DT><MOLECULE><OSCARCM><OSCAR-CM>AC</OSCAR-CM></OSCARCM></MOLECULE><NN>amplitude</NN><PrepPhrase><IN-OF>of</IN-OF><NounPhrase><CD>5</CD><NNP>mV</NNP></NounPhrase></PrepPhrase></NounPhrase></PrepPhrase><PrepPhrase><IN>at</IN><NounPhrase><MOLECULE><OSCARCM><OSCAR-CM>OCP</OSCAR-CM></OSCARCM></MOLECULE></NounPhrase></PrepPhrase></VerbPhrase><STOP>.</STOP></Sentence></Document>
<?xml version="1.0" encoding="UTF-8"?>
<Document><Sentence><NounPhrase><DT-THE>The</DT-THE><JJ-CHEM>corrosion</JJ-CHEM><NN>resistance</NN><NNS>tests</NNS><NNS>data</NNS></NounPhrase><VerbPhrase><VBD>were</VBD><VBN>analyzed</VBN><VB-USE>using</VB-USE></VerbPhrase><NounPhrase><NNP>CorrView</NNP><CC>and</CC><NNP>ZView</NNP><NNS>softwares</NNS></NounPhrase><COMMA>,</COMMA><Unmatched><RB>respectively</RB></Unmatched><STOP>.</STOP></Sentence></Document>
<?xml version="1.0" encoding="UTF-8"?>
<Document><Sentence><NounPhrase><PROCEDURE><CD>3</CD></PROCEDURE><STOP>.</STOP></NounPhrase></Sentence></Document>
<?xml version="1.0" encoding="UTF-8"?>
<Document/>
