<?xml version="1.0" encoding="UTF-8"?>
<Document><Sentence><NounPhrase><MOLECULE><OSCARCM><OSCAR-CM>EXPERIMENTAL</OSCAR-CM></OSCARCM><REFERENCETOCOMPOUND><CD>2.1</CD></REFERENCETOCOMPOUND></MOLECULE></NounPhrase><STOP>.</STOP></Sentence></Document>
<?xml version="1.0" encoding="UTF-8"?>
<Document><Sentence><ActionPhrase type="Recover"><NounPhrase><NN-CHEMENTITY>Materials</NN-CHEMENTITY></NounPhrase><NounPhrase><DT-THE>The</DT-THE><NNP>PET</NNP></NounPhrase><VerbPhrase><VBD>utilized</VBD><VBD>was</VBD><VB-RECOVER>collected</VB-RECOVER><PrepPhrase><IN-FROM>from</IN-FROM><NounPhrase><NN>beverage</NN><NNS>bottles</NNS><COMMA>,</COMMA><WDT>which</WDT></NounPhrase></PrepPhrase></VerbPhrase></ActionPhrase><VerbPhrase><VBD>were</VBD><VBN>cut</VBN><PrepPhrase><IN-INTO>into</IN-INTO><NounPhrase><NNS>pieces</NNS><PrepPhrase><IN-OF>of</IN-OF><NounPhrase><RB>approximately</RB><CD>5mm2</CD></NounPhrase></PrepPhrase></NounPhrase></PrepPhrase></VerbPhrase><STOP>.</STOP></Sentence></Document>
<?xml version="1.0" encoding="UTF-8"?>
<Document><Sentence><ActionPhrase type="Wash"><NounPhrase><PRP>It</PRP></NounPhrase><VerbPhrase><VBD>was</VBD><RB-CONJ>then</RB-CONJ><VB-WASH>washed</VB-WASH><PrepPhrase><IN-WITH>with</IN-WITH><NounPhrase><MOLECULE role="Solvent"><OSCARCM><OSCAR-CM>acetone</OSCAR-CM></OSCARCM></MOLECULE></NounPhrase></PrepPhrase></VerbPhrase></ActionPhrase><CC>and</CC><ActionPhrase type="Dry"><VerbPhrase><VB-DRY>dried</VB-DRY><PrepPhrase><IN>at</IN><NounPhrase><CD>100</CD><NNS>◦C</NNS></NounPhrase></PrepPhrase><TimePhrase><IN-FOR>for</IN-FOR><CD>8</CD><NN-TIME>h</NN-TIME></TimePhrase></VerbPhrase></ActionPhrase><STOP>.</STOP></Sentence><Sentence><NounPhrase><DT-THE>The</DT-THE><NNS>chemicals</NNS><MOLECULE><OSCARCM><OSCAR-CM>phthalic</OSCAR-CM><OSCAR-CM>anhydride</OSCAR-CM></OSCARCM><MIXTURE><_-LRB->(</_-LRB-><OSCARCM><OSCAR-CM>PA</OSCAR-CM></OSCARCM><_-RRB->)</_-RRB-></MIXTURE></MOLECULE><COMMA>,</COMMA><FW>pentaerytheritol</FW><MIXTURE><_-LRB->(</_-LRB-><NNP>PEr</NNP><_-RRB->)</_-RRB-></MIXTURE><COMMA>,</COMMA><MOLECULE><OSCARCM><OSCAR-CM>lithium</OSCAR-CM><OSCAR-CM>hydroxide</OSCAR-CM></OSCARCM><MIXTURE><_-LRB->(</_-LRB-><OSCARCM><OSCAR-CM>LiOH</OSCAR-CM></OSCARCM><_-RRB->)</_-RRB-></MIXTURE></MOLECULE><COMMA>,</COMMA><MOLECULE><OSCARCM><OSCAR-CM>m-cresol</OSCAR-CM></OSCARCM></MOLECULE><COMMA>,</COMMA><MOLECULE><OSCARCM><OSCAR-CM>ethylene</OSCAR-CM><OSCAR-CM>glycol</OSCAR-CM></OSCARCM><MIXTURE><_-LRB->(</_-LRB-><OSCARCM><OSCAR-CM>EG</OSCAR-CM></OSCARCM><_-RRB->)</_-RRB-></MIXTURE></MOLECULE><CC>and</CC><MOLECULE><OSCARCM><OSCAR-CM>butylhydroxytin</OSCAR-CM><OSCAR-CM>oxide</OSCAR-CM></OSCARCM><MIXTURE><_-LRB->(</_-LRB-><OSCARCM><OSCAR-CM>Bu(OH)SnO</OSCAR-CM></OSCARCM><_-RRB->)</_-RRB-></MIXTURE></MOLECULE></NounPhrase><VerbPhrase><VBD>were</VBD><VB>obtained</VB><PrepPhrase><IN-FROM>from</IN-FROM><NounPhrase><NNP>Aldrich</NNP><NN>chemical</NN><MOLECULE><OSCARCM><OSCAR-CM>Co</OSCAR-CM></OSCARCM></MOLECULE></NounPhrase></PrepPhrase></VerbPhrase><STOP>.</STOP></Sentence><Sentence><ActionPhrase type="Yield"><NounPhrase><NNP>Linseed</NNP><NN-STATE>oil</NN-STATE><CC>and</CC><NN>sunflower</NN><NN-STATE>oil</NN-STATE></NounPhrase><VerbPhrase><VBD>were</VBD><VB-YIELD>obtained</VB-YIELD><PrepPhrase><IN-FROM>from</IN-FROM><NounPhrase><JJ>commercial</JJ><NNS>sources</NNS></NounPhrase></PrepPhrase></VerbPhrase></ActionPhrase><CC>and</CC><ActionPhrase type="Purify"><VerbPhrase><VBN>used</VBN><PrepPhrase><IN-WITHOUT>without</IN-WITHOUT><NounPhrase><DT>any</DT><JJ>further</JJ><NN-PURIFY>purification</NN-PURIFY></NounPhrase></PrepPhrase></VerbPhrase></ActionPhrase><STOP>.</STOP></Sentence></Document>
<?xml version="1.0" encoding="UTF-8"?>
<Document><Sentence><NounPhrase><JJ>Lead</JJ><NN>octoate</NN><COMMA>,</COMMA><MOLECULE><OSCARCM><OSCAR-CM>manganese</OSCAR-CM></OSCARCM></MOLECULE><NN>octoate</NN><CC>and</CC><MOLECULE><OSCARCM><OSCAR-CM>cobalt</OSCAR-CM></OSCARCM></MOLECULE><NN>octoate</NN></NounPhrase><VerbPhrase><VBD>were</VBD><VBN>purchased</VBN><PrepPhrase><IN-FROM>from</IN-FROM><NounPhrase><NNP>Aldrich</NNP><NNP>Chemical</NNP><MOLECULE><OSCARCM><OSCAR-CM>Co</OSCAR-CM></OSCARCM></MOLECULE></NounPhrase></PrepPhrase></VerbPhrase><STOP>.</STOP></Sentence><Sentence><NounPhrase><NNP>Int</NNP></NounPhrase><STOP>.</STOP></Sentence></Document>
<?xml version="1.0" encoding="UTF-8"?>
<Document><Sentence><NounPhrase><PROCEDURE><NN-IDENTIFIER>J</NN-IDENTIFIER></PROCEDURE><STOP>.</STOP></NounPhrase></Sentence><Sentence><NounPhrase><NNP>Electrochem</NNP></NounPhrase><STOP>.</STOP></Sentence></Document>
<?xml version="1.0" encoding="UTF-8"?>
<Document><Sentence><NounPhrase><NNP>Sci</NNP></NounPhrase><STOP>.</STOP></Sentence><Sentence><Unmatched><COMMA>,</COMMA></Unmatched></Sentence></Document>
<?xml version="1.0" encoding="UTF-8"?>
<Document/>
<?xml version="1.0" encoding="UTF-8"?>
<Document><Sentence><NounPhrase><CD>8</CD><COMMA>,</COMMA><CD>2013</CD><CD>5138</CD><CD>2.2</CD></NounPhrase><STOP>.</STOP></Sentence></Document>
<?xml version="1.0" encoding="UTF-8"?>
<Document><Sentence><NounPhrase><PROCEDURE><NN-METHOD>Techniques</NN-METHOD></PROCEDURE></NounPhrase><COLON>:</COLON><NounPhrase><CD>2.2.1</CD></NounPhrase><STOP>.</STOP></Sentence></Document>
<?xml version="1.0" encoding="UTF-8"?>
<Document><Sentence><NounPhrase><NN>Production</NN><PrepPhrase><IN-OF>of</IN-OF><NounPhrase><NNP>Alkyd</NNP><NN-CHEMENTITY>Resins</NN-CHEMENTITY></NounPhrase></PrepPhrase></NounPhrase><PrepPhrase><IN-FROM>from</IN-FROM><NounPhrase><MOLECULE><OSCARCM><OSCAR-CM>Glycolyzed</OSCAR-CM></OSCARCM></MOLECULE><NNP>PET</NNP></NounPhrase></PrepPhrase><Unmatched><DT>a</DT></Unmatched><STOP>.</STOP></Sentence><Sentence><ActionPhrase type="Synthesize"><NounPhrase><NN-SYNTHESIZE>Preparation</NN-SYNTHESIZE><PrepPhrase><IN-OF>of</IN-OF><NounPhrase><NNP>GPEr</NNP></NounPhrase></PrepPhrase></NounPhrase></ActionPhrase><ActionPhrase type="Synthesize"><NounPhrase><DT-THE>The</DT-THE><NN-SYNTHESIZE>reaction</NN-SYNTHESIZE><PrepPhrase><IN-OF>of</IN-OF><NounPhrase><MOLECULE><OSCARCM><OSCAR-CM>PET</OSCAR-CM></OSCARCM></MOLECULE></NounPhrase></PrepPhrase></NounPhrase><PrepPhrase><IN-WITH>with</IN-WITH><NounPhrase><MOLECULE><OSCARCM><OSCAR-CM>PEr</OSCAR-CM></OSCARCM></MOLECULE></NounPhrase></PrepPhrase></ActionPhrase><VerbPhrase><VBD>was</VBD><VBN>discussed</VBN><PrepPhrase><IN-IN>in</IN-IN><NounPhrase><JJ>previous</JJ><NN>article</NN><UNNAMEDMOLECULE><REFERENCETOCOMPOUND><LSQB>[</LSQB><CD>6</CD><RSQB>]</RSQB></REFERENCETOCOMPOUND></UNNAMEDMOLECULE></NounPhrase></PrepPhrase></VerbPhrase><STOP>.</STOP></Sentence></Document>
<?xml version="1.0" encoding="UTF-8"?>
<Document><Sentence><NounPhrase><NNP>Depolymerization</NNP><PrepPhrase><IN-OF>of</IN-OF><NounPhrase><MOLECULE><OSCARCM><OSCAR-CM>PET</OSCAR-CM></OSCARCM><QUANTITY><_-LRB->(</_-LRB-><AMOUNT><CD>1</CD><NN-AMOUNT>mol</NN-AMOUNT></AMOUNT><_-RRB->)</_-RRB-></QUANTITY></MOLECULE></NounPhrase></PrepPhrase></NounPhrase><VerbPhrase><VBD>was</VBD><VBN>performed</VBN><PrepPhrase><IN-WITH>with</IN-WITH><NounPhrase><MOLECULE><OSCARCM><OSCAR-CM>PEr</OSCAR-CM></OSCARCM><QUANTITY><_-LRB->(</_-LRB-><AMOUNT><CD>1.1</CD><NN-AMOUNT>mol</NN-AMOUNT></AMOUNT><_-RRB->)</_-RRB-></QUANTITY></MOLECULE></NounPhrase></PrepPhrase></VerbPhrase><VerbPhrase><VB-USE>using</VB-USE></VerbPhrase><NounPhrase><MultipleApparatus><APPARATUS><DT>a</DT><JJ>conventional</JJ><NN-APPARATUS>four-neck</NN-APPARATUS></APPARATUS><APPARATUS><NN-STATE>glass</NN-STATE><NN-APPARATUS>reactor</NN-APPARATUS></APPARATUS></MultipleApparatus></NounPhrase><COMMA>,</COMMA><ActionPhrase type="ApparatusAction"><VerbPhrase><VB-APPARATUS>equipped</VB-APPARATUS><PrepPhrase><IN-WITH>with</IN-WITH><NounPhrase><MultipleApparatus><APPARATUS><NN-APPARATUS>stirrer</NN-APPARATUS></APPARATUS></MultipleApparatus></NounPhrase></PrepPhrase></VerbPhrase></ActionPhrase><COMMA>,</COMMA><ActionPhrase type="Heat"><Unmatched><RB>thermometer</RB></Unmatched><Unmatched><COMMA>,</COMMA></Unmatched><NounPhrase><MultipleApparatus><APPARATUS><MOLECULE><OSCARCM><OSCAR-CM>nitrogen</OSCAR-CM></OSCARCM></MOLECULE><NN-APPARATUS>inlet</NN-APPARATUS></APPARATUS></MultipleApparatus></NounPhrase><CC>and</CC><VerbPhrase><VB-HEAT>reflux</VB-HEAT></VerbPhrase><NounPhrase><NN>system</NN></NounPhrase></ActionPhrase><VerbPhrase><VB-USE>using</VB-USE></VerbPhrase><NounPhrase><MOLECULE role="Solvent"><OSCARCM><OSCAR-CM>m-cresol</OSCAR-CM></OSCARCM></MOLECULE></NounPhrase><RolePrepPhrase><IN-AS>as</IN-AS><DT>a</DT><NN-CHEMENTITY>solvent</NN-CHEMENTITY></RolePrepPhrase><Unmatched><_-LRB->(</_-LRB-></Unmatched><NounPhrase><JJ>total</JJ><NN>weight</NN></NounPhrase><Unmatched><NN-PERCENT>%</NN-PERCENT></Unmatched><PrepPhrase><IN-OF>of</IN-OF><NounPhrase><DT-THE>the</DT-THE><NN-CHEMENTITY>reactants</NN-CHEMENTITY><PrepPhrase><IN-IN>in</IN-IN><MOLECULE><OSCARCM><OSCAR-CM>m-cresol</OSCAR-CM></OSCARCM></MOLECULE></PrepPhrase></NounPhrase></PrepPhrase><VerbPhrase><VBD>was</VBD></VerbPhrase><NounPhrase><QUANTITY><PERCENT><CD>85</CD><NN-PERCENT>%</NN-PERCENT></PERCENT></QUANTITY></NounPhrase><Unmatched><_-RRB->)</_-RRB-></Unmatched><STOP>.</STOP></Sentence></Document>
<?xml version="1.0" encoding="UTF-8"?>
<Document><Sentence><ActionPhrase type="Synthesize"><NounPhrase><DT-THE>The</DT-THE><NN-SYNTHESIZE>reaction</NN-SYNTHESIZE><NNS>mixtures</NNS></NounPhrase></ActionPhrase><ActionPhrase type="Heat"><VerbPhrase><VBD>were</VBD><VB-HEAT>heated</VB-HEAT><TempPhrase><IN>at</IN><CD>170-190</CD><NN-TEMP>°C</NN-TEMP></TempPhrase><PrepPhrase><IN-FOR>for</IN-FOR><NounPhrase><UNNAMEDMOLECULE><REFERENCETOCOMPOUND><CD-ALPHANUM>4h</CD-ALPHANUM></REFERENCETOCOMPOUND></UNNAMEDMOLECULE></NounPhrase></PrepPhrase><CC>and</CC><TempPhrase><IN>at</IN><CD>200-220</CD><NN-TEMP>°C</NN-TEMP></TempPhrase><PrepPhrase><IN-FOR>for</IN-FOR><NounPhrase><UNNAMEDMOLECULE><REFERENCETOCOMPOUND><CD-ALPHANUM>3h</CD-ALPHANUM></REFERENCETOCOMPOUND></UNNAMEDMOLECULE></NounPhrase></PrepPhrase></VerbPhrase></ActionPhrase><STOP>.</STOP></Sentence></Document>
<?xml version="1.0" encoding="UTF-8"?>
<Document><Sentence><ActionPhrase type="Synthesize"><NounPhrase><DT-THE>The</DT-THE><NN-SYNTHESIZE>reaction</NN-SYNTHESIZE><NN-TEMP>temperature</NN-TEMP></NounPhrase></ActionPhrase><VerbPhrase><VBD>was</VBD><VBN>lowered</VBN><TempPhrase><IN>at</IN><CD>100</CD><NN-TEMP>°C</NN-TEMP></TempPhrase><PrepPhrase><IN-FOR>for</IN-FOR><NounPhrase><UNNAMEDMOLECULE><REFERENCETOCOMPOUND><CD-ALPHANUM>1h</CD-ALPHANUM></REFERENCETOCOMPOUND></UNNAMEDMOLECULE></NounPhrase></PrepPhrase></VerbPhrase><CC>and</CC><RB-CONJ>then</RB-CONJ><VerbPhrase><VBD>allowed</VBD></VerbPhrase><ActionPhrase type="Cool"><VerbPhrase><TO>to</TO><VB-COOL>cool</VB-COOL><TempPhrase><IN>at</IN><NN-TEMP>room</NN-TEMP><NN-TEMP>temperature</NN-TEMP></TempPhrase></VerbPhrase></ActionPhrase><STOP>.</STOP></Sentence></Document>
<?xml version="1.0" encoding="UTF-8"?>
<Document><Sentence><ActionPhrase type="Purify"><NounPhrase><NN-PURIFY>Purification</NN-PURIFY></NounPhrase></ActionPhrase><ActionPhrase type="Extract"><VerbPhrase><VBD>was</VBD><VBN>performed</VBN><PrepPhrase><IN>through</IN><NounPhrase><NN-EXTRACT>extraction</NN-EXTRACT><PrepPhrase><IN-OF>of</IN-OF><NounPhrase><JJ-CHEM>depolymerized</JJ-CHEM><NN-CHEMENTITY>oligomers</NN-CHEMENTITY></NounPhrase></PrepPhrase></NounPhrase></PrepPhrase><PrepPhrase><IN-BY>by</IN-BY><NounPhrase><JJ>hot</JJ><MOLECULE><OSCARCM><OSCAR-CM>water</OSCAR-CM></OSCARCM></MOLECULE><NN-EXTRACT>extraction</NN-EXTRACT></NounPhrase></PrepPhrase></VerbPhrase></ActionPhrase><STOP>.</STOP></Sentence></Document>
<?xml version="1.0" encoding="UTF-8"?>
<Document><Sentence><ActionPhrase type="Cool"><PrepPhrase><IN-AFTER>After</IN-AFTER><NounPhrase><NN>completion</NN></NounPhrase></PrepPhrase><Unmatched><IN-OF>of</IN-OF></Unmatched><Unmatched><DT-THE>the</DT-THE></Unmatched><Unmatched><OSCAR-RN>glycolysis</OSCAR-RN></Unmatched><Unmatched><COMMA>,</COMMA></Unmatched><NounPhrase><DT-THE>the</DT-THE><NN-CHEMENTITY>product</NN-CHEMENTITY></NounPhrase><VerbPhrase><VBD>was</VBD><VB-COOL>cooled</VB-COOL><TempPhrase><TO>to</TO><NN-TEMP>room</NN-TEMP><NN-TEMP>temperature</NN-TEMP></TempPhrase></VerbPhrase></ActionPhrase><COMMA>,</COMMA><ActionPhrase type="Dissolve"><VerbPhrase><VB-DISSOLVE>dissolved</VB-DISSOLVE><PrepPhrase><IN-IN>in</IN-IN><NounPhrase><DT>a</DT><JJ>suitable</JJ><NN>quantity</NN><PrepPhrase><IN-OF>of</IN-OF><NounPhrase><MOLECULE role="Solvent"><OSCARCM><OSCAR-CM>methylene</OSCAR-CM><OSCAR-CM>chloride</OSCAR-CM></OSCARCM></MOLECULE></NounPhrase></PrepPhrase></NounPhrase></PrepPhrase></VerbPhrase></ActionPhrase><CC>and</CC><VerbPhrase><VBN>shaken</VBN><RB>vigorously</RB><PrepPhrase><IN-WITH>with</IN-WITH><NounPhrase><DT>an</DT><JJ>equal</JJ><NN>volume</NN><PrepPhrase><IN-OF>of</IN-OF><NounPhrase><MOLECULE><QUANTITY><PERCENT><CD>5</CD><NN-PERCENT>%</NN-PERCENT></PERCENT></QUANTITY><OSCAR-CJ>aqueous</OSCAR-CJ><OSCARCM><OSCAR-CM>sodium</OSCAR-CM><OSCAR-CM>chloride</OSCAR-CM></OSCARCM><NN-CHEMENTITY>solution</NN-CHEMENTITY></MOLECULE></NounPhrase></PrepPhrase></NounPhrase></PrepPhrase></VerbPhrase><ActionPhrase type="Remove"><VerbPhrase><TO>to</TO><VB-REMOVE>remove</VB-REMOVE></VerbPhrase><NounPhrase><DT>any</DT><JJ>unreacted</JJ><MOLECULE><OSCARCM><OSCAR-CM>PEr</OSCAR-CM></OSCARCM></MOLECULE><CC>and</CC><JJ>residual</JJ><NN-CHEMENTITY>catalyst</NN-CHEMENTITY></NounPhrase></ActionPhrase><STOP>.</STOP></Sentence></Document>
<?xml version="1.0" encoding="UTF-8"?>
<Document><Sentence><ActionPhrase type="Recover"><NounPhrase><DT-THE>The</DT-THE><JJ-CHEM>organic</JJ-CHEM><NN-CHEMENTITY>layer</NN-CHEMENTITY></NounPhrase><VerbPhrase><VBD>was</VBD><VB-RECOVER>collected</VB-RECOVER></VerbPhrase></ActionPhrase><CC>and</CC><ActionPhrase type="Wash"><VerbPhrase><VB-WASH>washed</VB-WASH><JJ>several</JJ></VerbPhrase><NounPhrase><NN-TIMES>times</NN-TIMES></NounPhrase><PrepPhrase><IN-WITH>with</IN-WITH><NounPhrase><MOLECULE role="Solvent"><OSCARCM><OSCAR-CM>water</OSCAR-CM></OSCARCM></MOLECULE></NounPhrase></PrepPhrase></ActionPhrase><STOP>.</STOP></Sentence></Document>
<?xml version="1.0" encoding="UTF-8"?>
<Document><Sentence><NounPhrase><DT-THE>The</DT-THE><NNP>GPEr</NNP><NN-CHEMENTITY>oligomer</NN-CHEMENTITY></NounPhrase><VerbPhrase><VBD>was</VBD><VBN>characterized</VBN><PrepPhrase><IN-BY>by</IN-BY><NounPhrase><NN-CHEMENTITY>acid</NN-CHEMENTITY><NN>value</NN><MIXTURE><_-LRB->(</_-LRB-><NNP>AV</NNP><_-RRB->)</_-RRB-></MIXTURE><CC>and</CC><MOLECULE><OSCARCM><OSCAR-CM>hydroxyl</OSCAR-CM></OSCARCM></MOLECULE><NN>value</NN><MIXTURE><_-LRB->(</_-LRB-><NNP>HV</NNP><_-RRB->)</_-RRB-></MIXTURE><NNS>determinations</NNS></NounPhrase></PrepPhrase></VerbPhrase><STOP>.</STOP></Sentence></Document>
<?xml version="1.0" encoding="UTF-8"?>
<Document><Sentence><NounPhrase><PROCEDURE><NN-IDENTIFIER>b</NN-IDENTIFIER></PROCEDURE><STOP>.</STOP></NounPhrase></Sentence><Sentence><ActionPhrase type="Synthesize"><NounPhrase><NN-SYNTHESIZE>Preparation</NN-SYNTHESIZE><PrepPhrase><IN-OF>of</IN-OF><NounPhrase><DT>alkyd</DT><NN-CHEMENTITY>resins</NN-CHEMENTITY><NNP>Alkyds</NNP></NounPhrase></PrepPhrase></NounPhrase></ActionPhrase><ActionPhrase type="Synthesize"><VerbPhrase><VBD>were</VBD><VB-SYNTHESIZE>prepared</VB-SYNTHESIZE><PrepPhrase><IN-FROM>from</IN-FROM><NounPhrase><MOLECULE><QUANTITY><AMOUNT><CD>1</CD><NN-AMOUNT>mol</NN-AMOUNT></AMOUNT></QUANTITY><IN-OF>of</IN-OF><OSCARCM><OSCAR-CM>PA</OSCAR-CM></OSCARCM></MOLECULE><COMMA>,</COMMA><MOLECULE><QUANTITY><AMOUNT><CD>1</CD><NN-AMOUNT>mol</NN-AMOUNT></AMOUNT></QUANTITY><IN-OF>of</IN-OF><OSCARCM><OSCAR-CM>GPEr</OSCAR-CM></OSCARCM></MOLECULE><COMMA>,</COMMA><MOLECULE><QUANTITY><AMOUNT><CD>0.5</CD><NN-AMOUNT>mol</NN-AMOUNT></AMOUNT></QUANTITY><OSCARCM><OSCAR-CM>EG</OSCAR-CM></OSCARCM></MOLECULE><CC>and</CC><QUANTITY><AMOUNT><CD>0.5</CD><NN-AMOUNT>mol</NN-AMOUNT></AMOUNT></QUANTITY><PrepPhrase><IN-OF>of</IN-OF><NounPhrase><NN>sunflower</NN><CC>or</CC><NN>linseed</NN><NN-STATE>oils</NN-STATE></NounPhrase></PrepPhrase></NounPhrase></PrepPhrase></VerbPhrase></ActionPhrase><STOP>.</STOP></Sentence></Document>
<?xml version="1.0" encoding="UTF-8"?>
<Document><Sentence><NounPhrase><DT-THE>The</DT-THE><NN-TEMP>K</NN-TEMP><NN>constant</NN></NounPhrase><VerbPhrase><VBD>was</VBD></VerbPhrase><NounPhrase><CD>1.15</CD></NounPhrase><CC>and</CC><NounPhrase><DT-THE>the</DT-THE><NN>ratio</NN><PrepPhrase><IN-OF>of</IN-OF><NounPhrase><JJ>basic</JJ><NN-EQ>equivalents</NN-EQ></NounPhrase></PrepPhrase></NounPhrase><PrepPhrase><TO>to</TO><NounPhrase><JJ>acid</JJ><NN-EQ>equivalents</NN-EQ></NounPhrase></PrepPhrase><VerbPhrase><VBD>was</VBD></VerbPhrase><NounPhrase><CD>1.2</CD></NounPhrase><STOP>.</STOP></Sentence></Document>
<?xml version="1.0" encoding="UTF-8"?>
<Document><Sentence><ActionPhrase type="ApparatusAction"><NounPhrase><DT-THE>The</DT-THE><NN-CHEMENTITY>reaction</NN-CHEMENTITY></NounPhrase><VerbPhrase><VBD>was</VBD><VBN>carried</VBN><RP>out</RP><PrepPhrase><IN-IN>in</IN-IN><NounPhrase><MultipleApparatus><APPARATUS><DT>a</DT><JJ>round</JJ><JJ>bottom</JJ><NN-APPARATUS>flask</NN-APPARATUS></APPARATUS></MultipleApparatus></NounPhrase></PrepPhrase></VerbPhrase></ActionPhrase><ActionPhrase type="Degass"><NounPhrase><NN>equipping</NN></NounPhrase><PrepPhrase><IN-WITH>with</IN-WITH><NounPhrase><DT>a</DT><NNP>Dean-Stark</NNP><NN>piece</NN><COMMA>,</COMMA><NN-STATE>gas</NN-STATE></NounPhrase></PrepPhrase><VerbPhrase><VB-DEGASS>bubbler</VB-DEGASS></VerbPhrase></ActionPhrase><COMMA>,</COMMA><NounPhrase><NN>contact</NN><NN>thermometer</NN><CC>and</CC><JJ>mechanical</JJ><APPARATUS><NN-APPARATUS>stirrer</NN-APPARATUS></APPARATUS><NN>system</NN></NounPhrase><STOP>.</STOP></Sentence></Document>
<?xml version="1.0" encoding="UTF-8"?>
<Document><Sentence><NounPhrase><DT-THE>The</DT-THE><NN-TEMP>temperature</NN-TEMP><PrepPhrase><IN-OF>of</IN-OF><NounPhrase><DT-THE>the</DT-THE><NN-CHEMENTITY>reaction</NN-CHEMENTITY></NounPhrase></PrepPhrase></NounPhrase><VerbPhrase><VBD>was</VBD><VBN>kept</VBN><JJ>constant</JJ><PrepPhrase><IN>at</IN><NounPhrase><CD>220-240</CD><MOLECULE><OSCARCM><OSCAR-CM>◦C</OSCAR-CM></OSCARCM></MOLECULE></NounPhrase></PrepPhrase></VerbPhrase><STOP>.</STOP></Sentence><Sentence><NounPhrase><DT-THE>The</DT-THE><NNS>reactions</NNS></NounPhrase><VerbPhrase><VBD>were</VBD><VBN>followed</VBN><PrepPhrase><IN-WITH>with</IN-WITH><NounPhrase><NN-CHEMENTITY>acid</NN-CHEMENTITY><NN>value</NN><MIXTURE><_-LRB->(</_-LRB-><NNP>AV</NNP><_-RRB->)</_-RRB-></MIXTURE></NounPhrase></PrepPhrase></VerbPhrase><STOP>.</STOP></Sentence></Document>
<?xml version="1.0" encoding="UTF-8"?>
<Document><Sentence><ActionPhrase type="Synthesize"><NounPhrase><NN-SYNTHESIZE>Condensation</NN-SYNTHESIZE><NN-SYNTHESIZE>reaction</NN-SYNTHESIZE></NounPhrase></ActionPhrase><VerbPhrase><VBD>was</VBD><VBN>allowed</VBN></VerbPhrase><VerbPhrase><TO>to</TO><VB>continue</VB><PrepPhrase><IN>until</IN><NounPhrase><DT-THE>the</DT-THE><NN-CHEMENTITY>acid</NN-CHEMENTITY><NN>value</NN><PrepPhrase><IN-OF>of</IN-OF><NounPhrase><DT-THE>the</DT-THE><NN-CHEMENTITY>resin</NN-CHEMENTITY></NounPhrase></PrepPhrase></NounPhrase></PrepPhrase></VerbPhrase><VerbPhrase><VBD>was</VBD><RB>approximately</RB></VerbPhrase><NounPhrase><QUANTITY><MASS><CD>6-7</CD><NN-MASS>mgKOH/g</NN-MASS></MASS></QUANTITY></NounPhrase><STOP>.</STOP></Sentence></Document>
<?xml version="1.0" encoding="UTF-8"?>
<Document><Sentence><NounPhrase><DT-THE>The</DT-THE><NN-CHEMENTITY>acid</NN-CHEMENTITY><NNS>values</NNS></NounPhrase><VerbPhrase><VBD>were</VBD><VBN>determined</VBN><PrepPhrase><IN-BY>by</IN-BY><NounPhrase><NN>titration</NN><PrepPhrase><IN-OF>of</IN-OF><NounPhrase><NNS>samples</NNS></NounPhrase></PrepPhrase></NounPhrase></PrepPhrase></VerbPhrase><ActionPhrase type="Dissolve"><VerbPhrase><VB-DISSOLVE>dissolved</VB-DISSOLVE><PrepPhrase><IN-IN>in</IN-IN><MOLECULE role="Solvent"><OSCARCM><OSCAR-CM>ethanol</OSCAR-CM><DASH>-</DASH><OSCAR-CM>toluene</OSCAR-CM></OSCARCM></MOLECULE></PrepPhrase><PrepPhrase><IN-WITH>with</IN-WITH><NounPhrase><MOLECULE role="Solvent"><QUANTITY><MOLAR><CD>0.1</CD><NN-MOLAR>N</NN-MOLAR></MOLAR></QUANTITY><OSCARCM><OSCAR-CM>KOH</OSCAR-CM></OSCARCM><NN-CHEMENTITY>solution</NN-CHEMENTITY></MOLECULE></NounPhrase></PrepPhrase></VerbPhrase></ActionPhrase><STOP>.</STOP></Sentence></Document>
<?xml version="1.0" encoding="UTF-8"?>
<Document><Sentence><ActionPhrase type="Synthesize"><PrepPhrase><IN-AFTER>After</IN-AFTER><NounPhrase><DT-THE>the</DT-THE><NN-SYNTHESIZE>reaction</NN-SYNTHESIZE></NounPhrase></PrepPhrase><NounPhrase><DT-THE>the</DT-THE><NN-CHEMENTITY>resins</NN-CHEMENTITY></NounPhrase></ActionPhrase><ActionPhrase type="Dissolve"><VerbPhrase><VBD>were</VBD><VB-DISSOLVE>dissolved</VB-DISSOLVE><PrepPhrase><IN-IN>in</IN-IN><MOLECULE role="Solvent"><OSCARCM><OSCAR-CM>xylene</OSCAR-CM></OSCARCM><MIXTURE><_-LRB->(</_-LRB-><QUANTITY><PERCENT><CD>60</CD><NN-PERCENT>%</NN-PERCENT></PERCENT></QUANTITY><NN-CHEMENTITY>solution</NN-CHEMENTITY><_-RRB->)</_-RRB-></MIXTURE></MOLECULE></PrepPhrase></VerbPhrase></ActionPhrase><STOP>.</STOP></Sentence></Document>
<?xml version="1.0" encoding="UTF-8"?>
<Document><Sentence><NounPhrase><PROCEDURE><CD>2.2.2</CD></PROCEDURE><STOP>.</STOP></NounPhrase></Sentence></Document>
<?xml version="1.0" encoding="UTF-8"?>
<Document><Sentence><ActionPhrase type="Synthesize"><NounPhrase><NN-SYNTHESIZE>Preparation</NN-SYNTHESIZE><PrepPhrase><IN-OF>of</IN-OF><NounPhrase><DT>alkyd</DT><NN-CHEMENTITY>resin</NN-CHEMENTITY></NounPhrase></PrepPhrase></NounPhrase><PrepPhrase><IN-FROM>from</IN-FROM><NounPhrase><MOLECULE><OSCARCM><OSCAR-CM>PET</OSCAR-CM></OSCARCM></MOLECULE><NN>waste</NN></NounPhrase></PrepPhrase></ActionPhrase><COLON>:</COLON><ActionPhrase type="Synthesize"><Unmatched><DT>a</DT></Unmatched><Unmatched><_-RRB->)</_-RRB-></Unmatched><NounPhrase><NN-SYNTHESIZE>Preparation</NN-SYNTHESIZE><PrepPhrase><IN-OF>of</IN-OF><NounPhrase><MOLECULE><OSCARCM><OSCAR-CM>monoglycerides</OSCAR-CM></OSCARCM></MOLECULE></NounPhrase></PrepPhrase></NounPhrase></ActionPhrase><COLON>:</COLON><ActionPhrase type="ApparatusAction"><NounPhrase><DT>All</DT><NNS>reactions</NNS></NounPhrase><VerbPhrase><VBD>were</VBD><VBN>carried</VBN><RP>out</RP><PrepPhrase><IN-IN>in</IN-IN><NounPhrase><MultipleApparatus><APPARATUS><DT>a</DT><QUANTITY><VOLUME><CD>500</CD><NN-VOL>mL</NN-VOL></VOLUME></QUANTITY><JJ-CHEM>four-necked</JJ-CHEM><NN-STATE>glass</NN-STATE><NN-APPARATUS>reactor</NN-APPARATUS></APPARATUS></MultipleApparatus></NounPhrase></PrepPhrase></VerbPhrase></ActionPhrase><COMMA>,</COMMA><ActionPhrase type="ApparatusAction"><VerbPhrase><VB-APPARATUS>equipped</VB-APPARATUS><PrepPhrase><IN-WITH>with</IN-WITH><NounPhrase><JJ>mechanical</JJ><NN>stirring</NN><COMMA>,</COMMA><APPARATUS><DT>a</DT><JJ-CHEM>reflux</JJ-CHEM><NN-APPARATUS>condenser</NN-APPARATUS></APPARATUS><CC>and</CC><APPARATUS><DT>a</DT><MOLECULE><OSCARCM><OSCAR-CM>nitrogen</OSCAR-CM></OSCARCM></MOLECULE><NN-APPARATUS>inlet</NN-APPARATUS></APPARATUS></NounPhrase></PrepPhrase></VerbPhrase></ActionPhrase><STOP>.</STOP></Sentence></Document>
<?xml version="1.0" encoding="UTF-8"?>
<Document><Sentence><ActionPhrase type="Synthesize"><NounPhrase><DT-THE>The</DT-THE><NN-SYNTHESIZE>reaction</NN-SYNTHESIZE><NN-TEMP>temperature</NN-TEMP></NounPhrase></ActionPhrase><ActionPhrase type="Heat"><VerbPhrase><VBD>was</VBD><VB-HEAT>maintained</VB-HEAT></VerbPhrase></ActionPhrase><VerbPhrase><VB-USE>using</VB-USE></VerbPhrase><NounPhrase><DT>a</DT><MOLECULE><OSCARCM><OSCAR-CM>Pt</OSCAR-CM></OSCARCM><REFERENCETOCOMPOUND><CD>100</CD></REFERENCETOCOMPOUND></MOLECULE></NounPhrase><COMMA>thermocouple</COMMA><VerbPhrase><VBN>connected</VBN><TempPhrase><TO>to</TO><DT>a</DT><NN-TEMP>temperature</NN-TEMP></TempPhrase></VerbPhrase><NounPhrase><NN>controller</NN></NounPhrase><STOP>.</STOP></Sentence></Document>
<?xml version="1.0" encoding="UTF-8"?>
<Document><Sentence><VerbPhrase><VBG>Considering</VBG></VerbPhrase><NounPhrase><DT-THE>the</DT-THE><NN>nature</NN><PrepPhrase><IN-OF>of</IN-OF><NounPhrase><UNNAMEDMOLECULE><NN-CHEMENTITY>reagents</NN-CHEMENTITY><REFERENCETOCOMPOUND><CD>two</CD></REFERENCETOCOMPOUND></UNNAMEDMOLECULE><JJ>synthetic</JJ><NNS>routes</NNS></NounPhrase></PrepPhrase></NounPhrase><VerbPhrase><VBD>were</VBD><VBN>used</VBN></VerbPhrase><COMMA>,</COMMA><NounPhrase><CD>one</CD></NounPhrase><PrepPhrase><IN-FOR>for</IN-FOR><NounPhrase><NN>vegetable</NN><NN-STATE>oil</NN-STATE></NounPhrase></PrepPhrase><VerbPhrase><IN-AS>as</IN-AS><VBN>described</VBN><JJ>previous</JJ></VerbPhrase><NounPhrase><UNNAMEDMOLECULE><REFERENCETOCOMPOUND><LSQB>[</LSQB><CD>13</CD><RSQB>]</RSQB></REFERENCETOCOMPOUND></UNNAMEDMOLECULE></NounPhrase><STOP>.</STOP></Sentence></Document>
<?xml version="1.0" encoding="UTF-8"?>
<Document><Sentence><ActionPhrase type="Synthesize"><PrepPhrase><IN-IN>In</IN-IN><NounPhrase><DT>a</DT><JJ>typical</JJ><NN-SYNTHESIZE>reaction</NN-SYNTHESIZE></NounPhrase></PrepPhrase></ActionPhrase><VerbPhrase><VB-USE>using</VB-USE></VerbPhrase><NounPhrase><NN>vegetable</NN><NN-STATE>oil</NN-STATE></NounPhrase><COLON>:</COLON><NounPhrase><DT-THE>the</DT-THE><UNNAMEDMOLECULE><NN-STATE>oil</NN-STATE><QUANTITY><_-LRB->(</_-LRB-><MASS><CD>97.34</CD><NN-MASS>g</NN-MASS></MASS><COMMA>,</COMMA><PERCENT><CD>51.26</CD><NN-PERCENT>%</NN-PERCENT></PERCENT><_-RRB->)</_-RRB-></QUANTITY></UNNAMEDMOLECULE><CC>and</CC><MOLECULE><OSCARCM><OSCAR-CM>lithium</OSCAR-CM><OSCAR-CM>hydroxide</OSCAR-CM></OSCARCM><QUANTITY><_-LRB->(</_-LRB-><MASS><CD>0.89</CD><NN-MASS>g</NN-MASS></MASS><COMMA>,</COMMA><PERCENT><CD>0.5</CD><NN-PERCENT>%</NN-PERCENT></PERCENT><_-RRB->)</_-RRB-></QUANTITY></MOLECULE></NounPhrase><VerbPhrase><VBD>were</VBD><RB>initially</RB><VBN>put</VBN><PrepPhrase><IN-IN>in</IN-IN><NounPhrase><DT-THE>the</DT-THE><APPARATUS><NN-APPARATUS>reactor</NN-APPARATUS></APPARATUS></NounPhrase></PrepPhrase></VerbPhrase><STOP>.</STOP></Sentence></Document>
<?xml version="1.0" encoding="UTF-8"?>
<Document><Sentence><ActionPhrase type="Heat"><NounPhrase><DT-THE>The</DT-THE><NN-TEMP>temperature</NN-TEMP></NounPhrase><VerbPhrase><VBD>was</VBD><RB-CONJ>then</RB-CONJ><VB-INCREASE>increased</VB-INCREASE><PrepPhrase><TO>to</TO><NounPhrase><CD>235</CD><MOLECULE><OSCARCM><OSCAR-CM>◦C</OSCAR-CM></OSCARCM></MOLECULE></NounPhrase></PrepPhrase></VerbPhrase></ActionPhrase><COMMA>,</COMMA><CC>and</CC><ActionPhrase type="Add"><Unmatched><RB>finally</RB></Unmatched><NounPhrase><DT-THE>the</DT-THE><MOLECULE><OSCARCM><OSCAR-CM>PEr</OSCAR-CM></OSCARCM><QUANTITY><_-LRB->(</_-LRB-><MASS><CD>15.91</CD><NN-MASS>g</NN-MASS></MASS><COMMA>,</COMMA><PERCENT><CD>8.38</CD><NN-PERCENT>%</NN-PERCENT></PERCENT><_-RRB->)</_-RRB-></QUANTITY></MOLECULE></NounPhrase><COMMA>,</COMMA><VerbPhrase><VBD>was</VBD><VB-ADD>added</VB-ADD></VerbPhrase></ActionPhrase><STOP>.</STOP></Sentence></Document>
<?xml version="1.0" encoding="UTF-8"?>
<Document><Sentence><ActionPhrase type="Heat"><NounPhrase><DT-THE>The</DT-THE><NN-CHEMENTITY>mixture</NN-CHEMENTITY></NounPhrase><VerbPhrase><VBD>was</VBD><VB-HEAT>heated</VB-HEAT><PrepPhrase><TO>to</TO><NounPhrase><CD>240</CD><NNS>◦C</NNS></NounPhrase></PrepPhrase></VerbPhrase></ActionPhrase><CC>and</CC><ActionPhrase type="Heat"><VerbPhrase><VB-HEAT>maintained</VB-HEAT><TimePhrase><IN-FOR>for</IN-FOR><CD>1</CD><NN-TIME>h</NN-TIME></TimePhrase></VerbPhrase></ActionPhrase><STOP>.</STOP></Sentence><Sentence><NounPhrase><DT-THE>The</DT-THE><NN>extent</NN></NounPhrase><VerbPhrase><IN-OF>of</IN-OF><OSCAR-RN>alcoholysis</OSCAR-RN><VBD>was</VBD><VBN>followed</VBN></VerbPhrase><VerbPhrase><IN-BY>by</IN-BY><VBG>checking</VBG></VerbPhrase><NounPhrase><DT-THE>the</DT-THE><NN>solubility</NN><PrepPhrase><IN-OF>of</IN-OF><NounPhrase><DT-THE>the</DT-THE><JJ-CHEM>reaction</JJ-CHEM><NN-CHEMENTITY>mixture</NN-CHEMENTITY><PrepPhrase><IN-IN>in</IN-IN><MOLECULE><OSCARCM><OSCAR-CM>methanol</OSCAR-CM></OSCARCM><MIXTURE><_-LRB->(</_-LRB-><OSCARCM><OSCAR-CM>ME</OSCAR-CM></OSCARCM><NN>test</NN><_-RRB->)</_-RRB-></MIXTURE></MOLECULE></PrepPhrase></NounPhrase></PrepPhrase></NounPhrase><CC>and</CC><VerbPhrase><VBD>concluded</VBD></VerbPhrase><NounPhrase><WRB>when</WRB><MOLECULE><OSCARCM><OSCAR-CM>ME</OSCAR-CM></OSCARCM></MOLECULE></NounPhrase><VerbPhrase><VBD>was</VBD><JJR>bigger</JJR><PrepPhrase><IN>than</IN><NounPhrase><QUANTITY><PERCENT><CD>300</CD><NN-PERCENT>%</NN-PERCENT></PERCENT></QUANTITY></NounPhrase></PrepPhrase></VerbPhrase><STOP>.</STOP></Sentence></Document>
<?xml version="1.0" encoding="UTF-8"?>
<Document><Sentence><NounPhrase><PROCEDURE><NN-IDENTIFIER>b</NN-IDENTIFIER></PROCEDURE><_-RRB->)</_-RRB-></NounPhrase></Sentence><Sentence><ActionPhrase type="Synthesize"><NounPhrase><NN-SYNTHESIZE>Preparation</NN-SYNTHESIZE><PrepPhrase><IN-OF>of</IN-OF><NounPhrase><DT>alkyd</DT><NN-CHEMENTITY>resins</NN-CHEMENTITY></NounPhrase></PrepPhrase></NounPhrase></ActionPhrase><COLON>:</COLON><NounPhrase><WRB>When</WRB></NounPhrase><NounPhrase><DT-THE>the</DT-THE><OSCAR-RN>alcoholysis</OSCAR-RN><PROCEDURE><NN-METHOD>step</NN-METHOD></PROCEDURE></NounPhrase><VerbPhrase><VBD>was</VBD><VBN>concluded</VBN></VerbPhrase><NounPhrase><DT-THE>the</DT-THE><MOLECULE><OSCARCM><OSCAR-CM>Bu(OH)Sn</OSCAR-CM></OSCARCM><QUANTITY><_-LRB->(</_-LRB-><MASS><CD>0.93</CD><NN-MASS>g</NN-MASS></MASS><COMMA>,</COMMA><PERCENT><CD>0.49</CD><NN-PERCENT>%</NN-PERCENT></PERCENT><_-RRB->)</_-RRB-></QUANTITY></MOLECULE><COMMA>,</COMMA><NNS>flakes</NNS><PrepPhrase><IN-OF>of</IN-OF><NounPhrase><NN>post-consumer</NN><MOLECULE><OSCARCM><OSCAR-CM>PET</OSCAR-CM></OSCARCM><QUANTITY><_-LRB->(</_-LRB-><MASS><CD>26.85</CD><NN-MASS>g</NN-MASS></MASS><COMMA>,</COMMA><PERCENT><CD>14.14</CD><NN-PERCENT>%</NN-PERCENT></PERCENT><_-RRB->)</_-RRB-></QUANTITY></MOLECULE><COMMA>,</COMMA><MOLECULE><OSCARCM><OSCAR-CM>PA</OSCAR-CM></OSCARCM><QUANTITY><_-LRB->(</_-LRB-><MASS><CD>42.50</CD><NN-MASS>g</NN-MASS></MASS><COMMA>,</COMMA><PERCENT><CD>22.38</CD><NN-PERCENT>%</NN-PERCENT></PERCENT><_-RRB->)</_-RRB-></QUANTITY></MOLECULE><CC>and</CC><MOLECULE><OSCARCM><OSCAR-CM>EG</OSCAR-CM></OSCARCM><QUANTITY><_-LRB->(</_-LRB-><MASS><CD>5.41</CD><NN-MASS>g</NN-MASS></MASS><COMMA>,</COMMA><PERCENT><CD>2.85</CD><NN-PERCENT>%</NN-PERCENT></PERCENT><_-RRB->)</_-RRB-></QUANTITY></MOLECULE></NounPhrase></PrepPhrase></NounPhrase><VerbPhrase><VBD>were</VBD><VBN>put</VBN><PrepPhrase><IN-IN>in</IN-IN><NounPhrase><DT-THE>the</DT-THE><NNP>Int</NNP></NounPhrase></PrepPhrase></VerbPhrase><STOP>.</STOP></Sentence></Document>
<?xml version="1.0" encoding="UTF-8"?>
<Document><Sentence><NounPhrase><PROCEDURE><NN-IDENTIFIER>J</NN-IDENTIFIER></PROCEDURE><STOP>.</STOP></NounPhrase></Sentence><Sentence><NounPhrase><NNP>Electrochem</NNP></NounPhrase><STOP>.</STOP></Sentence></Document>
<?xml version="1.0" encoding="UTF-8"?>
<Document><Sentence><NounPhrase><NNP>Sci</NNP></NounPhrase><STOP>.</STOP></Sentence><Sentence><Unmatched><COMMA>,</COMMA></Unmatched></Sentence></Document>
<?xml version="1.0" encoding="UTF-8"?>
<Document/>
<?xml version="1.0" encoding="UTF-8"?>
<Document><Sentence><ActionPhrase type="Heat"><NounPhrase><CD>8</CD><COMMA>,</COMMA><CD>2013</CD><CD>5139</CD><APPARATUS><NN-APPARATUS>reactor</NN-APPARATUS></APPARATUS></NounPhrase><COMMA>,</COMMA><RB-CONJ>then</RB-CONJ><NounPhrase><DT-THE>the</DT-THE><NN-CHEMENTITY>mixture</NN-CHEMENTITY></NounPhrase><VerbPhrase><VBD>was</VBD><VB-HEAT>maintained</VB-HEAT><PrepPhrase><IN>at</IN><NounPhrase><CD>240</CD><MOLECULE><OSCARCM><OSCAR-CM>◦C</OSCAR-CM></OSCARCM></MOLECULE><COMMA>,</COMMA><CC>and</CC><NNS>samples</NNS></NounPhrase></PrepPhrase></VerbPhrase></ActionPhrase><ActionPhrase type="Wait"><VerbPhrase><VBD>were</VBD><VBN>taken</VBN><TimePhrase><IN>at</IN><CD>20</CD><NN-TIME>min</NN-TIME></TimePhrase></VerbPhrase></ActionPhrase><NounPhrase><NNS>intervals</NNS></NounPhrase><VerbPhrase><TO>to</TO><VB>evaluate</VB></VerbPhrase><NounPhrase><DT-THE>the</DT-THE><NN-CHEMENTITY>acid</NN-CHEMENTITY><NN>value</NN></NounPhrase><CC>and</CC><VerbPhrase><TO>to</TO><VB>follow</VB></VerbPhrase><ActionPhrase type="Synthesize"><NounPhrase><DT-THE>the</DT-THE><NN>polyesterification</NN><NN-SYNTHESIZE>reaction</NN-SYNTHESIZE></NounPhrase><PrepPhrase><IN>until</IN><NounPhrase><PRP>it</PRP></NounPhrase></PrepPhrase></ActionPhrase><VerbPhrase><VBD>achieved</VBD></VerbPhrase><NounPhrase><DT-THE>the</DT-THE><UNNAMEDMOLECULE><JJ-COMPOUND>desired</JJ-COMPOUND><NN-CHEMENTITY>acid</NN-CHEMENTITY></UNNAMEDMOLECULE><NN>value</NN><MIXTURE><_-LRB->(</_-LRB-><MOLECULE><OSCARCM><OSCAR-CM>AV</OSCAR-CM></OSCARCM></MOLECULE><SYM>&lt;</SYM><MOLECULE><QUANTITY><MASS><CD>18</CD><NN-MASS>mg</NN-MASS></MASS></QUANTITY><OSCARCM><OSCAR-CM>KOH/g</OSCAR-CM></OSCARCM></MOLECULE><IN-OF>of</IN-OF><NN-CHEMENTITY>resin</NN-CHEMENTITY><_-RRB->)</_-RRB-></MIXTURE></NounPhrase><STOP>.</STOP></Sentence></Document>
<?xml version="1.0" encoding="UTF-8"?>
<Document><Sentence><NounPhrase><PROCEDURE><CD>2.3</CD></PROCEDURE><STOP>.</STOP></NounPhrase></Sentence></Document>
<?xml version="1.0" encoding="UTF-8"?>
<Document><Sentence><NounPhrase><NN-CHEMENTITY>Resin</NN-CHEMENTITY><NNP>Characterization</NNP></NounPhrase><COLON>:</COLON><NounPhrase><MOLECULE><OSCARCM><OSCAR-CM>AV</OSCAR-CM></OSCARCM></MOLECULE><CC>and</CC><MOLECULE><OSCARCM><OSCAR-CM>HV</OSCAR-CM></OSCARCM></MOLECULE></NounPhrase><Unmatched><_-LRB->(</_-LRB-></Unmatched><Unmatched><NN-MASS>mg</NN-MASS></Unmatched><NounPhrase><MOLECULE><OSCARCM><OSCAR-CM>KOH/g</OSCAR-CM></OSCARCM></MOLECULE></NounPhrase><Unmatched><_-RRB->)</_-RRB-></Unmatched><VerbPhrase><VBD>were</VBD><VBN>determined</VBN><PrepPhrase><IN-FROM>from</IN-FROM><NounPhrase><DT-THE>the</DT-THE><JJ>conventional</JJ><PROCEDURE><NN>titration</NN><NN-METHOD>procedure</NN-METHOD><LSQB>[</LSQB><CD>4</CD><RSQB>]</RSQB></PROCEDURE></NounPhrase></PrepPhrase></VerbPhrase><STOP>.</STOP></Sentence></Document>
<?xml version="1.0" encoding="UTF-8"?>
<Document><Sentence><NounPhrase><MOLECULE><OSCARCM><OSCAR-CM>HV</OSCAR-CM></OSCARCM></MOLECULE></NounPhrase><VerbPhrase><VBD>was</VBD><VBN>determined</VBN></VerbPhrase><Unmatched><IN-BY>by</IN-BY></Unmatched><PrepPhrase><OSCAR-RN>acetylation</OSCAR-RN><IN-OF>of</IN-OF><NounPhrase><NNS>samples</NNS></NounPhrase></PrepPhrase><ActionPhrase type="Dissolve"><VerbPhrase><VB-DISSOLVE>dissolved</VB-DISSOLVE><PrepPhrase><IN-IN>in</IN-IN><MOLECULE role="Solvent"><OSCARCM><OSCAR-CM>pyridine</OSCAR-CM></OSCARCM></MOLECULE></PrepPhrase><PrepPhrase><IN-BY>by</IN-BY><NounPhrase><MOLECULE role="Solvent"><OSCARCM><OSCAR-CM>acetic</OSCAR-CM><OSCAR-CM>anhydride</OSCAR-CM></OSCARCM></MOLECULE></NounPhrase></PrepPhrase></VerbPhrase></ActionPhrase><COMMA>,</COMMA><VerbPhrase><VBN>followed</VBN><PrepPhrase><IN-BY>by</IN-BY><NounPhrase><RB>back</RB><NN>titration</NN><PrepPhrase><IN-OF>of</IN-OF><NounPhrase><JJ-CHEM>excess</JJ-CHEM><NN-CHEMENTITY>reagent</NN-CHEMENTITY></NounPhrase></PrepPhrase></NounPhrase></PrepPhrase><PrepPhrase><IN-WITH>with</IN-WITH><NounPhrase><MOLECULE><QUANTITY><MOLAR><CD>1</CD><NN-MOLAR>N</NN-MOLAR></MOLAR></QUANTITY><OSCARCM><OSCAR-CM>NaOH</OSCAR-CM></OSCARCM><NN-CHEMENTITY>solution</NN-CHEMENTITY></MOLECULE></NounPhrase></PrepPhrase></VerbPhrase><STOP>.</STOP></Sentence></Document>
<?xml version="1.0" encoding="UTF-8"?>
<Document><Sentence><NounPhrase><MOLECULE><OSCARCM><OSCAR-CM>AV</OSCAR-CM></OSCARCM></MOLECULE></NounPhrase><VerbPhrase><VBD>was</VBD><VBN>determined</VBN><PrepPhrase><IN-BY>by</IN-BY><NounPhrase><NN>titration</NN><PrepPhrase><IN-OF>of</IN-OF><NounPhrase><NNS>samples</NNS></NounPhrase></PrepPhrase></NounPhrase></PrepPhrase></VerbPhrase><ActionPhrase type="Dissolve"><VerbPhrase><VB-DISSOLVE>dissolved</VB-DISSOLVE><PrepPhrase><IN-IN>in</IN-IN><MOLECULE role="Solvent"><OSCARCM><OSCAR-CM>pyridine</OSCAR-CM></OSCARCM></MOLECULE></PrepPhrase><PrepPhrase><IN-WITH>with</IN-WITH><NounPhrase><MOLECULE role="Solvent"><QUANTITY><MOLAR><CD>0.1</CD><NN-MOLAR>N</NN-MOLAR></MOLAR></QUANTITY><OSCARCM><OSCAR-CM>KOH</OSCAR-CM></OSCARCM><NN-CHEMENTITY>solution</NN-CHEMENTITY></MOLECULE></NounPhrase></PrepPhrase></VerbPhrase></ActionPhrase><STOP>.</STOP></Sentence></Document>
<?xml version="1.0" encoding="UTF-8"?>
<Document><Sentence><NounPhrase><DT-THE>The</DT-THE><JJ-CHEM>number</JJ-CHEM><JJ>average</JJ><JJ>molecular</JJ><NN>weight</NN><COMMA>,</COMMA><MOLECULE><OSCARCM><OSCAR-CM>Mn</OSCAR-CM></OSCARCM></MOLECULE></NounPhrase><Unmatched><_-LRB->(</_-LRB-></Unmatched><Unmatched><NN-MASS>g</NN-MASS></Unmatched><Unmatched><DASH>/</DASH></Unmatched><NounPhrase><NN-AMOUNT>mol</NN-AMOUNT></NounPhrase><Unmatched><_-RRB->)</_-RRB-></Unmatched><NounPhrase><NN>value</NN><PrepPhrase><IN-OF>of</IN-OF><NounPhrase><NN>depolymerization</NN><NN-CHEMENTITY>product</NN-CHEMENTITY></NounPhrase></PrepPhrase></NounPhrase><VerbPhrase><VBD>was</VBD><VBN>calculated</VBN><PrepPhrase><IN-FROM>from</IN-FROM><NounPhrase><MOLECULE><OSCARCM><OSCAR-CM>HV</OSCAR-CM></OSCARCM></MOLECULE><CC>and</CC><MOLECULE><OSCARCM><OSCAR-CM>AV</OSCAR-CM></OSCARCM></MOLECULE></NounPhrase></PrepPhrase><PrepPhrase><IN-BY>by</IN-BY><NounPhrase><DT-THE>the</DT-THE><JJ>known</JJ><NN>formula</NN><PrepPhrase><IN-OF>of</IN-OF><NounPhrase><NN>end</NN><NN>group</NN><PROCEDURE><NN>analysis</NN><NN-METHOD>method</NN-METHOD></PROCEDURE></NounPhrase></PrepPhrase></NounPhrase></PrepPhrase></VerbPhrase><STOP>.</STOP></Sentence></Document>
<?xml version="1.0" encoding="UTF-8"?>
<Document><Sentence><NounPhrase><DT-THE>The</DT-THE><MOLECULE><OSCARCM><OSCAR-CM>Mn</OSCAR-CM></OSCARCM></MOLECULE><NN>value</NN></NounPhrase><VerbPhrase><VBZ>is</VBZ><VBN>calculated</VBN><PrepPhrase><IN-FROM>from</IN-FROM><NounPhrase><NN-EQ>Eq.</NN-EQ></NounPhrase></PrepPhrase></VerbPhrase><Unmatched><_-LRB->(</_-LRB-></Unmatched></Sentence></Document>
<?xml version="1.0" encoding="UTF-8"?>
<Document><Sentence><NounPhrase><PROCEDURE><CD>1</CD></PROCEDURE><_-RRB->)</_-RRB-></NounPhrase></Sentence><Sentence><Unmatched><COLON>:</COLON></Unmatched><NounPhrase><MOLECULE><OSCARCM><OSCAR-CM>Mn</OSCAR-CM></OSCARCM></MOLECULE><SYM>=</SYM></NounPhrase><Unmatched><LSQB>[</LSQB></Unmatched><Unmatched><_-LRB->(</_-LRB-></Unmatched><NounPhrase><CD>2x56.1x1000</CD><MIXTURE><_-LRB->)/(</_-LRB-><NNP>HV+AV</NNP><_-RRB->)</_-RRB-></MIXTURE></NounPhrase><Unmatched><RSQB>]</RSQB></Unmatched><NounPhrase><UNNAMEDMOLECULE><REFERENCETOCOMPOUND><_-LRB->(</_-LRB-><CD>1</CD><_-RRB->)</_-RRB-></REFERENCETOCOMPOUND></UNNAMEDMOLECULE></NounPhrase><NounPhrase><DT-THE>The</DT-THE><JJ>molecular</JJ><NN>weight</NN></NounPhrase><VerbPhrase><VBD>was</VBD><VBN>measured</VBN><PrepPhrase><IN-BY>by</IN-BY><NounPhrase><MOLECULE><OSCARCM><OSCAR-CM>GPC</OSCAR-CM></OSCARCM><MIXTURE><_-LRB->(</_-LRB-><OSCARCM><OSCAR-CM>Waters</OSCAR-CM></OSCARCM><NN>model</NN><CD>510</CD><_-RRB->)</_-RRB-></MIXTURE></MOLECULE></NounPhrase></PrepPhrase></VerbPhrase><VerbPhrase><VB-USE>using</VB-USE></VerbPhrase><NounPhrase><MOLECULE role="Solvent"><OSCARCM><OSCAR-CM>THF</OSCAR-CM></OSCARCM><MIXTURE><_-LRB->(</_-LRB-><JJ>HPLC</JJ><NN>grade</NN><_-RRB->)</_-RRB-></MIXTURE></MOLECULE></NounPhrase><RolePrepPhrase><IN-AS>as</IN-AS><NN-CHEMENTITY>eluent</NN-CHEMENTITY></RolePrepPhrase><CC>and</CC><NounPhrase><NNP>Ultrastyragel</NNP><CD>500</CD></NounPhrase><STOP>;</STOP></Sentence><Sentence><NounPhrase><CD>1000</CD></NounPhrase><STOP>;</STOP></Sentence><Sentence><NounPhrase><CD>10,000</CD></NounPhrase><STOP>;</STOP></Sentence><Sentence><NounPhrase><CD>100,000</CD><NNP>°A</NNP></NounPhrase><PrepPhrase><IN-AS>as</IN-AS><NounPhrase><NN-COLUMN>column</NN-COLUMN></NounPhrase></PrepPhrase><STOP>.</STOP></Sentence></Document>
<?xml version="1.0" encoding="UTF-8"?>
<Document><Sentence><NounPhrase><DT-THE>The</DT-THE><NN>structure</NN><PrepPhrase><IN-OF>of</IN-OF><NounPhrase><DT-THE>the</DT-THE><NN-CHEMENTITY>oligomers</NN-CHEMENTITY></NounPhrase></PrepPhrase></NounPhrase><VerbPhrase><VBD>was</VBD><VBN>investigated</VBN><PrepPhrase><IN-BY>by</IN-BY><NounPhrase><DT>an</DT><JJ-CHEM>infrared</JJ-CHEM><NNP>Bruker</NNP><NNP>IFS</NNP><CD>66</CD><NNP>FT-IR</NNP><NNP>Spectrometer</NNP></NounPhrase></PrepPhrase></VerbPhrase><STOP>.</STOP></Sentence></Document>
<?xml version="1.0" encoding="UTF-8"?>
<Document><Sentence><NounPhrase><CD>1</CD><NNP>HNMR</NNP><NNP>Spectra</NNP></NounPhrase><VerbPhrase><VBD>were</VBD><VBN>recorded</VBN><PrepPhrase><IN-ON>on</IN-ON><NounPhrase><DT>a</DT><JJ>Varian</JJ><NNP>EM</NNP><CD>360</CD><NN>spectrometer</NN><PrepPhrase><IN-IN>in</IN-IN><MOLECULE><JJ>deutrated</JJ><OSCARCM><OSCAR-CM>chloroform</OSCAR-CM></OSCARCM><MIXTURE><_-LRB->(</_-LRB-><OSCARCM><OSCAR-CM>CDCl3</OSCAR-CM></OSCARCM><_-RRB->)</_-RRB-></MIXTURE></MOLECULE></PrepPhrase></NounPhrase></PrepPhrase><PrepPhrase><IN-WITH>with</IN-WITH><NounPhrase><MOLECULE><QUANTITY><PERCENT><CD>1</CD><NN-PERCENT>%</NN-PERCENT></PERCENT></QUANTITY><OSCARCM><OSCAR-CM>tetramethylsilane</OSCAR-CM></OSCARCM><MIXTURE><_-LRB->(</_-LRB-><OSCARCM><OSCAR-CM>TMS</OSCAR-CM></OSCARCM><_-RRB->)</_-RRB-></MIXTURE></MOLECULE></NounPhrase></PrepPhrase><PrepPhrase><IN-AS>as</IN-AS><NounPhrase><JJ>internal</JJ><NN-CHEMENTITY>solvent</NN-CHEMENTITY></NounPhrase></PrepPhrase></VerbPhrase><STOP>.</STOP></Sentence></Document>
<?xml version="1.0" encoding="UTF-8"?>
<Document><Sentence><NounPhrase><NNP>Viscosity</NNP><NN>measurement</NN></NounPhrase><VerbPhrase><VBD>was</VBD><VBN>carried</VBN><RP>out</RP><VB-USE>using</VB-USE></VerbPhrase><NounPhrase><DT>a</DT><JJ>standard</JJ><PROCEDURE><NN-METHOD>method</NN-METHOD></PROCEDURE><NNP>ASTM</NNP><NN-TIME>D</NN-TIME><CD>1545-89</CD></NounPhrase><STOP>.</STOP></Sentence></Document>
<?xml version="1.0" encoding="UTF-8"?>
<Document><Sentence><VerbPhrase><TO>To</TO><VB>evaluate</VB></VerbPhrase><NounPhrase><DT-THE>the</DT-THE><JJ-CHEM>drying</JJ-CHEM><NN-TIME>time</NN-TIME></NounPhrase><COMMA>,</COMMA><VerbPhrase><VBN>alkyd</VBN></VerbPhrase><NounPhrase><NN-CHEMENTITY>resins</NN-CHEMENTITY></NounPhrase><VerbPhrase><VBD>were</VBD><VBN>applied</VBN><PrepPhrase><TO>to</TO><NounPhrase><DT>a</DT><NN-STATE>glass</NN-STATE><NN>substrate</NN></NounPhrase></PrepPhrase><COMMA>,</COMMA><PrepPhrase><IN-WITH>with</IN-WITH><NounPhrase><DT>a</DT><JJ-CHEM>film</JJ-CHEM><NN>thickness</NN><PrepPhrase><IN-OF>of</IN-OF><NounPhrase><CD>100</CD><NNP>Nm</NNP></NounPhrase></PrepPhrase></NounPhrase></PrepPhrase></VerbPhrase><STOP>.</STOP></Sentence></Document>
<?xml version="1.0" encoding="UTF-8"?>
<Document><Sentence><ActionPhrase type="Synthesize"><PrepPhrase><IN-FOR>For</IN-FOR><NounPhrase><DT>this</DT><NN>test</NN></NounPhrase></PrepPhrase><COMMA>,</COMMA><NounPhrase><DT-THE>the</DT-THE><NN>sample</NN></NounPhrase><VerbPhrase><VBD>was</VBD><VB-SYNTHESIZE>prepared</VB-SYNTHESIZE></VerbPhrase></ActionPhrase><ActionPhrase type="Add"><VerbPhrase><VB-ADD>adding</VB-ADD></VerbPhrase><NounPhrase><QUANTITY><PERCENT><CD>60</CD><NN-PERCENT>%</NN-PERCENT></PERCENT></QUANTITY></NounPhrase><PrepPhrase><IN-IN>in</IN-IN><NounPhrase><NN>weight</NN><PrepPhrase><IN-OF>of</IN-OF><NounPhrase><MOLECULE><OSCARCM><OSCAR-CM>xylene</OSCAR-CM></OSCARCM></MOLECULE></NounPhrase></PrepPhrase></NounPhrase></PrepPhrase></ActionPhrase><CC>and</CC><NounPhrase><DT-THE>the</DT-THE><JJ-CHEM>drying</JJ-CHEM><NN-CHEMENTITY>catalysts</NN-CHEMENTITY></NounPhrase><PrepPhrase><IN-IN>in</IN-IN><NounPhrase><DT-THE>the</DT-THE><JJ-CHEM>following</JJ-CHEM><NNS>quantities</NNS></NounPhrase></PrepPhrase><VerbPhrase><VBP>lead</VBP></VerbPhrase><NounPhrase><NN>octoate</NN><QUANTITY><_-LRB->(</_-LRB-><PERCENT><CD>0.43</CD><NN-PERCENT>%</NN-PERCENT></PERCENT><_-RRB->)</_-RRB-></QUANTITY></NounPhrase><STOP>;</STOP></Sentence><Sentence><NounPhrase><MOLECULE><OSCARCM><OSCAR-CM>manganese</OSCAR-CM></OSCARCM></MOLECULE><NN>octoate</NN><QUANTITY><_-LRB->(</_-LRB-><PERCENT><CD>0.35</CD><NN-PERCENT>%</NN-PERCENT></PERCENT><_-RRB->)</_-RRB-></QUANTITY><CC>and</CC><MOLECULE><OSCARCM><OSCAR-CM>cobalt</OSCAR-CM></OSCARCM></MOLECULE><NN>octoate</NN><QUANTITY><_-LRB->(</_-LRB-><PERCENT><CD>0.28</CD><NN-PERCENT>%</NN-PERCENT></PERCENT><_-RRB->)</_-RRB-></QUANTITY></NounPhrase><STOP>.</STOP></Sentence></Document>
<?xml version="1.0" encoding="UTF-8"?>
<Document><Sentence><ActionPhrase type="Dry"><NounPhrase><NNS>Films</NNS></NounPhrase><VerbPhrase><VBD>were</VBD><VB-DRY>dried</VB-DRY><PrepPhrase><IN>at</IN><NounPhrase><CD>25±1</CD><NNP>◦C</NNP></NounPhrase></PrepPhrase><TimePhrase><IN-FOR>for</IN-FOR><CD>72</CD><NN-TIME>h</NN-TIME></TimePhrase></VerbPhrase></ActionPhrase><STOP>.</STOP></Sentence><Sentence><ActionPhrase type="Dry"><VerbPhrase><VB-DRY>Drying</VB-DRY><TimePhrase><NN-TIME>time</NN-TIME></TimePhrase></VerbPhrase></ActionPhrase><VerbPhrase><VBD>was</VBD><VBN>determined</VBN><PrepPhrase><IN-BY>by</IN-BY><NounPhrase><DT>an</DT><NNP>Ericsen</NNP><CD>415/E</CD><NN>apparatus</NN><COMMA>,</COMMA><WDT>which</WDT></NounPhrase></PrepPhrase></VerbPhrase><ActionPhrase type="Yield"><VerbPhrase><VB-YIELD>gave</VB-YIELD></VerbPhrase></ActionPhrase><ActionPhrase type="Yield"><VerbPhrase><VB-YIELD>results</VB-YIELD></VerbPhrase></ActionPhrase><VerbPhrase><VBG>according</VBG><PrepPhrase><TO>to</TO><NounPhrase><NNP>DIN</NNP><CD>53150</CD></NounPhrase></PrepPhrase></VerbPhrase><STOP>.</STOP></Sentence></Document>
<?xml version="1.0" encoding="UTF-8"?>
<Document><Sentence><NounPhrase><PROCEDURE><CD>2.4</CD></PROCEDURE><STOP>.</STOP></NounPhrase></Sentence></Document>
<?xml version="1.0" encoding="UTF-8"?>
<Document><Sentence><VerbPhrase><VBG>Testing</VBG><PrepPhrase><IN-OF>of</IN-OF><NounPhrase><DT-THE>the</DT-THE><NNS>coatings</NNS></NounPhrase></PrepPhrase></VerbPhrase><COLON>:</COLON><VerbPhrase><IN-FOR>For</IN-FOR><VBN>alkyd</VBN></VerbPhrase><NounPhrase><NNS>tests</NNS><COMMA>,</COMMA><UNNAMEDMOLECULE><QUANTITY><PERCENT><CD>60</CD><NN-PERCENT>%</NN-PERCENT></PERCENT></QUANTITY><NN-CHEMENTITY>solutions</NN-CHEMENTITY></UNNAMEDMOLECULE><PrepPhrase><IN-OF>of</IN-OF><NounPhrase><DT-THE>the</DT-THE><NN-CHEMENTITY>resins</NN-CHEMENTITY><PrepPhrase><IN-IN>in</IN-IN><MOLECULE><OSCARCM><OSCAR-CM>xylene</OSCAR-CM></OSCARCM></MOLECULE></PrepPhrase></NounPhrase></PrepPhrase></NounPhrase><NounPhrase><DT-THE>the</DT-THE><JJ-CHEM>drying</JJ-CHEM><NN-CHEMENTITY>catalysts</NN-CHEMENTITY><MIXTURE><_-LRB->(</_-LRB-><NN>lead</NN><NN>octoate</NN><QUANTITY><_-LRB->(</_-LRB-><PERCENT><CD>0.43</CD><NN-PERCENT>%</NN-PERCENT></PERCENT><_-RRB->)</_-RRB-></QUANTITY><STOP>;</STOP><MOLECULE><OSCARCM><OSCAR-CM>manganese</OSCAR-CM></OSCARCM></MOLECULE><NN>octoate</NN><QUANTITY><_-LRB->(</_-LRB-><PERCENT><CD>0.35</CD><NN-PERCENT>%</NN-PERCENT></PERCENT><_-RRB->)</_-RRB-></QUANTITY><CC>and</CC><MOLECULE><OSCARCM><OSCAR-CM>cobalt</OSCAR-CM></OSCARCM></MOLECULE><NN>octoate</NN><QUANTITY><_-LRB->(</_-LRB-><PERCENT><CD>0.28</CD><NN-PERCENT>%</NN-PERCENT></PERCENT><_-RRB->)</_-RRB-></QUANTITY><VBN>based</VBN><IN-ON>on</IN-ON><JJ>non-volatile</JJ><_-RRB->)</_-RRB-></MIXTURE><CC>and</CC><CD>20</CD><NNP>Wt</NNP></NounPhrase><Unmatched><NN-PERCENT>%</NN-PERCENT></Unmatched><PrepPhrase><IN-OF>of</IN-OF><NounPhrase><MOLECULE><OSCARCM><OSCAR-CM>TiO2</OSCAR-CM></OSCARCM><NN-STATE>powder</NN-STATE></MOLECULE></NounPhrase></PrepPhrase><ActionPhrase type="Add"><VerbPhrase><VBD>were</VBD><VB-ADD>mixed</VB-ADD></VerbPhrase></ActionPhrase><CC>and</CC><VerbPhrase><VBN>applied</VBN><PrepPhrase><IN-WITH>with</IN-WITH><NounPhrase><JJ>total</JJ><JJ-CHEM>dry</JJ-CHEM><NN>film</NN><NN>thickness</NN><MIXTURE><_-LRB->(</_-LRB-><NNP>DFT</NNP><_-RRB->)</_-RRB-></MIXTURE><PrepPhrase><IN-OF>of</IN-OF><NounPhrase><CD>100</CD><NNPS>Nms</NNPS></NounPhrase></PrepPhrase></NounPhrase></PrepPhrase></VerbPhrase><STOP>.</STOP></Sentence></Document>
<?xml version="1.0" encoding="UTF-8"?>
<Document><Sentence><NounPhrase><PRP>It</PRP></NounPhrase><VerbPhrase><VBZ>is</VBZ><JJ>common</JJ></VerbPhrase><VerbPhrase><TO>to</TO><VB>use</VB><JJ>mild</JJ></VerbPhrase><NounPhrase><NN>steel</NN><NNS>panels</NNS><MIXTURE><_-LRB->(</_-LRB-><CD>15</CD><NN>cm</NN><SYM>×</SYM><JJ>l0</JJ><NN>cm</NN><_-RRB->)</_-RRB-></MIXTURE></NounPhrase><VerbPhrase><TO>to</TO><VB>evaluate</VB></VerbPhrase><NounPhrase><DT-THE>the</DT-THE><JJ>different</JJ><NNS>properties</NNS><PrepPhrase><IN-OF>of</IN-OF><NounPhrase><NNS>coatings</NNS></NounPhrase></PrepPhrase></NounPhrase><STOP>.</STOP></Sentence></Document>
<?xml version="1.0" encoding="UTF-8"?>
<Document><Sentence><NounPhrase><DT-THE>The</DT-THE><JJ>other</JJ><NN>side</NN><PrepPhrase><IN-OF>of</IN-OF><NounPhrase><NNS>panels</NNS></NounPhrase></PrepPhrase></NounPhrase><VerbPhrase><VBZ>is</VBZ><VBN>coated</VBN></VerbPhrase><CC>and</CC><VerbPhrase><VBN>protected</VBN><PrepPhrase><IN>against</IN><NounPhrase><NN>corrosion</NN><NNS>environments</NNS></NounPhrase></PrepPhrase></VerbPhrase><VerbPhrase><IN-BY>by</IN-BY><VB-USE>using</VB-USE></VerbPhrase><NounPhrase><NN>coal</NN><NN>tar</NN><MOLECULE><OSCARCM><OSCAR-CM>epoxy</OSCAR-CM></OSCARCM></MOLECULE><NN>primer</NN></NounPhrase><STOP>.</STOP></Sentence></Document>
<?xml version="1.0" encoding="UTF-8"?>
<Document><Sentence><NounPhrase><DT-THE>The</DT-THE><JJ>tested</JJ><NN>side</NN></NounPhrase><VerbPhrase><VBD>was</VBD><VBN>blasted</VBN></VerbPhrase><CC>and</CC><VerbPhrase><VBN>cleaned</VBN></VerbPhrase><Unmatched><TO>to</TO></Unmatched><Unmatched><RB>apply</RB></Unmatched><NounPhrase><DT-THE>the</DT-THE><JJ>coated</JJ><NN-CHEMENTITY>materials</NN-CHEMENTITY></NounPhrase><STOP>.</STOP></Sentence></Document>
<?xml version="1.0" encoding="UTF-8"?>
<Document><Sentence><ActionPhrase type="Degass"><Unmatched><RB-CONJ>Then</RB-CONJ></Unmatched><NounPhrase><DT-THE>the</DT-THE><NNS>panels</NNS></NounPhrase><VerbPhrase><VBD>were</VBD><VB-SUBJECT>subjected</VB-SUBJECT><PrepPhrase><TO>to</TO><NounPhrase><JJ>different</JJ><PROCEDURE><NN>testing</NN><NN-METHOD>procedure</NN-METHOD></PROCEDURE></NounPhrase></PrepPhrase></VerbPhrase></ActionPhrase><VerbPhrase><TO>to</TO><VB>evaluate</VB></VerbPhrase><NounPhrase><PRP_>their</PRP_><JJ>mechanical</JJ><NNS>properties</NNS><CC>and</CC><PRP_>their</PRP_><NN>durability</NN></NounPhrase><STOP>.</STOP></Sentence></Document>
<?xml version="1.0" encoding="UTF-8"?>
<Document><Sentence><NounPhrase><NN>Adhesion</NN><NN>strength</NN><MIXTURE><_-LRB->(</_-LRB-><IN-OFF>pull-off</IN-OFF><_-RRB->)</_-RRB-></MIXTURE><COMMA>,</COMMA><NN>pencil</NN><NN>hardness</NN><COMMA>,</COMMA><NN>impact</NN><COMMA>,</COMMA><NNP>T-bend</NNP><COMMA>,</COMMA><JJ>hot</JJ><MOLECULE><OSCARCM><OSCAR-CM>water</OSCAR-CM></OSCARCM></MOLECULE><COMMA>,</COMMA><NN-CHEMENTITY>acid</NN-CHEMENTITY><CC>and</CC><MOLECULE><OSCARCM><OSCAR-CM>alkali</OSCAR-CM></OSCARCM></MOLECULE><NN>resistance</NN><CC>and</CC><NN-CHEMENTITY>solvent</NN-CHEMENTITY><NN>resistance</NN><NNS>tests</NNS></NounPhrase><VerbPhrase><VBD>were</VBD><VBN>measured</VBN><VBG>according</VBG><PrepPhrase><TO>to</TO><NounPhrase><MOLECULE><OSCARCM><OSCAR-CM>ASTM</OSCAR-CM></OSCARCM></MOLECULE><PROCEDURE><NN-METHOD>methods</NN-METHOD></PROCEDURE></NounPhrase></PrepPhrase></VerbPhrase><VerbPhrase><IN-AS>as</IN-AS><VBN>reported</VBN><PrepPhrase><IN-IN>in</IN-IN><NounPhrase><DT-THE>the</DT-THE><JJ>previous</JJ><NNS>studies</NNS><UNNAMEDMOLECULE><REFERENCETOCOMPOUND><LSQB>[</LSQB><CD>4-9</CD><RSQB>]</RSQB></REFERENCETOCOMPOUND></UNNAMEDMOLECULE></NounPhrase></PrepPhrase></VerbPhrase><STOP>.</STOP></Sentence></Document>
<?xml version="1.0" encoding="UTF-8"?>
<Document><Sentence><NounPhrase><DT-THE>The</DT-THE><JJ>coated</JJ><NNS>panels</NNS></NounPhrase><VerbPhrase><VBD>were</VBD><VBN>evaluated</VBN><PrepPhrase><IN-FOR>for</IN-FOR><NounPhrase><NN-CHEMENTITY>salt-spray</NN-CHEMENTITY><NN>resistance</NN></NounPhrase></PrepPhrase><PrepPhrase><IN-IN>in</IN-IN><NounPhrase><NN>accordance</NN></NounPhrase></PrepPhrase><PrepPhrase><IN-WITH>with</IN-WITH><NounPhrase><NNP>ASTM</NNP><CD>B117</CD></NounPhrase></PrepPhrase></VerbPhrase><STOP>.</STOP></Sentence></Document>
<?xml version="1.0" encoding="UTF-8"?>
<Document><Sentence><NounPhrase><DT-THE>The</DT-THE><JJ-CHEM>test</JJ-CHEM><NNP>Int</NNP></NounPhrase><STOP>.</STOP></Sentence></Document>
<?xml version="1.0" encoding="UTF-8"?>
<Document><Sentence><NounPhrase><PROCEDURE><NN-IDENTIFIER>J</NN-IDENTIFIER></PROCEDURE><STOP>.</STOP></NounPhrase></Sentence><Sentence><NounPhrase><NNP>Electrochem</NNP></NounPhrase><STOP>.</STOP></Sentence></Document>
<?xml version="1.0" encoding="UTF-8"?>
<Document><Sentence><NounPhrase><NNP>Sci</NNP></NounPhrase><STOP>.</STOP></Sentence><Sentence><Unmatched><COMMA>,</COMMA></Unmatched></Sentence></Document>
<?xml version="1.0" encoding="UTF-8"?>
<Document/>
<?xml version="1.0" encoding="UTF-8"?>
<Document><Sentence><NounPhrase><CD>8</CD><COMMA>,</COMMA><CD>2013</CD><CD>5140</CD><NNS>conditions</NNS></NounPhrase><VerbPhrase><VBD>were</VBD></VerbPhrase><NounPhrase><CD>35</CD><UNNAMEDMOLECULE><REFERENCETOCOMPOUND><_-LRB->(</_-LRB-><CD>±1.5</CD><_-RRB->)</_-RRB-></REFERENCETOCOMPOUND></UNNAMEDMOLECULE><NNP>◦C</NNP><COMMA>,</COMMA><QUANTITY><PERCENT><CD>95±5</CD><NN-PERCENT>%</NN-PERCENT></PERCENT></QUANTITY><JJ>relative</JJ><NN>humidity</NN><COMMA>,</COMMA><CC>and</CC><MOLECULE><QUANTITY><PERCENT><CD>5</CD><NN>wt.</NN><NN-PERCENT>%</NN-PERCENT></PERCENT></QUANTITY><IN-OF>of</IN-OF><OSCAR-CJ>aqueous</OSCAR-CJ><OSCARCM><OSCAR-CM>sodium</OSCAR-CM><OSCAR-CM>chloride</OSCAR-CM></OSCARCM><NN-CHEMENTITY>solution</NN-CHEMENTITY></MOLECULE></NounPhrase><STOP>.</STOP></Sentence></Document>
<?xml version="1.0" encoding="UTF-8"?>
<Document><Sentence><NounPhrase><DT-THE>The</DT-THE><NN-CHEMENTITY>acid</NN-CHEMENTITY><CC>and</CC><MOLECULE><OSCARCM><OSCAR-CM>alkali</OSCAR-CM></OSCARCM></MOLECULE><NNS>resistances</NNS><PrepPhrase><IN-OF>of</IN-OF><NounPhrase><JJ>coated</JJ><NNS>panels</NNS></NounPhrase></PrepPhrase></NounPhrase><VerbPhrase><VBD>were</VBD><VBN>determined</VBN></VerbPhrase><PrepPhrase><IN-AFTER>after</IN-AFTER><NounPhrase><NN>immersion</NN><PrepPhrase><IN-IN>in</IN-IN><MOLECULE><QUANTITY><PERCENT><CD>10</CD><NN-PERCENT>%</NN-PERCENT></PERCENT></QUANTITY><IN-OF>of</IN-OF><OSCARCM><OSCAR-CM>HCl</OSCAR-CM></OSCARCM></MOLECULE></PrepPhrase></NounPhrase></PrepPhrase><CC>and</CC><ActionPhrase type="Purify"><NounPhrase><MOLECULE><QUANTITY><PERCENT><CD>5</CD><NN-PERCENT>%</NN-PERCENT></PERCENT></QUANTITY><IN-OF>of</IN-OF><OSCARCM><OSCAR-CM>NaOH</OSCAR-CM></OSCARCM><OSCAR-CJ>aqueous</OSCAR-CJ><NN-CHEMENTITY>solutions</NN-CHEMENTITY></MOLECULE></NounPhrase><VerbPhrase><VB-USE>using</VB-USE><VB-PURIFY>distilled</VB-PURIFY></VerbPhrase><NounPhrase><MOLECULE><OSCARCM><OSCAR-CM>water</OSCAR-CM></OSCARCM></MOLECULE></NounPhrase></ActionPhrase><STOP>.</STOP></Sentence></Document>
<?xml version="1.0" encoding="UTF-8"?>
<Document><Sentence><ActionPhrase type="Wait"><NounPhrase><DT-THE>The</DT-THE><NN>duration</NN><PrepPhrase><IN-OF>of</IN-OF><NounPhrase><DT-THE>the</DT-THE><NN>test</NN></NounPhrase></PrepPhrase></NounPhrase><VerbPhrase><VBD>was</VBD><TimePhrase><CD>90</CD><NN-TIME>days</NN-TIME></TimePhrase><PrepPhrase><IN>at</IN><NounPhrase><CD>38</CD><NNP>◦C</NNP></NounPhrase></PrepPhrase></VerbPhrase></ActionPhrase><STOP>.</STOP></Sentence><Sentence><NounPhrase><DT-THE>The</DT-THE><NN>degree</NN><PrepPhrase><IN-OF>of</IN-OF><NounPhrase><NN>adhesion</NN><CC>and</CC><JJ>visual</JJ><NN>inspection</NN><PrepPhrase><IN-OF>of</IN-OF><NounPhrase><NN>blister</NN><CC>and</CC><NNS>cracks</NNS></NounPhrase></PrepPhrase></NounPhrase></PrepPhrase></NounPhrase><VerbPhrase><VBD>were</VBD><VBN>evaluated</VBN><PrepPhrase><IN-FOR>for</IN-FOR><NounPhrase><DT-THE>the</DT-THE><JJ>coated</JJ><NN>panels</NN></NounPhrase></PrepPhrase></VerbPhrase><STOP>.</STOP></Sentence></Document>
<?xml version="1.0" encoding="UTF-8"?>
<Document><Sentence><NounPhrase><DT-THE>The</DT-THE><NN>degree</NN><PrepPhrase><IN-OF>of</IN-OF><NounPhrase><NN>coating</NN></NounPhrase></PrepPhrase></NounPhrase><PrepPhrase><TO>to</TO><NounPhrase><NN>resistance</NN><NN>cathodic</NN><NN>disbondment</NN><MIXTURE><_-LRB->(</_-LRB-><NNP>cd</NNP><_-RRB->)</_-RRB-></MIXTURE></NounPhrase></PrepPhrase><VerbPhrase><VBD>was</VBD><VBN>tested</VBN><PrepPhrase><IN-IN>in</IN-IN><NounPhrase><NN>accordance</NN></NounPhrase></PrepPhrase><PrepPhrase><IN-WITH>with</IN-WITH><NounPhrase><NNP>ASTM</NNP></NounPhrase></PrepPhrase></VerbPhrase><Unmatched><NN-MASS>G</NN-MASS></Unmatched><NounPhrase><CD>8</CD></NounPhrase><STOP>.</STOP></Sentence></Document>
<?xml version="1.0" encoding="UTF-8"?>
<Document><Sentence><ActionPhrase type="Degass"><NounPhrase><DT-THE>The</DT-THE><JJ-CHEM>coating</JJ-CHEM><NN>panel</NN></NounPhrase><VerbPhrase><VBD>was</VBD><VB-SUBJECT>subjected</VB-SUBJECT><PrepPhrase><TO>to</TO><NounPhrase><DT>a</DT><NN>potential</NN><PrepPhrase><IN-OF>of-1.5</IN-OF><NounPhrase><UNNAMEDMOLECULE><REFERENCETOCOMPOUND><NN-IDENTIFIER>V</NN-IDENTIFIER></REFERENCETOCOMPOUND></UNNAMEDMOLECULE></NounPhrase></PrepPhrase></NounPhrase></PrepPhrase><PrepPhrase><IN-IN>in</IN-IN><NounPhrase><DT>a</DT><MOLECULE><QUANTITY><PERCENT><CD>3</CD><NN-PERCENT>%</NN-PERCENT></PERCENT></QUANTITY><OSCARCM><OSCAR-CM>NaCl</OSCAR-CM></OSCARCM><JJ>electrolyte</JJ><NN-CHEMENTITY>solution</NN-CHEMENTITY></MOLECULE></NounPhrase></PrepPhrase><PrepPhrase><IN>at</IN><NounPhrase><CD>65</CD></NounPhrase></PrepPhrase><PrepPhrase><IN>o</IN><NounPhrase><NNP>C</NNP></NounPhrase></PrepPhrase><TimePhrase><IN-FOR>for</IN-FOR><CD>48</CD><NN-TIME>hrs</NN-TIME></TimePhrase></VerbPhrase></ActionPhrase><STOP>.</STOP></Sentence></Document>
<?xml version="1.0" encoding="UTF-8"?>
<Document><Sentence><NounPhrase><PROCEDURE><CD>3</CD></PROCEDURE><STOP>.</STOP></NounPhrase></Sentence></Document>
<?xml version="1.0" encoding="UTF-8"?>
<Document/>
