<?xml version="1.0" encoding="UTF-8"?>
<Document><Sentence><NounPhrase><JJ>Experimental</JJ><CD>2.1</CD></NounPhrase><STOP>.</STOP></Sentence></Document>
<?xml version="1.0" encoding="UTF-8"?>
<Document><Sentence><NounPhrase><NN-CHEMENTITY>Materials</NN-CHEMENTITY><MOLECULE><JJ>Polished</JJ><OSCARCM><OSCAR-CM>SS304</OSCAR-CM></OSCARCM></MOLECULE><NN>sheet</NN><QUANTITY><PERCENT><CD>99.9</CD><NN-PERCENT>%</NN-PERCENT></PERCENT></QUANTITY><NN>purity</NN><MIXTURE><_-LRB->(</_-LRB-><MOLECULE><OSCARCM><OSCAR-CM>3254K91</OSCAR-CM></OSCARCM></MOLECULE><COMMA>,</COMMA><MOLECULE><OSCARCM><OSCAR-CM>Mc-MASTER-CARR</OSCAR-CM></OSCARCM></MOLECULE><COMMA>,</COMMA><NNP>Ohio</NNP><COMMA>,</COMMA><NNP>USA</NNP><_-RRB->)</_-RRB-></MIXTURE></NounPhrase><VerbPhrase><VBD>was</VBD><VBN>used</VBN><PrepPhrase><IN-AS>as</IN-AS><NounPhrase><NN>sub-strates</NN></NounPhrase></PrepPhrase></VerbPhrase><STOP>.</STOP></Sentence><Sentence><Unmatched><COMMA>,</COMMA></Unmatched></Sentence></Document>
<?xml version="1.0" encoding="UTF-8"?>
<Document><Sentence><NounPhrase><MOLECULE><OSCARCM><OSCAR-CM>Bisphenol</OSCAR-CM></OSCARCM></MOLECULE></NounPhrase><NounPhrase><DT>A</DT><MOLECULE><OSCARCM><OSCAR-CM>diglycidyl</OSCAR-CM><OSCAR-CM>ether</OSCAR-CM></OSCARCM><MIXTURE><_-LRB->(</_-LRB-><OSCARCM><OSCAR-CM>D3415</OSCAR-CM></OSCARCM><COMMA>,</COMMA><OSCARCM><OSCAR-CM>BADGE</OSCAR-CM></OSCARCM><COMMA>,</COMMA><NNP>Sigma</NNP><NNP>Aldrich</NNP><COMMA>,</COMMA><NNP>Ontario</NNP><COMMA>,</COMMA><NNP>Canada</NNP><_-RRB->)</_-RRB-></MIXTURE></MOLECULE><CC>and</CC><RB>Poly</RB><MOLECULE><MIXTURE><_-LRB->(</_-LRB-><OSCARCM><OSCAR-CM>propylene</OSCAR-CM><OSCAR-CM>glycol</OSCAR-CM></OSCARCM><_-RRB->)</_-RRB-></MIXTURE><OSCARCM><OSCAR-CM>bis(2-aminopropyl</OSCAR-CM><OSCAR-CM>ether</OSCAR-CM><OSCAR-CM>)</OSCAR-CM></OSCARCM><MIXTURE><_-LRB->(</_-LRB-><REFERENCETOCOMPOUND><CD>406651</CD></REFERENCETOCOMPOUND><COMMA>,</COMMA><OSCARCM><OSCAR-CM>B230</OSCAR-CM></OSCARCM><COMMA>,</COMMA><NNP>Sigma</NNP><NNP>Aldrich</NNP><COMMA>,</COMMA><NNP>Ontario</NNP><COMMA>,</COMMA><NNP>Canada</NNP><_-RRB->)</_-RRB-></MIXTURE></MOLECULE></NounPhrase><VerbPhrase><VBD>were</VBD><VBN>used</VBN></VerbPhrase><VerbPhrase><IN-AS>as</IN-AS><VBN>received</VBN></VerbPhrase><STOP>.</STOP></Sentence></Document>
<?xml version="1.0" encoding="UTF-8"?>
<Document><Sentence><ActionPhrase type="Synthesize"><NounPhrase><MOLECULE><OSCARCM><OSCAR-CM>Graphene</OSCAR-CM></OSCARCM></MOLECULE><NNS>nanosheets</NNS><MIXTURE><_-LRB->(</_-LRB-><MOLECULE><OSCARCM><OSCAR-CM>GN1P0005</OSCAR-CM></OSCARCM></MOLECULE><COMMA>,</COMMA><NNP>ACS</NNP><NN-CHEMENTITY>Material</NN-CHEMENTITY><COMMA>,</COMMA><NNP>Massachusetts</NNP><COMMA>,</COMMA><NNP>USA</NNP><_-RRB->)</_-RRB-></MIXTURE></NounPhrase><VerbPhrase><VBD>were</VBD><VB-SYNTHESIZE>synthesized</VB-SYNTHESIZE><PrepPhrase><IN-BY>by</IN-BY><NounPhrase><DT>thermal</DT><NN>exfoliation/reduction</NN><PrepPhrase><IN-OF>of</IN-OF><NounPhrase><MOLECULE><OSCARCM><OSCAR-CM>graphite</OSCAR-CM><OSCAR-CM>oxide</OSCAR-CM></OSCARCM></MOLECULE><COMMA>,</COMMA><WDT>which</WDT></NounPhrase></PrepPhrase></NounPhrase></PrepPhrase></VerbPhrase></ActionPhrase><ActionPhrase type="Synthesize"><VerbPhrase><VBD>was</VBD><VB-SYNTHESIZE>prepared</VB-SYNTHESIZE></VerbPhrase></ActionPhrase><VerbPhrase><VB-USE>using</VB-USE></VerbPhrase><NounPhrase><DT-THE>the</DT-THE><JJ-CHEM>modified</JJ-CHEM><NNP>Hummer</NNP><PROCEDURE><NN-METHOD>method</NN-METHOD></PROCEDURE><CC>and</CC><PRP>it</PRP></NounPhrase><VerbPhrase><VBZ>has</VBZ></VerbPhrase><NounPhrase><DT>a</DT><JJ-CHEM>surface</JJ-CHEM><NN>area</NN><PrepPhrase><IN-OF>of</IN-OF><NounPhrase><CD>400-1000</CD><MOLECULE><OSCARCM><OSCAR-CM>m2/g</OSCAR-CM></OSCARCM></MOLECULE><CC>and</CC><JJ-CHEM>elec-trical</JJ-CHEM><NN>resistivity</NN><PrepPhrase><IN-OF>of</IN-OF><NounPhrase><JJ>≤</JJ><CD>0.3</CD><NNP>Ω·cm</NNP></NounPhrase></PrepPhrase></NounPhrase></PrepPhrase></NounPhrase><COMMA>,</COMMA><PrepPhrase><IN-AS>as</IN-AS><IN>per</IN><NounPhrase><DT-THE>the</DT-THE><NN>supplier</NN><NNS>specifications</NNS></NounPhrase></PrepPhrase><STOP>.</STOP></Sentence></Document>
<?xml version="1.0" encoding="UTF-8"?>
<Document><Sentence><NounPhrase><PROCEDURE><CD>2.2</CD></PROCEDURE><STOP>.</STOP></NounPhrase></Sentence></Document>
<?xml version="1.0" encoding="UTF-8"?>
<Document><Sentence><ActionPhrase type="Synthesize"><NounPhrase><NNP>Composite</NNP><NN-SYNTHESIZE>preparation</NN-SYNTHESIZE><COMMA>,</COMMA><NN>coating</NN></NounPhrase></ActionPhrase><COMMA>,</COMMA><CC>and</CC><VerbPhrase><VBG>curing</VBG></VerbPhrase><Unmatched><NN-MASS>E/G</NN-MASS></Unmatched><VerbPhrase><VBZ>composites</VBZ><PrepPhrase><IN-WITH>with</IN-WITH><NounPhrase><MOLECULE><OSCARCM><OSCAR-CM>graphene</OSCAR-CM></OSCARCM></MOLECULE><NN>loading</NN><PrepPhrase><IN-OF>of</IN-OF><NounPhrase><QUANTITY><PERCENT><CD>0.1</CD><NN>wt</NN><NN-PERCENT>%</NN-PERCENT></PERCENT></QUANTITY><MIXTURE><_-LRB->(</_-LRB-><MOLECULE><OSCARCM><OSCAR-CM>E/G0.1</OSCAR-CM></OSCARCM></MOLECULE><_-RRB->)</_-RRB-></MIXTURE><COMMA>,</COMMA><QUANTITY><PERCENT><CD>0.5</CD><NN>wt</NN><NN-PERCENT>%</NN-PERCENT></PERCENT></QUANTITY><MIXTURE><_-LRB->(</_-LRB-><MOLECULE><OSCARCM><OSCAR-CM>E/G0.5</OSCAR-CM></OSCARCM></MOLECULE><_-RRB->)</_-RRB-></MIXTURE><CC>and</CC><QUANTITY><PERCENT><CD>1</CD><NN>wt</NN><NN-PERCENT>%</NN-PERCENT></PERCENT></QUANTITY><MIXTURE><_-LRB->(</_-LRB-><NNP>E/G1</NNP><_-RRB->)</_-RRB-></MIXTURE></NounPhrase></PrepPhrase></NounPhrase></PrepPhrase></VerbPhrase><ActionPhrase type="Synthesize"><VerbPhrase><VBD>were</VBD><VB-SYNTHESIZE>prepared</VB-SYNTHESIZE></VerbPhrase></ActionPhrase><ActionPhrase type="Synthesize"><VerbPhrase><VB-USE>using</VB-USE><PrepPhrase><IN-IN>in</IN-IN><NounPhrase><FW>situ</FW><NN-SYNTHESIZE>polymerization</NN-SYNTHESIZE><NN>approach</NN></NounPhrase></PrepPhrase></VerbPhrase></ActionPhrase><STOP>.</STOP></Sentence></Document>
<?xml version="1.0" encoding="UTF-8"?>
<Document><Sentence><NounPhrase><DT-THE>The</DT-THE><JJ-CHEM>prepolymer\graphene</JJ-CHEM><NN-CHEMENTITY>mixture</NN-CHEMENTITY></NounPhrase><VerbPhrase><VBD>was</VBD><RB-CONJ>then</RB-CONJ><VB>spin</VB><VBN>coated</VBN><PrepPhrase><IN-ON>on</IN-ON><NounPhrase><MOLECULE><OSCARCM><OSCAR-CM>SS304</OSCAR-CM></OSCARCM></MOLECULE><NN>substrate</NN></NounPhrase></PrepPhrase><PrepPhrase><IN-BEFORE>before</IN-BEFORE><NounPhrase><DT>thermal</DT><NN>curing</NN></NounPhrase></PrepPhrase></VerbPhrase><STOP>.</STOP></Sentence></Document>
<?xml version="1.0" encoding="UTF-8"?>
<Document><Sentence><NounPhrase><CaptionLabel><NNP-LABEL>Figure</NNP-LABEL><CD>1</CD></CaptionLabel></NounPhrase><COMMA>,</COMMA><VerbPhrase><RB>schematically</RB><VBZ>depicts</VBZ></VerbPhrase><NounPhrase><DT-THE>the</DT-THE><JJ>overall</JJ><JJ>composite</JJ><NN>prepa-ration</NN><COMMA>,</COMMA><NN>coating</NN><CC>and</CC><JJ>curing</JJ><NN>process</NN></NounPhrase><STOP>.</STOP></Sentence></Document>
<?xml version="1.0" encoding="UTF-8"?>
<Document><Sentence><PrepPhrase><IN-AS>As</IN-AS><NounPhrase><DT>an</DT><NN-EXAMPLE>example</NN-EXAMPLE></NounPhrase></PrepPhrase><COMMA>,</COMMA><VerbPhrase><TO>to</TO><VB-SYNTHESIZE>prepare</VB-SYNTHESIZE></VerbPhrase><Unmatched><NN-MASS>E/G</NN-MASS></Unmatched><NounPhrase><NN>nanocomposite</NN></NounPhrase><PrepPhrase><IN-WITH>with</IN-WITH><NounPhrase><MOLECULE><QUANTITY><PERCENT><CD>0.1</CD><NN>wt</NN><NN-PERCENT>%</NN-PERCENT></PERCENT></QUANTITY><OSCARCM><OSCAR-CM>graphene</OSCAR-CM></OSCARCM></MOLECULE></NounPhrase></PrepPhrase><ActionPhrase type="Synthesize"><PrepPhrase><IN-VIA>via</IN-VIA><NounPhrase><FW>situ</FW><NN-SYNTHESIZE>prepolymerization</NN-SYNTHESIZE><COMMA>,</COMMA><MOLECULE><OSCARCM><OSCAR-CM>graphene</OSCAR-CM></OSCARCM><QUANTITY><_-LRB->(</_-LRB-><MASS><CD>2.1</CD><NN-MASS>mg</NN-MASS></MASS><_-RRB->)</_-RRB-></QUANTITY></MOLECULE></NounPhrase></PrepPhrase></ActionPhrase><ActionPhrase type="Add"><VerbPhrase><VBD>was</VBD><VB-ADD>dispersed</VB-ADD><PrepPhrase><IN-IN>in</IN-IN><NounPhrase><QUANTITY><MASS><CD>0.5</CD><NN-MASS>g</NN-MASS></MASS></QUANTITY><NN>curing</NN><NN>agent</NN><MIXTURE><_-LRB->(</_-LRB-><NN>hardener</NN><_-RRB->)</_-RRB-></MIXTURE><CD>B230</CD></NounPhrase></PrepPhrase></VerbPhrase></ActionPhrase><ActionPhrase type="Stir"><VerbPhrase><IN-BY>by</IN-BY><VB-STIR>stirring</VB-STIR></VerbPhrase></ActionPhrase><CC>and</CC><NounPhrase><MultipleApparatus><APPARATUS><NN-APPARATUS>bath</NN-APPARATUS></APPARATUS></MultipleApparatus></NounPhrase><NounPhrase><NN>sonication</NN></NounPhrase><PrepPhrase><IN>Alhumade</IN><NounPhrase><FW>et</FW><FW>al.-</FW></NounPhrase></PrepPhrase></Sentence></Document>
<?xml version="1.0" encoding="UTF-8"?>
<Document><Sentence><ActionPhrase type="Wait"><NounPhrase><NNS>eXPRESS</NNS><NN-CHEMENTITY>Polymer</NN-CHEMENTITY><NNP>Letters</NNP><NNP>Vol.10</NNP><COMMA>,</COMMA><NNP>No.12</NNP><MIXTURE><_-LRB->(</_-LRB-><CD>2016</CD><_-RRB->)</_-RRB-></MIXTURE><CD>1034-1046</CD><CD>1035</CD><MIXTURE><_-LRB->(</_-LRB-><MOLECULE><OSCARCM><OSCAR-CM>FS30H</OSCAR-CM></OSCARCM></MOLECULE><COMMA>,</COMMA><NNP>Fisher</NNP><NNP>Scientific</NNP><COMMA>,</COMMA><NNP>Ontario</NNP><COMMA>,</COMMA><NNP>Canada</NNP><_-RRB->)</_-RRB-></MIXTURE></NounPhrase><TimePhrase><IN-FOR>for</IN-FOR><DT>an</DT><NN-TIME>hour</NN-TIME></TimePhrase><Unmatched><DT>each</DT></Unmatched></ActionPhrase><STOP>.</STOP></Sentence></Document>
<?xml version="1.0" encoding="UTF-8"?>
<Document><Sentence><ActionPhrase type="Add"><NounPhrase><MOLECULE><OSCARCM><OSCAR-CM>BADGE</OSCAR-CM></OSCARCM><QUANTITY><_-LRB->(</_-LRB-><MASS><CD>1.5</CD><NN-MASS>g</NN-MASS></MASS><_-RRB->)</_-RRB-></QUANTITY></MOLECULE></NounPhrase><VerbPhrase><VBD>was</VBD><VB-ADD>added</VB-ADD><PrepPhrase><TO>to</TO><NounPhrase><DT-THE>the</DT-THE><MOLECULE><OSCARCM><OSCAR-CM>graphene</OSCAR-CM></OSCARCM><NN-CHEMENTITY>suspension</NN-CHEMENTITY></MOLECULE></NounPhrase></PrepPhrase></VerbPhrase></ActionPhrase><CC>and</CC><ActionPhrase type="Stir"><NounPhrase><DT-THE>the</DT-THE><NN-CHEMENTITY>mixture</NN-CHEMENTITY></NounPhrase><VerbPhrase><VBD>was</VBD><VB-STIR>stirred</VB-STIR><TimePhrase><IN-FOR>for</IN-FOR><CD>1</CD><NN-TIME>h</NN-TIME></TimePhrase><PrepPhrase><JJ-CHEM>fol-lowed</JJ-CHEM><IN-BY>by</IN-BY><NounPhrase><NN>sonication</NN></NounPhrase></PrepPhrase><TimePhrase><IN-FOR>for</IN-FOR><DT>an</DT><JJ>additional</JJ><NN-TIME>hour</NN-TIME></TimePhrase></VerbPhrase></ActionPhrase><STOP>.</STOP></Sentence></Document>
<?xml version="1.0" encoding="UTF-8"?>
<Document><Sentence><NounPhrase><DT-THE>The</DT-THE><NN-CHEMENTITY>mix-ture</NN-CHEMENTITY></NounPhrase><VerbPhrase><VBD>was</VBD><VBN>homogenized</VBN></VerbPhrase><NounPhrase><MIXTURE><_-LRB->(</_-LRB-><CD>125</CD><COMMA>,</COMMA><NNP>Fisher</NNP><NNP>Scientific</NNP><COMMA>,</COMMA><IN-ON>On-tario</IN-ON><COMMA>,</COMMA><NNP>Canada</NNP><_-RRB->)</_-RRB-></MIXTURE></NounPhrase><TimePhrase><IN-FOR>for</IN-FOR><CD>30</CD><NN-TIME>min</NN-TIME></TimePhrase><COMMA>,</COMMA><ActionPhrase type="Wait"><VerbPhrase><VBD>sonicated</VBD><TimePhrase><IN-FOR>for</IN-FOR><CD>5</CD><NN-TIME>min</NN-TIME></TimePhrase></VerbPhrase></ActionPhrase><CC>and</CC><VerbPhrase><VB>spin</VB><JJ>coated</JJ></VerbPhrase><NounPhrase><CITATION><_-LRB->(</_-LRB-><NNP>SC</NNP><CD>100</CD><COMMA>,</COMMA><NNP>Smart</NNP><NNP>Coater</NNP><COMMA>,</COMMA><NNP>Missouri</NNP><COMMA>,</COMMA><NNP>USA</NNP><_-RRB->)</_-RRB-></CITATION></NounPhrase><PrepPhrase><IN>at</IN><NounPhrase><CD>400</CD><NNP>RPM</NNP></NounPhrase></PrepPhrase><TimePhrase><IN-FOR>for</IN-FOR><CD>1</CD><NN-TIME>min</NN-TIME></TimePhrase><PrepPhrase><IN-ON>on</IN-ON><NounPhrase><DT>a</DT><JJ>clean</JJ><MOLECULE><OSCARCM><OSCAR-CM>SS304</OSCAR-CM></OSCARCM></MOLECULE><NN>substrate</NN></NounPhrase></PrepPhrase><STOP>.</STOP></Sentence></Document>
<?xml version="1.0" encoding="UTF-8"?>
<Document><Sentence><ActionPhrase type="Wait"><NounPhrase><DT-THE>The</DT-THE><NN>composite</NN></NounPhrase><VerbPhrase><VBD>was</VBD><VBN>cured</VBN><TempPhrase><IN>at</IN><CD>50</CD><NN-TEMP>°C</NN-TEMP></TempPhrase><TimePhrase><IN-FOR>for</IN-FOR><CD>4</CD><NN-TIME>h</NN-TIME></TimePhrase></VerbPhrase></ActionPhrase><ActionPhrase type="Yield"><VerbPhrase><TO>to</TO><VB-YIELD>obtain</VB-YIELD></VerbPhrase><NounPhrase><CD>124±2</CD></NounPhrase><PrepPhrase><IN>µm</IN><NounPhrase><JJ>thick</JJ><MOLECULE><OSCARCM><OSCAR-CM>E/G0.1</OSCAR-CM></OSCARCM><JJ>coated</JJ><OSCARCM><OSCAR-CM>SS304</OSCAR-CM></OSCARCM></MOLECULE><NN>substrate</NN></NounPhrase></PrepPhrase></ActionPhrase><STOP>.</STOP></Sentence></Document>
<?xml version="1.0" encoding="UTF-8"?>
<Document><Sentence><NounPhrase><DT-THE>The</DT-THE><JJ>same</JJ><PROCEDURE><NN-METHOD>procedure</NN-METHOD></PROCEDURE></NounPhrase><VerbPhrase><VBD>was</VBD><VBN>followed</VBN></VerbPhrase><ActionPhrase type="Synthesize"><VerbPhrase><TO>to</TO><VB-SYNTHESIZE>prepare</VB-SYNTHESIZE></VerbPhrase><NounPhrase><MIXTURE><_-LRB->(</_-LRB-><MOLECULE><OSCARCM><OSCAR-CM>E/G0.5</OSCAR-CM></OSCARCM></MOLECULE><_-RRB->)</_-RRB-></MIXTURE><CC>and</CC><MIXTURE><_-LRB->(</_-LRB-><NNP>E/</NNP><STOP>G1</STOP><_-RRB->)</_-RRB-></MIXTURE></NounPhrase></ActionPhrase><VerbPhrase><VB-USE>using</VB-USE></VerbPhrase><NounPhrase><CD>10.1</CD><CC>and</CC><MOLECULE><QUANTITY><MASS><CD>20.3</CD><NN-MASS>mg</NN-MASS></MASS></QUANTITY><IN-OF>of</IN-OF><OSCARCM><OSCAR-CM>graphene</OSCAR-CM></OSCARCM></MOLECULE><COMMA>,</COMMA><NN>respec-tively</NN></NounPhrase><STOP>.</STOP></Sentence></Document>
<?xml version="1.0" encoding="UTF-8"?>
<Document><Sentence><NounPhrase><PROCEDURE><CD>2.3</CD></PROCEDURE><STOP>.</STOP></NounPhrase></Sentence></Document>
<?xml version="1.0" encoding="UTF-8"?>
<Document><Sentence><NounPhrase><NNP>Composite</NNP><NN>characterization</NN></NounPhrase><NounPhrase><DT-THE>The</DT-THE><NN>dispersion</NN><PrepPhrase><IN-OF>of</IN-OF><NounPhrase><ActionPhrase type="Dissolve"><MOLECULE><OSCARCM><OSCAR-CM>graphene</OSCAR-CM></OSCARCM></MOLECULE><IN-IN>in</IN-IN><DT-THE>the</DT-THE><MOLECULE role="Solvent"><OSCARCM><OSCAR-CM>epoxy</OSCAR-CM></OSCARCM></MOLECULE></ActionPhrase><NN>matrix</NN></NounPhrase></PrepPhrase></NounPhrase><VerbPhrase><VBD>was</VBD><VBN>examined</VBN><VB-USE>using</VB-USE></VerbPhrase><NounPhrase><NNP>TEM</NNP><CITATION><_-LRB->(</_-LRB-><NNP>Philips</NNP><NNP>CM-10</NNP><NNP>TEM</NNP><COMMA>,</COMMA><NNP>Gene-va</NNP><COMMA>,</COMMA><NNP>Switzerland</NNP><_-RRB->)</_-RRB-></CITATION></NounPhrase><STOP>.</STOP></Sentence></Document>
<?xml version="1.0" encoding="UTF-8"?>
<Document><Sentence><ActionPhrase type="Synthesize"><NounPhrase><NNS>Samples</NNS></NounPhrase><PrepPhrase><IN-FOR>for</IN-FOR><NounPhrase><DT-THE>the</DT-THE><NNP>TEM</NNP><NN>study</NN></NounPhrase></PrepPhrase><VerbPhrase><VBD>were</VBD><VB-SYNTHESIZE>prepared</VB-SYNTHESIZE></VerbPhrase></ActionPhrase><VerbPhrase><IN-BY>by</IN-BY><VBG>scraping</VBG></VerbPhrase><NounPhrase><DT-THE>the</DT-THE><JJ-CHEM>E/G</JJ-CHEM><NN>coating</NN></NounPhrase><PrepPhrase><IN-WITH>with</IN-WITH><NounPhrase><DT>a</DT><JJ>sharp</JJ><NN>knife</NN></NounPhrase></PrepPhrase><CC>and</CC><ActionPhrase type="Add"><Unmatched><DT-THE>the</DT-THE></Unmatched><Unmatched><JJ>collected</JJ></Unmatched><Unmatched><NN-MASS>E/G</NN-MASS></Unmatched><NounPhrase><NN>composite</NN></NounPhrase><VerbPhrase><VBD>was</VBD><VB-ADD>dispersed</VB-ADD><PrepPhrase><IN-IN>in</IN-IN><MOLECULE><OSCARCM><OSCAR-CM>methanol</OSCAR-CM></OSCARCM></MOLECULE></PrepPhrase><TimePhrase><IN-FOR>for</IN-FOR><CD>5</CD><NN-TIME>min</NN-TIME></TimePhrase></VerbPhrase></ActionPhrase><STOP>.</STOP></Sentence></Document>
<?xml version="1.0" encoding="UTF-8"?>
<Document><Sentence><NounPhrase><DT-THE>The</DT-THE><NN>sample</NN></NounPhrase><VerbPhrase><VBD>was</VBD><RB-CONJ>then</RB-CONJ><VBN>fished</VBN><VB-USE>using</VB-USE></VerbPhrase><NounPhrase><NNP>TEM</NNP><MOLECULE><OSCARCM><OSCAR-CM>copper</OSCAR-CM></OSCARCM></MOLECULE><NN>grid</NN></NounPhrase><CC>and</CC><VerbPhrase><VBN>allowed</VBN></VerbPhrase><ActionPhrase type="Dry"><VerbPhrase><TO>to</TO><VB-DRY>dry</VB-DRY><PrepPhrase><IN-UNDER>under</IN-UNDER><NounPhrase><NN-VACUUM>vacuum</NN-VACUUM></NounPhrase></PrepPhrase><TempPhrase><IN>at</IN><NN-TEMP>room</NN-TEMP><NN-TEMP>temperature</NN-TEMP></TempPhrase></VerbPhrase></ActionPhrase><STOP>.</STOP></Sentence></Document>
<?xml version="1.0" encoding="UTF-8"?>
<Document><Sentence><NounPhrase><NNP>FTIR</NNP><CITATION><_-LRB->(</_-LRB-><NNP>Tensor</NNP><CD>27</CD><COMMA>,</COMMA><NNP>Bruker</NNP><COMMA>,</COMMA><NNP>Massachusetts</NNP><COMMA>,</COMMA><NNP>USA</NNP><_-RRB->)</_-RRB-></CITATION></NounPhrase><VerbPhrase><VBD>was</VBD><VBN>used</VBN></VerbPhrase><VerbPhrase><TO>to</TO><VB>acquire</VB></VerbPhrase><NounPhrase><NN>spectra</NN><PrepPhrase><IN-OF>of</IN-OF><NounPhrase><MOLECULE><OSCARCM><OSCAR-CM>epoxy</OSCAR-CM></OSCARCM></MOLECULE></NounPhrase></PrepPhrase></NounPhrase><CC>and</CC><Unmatched><NN-MASS>E/G</NN-MASS></Unmatched><VerbPhrase><VBZ>composites</VBZ><TempPhrase><IN>at</IN><NN-TEMP>room</NN-TEMP></TempPhrase></VerbPhrase><NounPhrase><NN>tem-perature</NN></NounPhrase><STOP>.</STOP></Sentence></Document>
<?xml version="1.0" encoding="UTF-8"?>
<Document><Sentence><ActionPhrase type="Wait"><NounPhrase><NNP>XRD</NNP><NN>diffraction</NN><NNS>patterns</NNS><PrepPhrase><IN-OF>of</IN-OF><NounPhrase><MOLECULE><OSCARCM><OSCAR-CM>epoxy</OSCAR-CM></OSCARCM></MOLECULE></NounPhrase></PrepPhrase></NounPhrase><CC>and</CC><Unmatched><NN-MASS>E/G</NN-MASS></Unmatched><NounPhrase><NNS>composites</NNS></NounPhrase><VerbPhrase><VBP>are</VBP><VBN>recorded</VBN><PrepPhrase><IN-IN>in</IN-IN><NounPhrase><DT-THE>the</DT-THE><NN>range</NN><PrepPhrase><IN-OF>of</IN-OF><NounPhrase><CD>2θ</CD><SYM>=</SYM><CD>3</CD></NounPhrase></PrepPhrase></NounPhrase></PrepPhrase><PrepPhrase><TO>to</TO><NounPhrase><CD>90°</CD></NounPhrase></PrepPhrase><TimePhrase><IN>at</IN><NN-TIME>0.24°/min</NN-TIME></TimePhrase></VerbPhrase></ActionPhrase><NounPhrase><NN>scan</NN><NN>rate</NN><CC>and</CC><CD>0.02°</CD><PROCEDURE><NN-METHOD>step</NN-METHOD></PROCEDURE><NN>size</NN></NounPhrase><VerbPhrase><VB-USE>using</VB-USE></VerbPhrase><NounPhrase><NNP>MiniFlex</NNP><CD>600</CD><CITATION><_-LRB->(</_-LRB-><NNP>Rigaku</NNP><COMMA>,</COMMA><NNP>Beijing</NNP><COMMA>,</COMMA><NNP>China</NNP><_-RRB->)</_-RRB-></CITATION></NounPhrase><STOP>.</STOP></Sentence></Document>
<?xml version="1.0" encoding="UTF-8"?>
<Document><Sentence><NounPhrase><PROCEDURE><CD>2.4</CD></PROCEDURE><STOP>.</STOP></NounPhrase></Sentence></Document>
<?xml version="1.0" encoding="UTF-8"?>
<Document><Sentence><NounPhrase><NN>Adhesion</NN><NN>test</NN></NounPhrase><NounPhrase><DT-THE>The</DT-THE><JJ>interfacial</JJ><NN>adhesion</NN></NounPhrase><PrepPhrase><IN>between</IN><NounPhrase><DT-THE>the</DT-THE><NN>coating</NN></NounPhrase></PrepPhrase><CC>and</CC><NounPhrase><DT-THE>the</DT-THE><MOLECULE><OSCARCM><OSCAR-CM>SS304</OSCAR-CM></OSCARCM></MOLECULE><NN>substrate</NN></NounPhrase><VerbPhrase><VBD>was</VBD><VBN>measured</VBN><VBG>according</VBG><PrepPhrase><TO>to</TO><NounPhrase><DT-THE>the</DT-THE><MOLECULE><OSCARCM><OSCAR-CM>ASTM-D3359</OSCAR-CM></OSCARCM></MOLECULE><NN>standard</NN></NounPhrase></PrepPhrase></VerbPhrase><VerbPhrase><VB-USE>using</VB-USE></VerbPhrase><NounPhrase><DT>an</DT><JJ-CHEM>adhesion</JJ-CHEM><NN>tape</NN><NN>kit</NN></NounPhrase><Unmatched><_-LRB->(</_-LRB-></Unmatched><NounPhrase><NNP>PA-2000</NNP><COMMA>,</COMMA><NNP>Paul</NNP></NounPhrase><Unmatched><NN-MOLAR>N</NN-MOLAR></Unmatched><STOP>.</STOP></Sentence><Sentence><NounPhrase><NNP>Gardner</NNP><NNP>Company</NNP><MOLECULE><OSCARCM><OSCAR-CM>Inc</OSCAR-CM></OSCARCM></MOLECULE></NounPhrase><STOP>.</STOP></Sentence><Sentence><Unmatched><COMMA>,</COMMA></Unmatched><NounPhrase><NNP>Florida</NNP><COMMA>,</COMMA><NNP>USA</NNP></NounPhrase><Unmatched><_-RRB->)</_-RRB-></Unmatched><PrepPhrase><IN-WITH>with</IN-WITH><NounPhrase><NN>standard</NN><NN>blade</NN><MIXTURE><_-LRB->(</_-LRB-><JJ>11-teeth</JJ><IN-WITH>with</IN-WITH><NNS>teeth</NNS><NN>spac-ing</NN><IN-OF>of</IN-OF><CD>1</CD><CD>mm</CD><_-RRB->)</_-RRB-></MIXTURE></NounPhrase></PrepPhrase><STOP>.</STOP></Sentence></Document>
<?xml version="1.0" encoding="UTF-8"?>
<Document><Sentence><NounPhrase><DT-THE>The</DT-THE><NNP>Interface</NNP><NN>adhesion</NN></NounPhrase><VerbPhrase><VBD>was</VBD><VBN>evaluated</VBN></VerbPhrase><Unmatched><IN-BEFORE>before</IN-BEFORE></Unmatched><Unmatched><CC>and</CC></Unmatched><VerbPhrase><IN-AFTER>after</IN-AFTER><VBG>exposing</VBG></VerbPhrase><NounPhrase><DT-THE>the</DT-THE><NN>coating</NN></NounPhrase><PrepPhrase><TO>to</TO><NounPhrase><DT-THE>the</DT-THE><MOLECULE><QUANTITY><PERCENT><CD>3.5</CD><NN>wt</NN><NN-PERCENT>%</NN-PERCENT></PERCENT></QUANTITY><OSCARCM><OSCAR-CM>NaCl</OSCAR-CM></OSCARCM><NN-CHEMENTITY>solution</NN-CHEMENTITY></MOLECULE></NounPhrase></PrepPhrase><TimePhrase><IN-FOR>for</IN-FOR><CD>60</CD><NN-TIME>days</NN-TIME></TimePhrase><PrepPhrase><IN-IN>in</IN-IN><NounPhrase><NN>order</NN></NounPhrase></PrepPhrase><VerbPhrase><TO>to</TO><VB>examine</VB></VerbPhrase><NounPhrase><DT-THE>the</DT-THE><JJ-CHEM>long-term</JJ-CHEM><NN>durability</NN><PrepPhrase><IN-OF>of</IN-OF><NounPhrase><DT-THE>the</DT-THE><NN>coatings</NN></NounPhrase></PrepPhrase></NounPhrase><STOP>.</STOP></Sentence></Document>
<?xml version="1.0" encoding="UTF-8"?>
<Document><Sentence><ActionPhrase type="Yield"><NounPhrase><NNP>Post-adhesion</NNP><NNS>tests</NNS></NounPhrase><VerbPhrase><VB-YIELD>results</VB-YIELD></VerbPhrase></ActionPhrase><VerbPhrase><VBD>were</VBD><VBN>captured</VBN><VB-USE>using</VB-USE></VerbPhrase><NounPhrase><FW>SEM</FW><CITATION><_-LRB->(</_-LRB-><NNP>Zeiss</NNP><NNP>LEO</NNP><CD>1550</CD><COMMA>,</COMMA><NNP>New</NNP><NNP>York</NNP><COMMA>,</COMMA><NNP>USA</NNP><_-RRB->)</_-RRB-></CITATION></NounPhrase><STOP>.</STOP></Sentence></Document>
<?xml version="1.0" encoding="UTF-8"?>
<Document><Sentence><NounPhrase><NNP>SEM</NNP><NNS>samples</NNS></NounPhrase><VerbPhrase><VBD>were</VBD><VB-SUSPEND>placed</VB-SUSPEND><PrepPhrase><IN-ON>on</IN-ON><NounPhrase><MOLECULE><OSCARCM><OSCAR-CM>carbon</OSCAR-CM></OSCARCM></MOLECULE><NN>tape</NN></NounPhrase></PrepPhrase></VerbPhrase><VerbPhrase><VBN>attached</VBN><PrepPhrase><TO>to</TO><NounPhrase><DT-THE>the</DT-THE><NNP>SEM</NNP><NN>holder</NN></NounPhrase></PrepPhrase></VerbPhrase><CC>and</CC><NounPhrase><DT-THE>the</DT-THE><NN>sample</NN></NounPhrase><VerbPhrase><VBD>was</VBD><JJ>further</JJ><PrepPhrase><JJ>coated</JJ><IN-WITH>with</IN-WITH><NounPhrase><MOLECULE><OSCARCM><OSCAR-CM>gold</OSCAR-CM></OSCARCM></MOLECULE></NounPhrase></PrepPhrase></VerbPhrase><VerbPhrase><IN-VIA>via</IN-VIA><VBG>sputtering</VBG><PrepPhrase><IN-FOR>for</IN-FOR><NounPhrase><CD>120</CD><PRP>s</PRP></NounPhrase></PrepPhrase></VerbPhrase><STOP>.</STOP></Sentence><Sentence><NounPhrase><CD>2.5</CD></NounPhrase><STOP>.</STOP></Sentence></Document>
<?xml version="1.0" encoding="UTF-8"?>
<Document><Sentence><NounPhrase><NNP>Gravimetric</NNP><NN>analysis</NN></NounPhrase><NounPhrase><DT-THE>The</DT-THE><JJ-CHEM>weight</JJ-CHEM><NN>loss</NN><NNS>measurements</NNS></NounPhrase><VerbPhrase><VBD>were</VBD><VBN>conducted</VBN><PrepPhrase><IN-IN>in</IN-IN><NounPhrase><UNNAMEDMOLECULE><QUANTITY><VOLUME><CD>500</CD><NN-VOL>mL</NN-VOL></VOLUME></QUANTITY><NN-STATE>glass</NN-STATE></UNNAMEDMOLECULE><NN>beaker</NN></NounPhrase></PrepPhrase></VerbPhrase><VerbPhrase><VB-SUSPEND>placed</VB-SUSPEND><TempPhrase><IN-IN>in</IN-IN><DT>a</DT><NN-TEMP>temperature</NN-TEMP></TempPhrase></VerbPhrase><NounPhrase><MultipleApparatus><APPARATUS><JJ-CHEM>con-trolled</JJ-CHEM><MOLECULE><OSCARCM><OSCAR-CM>water</OSCAR-CM></OSCARCM></MOLECULE><NN-APPARATUS>bath</NN-APPARATUS></APPARATUS></MultipleApparatus></NounPhrase><STOP>.</STOP></Sentence></Document>
<?xml version="1.0" encoding="UTF-8"?>
<Document><Sentence><NounPhrase><NNP>Coated</NNP><CC>and</CC><JJ>uncoated</JJ><MOLECULE><OSCARCM><OSCAR-CM>SS304</OSCAR-CM></OSCARCM></MOLECULE><NN>sub-strates</NN></NounPhrase><VerbPhrase><VBD>were</VBD><VBN>weighted</VBN></VerbPhrase><COMMA>,</COMMA><VerbPhrase><VB-SUSPEND>placed</VB-SUSPEND><PrepPhrase><IN-IN>in</IN-IN><MOLECULE><OSCARCM><OSCAR-CM>Teflon</OSCAR-CM></OSCARCM></MOLECULE></PrepPhrase></VerbPhrase><NounPhrase><NNS>holders</NNS></NounPhrase><PrepPhrase><IN-WITH>with</IN-WITH><NounPhrase><CD>1</CD><CD>cm2</CD><JJ>exposed</JJ><JJ-CHEM>surface</JJ-CHEM><NN>area</NN></NounPhrase></PrepPhrase><CC>and</CC><ActionPhrase type="Wait"><VerbPhrase><VB-IMMERSE>immersed</VB-IMMERSE><PrepPhrase><IN-IN>in</IN-IN><NounPhrase><DT>a</DT><MOLECULE><QUANTITY><PERCENT><CD>3.5</CD><NN>wt</NN><NN-PERCENT>%</NN-PERCENT></PERCENT></QUANTITY><OSCARCM><OSCAR-CM>NaCl</OSCAR-CM></OSCARCM><NN-CHEMENTITY>solution</NN-CHEMENTITY></MOLECULE></NounPhrase></PrepPhrase><TimePhrase><IN-FOR>for</IN-FOR><CD>60</CD><NN-TIME>days</NN-TIME></TimePhrase><TempPhrase><IN>at</IN><CD>25</CD><NN-TEMP>°C</NN-TEMP></TempPhrase></VerbPhrase></ActionPhrase><STOP>.</STOP></Sentence></Document>
<?xml version="1.0" encoding="UTF-8"?>
<Document><Sentence><PrepPhrase><IN>At</IN><NounPhrase><DT-THE>the</DT-THE><NN>end</NN><PrepPhrase><IN-OF>of</IN-OF><NounPhrase><DT-THE>the</DT-THE><NN>exposure</NN><NN-TIME>period</NN-TIME></NounPhrase></PrepPhrase></NounPhrase></PrepPhrase><COMMA>,</COMMA><NounPhrase><DT-THE>the</DT-THE><NNS>samples</NNS></NounPhrase><VerbPhrase><VBD>were</VBD><JJ-CHEM>re-moved</JJ-CHEM></VerbPhrase><CC>and</CC><ActionPhrase type="Wash"><VerbPhrase><VB-WASH>washed</VB-WASH></VerbPhrase></ActionPhrase><ActionPhrase type="Purify"><VerbPhrase><IN-WITH>with</IN-WITH><JJ>double</JJ><VB-PURIFY>distilled</VB-PURIFY></VerbPhrase><NounPhrase><MOLECULE><OSCARCM><OSCAR-CM>water</OSCAR-CM></OSCARCM></MOLECULE></NounPhrase></ActionPhrase><VerbPhrase><VB>be-fore</VB></VerbPhrase><NounPhrase><DT>a</DT><JJ>fine</JJ><NN>brush</NN></NounPhrase><VerbPhrase><VBD>was</VBD><VBN>used</VBN></VerbPhrase><VerbPhrase><TO>to</TO><VB>strip</VB><IN-OFF>off</IN-OFF></VerbPhrase><NounPhrase><DT-THE>the</DT-THE><JJ-CHEM>corrosion</JJ-CHEM><NN-CHEMENTITY>products</NN-CHEMENTITY></NounPhrase><STOP>.</STOP></Sentence></Document>
<?xml version="1.0" encoding="UTF-8"?>
<Document><Sentence><ActionPhrase type="ApparatusAction"><NounPhrase><DT-THE>The</DT-THE><NNS>samples</NNS></NounPhrase><VerbPhrase><VBD>were</VBD><VBN>cleaned</VBN><RB>again</RB><PrepPhrase><IN-BY>by</IN-BY><NounPhrase><MultipleApparatus><APPARATUS><NN-APPARATUS>bath</NN-APPARATUS></APPARATUS></MultipleApparatus></NounPhrase></PrepPhrase></VerbPhrase></ActionPhrase><ActionPhrase type="Purify"><NounPhrase><NN>sonication</NN></NounPhrase><Unmatched><IN-IN>in</IN-IN></Unmatched><VerbPhrase><DT>a</DT><JJ>double</JJ><VB-PURIFY>distilled</VB-PURIFY></VerbPhrase><NounPhrase><MOLECULE><OSCARCM><OSCAR-CM>water</OSCAR-CM></OSCARCM></MOLECULE></NounPhrase><TimePhrase><IN-FOR>for</IN-FOR><CD>10</CD><NN-TIME>min</NN-TIME></TimePhrase></ActionPhrase><VerbPhrase><TO>to</TO><VB>ensure</VB></VerbPhrase><ActionPhrase type="Remove"><NounPhrase><DT-THE>the</DT-THE><NN-REMOVE>removal</NN-REMOVE><PrepPhrase><IN-OF>of</IN-OF><NounPhrase><NN>corrosion</NN><NN-CHEMENTITY>residues</NN-CHEMENTITY></NounPhrase></PrepPhrase></NounPhrase></ActionPhrase><COMMA>,</COMMA><ActionPhrase type="Dry"><VerbPhrase><VB-DRY>dried</VB-DRY></VerbPhrase></ActionPhrase><CC>and</CC><VerbPhrase><VBN>weighted</VBN></VerbPhrase><STOP>.</STOP></Sentence></Document>
<?xml version="1.0" encoding="UTF-8"?>
<Document><Sentence><NounPhrase><DT>All</DT><JJ-CHEM>mass</JJ-CHEM><NN>loss</NN><NNS>measurements</NNS></NounPhrase><VerbPhrase><VBD>were</VBD><VBN>carried</VBN><RP>out</RP><PrepPhrase><IN-IN>in</IN-IN><NounPhrase><NN>triplicate</NN></NounPhrase></PrepPhrase></VerbPhrase><CC>and</CC><NounPhrase><DT-THE>the</DT-THE><JJ>mean</JJ><NN>weight</NN></NounPhrase><CC>and</CC><NounPhrase><DT-THE>the</DT-THE><JJ-CHEM>stan-dard</JJ-CHEM><NN>deviation</NN></NounPhrase><VerbPhrase><VBP>are</VBP><VBN>reported</VBN></VerbPhrase><STOP>.</STOP></Sentence></Document>
<?xml version="1.0" encoding="UTF-8"?>
<Document><Sentence><NounPhrase><PROCEDURE><CD>2.6</CD></PROCEDURE><STOP>.</STOP></NounPhrase></Sentence></Document>
<?xml version="1.0" encoding="UTF-8"?>
<Document><Sentence><NounPhrase><JJ>Electrochemical</JJ><JJ-CHEM>measurements</JJ-CHEM><JJ>Electrochemical</JJ><NNS>measurements</NNS></NounPhrase><VerbPhrase><VBD>were</VBD><VBN>conducted</VBN><TempPhrase><IN>at</IN><CD>25</CD><NN-TEMP>°C</NN-TEMP></TempPhrase><PrepPhrase><IN-IN>in</IN-IN><NounPhrase><DT>a</DT><JJ-CHEM>double-jacketed</JJ-CHEM><QUANTITY><VOLUME><CD>1</CD><NN-VOL>L</NN-VOL></VOLUME></QUANTITY><NN>corrosion</NN><NN>cell</NN></NounPhrase></PrepPhrase></VerbPhrase><VerbPhrase><VBN>covered</VBN><PrepPhrase><IN-WITH>with</IN-WITH><NounPhrase><DT>a</DT><JJ>drilled</JJ><NNP>Teflon</NNP><NN>plate</NN></NounPhrase></PrepPhrase></VerbPhrase><VerbPhrase><TO>to</TO><VB>allow</VB></VerbPhrase><NounPhrase><NNS>electrodes</NNS><FW>im-mersion</FW></NounPhrase><STOP>.</STOP></Sentence></Document>
<?xml version="1.0" encoding="UTF-8"?>
<Document><Sentence><NounPhrase><DT>A</DT><CD>three</CD><NN>electrode</NN><NN>configuration</NN></NounPhrase><VerbPhrase><VBD>was</VBD><VBN>used</VBN></VerbPhrase><VerbPhrase><TO>to</TO><VB>conduct</VB></VerbPhrase><NounPhrase><DT-THE>the</DT-THE><NN>measurements</NN><COMMA>,</COMMA><WRB>where</WRB></NounPhrase><NounPhrase><DT>a</DT><MOLECULE><OSCARCM><OSCAR-CM>Silver/Silver</OSCAR-CM><OSCAR-CM>Chloride</OSCAR-CM></OSCARCM><MIXTURE><_-LRB->(</_-LRB-><OSCARCM><OSCAR-CM>Ag</OSCAR-CM><DASH>/</DASH><OSCAR-CM>AgCl</OSCAR-CM></OSCARCM><_-RRB->)</_-RRB-></MIXTURE></MOLECULE><NN>electrode</NN></NounPhrase><VerbPhrase><VBD>was</VBD><VBN>used</VBN><PrepPhrase><IN-AS>as</IN-AS><NounPhrase><DT-THE>the</DT-THE><JJ>refer-ence</JJ><NN>electrode</NN></NounPhrase></PrepPhrase></VerbPhrase><Unmatched><_-LRB->(</_-LRB-></Unmatched><Unmatched><RB>RE</RB></Unmatched><Unmatched><_-RRB->)</_-RRB-></Unmatched><Unmatched><COMMA>,</COMMA></Unmatched><NounPhrase><CD>two</CD><MOLECULE><OSCARCM><OSCAR-CM>graphite</OSCAR-CM></OSCARCM></MOLECULE><NNS>rods</NNS></NounPhrase><PrepPhrase><IN-AS>as</IN-AS><NounPhrase><DT-THE>the</DT-THE><JJ-CHEM>auxil-iary</JJ-CHEM><NNS>electrodes</NNS><MIXTURE><_-LRB->(</_-LRB-><NNP>AE</NNP><_-RRB->)</_-RRB-></MIXTURE></NounPhrase></PrepPhrase><CC>and</CC><NounPhrase><DT>a</DT><CD>1</CD><CD>cm2</CD><MOLECULE><JJ-CHEM>coated/uncoated</JJ-CHEM><OSCARCM><OSCAR-CM>SS304</OSCAR-CM></OSCARCM></MOLECULE><NN>substrate</NN></NounPhrase><PrepPhrase><IN-AS>as</IN-AS><NounPhrase><DT-THE>the</DT-THE><JJ-CHEM>working</JJ-CHEM><NN>electrode</NN><MIXTURE><_-LRB->(</_-LRB-><NNP>WE</NNP><_-RRB->)</_-RRB-></MIXTURE></NounPhrase></PrepPhrase><STOP>.</STOP></Sentence></Document>
<?xml version="1.0" encoding="UTF-8"?>
<Document><Sentence><ActionPhrase type="Wash"><NounPhrase><DT-THE>The</DT-THE><NNP>WE</NNP></NounPhrase><VerbPhrase><VBD>was</VBD><VB-WASH>washed</VB-WASH><PrepPhrase><IN-WITH>with</IN-WITH><NounPhrase><MOLECULE role="Solvent"><OSCARCM><OSCAR-CM>acetone</OSCAR-CM></OSCARCM></MOLECULE></NounPhrase></PrepPhrase></VerbPhrase></ActionPhrase><CC>and</CC><ActionPhrase type="Purify"><VerbPhrase><JJ>double</JJ><VB-PURIFY>distilled</VB-PURIFY></VerbPhrase><NounPhrase><MOLECULE><OSCARCM><OSCAR-CM>water</OSCAR-CM></OSCARCM></MOLECULE></NounPhrase></ActionPhrase><COMMA>,</COMMA><ActionPhrase type="Dry"><VerbPhrase><VB-DRY>dried</VB-DRY></VerbPhrase></ActionPhrase><CC>and</CC><RB-CONJ>then</RB-CONJ><VerbPhrase><VBN>installed</VBN><PrepPhrase><IN-IN>in</IN-IN><NounPhrase><DT-THE>the</DT-THE><JJ-CHEM>sample</JJ-CHEM><NN>holder</NN><NNP>Alhumade</NNP><FW>et</FW><FW>al.-</FW></NounPhrase></PrepPhrase></VerbPhrase></Sentence></Document>
<?xml version="1.0" encoding="UTF-8"?>
<Document><Sentence><NounPhrase><NNS>eXPRESS</NNS><NN-CHEMENTITY>Polymer</NN-CHEMENTITY><NNP>Letters</NNP><NNP>Vol.10</NNP><COMMA>,</COMMA><NNP>No.12</NNP><MIXTURE><_-LRB->(</_-LRB-><CD>2016</CD><_-RRB->)</_-RRB-></MIXTURE><CD>1034-1046</CD><CD>1036</CD><CaptionLabel><NNP-LABEL>Figure</NNP-LABEL><CD>1</CD></CaptionLabel></NounPhrase><STOP>.</STOP></Sentence></Document>
<?xml version="1.0" encoding="UTF-8"?>
<Document><Sentence><NounPhrase><NNP-LABEL>Schematic</NNP-LABEL><NN>description</NN><PrepPhrase><IN-OF>of</IN-OF><NounPhrase><DT-THE>the</DT-THE><NN>process</NN></NounPhrase></PrepPhrase></NounPhrase><PrepPhrase><IN-FOR>for</IN-FOR><NounPhrase><DT-THE>the</DT-THE><MOLECULE><OSCARCM><OSCAR-CM>syn-thesis</OSCAR-CM></OSCARCM></MOLECULE></NounPhrase></PrepPhrase><Unmatched><IN-OF>of</IN-OF></Unmatched><Unmatched><NN-MASS>E/G</NN-MASS></Unmatched><NounPhrase><NNS>composites</NNS></NounPhrase><VerbPhrase><VB-USE>using</VB-USE><PrepPhrase><IN-IN>in</IN-IN><NounPhrase><FW>situ</FW><FW>polymeriza-tion</FW></NounPhrase></PrepPhrase></VerbPhrase><VerbPhrase><IN-BEFORE>before</IN-BEFORE><VBG>conducting</VBG></VerbPhrase><NounPhrase><DT-THE>the</DT-THE><NN>tests</NN></NounPhrase><STOP>.</STOP></Sentence></Document>
<?xml version="1.0" encoding="UTF-8"?>
<Document><Sentence><NounPhrase><QUANTITY><VOLUME><CD>1</CD><NN-VOL>L</NN-VOL></VOLUME></QUANTITY><NN-TEMP>temperature</NN-TEMP><JJ-CHEM>con-trolled</JJ-CHEM><MOLECULE><QUANTITY><PERCENT><CD>3.5</CD><NN>wt</NN><NN-PERCENT>%</NN-PERCENT></PERCENT></QUANTITY><OSCARCM><OSCAR-CM>NaCl</OSCAR-CM></OSCARCM><NN-CHEMENTITY>solution</NN-CHEMENTITY></MOLECULE></NounPhrase><VerbPhrase><VBD>was</VBD><VBN>used</VBN><PrepPhrase><IN-AS>as</IN-AS><NounPhrase><DT-THE>the</DT-THE><NN>elec-trolyte</NN></NounPhrase></PrepPhrase></VerbPhrase><STOP>.</STOP></Sentence></Document>
<?xml version="1.0" encoding="UTF-8"?>
<Document><Sentence><NounPhrase><JJ>EC-Lab</JJ><NN>software</NN><MIXTURE><_-LRB->(</_-LRB-><NNP>Bio-Logic</NNP><_-RRB->)</_-RRB-></MIXTURE><CC>and</CC><CD>VSP-300</CD><NN>workstation</NN><MIXTURE><_-LRB->(</_-LRB-><NNP>Uniscan</NNP><NNS>instruments</NNS><NNP>Ltd</NNP><STOP>.</STOP><COMMA>,</COMMA><NNP>Claix</NNP><COMMA>,</COMMA><NNP>France</NNP><_-RRB->)</_-RRB-></MIXTURE></NounPhrase><VerbPhrase><VBD>were</VBD><VBN>used</VBN></VerbPhrase><VerbPhrase><TO>to</TO><VB>conduct</VB></VerbPhrase><NounPhrase><DT>all</DT><JJ>electrochemical</JJ><NN>measure-ments</NN><COMMA>,</COMMA><WRB>where</WRB></NounPhrase><NounPhrase><DT>each</DT><NN>measurement</NN></NounPhrase><VerbPhrase><VBD>was</VBD><VBN>repeated</VBN></VerbPhrase><NounPhrase><CD>three</CD><NN-TIMES>times</NN-TIMES></NounPhrase><PrepPhrase><IN-IN>in</IN-IN><NounPhrase><NN>order</NN></NounPhrase></PrepPhrase><VerbPhrase><TO>to</TO><VB>confirm</VB></VerbPhrase><NounPhrase><DT-THE>the</DT-THE><NN>reproducibility</NN><PrepPhrase><IN-OF>of</IN-OF><NounPhrase><DT-THE>the</DT-THE><JJ-CHEM>collected</JJ-CHEM><JJ>raw</JJ><NN>data</NN></NounPhrase></PrepPhrase></NounPhrase><STOP>.</STOP></Sentence></Document>
<?xml version="1.0" encoding="UTF-8"?>
<Document><Sentence><NounPhrase><DT-THE>The</DT-THE><NN>potential</NN><PrepPhrase><IN-OF>of</IN-OF><NounPhrase><DT-THE>the</DT-THE><MOLECULE><OSCARCM><OSCAR-CM>WE</OSCAR-CM></OSCARCM></MOLECULE></NounPhrase></PrepPhrase></NounPhrase><VerbPhrase><VBD>was</VBD><VBN>allowed</VBN></VerbPhrase><ActionPhrase type="Wait"><VerbPhrase><TO>to</TO><VB>stabilize</VB><TimePhrase><IN-FOR>for</IN-FOR><CD>30</CD><NN-TIME>min</NN-TIME></TimePhrase></VerbPhrase></ActionPhrase><VerbPhrase><IN-BEFORE>before</IN-BEFORE><VBG>conducting</VBG></VerbPhrase><NounPhrase><DT-THE>the</DT-THE><MOLECULE><OSCARCM><OSCAR-CM>EIS</OSCAR-CM></OSCARCM></MOLECULE></NounPhrase><VerbPhrase><VBD>followed</VBD><PrepPhrase><IN-BY>by</IN-BY><NounPhrase><DT-THE>the</DT-THE><JJ>potentiodynamic</JJ><NN>measurements</NN></NounPhrase></PrepPhrase></VerbPhrase><STOP>.</STOP></Sentence></Document>
<?xml version="1.0" encoding="UTF-8"?>
<Document><Sentence><NounPhrase><DT-THE>The</DT-THE><NNP>EIS</NNP><NN>measure-ments</NN></NounPhrase><VerbPhrase><VBD>were</VBD><VBN>conducted</VBN><PrepPhrase><IN>at</IN><NounPhrase><NN>frequency</NN><NN>range</NN></NounPhrase></PrepPhrase><PrepPhrase><IN-FROM>from</IN-FROM><NounPhrase><CD>200</CD><NNP>kHz</NNP></NounPhrase></PrepPhrase><PrepPhrase><TO>to</TO><NounPhrase><CD>100</CD><NNP>mHz</NNP></NounPhrase></PrepPhrase></VerbPhrase><VerbPhrase><TO>to</TO><VB>generate</VB></VerbPhrase><NounPhrase><NNP>Bode</NNP><CC>and</CC><NNP>Nyquist</NNP><NNS>plots</NNS></NounPhrase><STOP>.</STOP></Sentence></Document>
<?xml version="1.0" encoding="UTF-8"?>
<Document><Sentence><Unmatched><RB>Furthermore</RB></Unmatched><Unmatched><COMMA>,</COMMA></Unmatched><NounPhrase><DT>an</DT><JJ-CHEM>equivalent</JJ-CHEM><NN>circuit</NN></NounPhrase><VerbPhrase><VBD>was</VBD><VBN>used</VBN></VerbPhrase><VerbPhrase><TO>to</TO><VB>fit</VB></VerbPhrase><NounPhrase><DT-THE>the</DT-THE><JJ>raw</JJ><NN>impedance</NN><NNS>data</NNS><CC>and</CC><JJ>EC-Lab</JJ><NN>software</NN></NounPhrase><VerbPhrase><VBD>was</VBD><VBN>used</VBN></VerbPhrase><VerbPhrase><TO>to</TO><VB>evaluate</VB></VerbPhrase><NounPhrase><DT-THE>the</DT-THE><JJ>different</JJ><NNS>components</NNS><PrepPhrase><IN-OF>of</IN-OF><NounPhrase><DT-THE>the</DT-THE><NN-EQ>equivalent</NN-EQ><NNS>circuits</NNS></NounPhrase></PrepPhrase></NounPhrase><STOP>.</STOP></Sentence></Document>
<?xml version="1.0" encoding="UTF-8"?>
<Document><Sentence><NounPhrase><DT-THE>The</DT-THE><JJ>potentiodynamic</JJ><NN>measure-ments</NN></NounPhrase><VerbPhrase><VBD>were</VBD><VBN>conducted</VBN></VerbPhrase><VerbPhrase><IN-BY>by</IN-BY><VBG>scanning</VBG></VerbPhrase><NounPhrase><DT-THE>the</DT-THE><NN>potential</NN><PrepPhrase><IN-OF>of</IN-OF><NounPhrase><DT-THE>the</DT-THE><MOLECULE><OSCARCM><OSCAR-CM>WE</OSCAR-CM></OSCARCM></MOLECULE></NounPhrase></PrepPhrase></NounPhrase><PrepPhrase><IN-FROM>from</IN-FROM><NounPhrase><CD>-500</CD></NounPhrase></PrepPhrase><PrepPhrase><TO>to</TO><NounPhrase><CD>500</CD><NNP>mV</NNP></NounPhrase></PrepPhrase><PrepPhrase><IN>at</IN><NounPhrase><DT>a</DT><NN>rate</NN><PrepPhrase><IN-OF>of</IN-OF><NounPhrase><CD>20</CD><NN-TIME>mV/min</NN-TIME></NounPhrase></PrepPhrase></NounPhrase></PrepPhrase><ActionPhrase type="Yield"><VerbPhrase><TO>to</TO><VB-YIELD>produce</VB-YIELD></VerbPhrase><NounPhrase><DT-THE>the</DT-THE><NNP>Tafel</NNP><NNS>plots</NNS></NounPhrase></ActionPhrase><STOP>.</STOP></Sentence></Document>
<?xml version="1.0" encoding="UTF-8"?>
<Document><Sentence><NounPhrase><DT>These</DT><NNS>plots</NNS></NounPhrase><VerbPhrase><VBD>were</VBD><VBN>used</VBN></VerbPhrase><ActionPhrase type="Extract"><VerbPhrase><TO>to</TO><VB-EXTRACT>extract</VB-EXTRACT></VerbPhrase><NounPhrase><DT-THE>the</DT-THE><JJ-CHEM>corrosion</JJ-CHEM><JJ>current</JJ><MIXTURE><_-LRB->(</_-LRB-><NNP>Icorr</NNP><_-RRB->)</_-RRB-></MIXTURE></NounPhrase></ActionPhrase><VerbPhrase><VB-USE>using</VB-USE><JJ>EC-Lab</JJ></VerbPhrase><NounPhrase><NN>software</NN></NounPhrase><VerbPhrase><IN-BY>by</IN-BY><VBG>extrapolating</VBG></VerbPhrase><NounPhrase><DT-THE>the</DT-THE><JJ>linear</JJ><NN>portion</NN><PrepPhrase><IN-OF>of</IN-OF><NounPhrase><DT-THE>the</DT-THE><NN>anodic</NN></NounPhrase></PrepPhrase></NounPhrase><CC>and</CC><NounPhrase><DT-THE>the</DT-THE><JJ>cathodic</JJ><NN>curves</NN></NounPhrase><STOP>.</STOP></Sentence></Document>
<?xml version="1.0" encoding="UTF-8"?>
<Document><Sentence><NounPhrase><PROCEDURE><CD>2.7</CD></PROCEDURE><STOP>.</STOP></NounPhrase></Sentence></Document>
<?xml version="1.0" encoding="UTF-8"?>
<Document><Sentence><NounPhrase><JJ>Thermal</JJ><NN>behavior</NN><CC>and</CC><NNP>UV</NNP><NN>degradation</NN></NounPhrase><NounPhrase><DT-THE>The</DT-THE><JJ>thermal</JJ><NN>stability</NN><PrepPhrase><IN-OF>of</IN-OF><NounPhrase><DT-THE>the</DT-THE><JJ>nanocomposite</JJ><NNS>coatings</NNS></NounPhrase></PrepPhrase></NounPhrase><VerbPhrase><VBD>was</VBD><VBN>evaluated</VBN><VB-USE>using</VB-USE></VerbPhrase><NounPhrase><DT>thermal</DT><JJ>gravimetric</JJ><NN>analysis</NN><MIXTURE><_-LRB->(</_-LRB-><NNP>TGA</NNP><_-RRB->)</_-RRB-></MIXTURE><MIXTURE><_-LRB->(</_-LRB-><MOLECULE><OSCARCM><OSCAR-CM>TA</OSCAR-CM></OSCARCM></MOLECULE><NNS>instruments</NNS><COMMA>,</COMMA><MOLECULE><OSCARCM><OSCAR-CM>Q500</OSCAR-CM></OSCARCM></MOLECULE><COMMA>,</COMMA><NNP>Ontario</NNP><COMMA>,</COMMA><NNP>Canada</NNP><_-RRB->)</_-RRB-></MIXTURE></NounPhrase><PrepPhrase><IN-IN>in</IN-IN><NounPhrase><DT-THE>the</DT-THE><NN-TEMP>temperature</NN-TEMP><NN>range</NN><CD>25-800</CD><NN-TEMP>°C</NN-TEMP></NounPhrase></PrepPhrase><COMMA>,</COMMA><PrepPhrase><IN>while</IN><NounPhrase><DT-THE>the</DT-THE><NN-STATE>glass</NN-STATE><NN>transition</NN><NN-TEMP>temperature</NN-TEMP></NounPhrase></PrepPhrase><VerbPhrase><VBD>was</VBD><VBN>observed</VBN><VB-USE>using</VB-USE><JJ-CHEM>differen-tial</JJ-CHEM></VerbPhrase><NounPhrase><JJ-CHEM>scanning</JJ-CHEM><NN>calorimetry</NN><MIXTURE><_-LRB->(</_-LRB-><NNP>DSC</NNP><_-RRB->)</_-RRB-></MIXTURE><MIXTURE><_-LRB->(</_-LRB-><MOLECULE><OSCARCM><OSCAR-CM>TA</OSCAR-CM></OSCARCM></MOLECULE><NNS>instruments</NNS><COMMA>,</COMMA><CD>Q2000</CD><COMMA>,</COMMA><NNP>Ontario</NNP><COMMA>,</COMMA><NNP>Canada</NNP><_-RRB->)</_-RRB-></MIXTURE></NounPhrase><PrepPhrase><IN-IN>in</IN-IN><NounPhrase><DT-THE>the</DT-THE><NN-TEMP>temperature</NN-TEMP><NN>range</NN><CD>25-200</CD><NN-TEMP>°C</NN-TEMP></NounPhrase></PrepPhrase><TimePhrase><IN>at</IN><CD>10</CD><NN-TIME>°C/min</NN-TIME></TimePhrase><ActionPhrase type="Heat"><VerbPhrase><VB-HEAT>heating</VB-HEAT></VerbPhrase><NounPhrase><NN>rate</NN></NounPhrase></ActionPhrase><STOP>.</STOP></Sentence></Document>
<?xml version="1.0" encoding="UTF-8"?>
<Document><Sentence><NounPhrase><DT-THE>The</DT-THE><NNP>Resistance</NNP><PrepPhrase><IN-OF>of</IN-OF><NounPhrase><DT-THE>the</DT-THE><JJ-CHEM>prepared</JJ-CHEM><MOLECULE><OSCARCM><OSCAR-CM>Epoxy</OSCAR-CM></OSCARCM></MOLECULE></NounPhrase></PrepPhrase></NounPhrase><CC>and</CC><Unmatched><NN-MASS>E/G</NN-MASS></Unmatched><NounPhrase><NN>coat-ings</NN></NounPhrase><PrepPhrase><TO>to</TO><NounPhrase><NNP>UV</NNP><NN>degradation</NN></NounPhrase></PrepPhrase><VerbPhrase><VBD>was</VBD><VBN>assessed</VBN><VB-USE>using</VB-USE></VerbPhrase><NounPhrase><DT>an</DT><JJ-CHEM>accel-erated</JJ-CHEM><NN>weathering</NN><MOLECULE><OSCARCM><OSCAR-CM>tester</OSCAR-CM></OSCARCM><MIXTURE><_-LRB->(</_-LRB-><OSCARCM><OSCAR-CM>QUV</OSCAR-CM></OSCARCM><COMMA>,</COMMA><OSCARCM><OSCAR-CM>Q-LAB</OSCAR-CM></OSCARCM><COMMA>,</COMMA><NNP>Florida</NNP><COMMA>,</COMMA><NNP>USA</NNP><_-RRB->)</_-RRB-></MIXTURE></MOLECULE></NounPhrase><VerbPhrase><VBG>according</VBG><PrepPhrase><TO>to</TO><NounPhrase><MOLECULE><OSCARCM><OSCAR-CM>ASTM-D4587</OSCAR-CM></OSCARCM></MOLECULE><NN>standard</NN></NounPhrase></PrepPhrase></VerbPhrase><STOP>.</STOP></Sentence></Document>
<?xml version="1.0" encoding="UTF-8"?>
<Document><Sentence><VerbPhrase><VBG>Testing</VBG></VerbPhrase><NounPhrase><NNS>specimens</NNS></NounPhrase><VerbPhrase><VBD>were</VBD><RB>continuously</RB><VBN>exposed</VBN></VerbPhrase><VerbPhrase><TO>to</TO><VBN>repeated</VBN></VerbPhrase><NounPhrase><NNP>UV</NNP><NN-CYCLE>cycle</NN-CYCLE></NounPhrase><TempPhrase><IN>at</IN><CD>60±2.5</CD><NN-TEMP>°C</NN-TEMP></TempPhrase><TimePhrase><IN-FOR>for</IN-FOR><CD>8</CD><NN-TIME>hours</NN-TIME></TimePhrase><COMMA>,</COMMA><ActionPhrase type="Wait"><VerbPhrase><VBN>followed</VBN><PrepPhrase><IN-BY>by</IN-BY><NounPhrase><DT>a</DT><NN>con-densation</NN><NN-CYCLE>cycle</NN-CYCLE></NounPhrase></PrepPhrase><TempPhrase><IN>at</IN><CD>50±2.5</CD><NN-TEMP>°C</NN-TEMP></TempPhrase><TimePhrase><IN-FOR>for</IN-FOR><CD>4</CD><NN-TIME>hours</NN-TIME></TimePhrase><TimePhrase><IN-OVER>over</IN-OVER><CD>30</CD><NN-TIME>days</NN-TIME></TimePhrase></VerbPhrase></ActionPhrase><VerbPhrase><VBN>followed</VBN><PrepPhrase><IN-BY>by</IN-BY><NounPhrase><NNP>SEM</NNP><NN>examination</NN><PrepPhrase><IN-OF>of</IN-OF><NounPhrase><DT-THE>the</DT-THE><JJ-CHEM>surface</JJ-CHEM><NN>mor-phology</NN><PrepPhrase><IN-OF>of</IN-OF><NounPhrase><DT-THE>the</DT-THE><MOLECULE><OSCARCM><OSCAR-CM>epoxy</OSCAR-CM></OSCARCM></MOLECULE></NounPhrase></PrepPhrase></NounPhrase></PrepPhrase></NounPhrase></PrepPhrase></VerbPhrase><CC>and</CC><Unmatched><NN-MASS>E/G</NN-MASS></Unmatched><NounPhrase><NNS>coatings</NNS></NounPhrase><STOP>.</STOP></Sentence></Document>
<?xml version="1.0" encoding="UTF-8"?>
<Document><Sentence><NounPhrase><PROCEDURE><CD>2.8</CD></PROCEDURE><STOP>.</STOP></NounPhrase></Sentence></Document>
<?xml version="1.0" encoding="UTF-8"?>
<Document><Sentence><NounPhrase><NNP>Flexibility</NNP><CC>and</CC><NN>impact</NN><NN>resistance</NN><CD>Two</CD><JJ>different</JJ><NNS>types</NNS><PrepPhrase><IN-OF>of</IN-OF><NounPhrase><NNS>tests</NNS></NounPhrase></PrepPhrase></NounPhrase><VerbPhrase><VBD>were</VBD><VBN>carried</VBN><RP>out</RP></VerbPhrase><VerbPhrase><TO>to</TO><VB>illus-trate</VB></VerbPhrase><NounPhrase><DT-THE>the</DT-THE><NNS>influences</NNS><PrepPhrase><IN-OF>of</IN-OF><NounPhrase><MOLECULE><OSCARCM><OSCAR-CM>graphene</OSCAR-CM></OSCARCM></MOLECULE><NN>loading</NN></NounPhrase></PrepPhrase></NounPhrase><PrepPhrase><IN-ON>on</IN-ON><NounPhrase><DT-THE>the</DT-THE><NN-TEMP>room</NN-TEMP><NN-TEMP>temperature</NN-TEMP><NN>flexibility</NN><CC>and</CC><NN>impact</NN><NN>resistance</NN><PrepPhrase><IN-OF>of</IN-OF><NounPhrase><DT-THE>the</DT-THE><NN>coatings</NN></NounPhrase></PrepPhrase></NounPhrase></PrepPhrase><STOP>.</STOP></Sentence></Document>
<?xml version="1.0" encoding="UTF-8"?>
<Document><Sentence><PrepPhrase><IN-IN>In</IN-IN><NounPhrase><DT-THE>the</DT-THE><JJ>bending</JJ><NN>test</NN></NounPhrase></PrepPhrase><COMMA>,</COMMA><NounPhrase><DT-THE>the</DT-THE><JJ>coated</JJ><NN>substrate</NN></NounPhrase><VerbPhrase><VBD>was</VBD><VBN>bent</VBN><PrepPhrase><IN-OVER>over</IN-OVER><NounPhrase><DT>a</DT><JJ>conical</JJ><JJ>shaped</JJ><NN>mandrel</NN></NounPhrase></PrepPhrase></VerbPhrase><Unmatched><_-LRB->(</_-LRB-></Unmatched><NounPhrase><CD>MN-301003</CD><COMMA>,</COMMA><NNP>Paul</NNP></NounPhrase><Unmatched><NN-MOLAR>N</NN-MOLAR></Unmatched><STOP>.</STOP></Sentence><Sentence><NounPhrase><NNP>Gardner</NNP><NNP>Company</NNP><MOLECULE><OSCARCM><OSCAR-CM>Inc</OSCAR-CM></OSCARCM></MOLECULE></NounPhrase><STOP>.</STOP></Sentence><Sentence><Unmatched><COMMA>,</COMMA></Unmatched><NounPhrase><NNP>Florida</NNP><COMMA>,</COMMA><NNP>USA</NNP></NounPhrase><Unmatched><_-RRB->)</_-RRB-></Unmatched><PrepPhrase><IN-WITH>with</IN-WITH><NounPhrase><DT>a</DT><NN>diameter</NN></NounPhrase></PrepPhrase><VerbPhrase><VBZ>ranges</VBZ><PrepPhrase><IN-FROM>from</IN-FROM><NounPhrase><CD>3.1</CD></NounPhrase></PrepPhrase><PrepPhrase><TO>to</TO><NounPhrase><CD>38</CD><CD>mm</CD></NounPhrase></PrepPhrase></VerbPhrase><VerbPhrase><TO>to</TO><VB>assess</VB></VerbPhrase><NounPhrase><DT-THE>the</DT-THE><NN>flexibility</NN><PrepPhrase><IN-OF>of</IN-OF><NounPhrase><DT-THE>the</DT-THE><NN>coatings</NN></NounPhrase></PrepPhrase></NounPhrase><STOP>.</STOP></Sentence></Document>
<?xml version="1.0" encoding="UTF-8"?>
<Document><Sentence><NounPhrase><DT-THE>The</DT-THE><NN>test</NN></NounPhrase><VerbPhrase><VBD>was</VBD><VBN>repeated</VBN></VerbPhrase><NounPhrase><CD>three</CD><NN-TIMES>times</NN-TIMES></NounPhrase><CC>and</CC><NounPhrase><DT-THE>the</DT-THE><JJ>mean</JJ><NN>diameter</NN></NounPhrase><PrepPhrase><IN>at</IN><NounPhrase><WDT>which</WDT></NounPhrase></PrepPhrase><NounPhrase><DT-THE>the</DT-THE><NNS>coatings</NNS></NounPhrase><VerbPhrase><VBN>cracked</VBN><VBD>were</VBD><VBN>reported</VBN></VerbPhrase><STOP>.</STOP></Sentence></Document>
<?xml version="1.0" encoding="UTF-8"?>
<Document><Sentence><NounPhrase><NN>Impact</NN><NN>resistance</NN></NounPhrase><VerbPhrase><VBD>was</VBD><VBN>performed</VBN></VerbPhrase><VerbPhrase><TO>to</TO><VB>evaluate</VB></VerbPhrase><NounPhrase><DT-THE>the</DT-THE><NN>re-sistance</NN><PrepPhrase><IN-OF>of</IN-OF><NounPhrase><DT-THE>the</DT-THE><JJ-CHEM>prepared</JJ-CHEM><NNS>coatings</NNS></NounPhrase></PrepPhrase></NounPhrase><PrepPhrase><TO>to</TO><NounPhrase><JJ>rapid</JJ><FW>deforma-tion</FW></NounPhrase></PrepPhrase><PrepPhrase><IN-BY>by</IN-BY><NounPhrase><DT>a</DT><JJ>falling</JJ><NN>weight</NN></NounPhrase></PrepPhrase><STOP>.</STOP></Sentence></Document>
<?xml version="1.0" encoding="UTF-8"?>
<Document><Sentence><NounPhrase><DT-THE>The</DT-THE><NN>test</NN></NounPhrase><VerbPhrase><VBD>was</VBD><VBN>conducted</VBN><VB-USE>using</VB-USE></VerbPhrase><NounPhrase><DT>a</DT><JJ>universal</JJ><NN>impact</NN><MOLECULE><OSCARCM><OSCAR-CM>tester</OSCAR-CM></OSCARCM></MOLECULE></NounPhrase><Unmatched><_-LRB->(</_-LRB-></Unmatched><NounPhrase><MOLECULE><OSCARCM><OSCAR-CM>IM-172RF</OSCAR-CM></OSCARCM></MOLECULE><COMMA>,</COMMA><NNP>Paul</NNP></NounPhrase><Unmatched><NN-MOLAR>N</NN-MOLAR></Unmatched><STOP>.</STOP></Sentence><Sentence><NounPhrase><NNP>Gardner</NNP><NNP>Company</NNP><MOLECULE><OSCARCM><OSCAR-CM>Inc</OSCAR-CM></OSCARCM></MOLECULE></NounPhrase><STOP>.</STOP></Sentence><Sentence><Unmatched><COMMA>,</COMMA></Unmatched><NounPhrase><NNP>Florida</NNP><COMMA>,</COMMA><NNP>USA</NNP></NounPhrase><Unmatched><_-RRB->)</_-RRB-></Unmatched><PrepPhrase><IN-WITH>with</IN-WITH><NounPhrase><JJ-CHEM>com-bined</JJ-CHEM><CD>0.5</CD><NN>inch</NN><NN>ball</NN><CC>and</CC><CD>2</CD><NN>lb</NN><NN>weight</NN><NN>indenter</NN><NN>accord-ing</NN></NounPhrase></PrepPhrase><PrepPhrase><TO>to</TO><NounPhrase><NNP>ASTM</NNP><NNP>D2794</NNP><NN>standard</NN></NounPhrase></PrepPhrase><STOP>.</STOP></Sentence></Document>
<?xml version="1.0" encoding="UTF-8"?>
<Document><Sentence><ActionPhrase type="Heat"><NounPhrase><DT-THE>The</DT-THE><JJ>combined</JJ><NN>weight</NN><CC>and</CC><NN>indenter</NN></NounPhrase><VerbPhrase><VBD>were</VBD><VB-INCREASE>raised</VB-INCREASE></VerbPhrase><NounPhrase><CD>1</CD><NN>inch</NN></NounPhrase><PrepPhrase><IN-IN>in</IN-IN><NounPhrase><DT-THE>the</DT-THE><JJ-CHEM>testing</JJ-CHEM><APPARATUS><NN-APPARATUS>tube</NN-APPARATUS></APPARATUS></NounPhrase></PrepPhrase></ActionPhrase><CC>and</CC><VerbPhrase><VBD>released</VBD><PrepPhrase><TO>to</TO><NounPhrase><NN-VOL>drop</NN-VOL></NounPhrase></PrepPhrase><PrepPhrase><IN-ON>on</IN-ON><NounPhrase><DT-THE>the</DT-THE><JJ>coated</JJ><NN>substrate</NN></NounPhrase></PrepPhrase></VerbPhrase><CC>and</CC><NounPhrase><DT-THE>the</DT-THE><JJ>falling</JJ><NN>weight</NN><NN>test</NN></NounPhrase><VerbPhrase><VBD>was</VBD><VBN>repeated</VBN><PrepPhrase><IN-WITH>with</IN-WITH><NounPhrase><CD>1</CD><NN>inch</NN><NN>incre-ments</NN></NounPhrase></PrepPhrase><PrepPhrase><IN-IN>in</IN-IN><NounPhrase><NN>height</NN></NounPhrase></PrepPhrase><PrepPhrase><IN>until</IN><NounPhrase><DT>a</DT><NN>crack</NN></NounPhrase></PrepPhrase><PrepPhrase><IN-IN>in</IN-IN><NounPhrase><DT-THE>the</DT-THE><NN>coating</NN></NounPhrase></PrepPhrase></VerbPhrase><VerbPhrase><VBD>was</VBD></VerbPhrase><NounPhrase><FW>ob-served</FW></NounPhrase><STOP>.</STOP></Sentence></Document>
<?xml version="1.0" encoding="UTF-8"?>
<Document><Sentence><NounPhrase><DT-THE>The</DT-THE><NN>height</NN></NounPhrase><PrepPhrase><IN>at</IN><NounPhrase><WDT>which</WDT></NounPhrase></PrepPhrase><NounPhrase><DT-THE>the</DT-THE><NN>coating</NN><NNS>cracks</NNS></NounPhrase><VerbPhrase><VBD>was</VBD><VBN>recorded</VBN></VerbPhrase><CC>and</CC><NounPhrase><DT-THE>the</DT-THE><NN>test</NN></NounPhrase><VerbPhrase><VBD>was</VBD><VBN>repeated</VBN><RB>slightly</RB></VerbPhrase><Unmatched><IN>above</IN></Unmatched><Unmatched><COMMA>,</COMMA></Unmatched><Unmatched><RB>slightly</RB></Unmatched><Unmatched><IN>below</IN></Unmatched><Unmatched><CC>and</CC></Unmatched><PrepPhrase><IN>at</IN><NounPhrase><DT-THE>the</DT-THE><JJ>recorded</JJ><NN>height</NN><CD>five</CD><NN-TIMES>times</NN-TIMES></NounPhrase></PrepPhrase><Unmatched><DT>each</DT></Unmatched><PrepPhrase><JJ-CHEM>according</JJ-CHEM><TO>to</TO><NounPhrase><DT-THE>the</DT-THE><MOLECULE><OSCARCM><OSCAR-CM>ASTM</OSCAR-CM></OSCARCM></MOLECULE><NN>standard</NN></NounPhrase></PrepPhrase><STOP>.</STOP></Sentence></Document>
<?xml version="1.0" encoding="UTF-8"?>
<Document><Sentence><NounPhrase><DT-THE>The</DT-THE><NN>elevation</NN></NounPhrase><PrepPhrase><IN>at</IN><NounPhrase><WDT>which</WDT></NounPhrase></PrepPhrase><NounPhrase><DT-THE>the</DT-THE><NN>coating</NN></NounPhrase><VerbPhrase><VBZ>cracks</VBZ><PrepPhrase><IN-IN>in</IN-IN><NounPhrase><DT>all</DT><CD>five</CD><NNS>trials</NNS></NounPhrase></PrepPhrase></VerbPhrase><VerbPhrase><VBZ>is</VBZ><JJ-CHEM>report-ed</JJ-CHEM><PrepPhrase><IN-AS>as</IN-AS><NounPhrase><DT-THE>the</DT-THE><JJ-CHEM>impact</JJ-CHEM><NN>resistance</NN><NN>limit</NN><PrepPhrase><IN-OF>of</IN-OF><NounPhrase><DT-THE>the</DT-THE><NN>coating</NN></NounPhrase></PrepPhrase></NounPhrase></PrepPhrase><PrepPhrase><TO>to</TO><NounPhrase><JJ>rapid</JJ><NN>deformation</NN></NounPhrase></PrepPhrase></VerbPhrase><STOP>.</STOP></Sentence></Document>
<?xml version="1.0" encoding="UTF-8"?>
<Document><Sentence><NounPhrase><PROCEDURE><CD>3</CD></PROCEDURE><STOP>.</STOP></NounPhrase></Sentence></Document>
<?xml version="1.0" encoding="UTF-8"?>
<Document/>
