<?xml version="1.0" encoding="UTF-8"?>
<Document><Sentence><NounPhrase><JJ>Experimental</JJ><PROCEDURE><NN-METHOD>methods</NN-METHOD><CD>3.1</CD></PROCEDURE><NNP>Selection</NNP><PrepPhrase><IN-OF>of</IN-OF><NounPhrase><NN>candidate</NN><NN-CHEMENTITY>materials</NN-CHEMENTITY><JJ>Total</JJ><CD>seven</CD><JJ>different</JJ><NNS>types</NNS><PrepPhrase><IN-OF>of</IN-OF><NounPhrase><NN>coating</NN><NN-CHEMENTITY>materials</NN-CHEMENTITY></NounPhrase></PrepPhrase></NounPhrase></PrepPhrase></NounPhrase><VerbPhrase><VBD>were</VBD><VBN>selected</VBN><PrepPhrase><IN-FOR>for</IN-FOR><NounPhrase><NN>evaluation</NN><COMMA>,</COMMA><WDT>which</WDT></NounPhrase></PrepPhrase></VerbPhrase><VerbPhrase><VBP>are</VBP></VerbPhrase><NounPhrase><QUANTITY><VOLUME><CD>316</CD><NN-VOL>L</NN-VOL></VOLUME></QUANTITY><NN>type</NN><NN>austenitic</NN><JJ>stainless</JJ><NN>steel</NN><COMMA>,</COMMA><CD>3</CD><NNS>types</NNS><PrepPhrase><IN-OF>of</IN-OF><NounPhrase><JJ>metallic</JJ><NNS>alloys</NNS></NounPhrase></PrepPhrase></NounPhrase><PrepPhrase><IN-FOR>for</IN-FOR><NounPhrase><MOLECULE><OSCARCM><OSCAR-CM>HVOF</OSCAR-CM></OSCARCM><MIXTURE><_-LRB->(</_-LRB-><NNP>High</NNP><NNP>Velocity</NNP><JJ>Oxy</JJ><NNP>Fuel</NNP><_-RRB->)</_-RRB-></MIXTURE></MOLECULE><NN-CHEMENTITY>metal</NN-CHEMENTITY><NN>spray</NN><NNS>applications</NNS><COMMA>,</COMMA><CC>and</CC><JJ-CHEM>organic</JJ-CHEM><NNS>coatings</NNS><PrepPhrase><IN-OF>of</IN-OF><NounPhrase><NNP>ScotchWeldTM</NNP><CD>2216</CD><COMMA>,</COMMA><NNP>DuraToughTM</NNP><MOLECULE><OSCARCM><OSCAR-CM>DL</OSCAR-CM></OSCARCM></MOLECULE><COMMA>,</COMMA><MOLECULE><OSCARCM><OSCAR-CM>Si-type</OSCAR-CM></OSCARCM></MOLECULE><NNP>Foul</NNP><NNP>Resistant</NNP><MIXTURE><_-LRB->(</_-LRB-><NNP>FR</NNP><_-RRB->)</_-RRB-></MIXTURE></NounPhrase></PrepPhrase></NounPhrase></PrepPhrase><VerbPhrase><VBZ>paints</VBZ></VerbPhrase><COMMA>,</COMMA><VerbPhrase><IN-AS>as</IN-AS><VBN>shown</VBN><PrepPhrase><IN-IN>in</IN-IN><NounPhrase><CaptionLabel><NNP-LABEL>Table</NNP-LABEL><CD>1</CD></CaptionLabel></NounPhrase></PrepPhrase></VerbPhrase><STOP>.</STOP></Sentence></Document>
<?xml version="1.0" encoding="UTF-8"?>
<Document><Sentence><NounPhrase><JJ>Conventional</JJ><JJ>protective</JJ><JJ-CHEM>coatings</JJ-CHEM><NN>system</NN><COMMA>,</COMMA><MOLECULE><OSCARCM><OSCAR-CM>AC</OSCAR-CM></OSCARCM></MOLECULE><NNP>epoxy+AF</NNP><MIXTURE><_-LRB->(</_-LRB-><NNP>EH3250TM+AF795HTM</NNP><_-RRB->)</_-RRB-></MIXTURE><COMMA>,</COMMA><WDT>which</WDT></NounPhrase><VerbPhrase><VBZ>has</VBZ><VBN>been</VBN><RB>widely</RB><VBN>used</VBN><PrepPhrase><IN-IN>in</IN-IN><NounPhrase><DT-THE>the</DT-THE><JJ-CHEM>new-building</JJ-CHEM><NN>shipyards</NN></NounPhrase></PrepPhrase></VerbPhrase><COMMA>,</COMMA><VerbPhrase><VBD>was</VBD><RB>also</RB><VBN>evaluated</VBN><PrepPhrase><IN-AS>as</IN-AS><NounPhrase><DT>a</DT><NN>reference</NN></NounPhrase></PrepPhrase></VerbPhrase><STOP>.</STOP></Sentence></Document>
<?xml version="1.0" encoding="UTF-8"?>
<Document><Sentence><NounPhrase><CD>3.2</CD></NounPhrase><VerbPhrase><VBG>Testing</VBG><PrepPhrase><IN-OF>of</IN-OF><NounPhrase><NN>cavitation</NN><NN>resistance</NN><NNP>Cavitation</NNP><NN>resistance</NN><PrepPhrase><IN-OF>of</IN-OF><NounPhrase><DT>each</DT><JJ-CHEM>coating</JJ-CHEM><NN>sample</NN></NounPhrase></PrepPhrase></NounPhrase></PrepPhrase></VerbPhrase><VerbPhrase><VBD>was</VBD><JJ-CHEM>eval-uated</JJ-CHEM></VerbPhrase><VerbPhrase><IN-BY>by</IN-BY><VB-USE>using</VB-USE></VerbPhrase><Unmatched><DT>both</DT></Unmatched><NounPhrase><DT>an</DT><JJ>ultrasonic</JJ><MOLECULE><OSCARCM><OSCAR-CM>tester</OSCAR-CM></OSCARCM><MIXTURE><_-LRB->(</_-LRB-><VBN>modified</VBN><OSCARCM><OSCAR-CM>ASTM</OSCAR-CM></OSCARCM><JJ>G-32</JJ><PROCEDURE><NN-METHOD>method</NN-METHOD></PROCEDURE><_-RRB->)</_-RRB-></MIXTURE></MOLECULE></NounPhrase><CC>and</CC><PrepPhrase><IN-IN>in-house</IN-IN><MOLECULE><JJ-CHEM>built</JJ-CHEM><OSCARCM><OSCAR-CM>water</OSCAR-CM></OSCARCM></MOLECULE></PrepPhrase><NounPhrase><NN>jet</NN><MOLECULE><OSCARCM><OSCAR-CM>tester</OSCAR-CM></OSCARCM></MOLECULE></NounPhrase><STOP>.</STOP></Sentence></Document>
<?xml version="1.0" encoding="UTF-8"?>
<Document><Sentence><PrepPhrase><IN-IN>In</IN-IN><NounPhrase><NN>case</NN><PrepPhrase><IN-OF>of</IN-OF><NounPhrase><DT-THE>the</DT-THE><JJ>ultrasonic</JJ><MOLECULE><OSCARCM><OSCAR-CM>tester</OSCAR-CM></OSCARCM></MOLECULE></NounPhrase></PrepPhrase></NounPhrase></PrepPhrase><COMMA>,</COMMA><VerbPhrase><IN-AS>as</IN-AS><VBN>shown</VBN><PrepPhrase><IN-IN>in</IN-IN><NounPhrase><NNP-LABEL>Fig.</NNP-LABEL></NounPhrase></PrepPhrase></VerbPhrase></Sentence></Document>
<?xml version="1.0" encoding="UTF-8"?>
<Document><Sentence><NounPhrase><UNNAMEDMOLECULE><REFERENCETOCOMPOUND><NN-IDENTIFIER>3(a)</NN-IDENTIFIER></REFERENCETOCOMPOUND></UNNAMEDMOLECULE><COMMA>,</COMMA><NNS>samples</NNS></NounPhrase><VerbPhrase><VBD>were</VBD><VB-SUSPEND>placed</VB-SUSPEND></VerbPhrase><NounPhrase><CD>0.5</CD><CD>mm</CD></NounPhrase><PrepPhrase><IN>below</IN><NounPhrase><DT-THE>the</DT-THE><JJ>sonic</JJ><NN-CHEMENTITY>generator</NN-CHEMENTITY><COMMA>,</COMMA><FW>i.e.</FW><COMMA>,</COMMA><JJ-CHEM>vi-bratory</JJ-CHEM><NN>horn</NN></NounPhrase></PrepPhrase><COMMA>,</COMMA><VerbPhrase><TO>to</TO><VB>eliminate</VB><JJ>vibration</JJ></VerbPhrase><NounPhrase><JJ>induced</JJ><NN>damage</NN></NounPhrase><PrepPhrase><TO>to</TO><NounPhrase><DT-THE>the</DT-THE><JJ-CHEM>coating</JJ-CHEM><NN-CHEMENTITY>layer</NN-CHEMENTITY></NounPhrase></PrepPhrase><STOP>.</STOP></Sentence></Document>
<?xml version="1.0" encoding="UTF-8"?>
<Document><Sentence><NounPhrase><DT>This</DT><NN>arrangement</NN></NounPhrase><VerbPhrase><VBZ>has</VBZ><VBN>been</VBN><VBN>known</VBN></VerbPhrase><ActionPhrase type="Yield"><VerbPhrase><TO>to</TO><VB-YIELD>provide</VB-YIELD><JJR>more</JJR></VerbPhrase></ActionPhrase><ActionPhrase type="Heat"><VerbPhrase><VB-INCREASE>increased</VB-INCREASE></VerbPhrase><NounPhrase><NN>vibration</NN><NN>amplitude</NN></NounPhrase><PrepPhrase><TO>to</TO><NounPhrase><DT-THE>the</DT-THE><NN>surface</NN></NounPhrase></PrepPhrase></ActionPhrase><VerbPhrase><TO>to</TO><VB>be</VB><VBN>tested</VBN></VerbPhrase><STOP>.</STOP></Sentence></Document>
<?xml version="1.0" encoding="UTF-8"?>
<Document><Sentence><NounPhrase><DT-THE>The</DT-THE><JJ>actual</JJ><MOLECULE><OSCARCM><OSCAR-CM>tester</OSCAR-CM></OSCARCM></MOLECULE></NounPhrase><COMMA>,</COMMA><VerbPhrase><VBN>employed</VBN><PrepPhrase><IN-IN>in</IN-IN><NounPhrase><DT>this</DT><NN>test</NN></NounPhrase></PrepPhrase></VerbPhrase><COMMA>,</COMMA><VerbPhrase><VBZ>is</VBZ><VBN>shown</VBN></VerbPhrase><NounPhrase><MOLECULE><OSCARCM><OSCAR-CM>STUDY</OSCAR-CM></OSCARCM></MOLECULE></NounPhrase><PrepPhrase><IN-ON>ON</IN-ON><NounPhrase><NNP>NEW</NNP><NNP>CANDIDATE</NNP><NNP>COATING</NNP><NN-CHEMENTITY>MATERIALS</NN-CHEMENTITY></NounPhrase></PrepPhrase><PrepPhrase><TO>to</TO><NounPhrase><NNP>CHALLENGE</NNP><NNP>RUDDER</NNP><NNP>CAVITATION</NNP><NNP>DAMAGE</NNP><NNP>277CORROSION</NNP><MOLECULE><OSCARCM><OSCAR-CM>SCIENCE</OSCAR-CM></OSCARCM></MOLECULE><CC>AND</CC><MOLECULE><OSCARCM><OSCAR-CM>TECHNOLOGY</OSCAR-CM></OSCARCM></MOLECULE><NNPS>Vol.7</NNPS><COMMA>,</COMMA><MOLECULE><OSCARCM><OSCAR-CM>No.5</OSCAR-CM></OSCARCM></MOLECULE><COMMA>,</COMMA><CD>2008</CD><UNNAMEDMOLECULE><REFERENCETOCOMPOUND><_-LRB->(</_-LRB-><NN-IDENTIFIER>a</NN-IDENTIFIER><_-RRB->)</_-RRB-></REFERENCETOCOMPOUND><MIXTURE><_-LRB->(</_-LRB-><REFERENCETOCOMPOUND><NN-IDENTIFIER>b</NN-IDENTIFIER></REFERENCETOCOMPOUND><_-RRB->)</_-RRB-></MIXTURE></UNNAMEDMOLECULE><NNP-LABEL>Fig.</NNP-LABEL></NounPhrase></PrepPhrase></Sentence></Document>
<?xml version="1.0" encoding="UTF-8"?>
<Document><Sentence><NounPhrase><PROCEDURE><CD>3</CD></PROCEDURE><STOP>.</STOP></NounPhrase></Sentence><Sentence><Unmatched><_-LRB->(</_-LRB-></Unmatched></Sentence></Document>
<?xml version="1.0" encoding="UTF-8"?>
<Document><Sentence><NounPhrase><PROCEDURE><NN-IDENTIFIER>a</NN-IDENTIFIER></PROCEDURE><_-RRB->)</_-RRB-></NounPhrase></Sentence><Sentence><NounPhrase><NNP-LABEL>Schematic</NNP-LABEL><NNP-LABEL>diagram</NNP-LABEL><COMMA>,</COMMA><UNNAMEDMOLECULE><REFERENCETOCOMPOUND><_-LRB->(</_-LRB-><NN-IDENTIFIER>b</NN-IDENTIFIER><_-RRB->)</_-RRB-></REFERENCETOCOMPOUND></UNNAMEDMOLECULE><NN>photograph</NN><PrepPhrase><IN-OF>of</IN-OF><NounPhrase><JJ>vibratory</JJ><JJ-CHEM>cavitation</JJ-CHEM><NN>erosion</NN><MOLECULE><OSCARCM><OSCAR-CM>tester</OSCAR-CM></OSCARCM></MOLECULE><NNP-LABEL>Fig.</NNP-LABEL></NounPhrase></PrepPhrase></NounPhrase></Sentence></Document>
<?xml version="1.0" encoding="UTF-8"?>
<Document><Sentence><NounPhrase><PROCEDURE><CD>4</CD></PROCEDURE><STOP>.</STOP></NounPhrase></Sentence></Document>
<?xml version="1.0" encoding="UTF-8"?>
<Document><Sentence><NounPhrase><MOLECULE><OSCARCM><OSCAR-CM>Water-jet</OSCAR-CM></OSCARCM></MOLECULE><NN>cavitation</NN><NN>erosion</NN><MOLECULE><OSCARCM><OSCAR-CM>tester</OSCAR-CM></OSCARCM></MOLECULE></NounPhrase><PrepPhrase><IN-IN>in</IN-IN><NounPhrase><NNP-LABEL>Fig.</NNP-LABEL></NounPhrase></PrepPhrase></Sentence></Document>
<?xml version="1.0" encoding="UTF-8"?>
<Document><Sentence><NounPhrase><PROCEDURE><NN-IDENTIFIER>3(b)</NN-IDENTIFIER></PROCEDURE><STOP>.</STOP></NounPhrase></Sentence></Document>
<?xml version="1.0" encoding="UTF-8"?>
<Document><Sentence><PrepPhrase><IN-IN>In</IN-IN><NounPhrase><NN>order</NN></NounPhrase></PrepPhrase><VerbPhrase><TO>to</TO><VB>simulate</VB><JJ>high</JJ></VerbPhrase><NounPhrase><JJ-CHEM>impact</JJ-CHEM><NN>cavitation</NN></NounPhrase><Unmatched><JJ-COMPOUND>expected</JJ-COMPOUND></Unmatched><PrepPhrase><IN-FROM>from</IN-FROM><NounPhrase><JJR>larger</JJR><NNS>propellers</NNS><COMMA>,</COMMA><WDT>which</WDT></NounPhrase></PrepPhrase><VerbPhrase><VBD>were</VBD><VBN>employed</VBN><PrepPhrase><IN-IN>in</IN-IN><NounPhrase><JJ>actual</JJ><JJ-CHEM>ship</JJ-CHEM><NN>operation</NN></NounPhrase></PrepPhrase></VerbPhrase><COMMA>,</COMMA><Unmatched><DT>an</DT></Unmatched><PrepPhrase><IN-IN>in-house</IN-IN><MOLECULE><JJ-CHEM>built</JJ-CHEM><OSCARCM><OSCAR-CM>water</OSCAR-CM></OSCARCM></MOLECULE></PrepPhrase><NounPhrase><NN>jet</NN><MOLECULE><OSCARCM><OSCAR-CM>tester</OSCAR-CM></OSCARCM></MOLECULE></NounPhrase><VerbPhrase><VBD>was</VBD><RB>also</RB><VBN>employed</VBN></VerbPhrase><STOP>.</STOP></Sentence></Document>
<?xml version="1.0" encoding="UTF-8"?>
<Document><Sentence><NounPhrase><DT-THE>The</DT-THE><MOLECULE><OSCARCM><OSCAR-CM>tester</OSCAR-CM></OSCARCM></MOLECULE></NounPhrase><COMMA>,</COMMA><VerbPhrase><IN-AS>as</IN-AS><VBN>shown</VBN><PrepPhrase><IN-IN>in</IN-IN><NounPhrase><NNP-LABEL>Fig.</NNP-LABEL></NounPhrase></PrepPhrase></VerbPhrase></Sentence></Document>
<?xml version="1.0" encoding="UTF-8"?>
<Document><Sentence><NounPhrase><CD>4</CD></NounPhrase><COMMA>,</COMMA><VerbPhrase><VBN>utilized</VBN></VerbPhrase><NounPhrase><DT>a</DT><JJ>high</JJ><NN-PRESSURE>pressure</NN-PRESSURE><NN>pump</NN></NounPhrase><VerbPhrase><TO>to</TO><VB>generate</VB><JJ>high</JJ></VerbPhrase><NounPhrase><NN>speed</NN><MOLECULE><OSCARCM><OSCAR-CM>water</OSCAR-CM></OSCARCM></MOLECULE><NN>jet</NN><NN>impact</NN></NounPhrase><PrepPhrase><IN-IN>in</IN-IN><NounPhrase><DT>a</DT><JJ>vertical</JJ><NN>direction</NN></NounPhrase></PrepPhrase><PrepPhrase><TO>to</TO><NounPhrase><DT-THE>the</DT-THE><JJ-CHEM>coating</JJ-CHEM><NN>surface</NN></NounPhrase></PrepPhrase><STOP>.</STOP></Sentence></Document>
<?xml version="1.0" encoding="UTF-8"?>
<Document><Sentence><PrepPhrase><IN-IN>In</IN-IN><NounPhrase><NN>order</NN></NounPhrase></PrepPhrase><VerbPhrase><TO>to</TO><VB>facilitate</VB></VerbPhrase><NounPhrase><DT-THE>the</DT-THE><JJ-CHEM>erosion</JJ-CHEM><NN>observation</NN></NounPhrase><PrepPhrase><IN>during</IN><NounPhrase><DT-THE>the</DT-THE><NN>tests</NN></NounPhrase></PrepPhrase><COMMA>,</COMMA><VerbPhrase><VB>monitor-ing</VB></VerbPhrase><NounPhrase><NN>window</NN></NounPhrase><VerbPhrase><VBD>was</VBD><VBN>installed</VBN><RB>directly</RB><PrepPhrase><IN-ON>on</IN-ON><NounPhrase><DT-THE>the</DT-THE><MOLECULE><OSCARCM><OSCAR-CM>water</OSCAR-CM></OSCARCM></MOLECULE><NN>jet/coating</NN><NN>surface</NN><NN>contact</NN><NN>area</NN></NounPhrase></PrepPhrase></VerbPhrase><STOP>.</STOP></Sentence></Document>
<?xml version="1.0" encoding="UTF-8"?>
<Document><Sentence><NounPhrase><NNP>Cavitation</NNP><NN>resistance</NN><NN>behavior</NN><PrepPhrase><IN-OF>of</IN-OF><NounPhrase><DT>each</DT><NN>coating</NN></NounPhrase></PrepPhrase></NounPhrase><VerbPhrase><VBD>was</VBD><JJ-CHEM>eval-uated</JJ-CHEM></VerbPhrase><VerbPhrase><IN-BY>by</IN-BY><VBG>employing</VBG></VerbPhrase><NounPhrase><DT-THE>the</DT-THE><NN>concept</NN><PrepPhrase><IN-OF>of</IN-OF><NounPhrase><JJ>Cumulative</JJ><NNP>Mean</NNP><NNP>Depth</NNP><PrepPhrase><IN-OF>of</IN-OF><NounPhrase><NNP>Erosion</NNP><MIXTURE><_-LRB->(</_-LRB-><NNP>CMDE</NNP><_-RRB->)</_-RRB-></MIXTURE><CC>and</CC><NN>erosion</NN><NN>rate</NN><COMMA>,</COMMA><WDT>which</WDT></NounPhrase></PrepPhrase></NounPhrase></PrepPhrase></NounPhrase><VerbPhrase><VBD>were</VBD><VBN>taken</VBN></VerbPhrase><PrepPhrase><IN-AFTER>after</IN-AFTER><NounPhrase><DT-THE>the</DT-THE><JJ>preset</JJ><JJ-CHEM>testing</JJ-CHEM><NN>duration</NN></NounPhrase></PrepPhrase><STOP>.</STOP></Sentence></Document>
<?xml version="1.0" encoding="UTF-8"?>
<Document><Sentence><NounPhrase><MOLECULE><OSCARCM><OSCAR-CM>CDME</OSCAR-CM></OSCARCM></MOLECULE></NounPhrase><VerbPhrase><MD>can</MD><VB>be</VB><PrepPhrase><IN-IN>in-duced</IN-IN><NounPhrase><DT-THE>the</DT-THE><JJ>following</JJ><NN>equation</NN><CD>1</CD></NounPhrase></PrepPhrase></VerbPhrase><VerbPhrase><IN-AS>as</IN-AS><VBP>follow</VBP></VerbPhrase><STOP>;</STOP></Sentence><Sentence><NounPhrase><DT>CMDE(µm)</DT><SYM>=</SYM><JJ>∑</JJ><NNP>MDE(µm)</NNP><NNP>MDE(µm)</NNP><SYM>=</SYM><MOLECULE><OSCARCM><OSCAR-CM>ΔW/10ρA</OSCAR-CM></OSCARCM><REFERENCETOCOMPOUND><_-LRB->(</_-LRB-><CD>1</CD><_-RRB->)</_-RRB-></REFERENCETOCOMPOUND></MOLECULE></NounPhrase><PrepPhrase><IN-IN>in</IN-IN><NounPhrase><WDT>which</WDT><COMMA>,</COMMA><NNS>coating's</NNS><NN>density</NN><MOLECULE><OSCARCM><OSCAR-CM>ρ(g/cm3</OSCAR-CM></OSCARCM></MOLECULE></NounPhrase></PrepPhrase><Unmatched><_-RRB->)</_-RRB-></Unmatched><Unmatched><COMMA>,</COMMA></Unmatched><VerbPhrase><VBN>exposed</VBN></VerbPhrase><NounPhrase><NN>area</NN><NNP>A(cm2)</NNP><CC>and</CC><NN>weight</NN><NN>change</NN><NNP>ΔW(mg)</NNP></NounPhrase><VerbPhrase><VBP>are</VBP><VBN>used</VBN><PrepPhrase><IN-FOR>for</IN-FOR><NounPhrase><NN>calculation</NN></NounPhrase></PrepPhrase></VerbPhrase><STOP>.</STOP></Sentence></Document>
<?xml version="1.0" encoding="UTF-8"?>
<Document><Sentence><NounPhrase><NN>Erosion</NN><NN>rate</NN></NounPhrase><COMMA>,</COMMA><PrepPhrase><IN-ON>on</IN-ON><NounPhrase><DT-THE>the</DT-THE><JJ>other</JJ><NN>hand</NN></NounPhrase></PrepPhrase><COMMA>,</COMMA><VerbPhrase><VBD>was</VBD><VBN>evaluated</VBN><PrepPhrase><IN-AS>as</IN-AS><NounPhrase><NNP>Mean</NNP><NNP>Depth</NNP><PrepPhrase><IN-OF>of</IN-OF><NounPhrase><NNP>Erosion</NNP><MIXTURE><_-LRB->(</_-LRB-><NNP>MDE</NNP><_-RRB->)</_-RRB-></MIXTURE><COMMA>,</COMMA><WDT>which</WDT></NounPhrase></PrepPhrase></NounPhrase></PrepPhrase></VerbPhrase><VerbPhrase><MD>can</MD><VB>be</VB><VBN>induced</VBN><VB-USE>using</VB-USE></VerbPhrase><NounPhrase><DT-THE>the</DT-THE><JJ>following</JJ><NN>equation</NN><CD>2</CD></NounPhrase><STOP>;</STOP></Sentence><Sentence><NounPhrase><NNP>Erosion</NNP><MOLECULE><OSCARCM><OSCAR-CM>Rate(µm/min</OSCAR-CM></OSCARCM></MOLECULE></NounPhrase><STOP>.</STOP></Sentence><Sentence><Unmatched><_-RRB->)</_-RRB-></Unmatched></Sentence></Document>
<?xml version="1.0" encoding="UTF-8"?>
<Document><Sentence><NounPhrase><SYM>=</SYM><MOLECULE><OSCARCM><OSCAR-CM>MDE</OSCAR-CM><DASH>/</DASH><OSCAR-CM>Δt</OSCAR-CM></OSCARCM><REFERENCETOCOMPOUND><_-LRB->(</_-LRB-><CD>2</CD><_-RRB->)</_-RRB-></REFERENCETOCOMPOUND></MOLECULE></NounPhrase><PrepPhrase><IN-IN>in</IN-IN><NounPhrase><WDT>which</WDT><COMMA>,</COMMA><MOLECULE><OSCARCM><OSCAR-CM>Δt</OSCAR-CM></OSCARCM></MOLECULE></NounPhrase></PrepPhrase><VerbPhrase><VBZ>is</VBZ></VerbPhrase><NounPhrase><DT-THE>the</DT-THE><JJ-CHEM>test</JJ-CHEM><NN>duration</NN></NounPhrase><STOP>.</STOP></Sentence></Document>
<?xml version="1.0" encoding="UTF-8"?>
<Document><Sentence><Unmatched><RB>Finally</RB></Unmatched><Unmatched><COMMA>,</COMMA></Unmatched><NounPhrase><DT-THE>the</DT-THE><JJ-CHEM>expectant</JJ-CHEM><JJ>useful</JJ><NN>life</NN><PrepPhrase><IN-OF>of</IN-OF><NounPhrase><DT>each</DT><NN>coating</NN></NounPhrase></PrepPhrase></NounPhrase><PrepPhrase><IN>against</IN><NounPhrase><NN>erosion</NN></NounPhrase></PrepPhrase><VerbPhrase><VBD>was</VBD><VBN>evaluated</VBN></VerbPhrase><VerbPhrase><IN-BY>by</IN-BY><VBG>measuring</VBG></VerbPhrase><NounPhrase><DT-THE>the</DT-THE><NN-TIME>time</NN-TIME></NounPhrase><VerbPhrase><VBN>required</VBN><PrepPhrase><IN-FOR>for</IN-FOR><NounPhrase><DT-THE>the</DT-THE><MOLECULE><OSCARCM><OSCAR-CM>CMDE</OSCAR-CM></OSCARCM></MOLECULE><NN>value</NN></NounPhrase></PrepPhrase></VerbPhrase><VerbPhrase><TO>to</TO><VB>reach</VB></VerbPhrase><NounPhrase><CD>100</CD><NN>µm</NN><CC>and</CC><CD>200</CD><NN>µm</NN></NounPhrase><STOP>.</STOP></Sentence></Document>
<?xml version="1.0" encoding="UTF-8"?>
<Document><Sentence><ActionPhrase type="Synthesize"><NounPhrase><CD>3.3</CD><NN-SYNTHESIZE>Preparation</NN-SYNTHESIZE><PrepPhrase><IN-OF>of</IN-OF><NounPhrase><NN>coating</NN><NNS>samples</NNS></NounPhrase></PrepPhrase></NounPhrase></ActionPhrase><VerbPhrase><VBG>Testing</VBG></VerbPhrase><NounPhrase><NNS>samples</NNS></NounPhrase><VerbPhrase><VBD>were</VBD><VBN>applied</VBN></VerbPhrase><CC>or</CC><VerbPhrase><VBN>sprayed</VBN><PrepPhrase><IN-ON>on</IN-ON><NounPhrase><NN>butt</NN><NN>end</NN><PrepPhrase><IN-OF>of</IN-OF><NounPhrase><QUANTITY><VOLUME><CD>316</CD><NN-VOL>L</NN-VOL></VOLUME></QUANTITY><JJ>stainless</JJ><NN>steel</NN></NounPhrase></PrepPhrase></NounPhrase></PrepPhrase></VerbPhrase><VerbPhrase><VBG>mounting</VBG></VerbPhrase><NounPhrase><NNS>sets</NNS></NounPhrase><COMMA>,</COMMA><VerbPhrase><IN-AS>as</IN-AS><VBN>shown</VBN><PrepPhrase><IN-IN>in</IN-IN><NounPhrase><NNP-LABEL>Fig.</NNP-LABEL></NounPhrase></PrepPhrase></VerbPhrase></Sentence></Document>
<?xml version="1.0" encoding="UTF-8"?>
<Document><Sentence><NounPhrase><CD>5</CD></NounPhrase><COMMA>,</COMMA><VerbPhrase><VBG>following</VBG></VerbPhrase><NounPhrase><NNP>ASTM</NNP></NounPhrase><Unmatched><NN-MASS>G</NN-MASS></Unmatched><NounPhrase><CD>32-02</CD><NN>standard</NN></NounPhrase><COMMA>,</COMMA><PrepPhrase><IN-OF>of</IN-OF><NounPhrase><WDT>which</WDT><NN>diameter</NN></NounPhrase></PrepPhrase><VerbPhrase><VBD>was</VBD></VerbPhrase><NounPhrase><CD>15.9</CD><NN>±</NN><CD>0.05</CD><CD>mm</CD><COMMA>,</COMMA><CD>10</CD><JJ>±</JJ><CD>0.5</CD><CD>mm</CD></NounPhrase><COMMA>,</COMMA><PrepPhrase><IN-FOR>for</IN-FOR><NounPhrase><NN>ultra</NN><JJ>sonic</JJ><NN>testing</NN><CC>and</CC><MOLECULE><OSCARCM><OSCAR-CM>water</OSCAR-CM></OSCARCM></MOLECULE><NN>jet</NN><NN>testing</NN></NounPhrase></PrepPhrase><COMMA>,</COMMA><Unmatched><RB>respectively</RB></Unmatched><STOP>.</STOP></Sentence></Document>
<?xml version="1.0" encoding="UTF-8"?>
<Document><Sentence><PrepPhrase><IN-BEFORE>Before</IN-BEFORE><NounPhrase><NN>application</NN><PrepPhrase><IN-OF>of</IN-OF><NounPhrase><DT>each</DT><NN>coating</NN></NounPhrase></PrepPhrase></NounPhrase></PrepPhrase><COMMA>,</COMMA><NounPhrase><DT-THE>the</DT-THE><NN>surface</NN><PrepPhrase><IN-OF>of</IN-OF><NounPhrase><DT>each</DT><JJ>mounting</JJ><NN>set</NN></NounPhrase></PrepPhrase></NounPhrase><VerbPhrase><VBD>was</VBD></VerbPhrase><NounPhrase><NN>grit</NN></NounPhrase><VerbPhrase><VBD>blasted</VBD><PrepPhrase><TO>to</TO><NounPhrase><NNP>ISO</NNP><NNP>Sa</NNP><CD>2.5</CD><NN>grade</NN></NounPhrase></PrepPhrase></VerbPhrase><CC>and</CC><VerbPhrase><VBD>degreased</VBD><PrepPhrase><IN-WITH>with</IN-WITH><NounPhrase><MOLECULE><OSCARCM><OSCAR-CM>acetone</OSCAR-CM></OSCARCM></MOLECULE></NounPhrase></PrepPhrase></VerbPhrase><COMMA>,</COMMA><RB-CONJ>then</RB-CONJ><ActionPhrase type="Dry"><NounPhrase><DT-THE>the</DT-THE><NNS>coatings</NNS></NounPhrase><VerbPhrase><VBD>were</VBD><VBN>sprayed</VBN><VBG>following</VBG><VBD>recommended</VBD><VB-DRY>dry</VB-DRY></VerbPhrase><NounPhrase><NN>film</NN><NN>thickness</NN></NounPhrase></ActionPhrase><STOP>.</STOP></Sentence></Document>
<?xml version="1.0" encoding="UTF-8"?>
<Document><Sentence><PrepPhrase><IN-IN>In</IN-IN><NounPhrase><CaptionLabel><NNP-LABEL>Table</NNP-LABEL><CD>2</CD></CaptionLabel></NounPhrase></PrepPhrase><COMMA>,</COMMA><NounPhrase><DT-THE>the</DT-THE><JJ>mechanical</JJ><NNS>properties</NNS><PrepPhrase><IN-OF>of</IN-OF><NounPhrase><DT-THE>the</DT-THE><JJ-CHEM>selected</JJ-CHEM><NNS>coatings</NNS></NounPhrase></PrepPhrase></NounPhrase><VerbPhrase><VBD>were</VBD><VBN>summarized</VBN></VerbPhrase><STOP>.</STOP></Sentence></Document>
<?xml version="1.0" encoding="UTF-8"?>
<Document><Sentence><NounPhrase><PROCEDURE><_-LRB->(</_-LRB-><NN-IDENTIFIER>a</NN-IDENTIFIER><_-RRB->)</_-RRB-></PROCEDURE></NounPhrase></Sentence><Sentence><NounPhrase><UNNAMEDMOLECULE><REFERENCETOCOMPOUND><_-LRB->(</_-LRB-><NN-IDENTIFIER>b</NN-IDENTIFIER><_-RRB->)</_-RRB-></REFERENCETOCOMPOUND></UNNAMEDMOLECULE><NNP-LABEL>Fig.</NNP-LABEL></NounPhrase></Sentence></Document>
<?xml version="1.0" encoding="UTF-8"?>
<Document><Sentence><NounPhrase><PROCEDURE><CD>5</CD></PROCEDURE><STOP>.</STOP></NounPhrase></Sentence></Document>
<?xml version="1.0" encoding="UTF-8"?>
<Document><Sentence><NounPhrase><NNP>Dimension</NNP></NounPhrase><VerbPhrase><IN-OF>of</IN-OF><VBG>mounting</VBG><VBN>set</VBN><PrepPhrase><IN-FOR>for</IN-FOR><NounPhrase><NN>cavitation</NN><NN>erosion</NN><NN>test</NN></NounPhrase></PrepPhrase></VerbPhrase><STOP>;</STOP></Sentence><Sentence><NounPhrase><UNNAMEDMOLECULE><REFERENCETOCOMPOUND><_-LRB->(</_-LRB-><NN-IDENTIFIER>a</NN-IDENTIFIER><_-RRB->)</_-RRB-></REFERENCETOCOMPOUND></UNNAMEDMOLECULE><NN>ultra</NN><NN>sonar</NN><COMMA>,</COMMA><MOLECULE><MIXTURE><_-LRB->(</_-LRB-><REFERENCETOCOMPOUND><NN-IDENTIFIER>b</NN-IDENTIFIER></REFERENCETOCOMPOUND><_-RRB->)</_-RRB-></MIXTURE><OSCARCM><OSCAR-CM>water-jet</OSCAR-CM><OSCAR-CM>H</OSCAR-CM></OSCARCM></MOLECULE></NounPhrase><STOP>.</STOP></Sentence><Sentence><NounPhrase><PRP>I</PRP></NounPhrase><STOP>.</STOP></Sentence><Sentence><NounPhrase><NNP>LEE</NNP></NounPhrase><COMMA>,</COMMA><Unmatched><NN-MOLAR>M</NN-MOLAR></Unmatched><STOP>.</STOP></Sentence><Sentence><NounPhrase><NNP>S</NNP></NounPhrase><STOP>.</STOP></Sentence><Sentence><NounPhrase><NNP>HAN</NNP><COMMA>,</COMMA><NN-TEMP>K</NN-TEMP></NounPhrase><STOP>.</STOP></Sentence><Sentence><NounPhrase><NN-TEMP>K</NN-TEMP></NounPhrase><STOP>.</STOP></Sentence><Sentence><NounPhrase><NNP>BAEK</NNP><COMMA>,</COMMA><NNP>C</NNP></NounPhrase><STOP>.</STOP></Sentence><Sentence><NounPhrase><MOLECULE><OSCARCM><OSCAR-CM>H</OSCAR-CM></OSCARCM></MOLECULE></NounPhrase><STOP>.</STOP></Sentence><Sentence><NounPhrase><NNP>LEE</NNP><COMMA>,</COMMA><NNP>C</NNP></NounPhrase><STOP>.</STOP></Sentence><Sentence><NounPhrase><NNP>S</NNP></NounPhrase><STOP>.</STOP></Sentence><Sentence><NounPhrase><NNP>SHIN</NNP></NounPhrase><COMMA>,</COMMA><CC>AND</CC><Unmatched><NN-MOLAR>M</NN-MOLAR></Unmatched><STOP>.</STOP></Sentence><Sentence><NounPhrase><NN-TEMP>K</NN-TEMP></NounPhrase><STOP>.</STOP></Sentence><Sentence><NounPhrase><NNP>CHUNG</NNP><CD>278</CD><MOLECULE><OSCARCM><OSCAR-CM>CORROSION</OSCAR-CM></OSCARCM></MOLECULE><NNP>SCIENCE</NNP><CC>AND</CC><MOLECULE><OSCARCM><OSCAR-CM>TECHNOLOGY</OSCAR-CM></OSCARCM></MOLECULE><NNPS>Vol.7</NNPS><COMMA>,</COMMA><MOLECULE><OSCARCM><OSCAR-CM>No.5</OSCAR-CM></OSCARCM></MOLECULE><COMMA>,</COMMA><CD>2008</CD><CaptionLabel><NNP-LABEL>Table</NNP-LABEL><CD>2</CD></CaptionLabel></NounPhrase><STOP>.</STOP></Sentence></Document>
<?xml version="1.0" encoding="UTF-8"?>
<Document><Sentence><NounPhrase><JJ>Mechanical</JJ><NNS>properties</NNS><PrepPhrase><IN-OF>of</IN-OF><NounPhrase><NNS>coatings</NNS></NounPhrase></PrepPhrase></NounPhrase><PrepPhrase><IN-FOR>for</IN-FOR><NounPhrase><NN>anti-cavitation</NN><NN>erosion</NN><NN>test</NN><NN-CHEMENTITY>Materials</NN-CHEMENTITY><JJ>Type</JJ><NNP>Coating</NNP><NNP>Thickness</NNP><COMMA>,</COMMA><CD>mm</CD><NNP>Hardness</NNP><CD>HV0.5</CD><NNP>Density</NNP><NNP>㎎/㎣Recommen-dation</NNP><NNP>Measure-ment</NNP><NNS>STS</NNS><UNNAMEDMOLECULE><QUANTITY><VOLUME><CD>316</CD><NN-VOL>L--210~230</NN-VOL></VOLUME></QUANTITY><REFERENCETOCOMPOUND><CD>7.98</CD></REFERENCETOCOMPOUND></UNNAMEDMOLECULE><NNS>TS_STS</NNS><UNNAMEDMOLECULE><QUANTITY><VOLUME><CD>316</CD><NN-VOL>L</NN-VOL></VOLUME></QUANTITY><REFERENCETOCOMPOUND><CD>0.4~0.5</CD></REFERENCETOCOMPOUND></UNNAMEDMOLECULE><CD>0.40~0.45</CD><CD>230~250</CD><JJ>7.4706*</JJ><NNP>TS_Self</NNP><NNP>Flux</NNP><CD>0.4~0.5</CD><CD>0.45~0.55</CD><CD>630~670</CD><JJ>6.8436**</JJ><JJ>TS_Amorphous</JJ><CD>0.4~0.5</CD><CD>0.55~0.60</CD><CD>720~780</CD><JJ>6.3648**</JJ><JJ>Conventional</JJ><CD>0.75~0.85</CD><CD>0.65~0.70</CD><NNP>HSA</NNP><CD>90</CD><CD>1.5</CD><JJ>Elastomer</JJ><CD>1.6</CD><CD>1.60~1.70</CD><NNP>HSA</NNP><CD>80</CD><CD>1.13</CD><JJ>Special</JJ><JJ>Epoxy</JJ><CD>0.75~0.85</CD><CD>0.75~0.80</CD><NNP>HSA</NNP><CD>93</CD><CD>1.325</CD><MOLECULE><OSCARCM><OSCAR-CM>Silicon</OSCAR-CM></OSCARCM></MOLECULE><NNS>AF</NNS><CD>0.60</CD><CD>0.55~0.60</CD></NounPhrase></PrepPhrase><PrepPhrase><IN>HSA</IN><NounPhrase><CD>84</CD><UNNAMEDMOLECULE><REFERENCETOCOMPOUND><CD>1.6</CD></REFERENCETOCOMPOUND><QUANTITY><PERCENT><CD>*97</CD><NN-PERCENT>%</NN-PERCENT></PERCENT></QUANTITY></UNNAMEDMOLECULE><PrepPhrase><IN-OF>of</IN-OF><NounPhrase><JJ>theoretical</JJ><NN>density</NN><NN>**98</NN></NounPhrase></PrepPhrase></NounPhrase></PrepPhrase><Unmatched><NN-PERCENT>%</NN-PERCENT></Unmatched><PrepPhrase><IN-OF>of</IN-OF><NounPhrase><JJ>theoretical</JJ><NN>density</NN><CD>4</CD></NounPhrase></PrepPhrase><STOP>.</STOP></Sentence></Document>
<?xml version="1.0" encoding="UTF-8"?>
<Document/>
