<?xml version="1.0" encoding="UTF-8"?>
<Document><Sentence><NounPhrase><MOLECULE><OSCARCM><OSCAR-CM>EXPERIMENTAL</OSCAR-CM></OSCARCM><REFERENCETOCOMPOUND><CD>2.1</CD></REFERENCETOCOMPOUND></MOLECULE></NounPhrase><STOP>.</STOP></Sentence></Document>
<?xml version="1.0" encoding="UTF-8"?>
<Document><Sentence><ActionPhrase type="Synthesize"><NounPhrase><NN-SYNTHESIZE>Synthesis</NN-SYNTHESIZE><PrepPhrase><IN-OF>of</IN-OF><NounPhrase><MOLECULE><OSCARCM><OSCAR-CM>45S5</OSCAR-CM></OSCARCM><NN-STATE>bioactive-glass</NN-STATE></MOLECULE></NounPhrase></PrepPhrase></NounPhrase><PrepPhrase><IN-VIA>via</IN-VIA><NounPhrase><NN-CHEMENTITY>sol-gel</NN-CHEMENTITY><PROCEDURE><NN-METHOD>technique</NN-METHOD></PROCEDURE></NounPhrase></PrepPhrase><NounPhrase><DT-THE>The</DT-THE><JJ-CHEM>chemical</JJ-CHEM><NN>composition</NN><PrepPhrase><IN-OF>of</IN-OF><NounPhrase><MOLECULE><OSCARCM><OSCAR-CM>45S5</OSCAR-CM></OSCARCM></MOLECULE><NN>bioglass</NN></NounPhrase></PrepPhrase></NounPhrase></ActionPhrase><VerbPhrase><VBZ>is</VBZ><VBN>presented</VBN><PrepPhrase><IN-IN>in</IN-IN><NounPhrase><CaptionLabel><NNP-LABEL>Table</NNP-LABEL><CD>1</CD></CaptionLabel></NounPhrase></PrepPhrase><PrepPhrase><IN-IN>In</IN-IN><NounPhrase><NN>order</NN></NounPhrase></PrepPhrase></VerbPhrase><ActionPhrase type="Synthesize"><VerbPhrase><TO>to</TO><VB-SYNTHESIZE>synthesize</VB-SYNTHESIZE></VerbPhrase><NounPhrase><MOLECULE><OSCARCM><OSCAR-CM>45S5</OSCAR-CM></OSCARCM></MOLECULE><NN>bioglass</NN></NounPhrase><PrepPhrase><IN-VIA>via</IN-VIA><NounPhrase><NN-CHEMENTITY>sol-gel</NN-CHEMENTITY><PROCEDURE><NN-METHOD>method</NN-METHOD></PROCEDURE></NounPhrase></PrepPhrase></ActionPhrase><COMMA>,</COMMA><ActionPhrase type="Add"><Unmatched><RB>initially</RB></Unmatched><Unmatched><COMMA>,</COMMA></Unmatched><NounPhrase><CD>102.88</CD><NN>cm</NN><CD>3</CD><PrepPhrase><IN-OF>of</IN-OF><NounPhrase><MOLECULE><OSCARCM><OSCAR-CM>tetraethoxysilane</OSCAR-CM></OSCARCM><MIXTURE><_-LRB->(</_-LRB-><OSCARCM><OSCAR-CM>TEOS</OSCAR-CM></OSCARCM><_-RRB->)</_-RRB-></MIXTURE></MOLECULE></NounPhrase></PrepPhrase></NounPhrase><VerbPhrase><VBD>was</VBD><VB-ADD>added</VB-ADD><PrepPhrase><TO>to</TO><NounPhrase><CD>50</CD><NN>cm</NN><CD>3</CD><PrepPhrase><IN-OF>of</IN-OF><NounPhrase><MOLECULE><QUANTITY><MOLAR><CD>0.1</CD><NN-MOLAR>M</NN-MOLAR></MOLAR></QUANTITY><OSCARCM><OSCAR-CM>nitric</OSCAR-CM><OSCAR-CM>acid</OSCAR-CM></OSCARCM></MOLECULE></NounPhrase></PrepPhrase></NounPhrase></PrepPhrase></VerbPhrase></ActionPhrase><COMMA>,</COMMA><CC>and</CC><RB-CONJ>then</RB-CONJ><ActionPhrase type="ApparatusAction"><VerbPhrase><VB-SUSPEND>placed</VB-SUSPEND><PrepPhrase><IN-ON>on</IN-ON><NounPhrase><MultipleApparatus><APPARATUS><DT>a</DT><NN-APPARATUS>stirrer</NN-APPARATUS></APPARATUS></MultipleApparatus></NounPhrase></PrepPhrase><PrepPhrase><IN-FOR>for</IN-FOR><NounPhrase><DT-THE>the</DT-THE><JJ-CHEM>hydrolysis</JJ-CHEM><NN>process</NN></NounPhrase></PrepPhrase></VerbPhrase></ActionPhrase><VerbPhrase><TO>to</TO><VB>be</VB><VBN>performed</VBN></VerbPhrase><STOP>.</STOP></Sentence></Document>
<?xml version="1.0" encoding="UTF-8"?>
<Document><Sentence><PrepPhrase><IN>At</IN><NounPhrase><DT>this</DT><PROCEDURE><NN-METHOD>stage</NN-METHOD></PROCEDURE><COMMA>,</COMMA><MOLECULE><OSCARCM><OSCAR-CM>nitric</OSCAR-CM><OSCAR-CM>acid</OSCAR-CM></OSCARCM></MOLECULE></NounPhrase></PrepPhrase><VerbPhrase><VBD>was</VBD><VBN>used</VBN><PrepPhrase><IN-AS>as</IN-AS><NounPhrase><DT-THE>the</DT-THE><JJ>sol</JJ><NN>environment</NN><CC>and</CC><MOLECULE><OSCARCM><OSCAR-CM>TEOS</OSCAR-CM></OSCARCM></MOLECULE></NounPhrase></PrepPhrase></VerbPhrase><VerbPhrase><VBD>was</VBD><VBN>utilized</VBN><PrepPhrase><IN-AS>as</IN-AS><NounPhrase><DT>a</DT><NN>source</NN></NounPhrase></PrepPhrase><PrepPhrase><TO>to</TO><NounPhrase><RB>supply</RB><MOLECULE><OSCARCM><OSCAR-CM>SiO2</OSCAR-CM></OSCARCM></MOLECULE></NounPhrase></PrepPhrase></VerbPhrase><STOP>.</STOP></Sentence></Document>
<?xml version="1.0" encoding="UTF-8"?>
<Document><Sentence><ActionPhrase type="Add"><Unmatched><RB-CONJ>Then</RB-CONJ></Unmatched><Unmatched><COMMA>,</COMMA></Unmatched><NounPhrase><CD>8.861</CD><NN>cm</NN><CD>3</CD><PrepPhrase><IN-OF>of</IN-OF><NounPhrase><MOLECULE><OSCARCM><OSCAR-CM>triethylphosphate</OSCAR-CM></OSCARCM><MIXTURE><_-LRB->(</_-LRB-><OSCARCM><OSCAR-CM>TEP</OSCAR-CM></OSCARCM><_-RRB->)</_-RRB-></MIXTURE></MOLECULE></NounPhrase></PrepPhrase></NounPhrase><VerbPhrase><VBD>was</VBD><VB-ADD>added</VB-ADD><PrepPhrase><TO>to</TO><NounPhrase><DT-THE>the</DT-THE><NN>system</NN></NounPhrase></PrepPhrase><PrepPhrase><IN-AS>as</IN-AS><NounPhrase><DT-THE>the</DT-THE><MOLECULE><OSCARCM><OSCAR-CM>P2O5</OSCAR-CM></OSCARCM></MOLECULE></NounPhrase></PrepPhrase></VerbPhrase><RB>supply</RB></ActionPhrase><COMMA>,</COMMA><ActionPhrase type="Stir"><NounPhrase><WDT>which</WDT></NounPhrase><VerbPhrase><VBD>was</VBD><RB-CONJ>then</RB-CONJ><VB-STIR>stirred</VB-STIR><TimePhrase><IN-FOR>for</IN-FOR><CD>45</CD><NN-TIME>min</NN-TIME></TimePhrase></VerbPhrase></ActionPhrase><STOP>.</STOP></Sentence></Document>
<?xml version="1.0" encoding="UTF-8"?>
<Document><Sentence><ActionPhrase type="Add"><NounPhrase><DT-THE>The</DT-THE><NN>process</NN></NounPhrase><VerbPhrase><VBD>was</VBD><VBN>continued</VBN><PrepPhrase><IN-BY>by</IN-BY><NounPhrase><NN-ADD>addition</NN-ADD><PrepPhrase><IN-OF>of</IN-OF><NounPhrase><MOLECULE><QUANTITY><MASS><CD>63.52</CD><NN-MASS>g</NN-MASS></MASS></QUANTITY><IN-OF>of</IN-OF><OSCARCM><OSCAR-CM>calcium</OSCAR-CM><OSCAR-CM>nitrate</OSCAR-CM><OSCAR-CM>tetrahydrate</OSCAR-CM></OSCARCM><NN-STATE>powder</NN-STATE></MOLECULE><COMMA>,</COMMA><WDT>which</WDT></NounPhrase></PrepPhrase></NounPhrase></PrepPhrase></VerbPhrase></ActionPhrase><VerbPhrase><VBD>was</VBD><RB>previously</RB><VBN>solved</VBN><PrepPhrase><IN-IN>in</IN-IN><MOLECULE><JJ-CHEM>distilled</JJ-CHEM><OSCARCM><OSCAR-CM>water</OSCAR-CM></OSCARCM></MOLECULE></PrepPhrase><PrepPhrase><IN-AS>as</IN-AS><NounPhrase><DT-THE>the</DT-THE><MOLECULE><OSCARCM><OSCAR-CM>CaO</OSCAR-CM></OSCARCM></MOLECULE></NounPhrase></PrepPhrase></VerbPhrase><RB>supply</RB><COMMA>,</COMMA><CC>and</CC><ActionPhrase type="Stir"><TimePhrase><RB>again</RB><DT>a</DT><CD>45</CD><NN-TIME>min</NN-TIME><NN-TIME>period</NN-TIME></TimePhrase><VerbPhrase><IN-OF>of</IN-OF><VB-STIR>stirring</VB-STIR></VerbPhrase></ActionPhrase><STOP>.</STOP></Sentence></Document>
<?xml version="1.0" encoding="UTF-8"?>
<Document><Sentence><ActionPhrase type="Add"><NounPhrase><DT-THE>The</DT-THE><JJ>last</JJ><PROCEDURE><NN-METHOD>stage</NN-METHOD></PROCEDURE></NounPhrase><VerbPhrase><VBD>was</VBD><VB-ADD>adding</VB-ADD></VerbPhrase><NounPhrase><MOLECULE><QUANTITY><MASS><CD>25.864</CD><NN-MASS>g</NN-MASS></MASS></QUANTITY><IN-OF>of</IN-OF><OSCARCM><OSCAR-CM>sodium</OSCAR-CM><OSCAR-CM>carbonate</OSCAR-CM></OSCARCM></MOLECULE></NounPhrase><Unmatched><_-LRB->(</_-LRB-></Unmatched><PrepPhrase><IN-AS>as</IN-AS><NounPhrase><MOLECULE><OSCARCM><OSCAR-CM>Na2O</OSCAR-CM></OSCARCM></MOLECULE></NounPhrase></PrepPhrase><RB>supply</RB></ActionPhrase><COMMA>,</COMMA><VerbPhrase><RB>previously</RB><VBN>solved</VBN><PrepPhrase><IN-IN>in</IN-IN><MOLECULE><JJ-CHEM>distilled</JJ-CHEM><OSCARCM><OSCAR-CM>water</OSCAR-CM></OSCARCM></MOLECULE></PrepPhrase></VerbPhrase><Unmatched><_-RRB->)</_-RRB-></Unmatched><Unmatched><CC>and</CC></Unmatched><VerbPhrase><VB-SUSPEND>placing</VB-SUSPEND></VerbPhrase><NounPhrase><DT-THE>the</DT-THE><JJ>whole</JJ><NN>system</NN></NounPhrase><PrepPhrase><IN-ON>on</IN-ON><NounPhrase><MultipleApparatus><APPARATUS><DT>a</DT><NN-APPARATUS>stirrer</NN-APPARATUS></APPARATUS></MultipleApparatus></NounPhrase></PrepPhrase><TimePhrase><IN-FOR>for</IN-FOR><CD>1</CD><NN-TIME>h</NN-TIME></TimePhrase><ActionPhrase type="Synthesize"><PrepPhrase><IN-FOR>for</IN-FOR><NounPhrase><JJ>complete</JJ><NN-SYNTHESIZE>hydrolysis</NN-SYNTHESIZE><NNS>reactions</NNS></NounPhrase></PrepPhrase></ActionPhrase><VerbPhrase><TO>to</TO><VB>occur</VB></VerbPhrase><STOP>.</STOP></Sentence></Document>
<?xml version="1.0" encoding="UTF-8"?>
<Document><Sentence><Unmatched><DT-THE>The</DT-THE></Unmatched><Unmatched><NN-MOLAR>molar</NN-MOLAR></Unmatched><NounPhrase><NN>ratio</NN><PrepPhrase><IN-OF>of</IN-OF><NounPhrase><MOLECULE><OSCARCM><OSCAR-CM>water</OSCAR-CM></OSCARCM></MOLECULE></NounPhrase></PrepPhrase></NounPhrase><PrepPhrase><TO>to</TO><NounPhrase><MOLECULE><OSCARCM><OSCAR-CM>TEOS</OSCAR-CM></OSCARCM><MIXTURE><_-LRB->(</_-LRB-><OSCARCM><OSCAR-CM>H2O</OSCAR-CM></OSCARCM><COLON>:</COLON><OSCARCM><OSCAR-CM>TEOS</OSCAR-CM></OSCARCM><_-RRB->)</_-RRB-></MIXTURE></MOLECULE></NounPhrase></PrepPhrase><VerbPhrase><VBD>was</VBD><VBN>chosen</VBN></VerbPhrase><Unmatched><IN-AS>as</IN-AS></Unmatched><PrepPhrase><JJ>equal</JJ><TO>to</TO><NounPhrase><RATIO><CD>12</CD><COLON>:</COLON><CD>1</CD></RATIO></NounPhrase></PrepPhrase><STOP>.</STOP></Sentence></Document>
<?xml version="1.0" encoding="UTF-8"?>
<Document><Sentence><ActionPhrase type="Wait"><NounPhrase><DT-THE>The</DT-THE><JJ-CHEM>obtained</JJ-CHEM><NN>sol</NN></NounPhrase><VerbPhrase><VBD>was</VBD><VBN>put</VBN><PrepPhrase><IN-IN>in</IN-IN><NounPhrase><MultipleApparatus><APPARATUS><DT>an</DT><NN-APPARATUS>oven</NN-APPARATUS></APPARATUS></MultipleApparatus></NounPhrase></PrepPhrase><TimePhrase><IN-FOR>for</IN-FOR><CD>6</CD><NN-TIME>h</NN-TIME></TimePhrase><TempPhrase><IN>at</IN><CD>60</CD><NN-TEMP>°C</NN-TEMP></TempPhrase><COMMA>,</COMMA><PrepPhrase><IN-IN>in</IN-IN><NounPhrase><NN>order</NN></NounPhrase></PrepPhrase></VerbPhrase></ActionPhrase><VerbPhrase><TO>to</TO><VB>approach</VB><PrepPhrase><TO>to</TO><NounPhrase><DT-THE>the</DT-THE><NN-CHEMENTITY>gel</NN-CHEMENTITY><NN>state</NN></NounPhrase></PrepPhrase></VerbPhrase><CC>and</CC><VerbPhrase><VB>become</VB><JJ>suitable</JJ><PrepPhrase><IN-FOR>for</IN-FOR><NounPhrase><NN>coating</NN></NounPhrase></PrepPhrase><PrepPhrase><IN-ON>on</IN-ON><NounPhrase><DT-THE>the</DT-THE><NN>surface</NN><PrepPhrase><IN-OF>of</IN-OF><NounPhrase><NN>steel</NN><NNS>samples</NNS></NounPhrase></PrepPhrase></NounPhrase></PrepPhrase></VerbPhrase><STOP>.</STOP></Sentence></Document>
<?xml version="1.0" encoding="UTF-8"?>
<Document><Sentence><NounPhrase><PROCEDURE><CD>2.2</CD></PROCEDURE><STOP>.</STOP></NounPhrase></Sentence></Document>
<?xml version="1.0" encoding="UTF-8"?>
<Document><Sentence><ActionPhrase type="Synthesize"><NounPhrase><NN-SYNTHESIZE>Synthesis</NN-SYNTHESIZE><PrepPhrase><IN-OF>of</IN-OF><NounPhrase><MOLECULE><OSCARCM><OSCAR-CM>45S5</OSCAR-CM></OSCARCM><NN-STATE>bioactive-glass</NN-STATE></MOLECULE></NounPhrase></PrepPhrase></NounPhrase></ActionPhrase><VerbPhrase><IN-VIA>via</IN-VIA><VBG>melting</VBG></VerbPhrase><NounPhrase><PROCEDURE><NN-METHOD>technique</NN-METHOD></PROCEDURE></NounPhrase><PrepPhrase><IN-IN>In</IN-IN><NounPhrase><NN>order</NN></NounPhrase></PrepPhrase><ActionPhrase type="Yield"><VerbPhrase><TO>to</TO><VB-YIELD>produce</VB-YIELD></VerbPhrase><NounPhrase><MOLECULE><OSCARCM><OSCAR-CM>45S5</OSCAR-CM></OSCARCM></MOLECULE><NN>bioglass</NN></NounPhrase></ActionPhrase><VerbPhrase><IN-VIA>via</IN-VIA><VBG>melting</VBG></VerbPhrase><NounPhrase><PROCEDURE><NN-METHOD>technique</NN-METHOD></PROCEDURE></NounPhrase><PrepPhrase><IN-WITH>with</IN-WITH><NounPhrase><DT-THE>the</DT-THE><JJ-CHEM>chemical</JJ-CHEM><NN>composition</NN></NounPhrase></PrepPhrase><VerbPhrase><VBD>mentioned</VBD><PrepPhrase><IN-IN>in</IN-IN><NounPhrase><CaptionLabel><NNP-LABEL>Table</NNP-LABEL><CD>1</CD></CaptionLabel><COMMA>,</COMMA><MOLECULE><OSCARCM><OSCAR-CM>SiO2</OSCAR-CM></OSCARCM></MOLECULE><COMMA>,</COMMA><MOLECULE><OSCARCM><OSCAR-CM>P2O5</OSCAR-CM></OSCARCM></MOLECULE><COMMA>,</COMMA><MOLECULE><OSCARCM><OSCAR-CM>CaCO3</OSCAR-CM></OSCARCM></MOLECULE><CC>and</CC><MOLECULE><OSCARCM><OSCAR-CM>Na2CO3</OSCAR-CM></OSCARCM><NN-STATE>powders</NN-STATE></MOLECULE></NounPhrase></PrepPhrase></VerbPhrase><VerbPhrase><VBD>were</VBD><VBN>blended</VBN><RB>homogenously</RB></VerbPhrase><STOP>.</STOP></Sentence></Document>
<?xml version="1.0" encoding="UTF-8"?>
<Document><Sentence><ActionPhrase type="Wait"><NounPhrase><DT-THE>The</DT-THE><JJ-CHEM>obtained</JJ-CHEM><NN>blend</NN></NounPhrase><VerbPhrase><VBD>was</VBD><VBN>decarburized</VBN><TempPhrase><IN>at</IN><CD>900</CD><NN-TEMP>°C</NN-TEMP></TempPhrase><TimePhrase><IN-FOR>for</IN-FOR><CD>2</CD><NN-TIME>h</NN-TIME></TimePhrase></VerbPhrase></ActionPhrase><COMMA>,</COMMA><CC>and</CC><RB-CONJ>then</RB-CONJ><ActionPhrase type="Wait"><VerbPhrase><VBN>melted</VBN><PrepPhrase><IN-IN>in</IN-IN><NounPhrase><DT>an</DT><MOLECULE><OSCARCM><OSCAR-CM>alumina</OSCAR-CM></OSCARCM></MOLECULE><NN>plant</NN></NounPhrase></PrepPhrase><TempPhrase><IN>at</IN><CD>1350</CD><NN-TEMP>°C</NN-TEMP></TempPhrase><TimePhrase><IN-FOR>for</IN-FOR><CD>2.5</CD><NN-TIME>h</NN-TIME></TimePhrase></VerbPhrase></ActionPhrase><CC>and</CC><RB-CONJ>then</RB-CONJ><ActionPhrase type="Quench"><VerbPhrase><VB-QUENCH>quenched</VB-QUENCH><PrepPhrase><IN-IN>in</IN-IN><MOLECULE><OSCARCM><OSCAR-CM>water</OSCAR-CM></OSCARCM></MOLECULE></PrepPhrase><TempPhrase><IN>at</IN><NN-TEMP>room</NN-TEMP><NN-TEMP>temperature</NN-TEMP></TempPhrase></VerbPhrase></ActionPhrase><STOP>.</STOP></Sentence></Document>
<?xml version="1.0" encoding="UTF-8"?>
<Document><Sentence><Unmatched><RB>Afterwards</RB></Unmatched><Unmatched><COMMA>,</COMMA></Unmatched><NounPhrase><DT-THE>the</DT-THE><JJ-CHEM>produced</JJ-CHEM><MOLECULE><OSCARCM><OSCAR-CM>45S5</OSCAR-CM></OSCARCM></MOLECULE><NN>bioglass</NN></NounPhrase><VerbPhrase><VBD>was</VBD><VBN>milled</VBN><VB-USE>using</VB-USE><JJ>planetary</JJ></VerbPhrase><NounPhrase><NN>milling</NN><MIXTURE><_-LRB->(</_-LRB-><MOLECULE><OSCARCM><OSCAR-CM>SVD15IG5-1</OSCAR-CM></OSCARCM></MOLECULE><COMMA>,</COMMA><JJ>LG</JJ><NNP>Company</NNP><_-RRB->)</_-RRB-></MIXTURE></NounPhrase><TimePhrase><IN-FOR>for</IN-FOR><CD>12</CD><NN-TIME>h</NN-TIME></TimePhrase><PrepPhrase><IN-WITH>with</IN-WITH><NounPhrase><CD>1500</CD><JJ>rpm</JJ><NN>velocity</NN></NounPhrase></PrepPhrase><PrepPhrase><IN-IN>in</IN-IN><NounPhrase><NN>order</NN></NounPhrase></PrepPhrase><VerbPhrase><TO>to</TO><VB>gain</VB></VerbPhrase><NounPhrase><DT-THE>the</DT-THE><NN-STATE>bioactive-glass</NN-STATE><NN-STATE>powder</NN-STATE></NounPhrase><STOP>.</STOP></Sentence></Document>
<?xml version="1.0" encoding="UTF-8"?>
<Document><Sentence><NounPhrase><DT-THE>The</DT-THE><JJ>fabricated</JJ><NN-STATE>powder</NN-STATE></NounPhrase><VerbPhrase><VBD>was</VBD><VBN>screened</VBN></VerbPhrase><VerbPhrase><TO>to</TO><VB>achieve</VB></VerbPhrase><NounPhrase><DT>a</DT><JJ>maximum</JJ><JJ-CHEM>particle</JJ-CHEM><NN>size</NN><PrepPhrase><IN-OF>of</IN-OF><NounPhrase><CD>38</CD><NN>µm</NN></NounPhrase></PrepPhrase></NounPhrase><STOP>.</STOP></Sentence></Document>
<?xml version="1.0" encoding="UTF-8"?>
<Document><Sentence><NounPhrase><PROCEDURE><CD>2.3</CD></PROCEDURE><STOP>.</STOP></NounPhrase></Sentence></Document>
<?xml version="1.0" encoding="UTF-8"?>
<Document><Sentence><NounPhrase><NNS>Substrates</NNS><CC>and</CC><NNS>coatings</NNS></NounPhrase><PrepPhrase><IN-IN>In</IN-IN><NounPhrase><DT>this</DT><NN>research</NN><COMMA>,</COMMA><CD>304</CD><MOLECULE><OSCARCM><OSCAR-CM>SS</OSCAR-CM></OSCARCM></MOLECULE><NNS>sheets</NNS></NounPhrase></PrepPhrase><PrepPhrase><IN-IN>in</IN-IN><NounPhrase><CD>2</CD><SYM>×</SYM><CD>2</CD><SYM>×</SYM><CD>0.3</CD><NN>cm</NN><NNS>dimensions</NNS></NounPhrase></PrepPhrase><VerbPhrase><VBD>were</VBD><VBN>used</VBN><PrepPhrase><IN-AS>as</IN-AS><NounPhrase><NNS>substrates</NNS></NounPhrase></PrepPhrase></VerbPhrase><STOP>.</STOP></Sentence></Document>
<?xml version="1.0" encoding="UTF-8"?>
<Document><Sentence><VerbPhrase><IN-BEFORE>Before</IN-BEFORE><VBG>applying</VBG></VerbPhrase><NounPhrase><DT-THE>the</DT-THE><JJ-CHEM>coating</JJ-CHEM><NN-CHEMENTITY>layers</NN-CHEMENTITY></NounPhrase><PrepPhrase><IN-ON>on</IN-ON><NounPhrase><DT-THE>the</DT-THE><NNS>surfaces</NNS><PrepPhrase><IN-OF>of</IN-OF><NounPhrase><NNS>samples</NNS></NounPhrase></PrepPhrase></NounPhrase></PrepPhrase><COMMA>,</COMMA><NounPhrase><DT-THE>the</DT-THE><NNS>specimens</NNS></NounPhrase><VerbPhrase><VBD>were</VBD></VerbPhrase><NounPhrase><NN>sand</NN></NounPhrase><VerbPhrase><VBN>blasted</VBN></VerbPhrase><CC>and</CC><RB-CONJ>then</RB-CONJ><VerbPhrase><VBD>shot</VBD></VerbPhrase><NounPhrase><NNP>Int</NNP></NounPhrase><STOP>.</STOP></Sentence></Document>
<?xml version="1.0" encoding="UTF-8"?>
<Document><Sentence><NounPhrase><PROCEDURE><NN-IDENTIFIER>J</NN-IDENTIFIER></PROCEDURE><STOP>.</STOP></NounPhrase></Sentence><Sentence><NounPhrase><NNP>Electrochem</NNP></NounPhrase><STOP>.</STOP></Sentence></Document>
<?xml version="1.0" encoding="UTF-8"?>
<Document><Sentence><NounPhrase><NNP>Sci</NNP></NounPhrase><STOP>.</STOP></Sentence><Sentence><Unmatched><COMMA>,</COMMA></Unmatched></Sentence></Document>
<?xml version="1.0" encoding="UTF-8"?>
<Document/>
<?xml version="1.0" encoding="UTF-8"?>
<Document><Sentence><NounPhrase><CD>7</CD><COMMA>,</COMMA><CD>2012</CD><CD>2893</CD></NounPhrase><VerbPhrase><VBD>blasted</VBD></VerbPhrase><VerbPhrase><TO>to</TO><VB>improve</VB></VerbPhrase><NounPhrase><DT-THE>the</DT-THE><NN>roughness</NN><PrepPhrase><IN-OF>of</IN-OF><NounPhrase><NNS>surfaces</NNS></NounPhrase></PrepPhrase></NounPhrase><STOP>.</STOP></Sentence></Document>
<?xml version="1.0" encoding="UTF-8"?>
<Document><Sentence><Unmatched><RB>Afterwards</RB></Unmatched><Unmatched><COMMA>,</COMMA></Unmatched><NounPhrase><PRP>they</PRP></NounPhrase><VerbPhrase><VBD>were</VBD><VBN>cleaned</VBN></VerbPhrase><VerbPhrase><IN-BY>by</IN-BY><VBG>immersing</VBG><PrepPhrase><IN-IN>in</IN-IN><MOLECULE><OSCARCM><OSCAR-CM>ethanol</OSCAR-CM></OSCARCM></MOLECULE></PrepPhrase></VerbPhrase><VerbPhrase><TO>to</TO><VB>become</VB><JJ>ready</JJ><PrepPhrase><IN-FOR>for</IN-FOR><NounPhrase><NN>coating</NN></NounPhrase></PrepPhrase></VerbPhrase><STOP>.</STOP></Sentence></Document>
<?xml version="1.0" encoding="UTF-8"?>
<Document><Sentence><NounPhrase><CaptionLabel><NNP-LABEL>Table</NNP-LABEL><CD>1</CD></CaptionLabel></NounPhrase><STOP>.</STOP></Sentence></Document>
<?xml version="1.0" encoding="UTF-8"?>
<Document><Sentence><NounPhrase><NNP>Chemical</NNP><NN>composition</NN><PrepPhrase><IN-OF>of</IN-OF><NounPhrase><MOLECULE><OSCARCM><OSCAR-CM>45S5</OSCAR-CM></OSCARCM><NN-STATE>bioactive-glass</NN-STATE></MOLECULE></NounPhrase></PrepPhrase></NounPhrase><PrepPhrase><IN-IN>in</IN-IN><NounPhrase><NN-AMOUNT>mole</NN-AMOUNT><CC>and</CC><NN>weight</NN><NN>percent</NN></NounPhrase></PrepPhrase><STOP>.</STOP></Sentence></Document>
<?xml version="1.0" encoding="UTF-8"?>
<Document><Sentence><NounPhrase><MOLECULE><OSCARCM><OSCAR-CM>SiO2</OSCAR-CM></OSCARCM></MOLECULE><NNP>CaO</NNP><MOLECULE><OSCARCM><OSCAR-CM>Na2O</OSCAR-CM><OSCAR-CM>P2O5</OSCAR-CM></OSCARCM></MOLECULE><NN-AMOUNT>mol</NN-AMOUNT></NounPhrase><Unmatched><NN-PERCENT>%</NN-PERCENT></Unmatched><NounPhrase><CD>46.1</CD><CD>26.9</CD><UNNAMEDMOLECULE><REFERENCETOCOMPOUND><CD>24.4</CD></REFERENCETOCOMPOUND><QUANTITY><PERCENT><CD>2.6</CD><NN>wt</NN><NN-PERCENT>%</NN-PERCENT></PERCENT></QUANTITY></UNNAMEDMOLECULE><CD>45</CD><CD>24.5</CD><CD>24.5</CD><CD>6</CD></NounPhrase><PrepPhrase><IN-IN>In</IN-IN><NounPhrase><NN>order</NN></NounPhrase></PrepPhrase><PrepPhrase><TO>to</TO><NounPhrase><NN>coat</NN></NounPhrase></PrepPhrase><NounPhrase><DT-THE>the</DT-THE><CD>304</CD><NNP>SS</NNP></NounPhrase><VerbPhrase><VB-USE>using</VB-USE></VerbPhrase><NounPhrase><DT-THE>the</DT-THE><PROCEDURE><NN>melting</NN><NN-METHOD>method</NN-METHOD></PROCEDURE></NounPhrase><COMMA>,</COMMA><ActionPhrase type="Add"><NounPhrase><DT>a</DT><NN-MIXTURE>suspension</NN-MIXTURE><PrepPhrase><IN-OF>of</IN-OF><NounPhrase><DT-THE>the</DT-THE><MOLECULE><OSCARCM><OSCAR-CM>45S5</OSCAR-CM></OSCARCM></MOLECULE><NN>bioglass</NN><NN-STATE>powder</NN-STATE></NounPhrase></PrepPhrase></NounPhrase></ActionPhrase><ActionPhrase type="Synthesize"><VerbPhrase><VBD>was</VBD><VB-SYNTHESIZE>prepared</VB-SYNTHESIZE></VerbPhrase></ActionPhrase><STOP>.</STOP></Sentence></Document>
<?xml version="1.0" encoding="UTF-8"?>
<Document><Sentence><NounPhrase><DT-THE>The</DT-THE><NN-CHEMENTITY>suspension</NN-CHEMENTITY></NounPhrase><VerbPhrase><VBD>was</VBD><VBN>made</VBN><PrepPhrase><IN-FROM>from</IN-FROM><NounPhrase><UNNAMEDMOLECULE><QUANTITY><AMOUNT><CD>1</CD><NN-AMOUNT>mol</NN-AMOUNT></AMOUNT></QUANTITY><IN-OF>of</IN-OF><DT-THE>the</DT-THE><NN-STATE>powder</NN-STATE></UNNAMEDMOLECULE><COMMA>,</COMMA><MOLECULE><QUANTITY><AMOUNT><CD>10</CD><NN-AMOUNT>mol</NN-AMOUNT></AMOUNT></QUANTITY><IN-OF>of</IN-OF><JJ-CHEM>distilled</JJ-CHEM><OSCARCM><OSCAR-CM>water</OSCAR-CM></OSCARCM></MOLECULE><CC>and</CC><MOLECULE><OSCARCM><OSCAR-CM>citric</OSCAR-CM><OSCAR-CM>acid</OSCAR-CM></OSCARCM><MIXTURE><_-LRB->(</_-LRB-><QUANTITY><AMOUNT><CD>0.1</CD><NN-AMOUNT>mol</NN-AMOUNT></AMOUNT></QUANTITY><NN-PERCENT>%</NN-PERCENT><_-RRB->)</_-RRB-></MIXTURE></MOLECULE></NounPhrase></PrepPhrase><PrepPhrase><IN-AS>as</IN-AS><NounPhrase><NN>dispersant</NN></NounPhrase></PrepPhrase></VerbPhrase><COMMA>,</COMMA><CC>and</CC><RB-CONJ>then</RB-CONJ><ActionPhrase type="Stir"><VerbPhrase><VB-STIR>stirred</VB-STIR><TimePhrase><IN-FOR>for</IN-FOR><CD>1</CD><NN-TIME>h</NN-TIME></TimePhrase></VerbPhrase></ActionPhrase><STOP>.</STOP></Sentence><Sentence><NounPhrase><DT-THE>The</DT-THE><JJ-CHEM>prepared</JJ-CHEM><NN-CHEMENTITY>suspension</NN-CHEMENTITY></NounPhrase><VerbPhrase><VBD>was</VBD><VBN>sprayed</VBN><PrepPhrase><IN-ON>on</IN-ON><NounPhrase><DT-THE>the</DT-THE><NN>surface</NN><PrepPhrase><IN-OF>of</IN-OF><NounPhrase><DT-THE>the</DT-THE><CD>304</CD><MOLECULE><OSCARCM><OSCAR-CM>SS</OSCAR-CM></OSCARCM></MOLECULE><NNS>specimens</NNS></NounPhrase></PrepPhrase></NounPhrase></PrepPhrase></VerbPhrase><STOP>.</STOP></Sentence></Document>
<?xml version="1.0" encoding="UTF-8"?>
<Document><Sentence><PrepPhrase><IN>During</IN><NounPhrase><DT-THE>the</DT-THE><PROCEDURE><NN>coating</NN><NN-METHOD>procedure</NN-METHOD></PROCEDURE><COMMA>,</COMMA><NN>steel</NN><NNS>specimens</NNS></NounPhrase></PrepPhrase><VerbPhrase><VBD>were</VBD><VBN>kept</VBN><TempPhrase><IN>at</IN><CD>300</CD><NN-TEMP>°C</NN-TEMP></TempPhrase></VerbPhrase><ActionPhrase type="Remove"><VerbPhrase><TO>to</TO><VB-REMOVE>evaporate</VB-REMOVE></VerbPhrase><NounPhrase><DT-THE>the</DT-THE><MOLECULE><OSCARCM><OSCAR-CM>water</OSCAR-CM></OSCARCM></MOLECULE><PrepPhrase><IN-OF>of</IN-OF><NounPhrase><NN-CHEMENTITY>suspension</NN-CHEMENTITY></NounPhrase></PrepPhrase></NounPhrase></ActionPhrase><STOP>.</STOP></Sentence></Document>
<?xml version="1.0" encoding="UTF-8"?>
<Document><Sentence><ActionPhrase type="Precipitate"><PrepPhrase><IN>At</IN><NounPhrase><DT-THE>the</DT-THE><NN>end</NN><PrepPhrase><IN-OF>of</IN-OF><NounPhrase><DT-THE>the</DT-THE><NN-PRECIPITATE>precipitation</NN-PRECIPITATE><MIXTURE><_-LRB->(</_-LRB-><NN>coating</NN><_-RRB->)</_-RRB-></MIXTURE><NN>process</NN></NounPhrase></PrepPhrase></NounPhrase></PrepPhrase></ActionPhrase><COMMA>,</COMMA><ActionPhrase type="Heat"><NounPhrase><DT-THE>the</DT-THE><JJ>coated</JJ><NNS>specimens</NNS></NounPhrase><VerbPhrase><VBD>were</VBD><VB-HEAT>heated</VB-HEAT><RP>up</RP><TempPhrase><TO>to</TO><CD>500</CD><NN-TEMP>°C</NN-TEMP></TempPhrase><TimePhrase><IN-FOR>for</IN-FOR><CD>3</CD><NN-TIME>h</NN-TIME></TimePhrase><CC>and</CC><TimePhrase><CD>20</CD><NN-TIME>min</NN-TIME></TimePhrase></VerbPhrase><NounPhrase><MIXTURE><_-LRB->(</_-LRB-><IN-WITH>with</IN-WITH><CD>1</CD><NN-TIME>°C/min</NN-TIME><NN>rate</NN><_-RRB->)</_-RRB-></MIXTURE></NounPhrase></ActionPhrase><CC>and</CC><ActionPhrase type="Wait"><VerbPhrase><VBD>kept</VBD><RB>there</RB><TimePhrase><IN-FOR>for</IN-FOR><CD>2</CD><NN-TIME>h</NN-TIME></TimePhrase></VerbPhrase></ActionPhrase><STOP>.</STOP></Sentence><Sentence><ActionPhrase type="Heat"><NounPhrase><PRP>They</PRP></NounPhrase><VerbPhrase><VBD>were</VBD><RB-CONJ>then</RB-CONJ><VB-HEAT>heated</VB-HEAT><RP>up</RP><TempPhrase><TO>to</TO><CD>700</CD><NN-TEMP>°C</NN-TEMP></TempPhrase><TimePhrase><IN-FOR>for</IN-FOR><CD>3</CD><NN-TIME>h</NN-TIME></TimePhrase><CC>and</CC><TimePhrase><CD>20</CD><NN-TIME>min</NN-TIME></TimePhrase></VerbPhrase><NounPhrase><MIXTURE><_-LRB->(</_-LRB-><IN-WITH>with</IN-WITH><CD>1</CD><NN-TIME>°C/min</NN-TIME><NN>rate</NN><_-RRB->)</_-RRB-></MIXTURE></NounPhrase></ActionPhrase><CC>and</CC><ActionPhrase type="Wait"><VerbPhrase><VBD>kept</VBD><PrepPhrase><IN>at</IN><NounPhrase><DT>this</DT><NN>point</NN></NounPhrase></PrepPhrase><TimePhrase><IN-FOR>for</IN-FOR><CD>40</CD><NN-TIME>min</NN-TIME></TimePhrase></VerbPhrase></ActionPhrase><STOP>.</STOP></Sentence></Document>
<?xml version="1.0" encoding="UTF-8"?>
<Document><Sentence><ActionPhrase type="Cool"><NounPhrase><DT-THE>The</DT-THE><NNS>specimens</NNS></NounPhrase><VerbPhrase><VBD>were</VBD><VB-COOL>cooled</VB-COOL><RB>slowly</RB><PrepPhrase><IN-IN>in</IN-IN><NounPhrase><NN>furnace</NN></NounPhrase></PrepPhrase><TempPhrase><IN>until</IN><NN-TEMP>room</NN-TEMP><NN-TEMP>temperature</NN-TEMP></TempPhrase></VerbPhrase></ActionPhrase><STOP>.</STOP></Sentence></Document>
<?xml version="1.0" encoding="UTF-8"?>
<Document><Sentence><VerbPhrase><VBG>Following</VBG></VerbPhrase><NounPhrase><DT-THE>the</DT-THE><NN>coating</NN><PrepPhrase><IN-OF>of</IN-OF><NounPhrase><CD>304</CD><NNP>SS</NNP></NounPhrase></PrepPhrase></NounPhrase><VerbPhrase><VB-USE>using</VB-USE></VerbPhrase><NounPhrase><NN-CHEMENTITY>sol-gel</NN-CHEMENTITY><PROCEDURE><NN-METHOD>technique</NN-METHOD></PROCEDURE></NounPhrase><COMMA>,</COMMA><ActionPhrase type="Wait"><NounPhrase><DT-THE>the</DT-THE><NNS>specimens</NNS></NounPhrase><VerbPhrase><VBD>were</VBD><VB-IMMERSE>immersed</VB-IMMERSE><PrepPhrase><IN-IN>in</IN-IN><NounPhrase><DT-THE>the</DT-THE><JJ-CHEM>prepared</JJ-CHEM><NN>sol</NN></NounPhrase></PrepPhrase><TimePhrase><IN-FOR>for</IN-FOR><CD>30</CD><NN-TIME>min</NN-TIME></TimePhrase></VerbPhrase></ActionPhrase><STOP>.</STOP></Sentence></Document>
<?xml version="1.0" encoding="UTF-8"?>
<Document><Sentence><ActionPhrase type="Remove"><PrepPhrase><IN-AFTER>After</IN-AFTER><NounPhrase><DT-THE>the</DT-THE><NN>immersion</NN><NN-TIME>period</NN-TIME><COMMA>,</COMMA><NNS>specimens</NNS></NounPhrase></PrepPhrase><VerbPhrase><VBD>were</VBD><VB-REMOVE>withdrawn</VB-REMOVE><PrepPhrase><IN-FROM>from</IN-FROM><NounPhrase><DT-THE>the</DT-THE><NN>sol</NN></NounPhrase></PrepPhrase><PrepPhrase><IN-WITH>with</IN-WITH><NounPhrase><DT>a</DT><JJ>constant</JJ><NN>velocity</NN><PrepPhrase><IN-OF>of</IN-OF><NounPhrase><CD>4</CD><NN-TIME>cm/min</NN-TIME></NounPhrase></PrepPhrase></NounPhrase></PrepPhrase></VerbPhrase></ActionPhrase><VerbPhrase><TO>to</TO><VB>let</VB></VerbPhrase><NounPhrase><DT>a</DT><JJ>thin</JJ><JJ>homogenous</JJ><JJ-CHEM>coating</JJ-CHEM><NN>form</NN></NounPhrase><PrepPhrase><IN-ON>on</IN-ON><NounPhrase><DT-THE>the</DT-THE><JJ-CHEM>steel</JJ-CHEM><NN>surface</NN></NounPhrase></PrepPhrase><STOP>.</STOP></Sentence></Document>
<?xml version="1.0" encoding="UTF-8"?>
<Document><Sentence><ActionPhrase type="Wait"><NounPhrase><DT-THE>The</DT-THE><JJ>coated</JJ><NNS>specimens</NNS></NounPhrase><VerbPhrase><VBD>were</VBD><VBN>kept</VBN><TempPhrase><IN>at</IN><NN-TEMP>room</NN-TEMP><NN-TEMP>temperature</NN-TEMP></TempPhrase><TimePhrase><IN-FOR>for</IN-FOR><CD>30</CD><NN-TIME>min</NN-TIME></TimePhrase></VerbPhrase></ActionPhrase><CC>and</CC><RB-CONJ>then</RB-CONJ><ActionPhrase type="Heat"><VerbPhrase><VB-HEAT>heated</VB-HEAT><PrepPhrase><IN-IN>in</IN-IN><NounPhrase><NN>furnace</NN></NounPhrase></PrepPhrase><PrepPhrase><IN>up</IN><TO>to</TO><NounPhrase><CD>500</CD><NN-TEMP>°C</NN-TEMP></NounPhrase></PrepPhrase><TimePhrase><IN-FOR>for</IN-FOR><CD>8</CD><NN-TIME>h</NN-TIME></TimePhrase></VerbPhrase><NounPhrase><MIXTURE><_-LRB->(</_-LRB-><IN-WITH>with</IN-WITH><CD>1</CD><NN-TIME>°C/min</NN-TIME><NN>rate</NN><_-RRB->)</_-RRB-></MIXTURE></NounPhrase></ActionPhrase><CC>and</CC><ActionPhrase type="Wait"><VerbPhrase><VBD>kept</VBD><RB>there</RB><TimePhrase><IN-FOR>for</IN-FOR><CD>2</CD><NN-TIME>h</NN-TIME></TimePhrase></VerbPhrase></ActionPhrase><STOP>.</STOP></Sentence><Sentence><ActionPhrase type="Heat"><Unmatched><RB>Afterwards</RB></Unmatched><Unmatched><COMMA>,</COMMA></Unmatched><NounPhrase><PRP>they</PRP></NounPhrase><VerbPhrase><VBD>were</VBD><VB-HEAT>heated</VB-HEAT><TempPhrase><IN-FROM>from</IN-FROM><CD>500</CD><NN-TEMP>°C</NN-TEMP></TempPhrase><TempPhrase><TO>to</TO><CD>700</CD><NN-TEMP>°C</NN-TEMP></TempPhrase><TimePhrase><IN-FOR>for</IN-FOR><CD>3</CD><NN-TIME>h</NN-TIME></TimePhrase><CC>and</CC><TimePhrase><CD>20</CD><NN-TIME>min</NN-TIME></TimePhrase></VerbPhrase><NounPhrase><MIXTURE><_-LRB->(</_-LRB-><IN-WITH>with</IN-WITH><CD>1</CD><NN-TIME>°C/min</NN-TIME><NN>rate</NN><_-RRB->)</_-RRB-></MIXTURE></NounPhrase></ActionPhrase><CC>and</CC><ActionPhrase type="Wait"><VerbPhrase><VBD>kept</VBD><PrepPhrase><IN>at</IN><NounPhrase><DT>this</DT><NN>point</NN></NounPhrase></PrepPhrase><TimePhrase><IN-FOR>for</IN-FOR><CD>40</CD><NN-TIME>min</NN-TIME></TimePhrase></VerbPhrase></ActionPhrase><STOP>.</STOP></Sentence></Document>
<?xml version="1.0" encoding="UTF-8"?>
<Document><Sentence><ActionPhrase type="Cool"><NounPhrase><DT-THE>The</DT-THE><NNS>specimens</NNS></NounPhrase><VerbPhrase><VBD>were</VBD><VB-COOL>cooled</VB-COOL><RB>slowly</RB><PrepPhrase><IN-IN>in</IN-IN><NounPhrase><NN>furnace</NN></NounPhrase></PrepPhrase><TempPhrase><IN>until</IN><NN-TEMP>room</NN-TEMP><NN-TEMP>temperature</NN-TEMP></TempPhrase></VerbPhrase></ActionPhrase><STOP>.</STOP></Sentence></Document>
<?xml version="1.0" encoding="UTF-8"?>
<Document><Sentence><NounPhrase><PROCEDURE><CD>2.3.1</CD></PROCEDURE><STOP>.</STOP></NounPhrase></Sentence></Document>
<?xml version="1.0" encoding="UTF-8"?>
<Document><Sentence><VerbPhrase><VBG>Sintering</VBG></VerbPhrase><NounPhrase><NN>process</NN></NounPhrase><NounPhrase><DT-THE>The</DT-THE><JJ-CHEM>sintering</JJ-CHEM><NN>process</NN><WDT>which</WDT></NounPhrase><VerbPhrase><VBD>was</VBD><VBN>used</VBN><PrepPhrase><IN>at</IN><NounPhrase><DT-THE>the</DT-THE><JJ-CHEM>mentioned</JJ-CHEM><NNS>temperatures</NNS></NounPhrase></PrepPhrase></VerbPhrase><VerbPhrase><VBZ>has</VBZ><RB>recently</RB><VBN>been</VBN><VBN>used</VBN><PrepPhrase><IN-IN>in</IN-IN><NounPhrase><JJ>similar</JJ><NN>researches</NN></NounPhrase></PrepPhrase></VerbPhrase><COMMA>,</COMMA><VerbPhrase><RB>usually</RB><VBD>contributed</VBD><PrepPhrase><TO>to</TO><NounPhrase><NN>sensitization</NN><COMMA>,</COMMA><WDT>which</WDT></NounPhrase></PrepPhrase></VerbPhrase><VerbPhrase><VBD>had</VBD></VerbPhrase><NounPhrase><DT>a</DT><JJ>chemical</JJ><NN>effect</NN></NounPhrase><PrepPhrase><IN-ON>on</IN-ON><NounPhrase><DT-THE>the</DT-THE><NN>structure</NN><PrepPhrase><IN-OF>of</IN-OF><NounPhrase><JJ>stainless</JJ><NN>steel</NN><WDT>that</WDT></NounPhrase></PrepPhrase></NounPhrase></PrepPhrase><VerbPhrase><MD>might</MD><VB>deteriorate</VB></VerbPhrase><Unmatched><DT>some</DT></Unmatched><PrepPhrase><IN-OF>of</IN-OF><NounPhrase><PRP_>its</PRP_><NNS>properties</NNS></NounPhrase></PrepPhrase><PrepPhrase><JJ>such</JJ><IN-AS>as</IN-AS><NounPhrase><JJ>appropriate</JJ><JJ-CHEM>corrosion</JJ-CHEM><NN>resistance</NN><CC>and</CC><JJ>mechanical</JJ><NNS>properties</NNS><UNNAMEDMOLECULE><REFERENCETOCOMPOUND><LSQB>[</LSQB><CD>34,42</CD><RSQB>]</RSQB></REFERENCETOCOMPOUND></UNNAMEDMOLECULE></NounPhrase></PrepPhrase><STOP>.</STOP></Sentence></Document>
<?xml version="1.0" encoding="UTF-8"?>
<Document><Sentence><Unmatched><RB>Herein</RB></Unmatched><Unmatched><COMMA>,</COMMA></Unmatched><PrepPhrase><JJ>due</JJ><TO>to</TO><NounPhrase><DT-THE>the</DT-THE><NN>presence</NN><PrepPhrase><IN-OF>of</IN-OF><NounPhrase><DT-THE>the</DT-THE><NN>coatings</NN></NounPhrase></PrepPhrase></NounPhrase></PrepPhrase><COMMA>,</COMMA><NounPhrase><DT>this</DT><NN>effect</NN></NounPhrase><VerbPhrase><VBD>did</VBD><NEG>not</NEG><RB>significantly</RB><VB>reduce</VB></VerbPhrase><NounPhrase><DT-THE>the</DT-THE><JJ-CHEM>corrosion</JJ-CHEM><NN>resistance</NN><PrepPhrase><IN-OF>of</IN-OF><NounPhrase><DT-THE>the</DT-THE><NN>specimens</NN></NounPhrase></PrepPhrase></NounPhrase><STOP>.</STOP></Sentence></Document>
<?xml version="1.0" encoding="UTF-8"?>
<Document><Sentence><NounPhrase><DT-THE>The</DT-THE><JJ>related</JJ><JJ>potentiodynamic</JJ><NN>polarization</NN><NNS>curves</NNS></NounPhrase><VerbPhrase><VBP>are</VBP><VBN>presented</VBN><PrepPhrase><IN-IN>in</IN-IN><NounPhrase><DT-THE>the</DT-THE><JJ>next</JJ><NN>sections</NN></NounPhrase></PrepPhrase></VerbPhrase><STOP>.</STOP></Sentence></Document>
<?xml version="1.0" encoding="UTF-8"?>
<Document><Sentence><PrepPhrase><IN-ON>On</IN-ON><NounPhrase><DT-THE>the</DT-THE><JJ>other</JJ><NN>hand</NN><COMMA>,</COMMA><JJ>recent</JJ><NNS>researches</NNS></NounPhrase></PrepPhrase><VerbPhrase><VBP>have</VBP><VBN>indicated</VBN></VerbPhrase><Unmatched><IN>that</IN></Unmatched><Unmatched><JJ>such</JJ></Unmatched><ActionPhrase type="Heat"><VerbPhrase><DT>a</DT><VB-HEAT>heat-treatment</VB-HEAT><MD>would</MD></VerbPhrase></ActionPhrase><VerbPhrase><VB>deteriorate</VB></VerbPhrase><NounPhrase><DT-THE>the</DT-THE><JJ>mechanical</JJ><NNS>properties</NNS><PrepPhrase><IN-OF>of</IN-OF><NounPhrase><CD>304</CD><NNP>SS</NNP></NounPhrase></PrepPhrase></NounPhrase><VerbPhrase><IN-BY>by</IN-BY><VBG>reducing</VBG></VerbPhrase><NounPhrase><PRP_>its</PRP_><NN>fracture</NN><NN>toughness</NN><MIXTURE><_-LRB->(</_-LRB-><NNP>KIC</NNP><_-RRB->)</_-RRB-></MIXTURE><UNNAMEDMOLECULE><REFERENCETOCOMPOUND><LSQB>[</LSQB><CD>35</CD><RSQB>]</RSQB></REFERENCETOCOMPOUND></UNNAMEDMOLECULE></NounPhrase><CC>but</CC><Unmatched><DT>this</DT></Unmatched><Unmatched><MD>would</MD></Unmatched><Unmatched><NEG>not</NEG></Unmatched><VerbPhrase><RB>still</RB><RB>negatively</RB><VB>affect</VB></VerbPhrase><Unmatched><DT-THE>the</DT-THE></Unmatched><ActionPhrase type="Yield"><VerbPhrase><VB-YIELD>results</VB-YIELD><PrepPhrase><IN-OF>of</IN-OF><NounPhrase><DT>this</DT><NN>research</NN></NounPhrase></PrepPhrase><COMMA>,</COMMA><PrepPhrase><IN>since</IN><NounPhrase><DT-THE>the</DT-THE><NN>maximum</NN></NounPhrase></PrepPhrase></VerbPhrase></ActionPhrase><VerbPhrase><VBD>required</VBD><JJ>mechanical</JJ></VerbPhrase><NounPhrase><NNS>properties</NNS></NounPhrase><PrepPhrase><IN-FOR>for</IN-FOR><NounPhrase><DT>an</DT><JJ>orthopedic</JJ><NN>implant</NN></NounPhrase></PrepPhrase><VerbPhrase><VBZ>is</VBZ><JJR>less</JJR><PrepPhrase><IN>than</IN><NounPhrase><DT-THE>the</DT-THE><JJ-CHEM>deteriorated</JJ-CHEM><NNS>properties</NNS><PrepPhrase><IN-OF>of</IN-OF><NounPhrase><DT>a</DT><JJ>sensitized</JJ><JJ>stainless</JJ><NN>steel</NN></NounPhrase></PrepPhrase></NounPhrase></PrepPhrase><PrepPhrase><IN-IN>in</IN-IN><NounPhrase><PRP_>its</PRP_><JJS>worst</JJS><NNS>conditions</NNS></NounPhrase></PrepPhrase></VerbPhrase><STOP>.</STOP></Sentence></Document>
<?xml version="1.0" encoding="UTF-8"?>
<Document><Sentence><PrepPhrase><IN-FOR>For</IN-FOR><NounPhrase><NN>instance</NN></NounPhrase></PrepPhrase><COMMA>,</COMMA><NounPhrase><DT-THE>the</DT-THE><NN>maximum</NN></NounPhrase><VerbPhrase><VBN>required</VBN><JJ>tensile</JJ></VerbPhrase><NounPhrase><NN>strength</NN></NounPhrase><PrepPhrase><IN-FOR>for</IN-FOR><NounPhrase><DT>a</DT><JJ>cortical</JJ><NN>bone</NN></NounPhrase></PrepPhrase><VerbPhrase><VBZ>is</VBZ><JJR>less</JJR><PrepPhrase><IN>than</IN><NounPhrase><CD>150</CD><NNP>MPa</NNP><WDT>which</WDT></NounPhrase></PrepPhrase></VerbPhrase><VerbPhrase><VBZ>is</VBZ><JJR>lower</JJR><PrepPhrase><IN>than</IN><NounPhrase><DT-THE>the</DT-THE><JJ>ultimate</JJ><JJ-CHEM>tensile</JJ-CHEM><NN>strength</NN><PrepPhrase><IN-OF>of</IN-OF><NounPhrase><DT>a</DT><JJ>sensitized</JJ><JJ>stainless</JJ><NN>steel</NN></NounPhrase></PrepPhrase></NounPhrase></PrepPhrase></VerbPhrase><STOP>.</STOP></Sentence></Document>
<?xml version="1.0" encoding="UTF-8"?>
<Document><Sentence><ActionPhrase type="Heat"><Unmatched><RB-CONJ>Therefore</RB-CONJ></Unmatched><Unmatched><COMMA>,</COMMA></Unmatched><Unmatched><DT-THE>the</DT-THE></Unmatched><VerbPhrase><JJ>utilized</JJ><VB-HEAT>heat-treatment</VB-HEAT><PrepPhrase><IN-IN>in</IN-IN><NounPhrase><NN>sintering</NN><PrepPhrase><IN-OF>of</IN-OF><NounPhrase><DT-THE>the</DT-THE><NN>coating</NN></NounPhrase></PrepPhrase></NounPhrase></PrepPhrase></VerbPhrase><Unmatched><MD>would</MD></Unmatched><Unmatched><NEG>not</NEG></Unmatched></ActionPhrase><VerbPhrase><VB>limit</VB></VerbPhrase><NounPhrase><DT-THE>the</DT-THE><NNS>applications</NNS></NounPhrase><Unmatched><IN-OF>of</IN-OF></Unmatched><Unmatched><DT>this</DT></Unmatched><PrepPhrase><JJ>biomaterial</JJ><IN-AS>as</IN-AS><NounPhrase><DT>an</DT><JJ>orthopedic</JJ><NN>implant</NN></NounPhrase></PrepPhrase><COMMA>,</COMMA><PrepPhrase><RB>even</RB><IN>if</IN><NounPhrase><PRP>it</PRP></NounPhrase></PrepPhrase><VerbPhrase><VBZ>reduces</VBZ></VerbPhrase><NounPhrase><NNP>Int</NNP></NounPhrase><STOP>.</STOP></Sentence></Document>
<?xml version="1.0" encoding="UTF-8"?>
<Document><Sentence><NounPhrase><PROCEDURE><NN-IDENTIFIER>J</NN-IDENTIFIER></PROCEDURE><STOP>.</STOP></NounPhrase></Sentence><Sentence><NounPhrase><NNP>Electrochem</NNP></NounPhrase><STOP>.</STOP></Sentence></Document>
<?xml version="1.0" encoding="UTF-8"?>
<Document><Sentence><NounPhrase><NNP>Sci</NNP></NounPhrase><STOP>.</STOP></Sentence><Sentence><Unmatched><COMMA>,</COMMA></Unmatched></Sentence></Document>
<?xml version="1.0" encoding="UTF-8"?>
<Document/>
<?xml version="1.0" encoding="UTF-8"?>
<Document><Sentence><NounPhrase><CD>7</CD><COMMA>,</COMMA><CD>2012</CD><CD>2894</CD></NounPhrase><NounPhrase><DT-THE>the</DT-THE><NN>quality</NN><PrepPhrase><IN-OF>of</IN-OF><NounPhrase><JJ>stainless</JJ><NN>steel</NN></NounPhrase></PrepPhrase></NounPhrase><STOP>.</STOP></Sentence></Document>
<?xml version="1.0" encoding="UTF-8"?>
<Document><Sentence><ActionPhrase type="Yield"><NounPhrase><DT-THE>The</DT-THE><NN>purpose</NN><PrepPhrase><IN-OF>of</IN-OF><NounPhrase><JJ>such</JJ><NNS>researches</NNS></NounPhrase></PrepPhrase></NounPhrase><VerbPhrase><VBZ>is</VBZ><VB-YIELD>obtaining</VB-YIELD></VerbPhrase><NounPhrase><DT-THE>the</DT-THE><JJS>best</JJS><NNS>conditions</NNS></NounPhrase><PrepPhrase><IN-FOR>for</IN-FOR><NounPhrase><DT-THE>the</DT-THE><NN>coating</NN></NounPhrase></PrepPhrase></ActionPhrase><COMMA>,</COMMA><VerbPhrase><VBG>ignoring</VBG></VerbPhrase><NounPhrase><DT-THE>the</DT-THE><NN>substrate</NN></NounPhrase><STOP>.</STOP></Sentence></Document>
<?xml version="1.0" encoding="UTF-8"?>
<Document><Sentence><Unmatched><RB>However</RB></Unmatched><Unmatched><COMMA>,</COMMA></Unmatched><PrepPhrase><IN>if</IN><NounPhrase><DT-THE>the</DT-THE><JJS>best</JJS><JJ>mechanical</JJ><NNS>conditions</NNS></NounPhrase></PrepPhrase><VerbPhrase><VBD>were</VBD><VBN>required</VBN><PrepPhrase><IN-FOR>for</IN-FOR><NounPhrase><DT-THE>the</DT-THE><JJ-CHEM>steel</JJ-CHEM><NN>substrate</NN></NounPhrase></PrepPhrase></VerbPhrase><COMMA>,</COMMA><VerbPhrase><VBG>substituting</VBG></VerbPhrase><NounPhrase><NNS>paths</NNS></NounPhrase><ActionPhrase type="Heat"><VerbPhrase><IN-OF>of</IN-OF><VB-HEAT>heat-treatment</VB-HEAT><MD>could</MD></VerbPhrase></ActionPhrase><VerbPhrase><VB>be</VB><VBN>used</VBN></VerbPhrase><NounPhrase><UNNAMEDMOLECULE><REFERENCETOCOMPOUND><LSQB>[</LSQB><CD>20</CD><RSQB>]</RSQB></REFERENCETOCOMPOUND></UNNAMEDMOLECULE></NounPhrase><STOP>.</STOP></Sentence></Document>
<?xml version="1.0" encoding="UTF-8"?>
<Document><Sentence><NounPhrase><PROCEDURE><CD>2.4</CD></PROCEDURE><STOP>.</STOP></NounPhrase></Sentence></Document>
<?xml version="1.0" encoding="UTF-8"?>
<Document><Sentence><ActionPhrase type="Synthesize"><NounPhrase><NN-SYNTHESIZE>Preparation</NN-SYNTHESIZE><PrepPhrase><IN-OF>of</IN-OF><NounPhrase><MOLECULE><OSCARCM><OSCAR-CM>SBF</OSCAR-CM></OSCARCM><NN-CHEMENTITY>solution</NN-CHEMENTITY></MOLECULE></NounPhrase></PrepPhrase></NounPhrase><NounPhrase><DT-THE>The</DT-THE><MOLECULE><OSCARCM><OSCAR-CM>SBF</OSCAR-CM></OSCARCM><NN-CHEMENTITY>solution</NN-CHEMENTITY></MOLECULE></NounPhrase></ActionPhrase><ActionPhrase type="Synthesize"><VerbPhrase><VBD>was</VBD><VB-SYNTHESIZE>prepared</VB-SYNTHESIZE></VerbPhrase></ActionPhrase><ActionPhrase type="Dissolve"><VerbPhrase><IN-BY>by</IN-BY><VB-DISSOLVE>dissolving</VB-DISSOLVE></VerbPhrase><NounPhrase><NN-CHEMENTITY>reagent-grade</NN-CHEMENTITY><MOLECULE><OSCARCM><OSCAR-CM>NaCl</OSCAR-CM></OSCARCM></MOLECULE><COMMA>,</COMMA><MOLECULE><OSCARCM><OSCAR-CM>KCl</OSCAR-CM></OSCARCM></MOLECULE><COMMA>,</COMMA><MOLECULE><OSCARCM><OSCAR-CM>NaHCO3</OSCAR-CM></OSCARCM></MOLECULE><COMMA>,</COMMA><MOLECULE><OSCARCM><OSCAR-CM>MgCl2·6H2O</OSCAR-CM></OSCARCM></MOLECULE><COMMA>,</COMMA><MOLECULE><OSCARCM><OSCAR-CM>CaCl2</OSCAR-CM></OSCARCM></MOLECULE><CC>and</CC><MOLECULE><OSCARCM><OSCAR-CM>KH2PO4</OSCAR-CM></OSCARCM></MOLECULE></NounPhrase></ActionPhrase><ActionPhrase type="Purify"><VerbPhrase><IN-INTO>into</IN-INTO><VB-PURIFY>distilled</VB-PURIFY></VerbPhrase><NounPhrase><MOLECULE><OSCARCM><OSCAR-CM>water</OSCAR-CM></OSCARCM></MOLECULE></NounPhrase></ActionPhrase><CC>and</CC><VerbPhrase><VBN>buffered</VBN><PrepPhrase><IN>at</IN><NounPhrase><QUANTITY><PH><NN-PH>pH</NN-PH><SYM>=</SYM><CD>7.25</CD></PH></QUANTITY></NounPhrase></PrepPhrase><PrepPhrase><IN-WITH>with</IN-WITH><NounPhrase><MOLECULE><OSCARCM><OSCAR-CM>TRIS</OSCAR-CM></OSCARCM><MIXTURE><_-LRB->(</_-LRB-><OSCARCM><OSCAR-CM>trishydroxymethyl</OSCAR-CM><OSCAR-CM>aminomethane</OSCAR-CM></OSCARCM><_-RRB->)</_-RRB-></MIXTURE></MOLECULE><CC>and</CC><MOLECULE><OSCARCM><OSCAR-CM>HCl</OSCAR-CM></OSCARCM><QUANTITY><MOLAR><CD>1</CD><NN-MOLAR>N</NN-MOLAR></MOLAR></QUANTITY></MOLECULE></NounPhrase></PrepPhrase><TempPhrase><IN>at</IN><CD>37</CD><NN-TEMP>°C</NN-TEMP></TempPhrase></VerbPhrase><STOP>.</STOP></Sentence></Document>
<?xml version="1.0" encoding="UTF-8"?>
<Document><Sentence><NounPhrase><PRP_>Its</PRP_><NN>composition</NN></NounPhrase><VerbPhrase><VBZ>is</VBZ><VBN>given</VBN><PrepPhrase><IN-IN>in</IN-IN><NounPhrase><CaptionLabel><NNP-LABEL>Table</NNP-LABEL><CD>2</CD></CaptionLabel></NounPhrase></PrepPhrase></VerbPhrase><CC>and</CC><VerbPhrase><VBZ>is</VBZ><VBN>compared</VBN><PrepPhrase><IN-WITH>with</IN-WITH><NounPhrase><DT-THE>the</DT-THE><JJ>human</JJ><JJ-CHEM>blood</JJ-CHEM><NN>plasma</NN></NounPhrase></PrepPhrase></VerbPhrase><STOP>.</STOP></Sentence></Document>
<?xml version="1.0" encoding="UTF-8"?>
<Document><Sentence><NounPhrase><PROCEDURE><CD>2.5</CD></PROCEDURE><STOP>.</STOP></NounPhrase></Sentence></Document>
<?xml version="1.0" encoding="UTF-8"?>
<Document><Sentence><NounPhrase><NNP>Characterization</NNP><CD>2.5.1</CD></NounPhrase><STOP>.</STOP></Sentence></Document>
<?xml version="1.0" encoding="UTF-8"?>
<Document><Sentence><NounPhrase><NNP>XRD</NNP><CC>and</CC><NNP>FTIR</NNP><NN>analysis</NN><NNP>XRD</NNP><NN>analysis</NN></NounPhrase><Unmatched><_-LRB->(</_-LRB-></Unmatched><NounPhrase><NNP>Philips</NNP><NNP>X'Pert-MPD</NNP><NN>system</NN></NounPhrase><PrepPhrase><IN-WITH>with</IN-WITH><NounPhrase><DT>a</DT><MOLECULE><OSCARCM><OSCAR-CM>Cu</OSCAR-CM></OSCARCM></MOLECULE><NNP>Kα</NNP><NN>wavelength</NN><PrepPhrase><IN-OF>of</IN-OF><NounPhrase><CD>1.5418</CD><NNP>Å</NNP></NounPhrase></PrepPhrase></NounPhrase></PrepPhrase><Unmatched><_-RRB->)</_-RRB-></Unmatched><VerbPhrase><VBD>was</VBD><VBN>used</VBN></VerbPhrase><VerbPhrase><TO>to</TO><VB>analyze</VB></VerbPhrase><NounPhrase><DT-THE>the</DT-THE><NN-STATE>crystal</NN-STATE><NN>structure</NN><CC>and</CC><NN-CHEMENTITY>phase</NN-CHEMENTITY><NN>present</NN></NounPhrase><PrepPhrase><IN-IN>in</IN-IN><NounPhrase><DT-THE>the</DT-THE><JJ>coated</JJ><NNS>samples</NNS></NounPhrase></PrepPhrase><VerbPhrase><IN-AFTER>after</IN-AFTER><VBG>immersing</VBG><PrepPhrase><IN-IN>in</IN-IN><MOLECULE><OSCARCM><OSCAR-CM>SBF</OSCAR-CM></OSCARCM></MOLECULE></PrepPhrase></VerbPhrase><STOP>.</STOP></Sentence></Document>
<?xml version="1.0" encoding="UTF-8"?>
<Document><Sentence><NounPhrase><DT-THE>The</DT-THE><NN>diffractometry</NN></NounPhrase><VerbPhrase><VBD>was</VBD><VBN>operated</VBN><PrepPhrase><IN>at</IN><NounPhrase><CD>40</CD><NNP>kV</NNP><CC>and</CC><CD>30</CD><NNS>mA</NNS></NounPhrase></PrepPhrase><PrepPhrase><IN>at</IN><NounPhrase><DT-THE>the</DT-THE><JJ>2θ</JJ><NN>range</NN><PrepPhrase><IN-OF>of</IN-OF><NounPhrase><CD>20-55°</CD></NounPhrase></PrepPhrase></NounPhrase></PrepPhrase></VerbPhrase><JJ-CHEM>employing</JJ-CHEM><NounPhrase><DT>a</DT><JJ-CHEM>step</JJ-CHEM><NN>size</NN><PrepPhrase><IN-OF>of</IN-OF><NounPhrase><CD>0.02°/s</CD></NounPhrase></PrepPhrase></NounPhrase><STOP>.</STOP></Sentence></Document>
<?xml version="1.0" encoding="UTF-8"?>
<Document><Sentence><NounPhrase><PROCEDURE><CD>2.5.2</CD></PROCEDURE><STOP>.</STOP></NounPhrase></Sentence></Document>
<?xml version="1.0" encoding="UTF-8"?>
<Document><Sentence><NounPhrase><JJ>FTIR</JJ><JJ-CHEM>analysis</JJ-CHEM><NNP>FTIR</NNP><NN>analysis</NN><CITATION><_-LRB->(</_-LRB-><NNP>Bomem</NNP><COMMA>,</COMMA><CD>MB-100</CD><_-RRB->)</_-RRB-></CITATION></NounPhrase><VerbPhrase><VBD>was</VBD><VBN>used</VBN></VerbPhrase><VerbPhrase><TO>to</TO><VB>observe</VB><JJ>functional</JJ></VerbPhrase><NounPhrase><NNS>groups</NNS></NounPhrase><VerbPhrase><VBN>developed</VBN><PrepPhrase><IN-IN>in</IN-IN><NounPhrase><DT-THE>the</DT-THE><NNS>specimens</NNS></NounPhrase></PrepPhrase></VerbPhrase><CC>and</CC><VerbPhrase><RB>specially</RB><VBN>investigated</VBN></VerbPhrase><NounPhrase><DT-THE>the</DT-THE><NN>formation</NN><PrepPhrase><IN-OF>of</IN-OF><NounPhrase><NN>apatite</NN><NN-CHEMENTITY>layer</NN-CHEMENTITY></NounPhrase></PrepPhrase></NounPhrase><PrepPhrase><IN-ON>on</IN-ON><NounPhrase><DT-THE>the</DT-THE><NN>surface</NN><PrepPhrase><IN-OF>of</IN-OF><NounPhrase><CD>304</CD><NNP>SS</NNP></NounPhrase></PrepPhrase></NounPhrase></PrepPhrase><VerbPhrase><VBN>coated</VBN><PrepPhrase><IN-BY>by</IN-BY><NounPhrase><MOLECULE><OSCARCM><OSCAR-CM>45S5</OSCAR-CM></OSCARCM><NN-STATE>bioactive-glass</NN-STATE></MOLECULE><WDT>which</WDT></NounPhrase></PrepPhrase></VerbPhrase><ActionPhrase type="Wait"><VerbPhrase><VBD>was</VBD><VB-IMMERSE>immersed</VB-IMMERSE><PrepPhrase><IN-IN>in</IN-IN><MOLECULE><OSCARCM><OSCAR-CM>SBF</OSCAR-CM></OSCARCM></MOLECULE></PrepPhrase><TempPhrase><IN>at</IN><CD>37</CD><NN-TEMP>°C</NN-TEMP></TempPhrase><TimePhrase><IN-FOR>for</IN-FOR><CD>14</CD><NN-TIME>days</NN-TIME></TimePhrase></VerbPhrase></ActionPhrase><STOP>.</STOP></Sentence></Document>
<?xml version="1.0" encoding="UTF-8"?>
<Document><Sentence><NounPhrase><DT-THE>The</DT-THE><NNP>FTIR</NNP><NN>spectra</NN></NounPhrase><VerbPhrase><VBD>were</VBD><VBN>investigated</VBN><PrepPhrase><IN-IN>in</IN-IN><NounPhrase><DT-THE>the</DT-THE><CD>400-4000</CD><NN>cm</NN><CD>-1</CD><NN>range</NN></NounPhrase></PrepPhrase></VerbPhrase><STOP>.</STOP></Sentence></Document>
<?xml version="1.0" encoding="UTF-8"?>
<Document><Sentence><NounPhrase><CaptionLabel><NNP-LABEL>Table</NNP-LABEL><CD>2</CD></CaptionLabel></NounPhrase><STOP>.</STOP></Sentence></Document>
<?xml version="1.0" encoding="UTF-8"?>
<Document><Sentence><NounPhrase><NNP>Ion</NNP><NN>concentrations</NN><PrepPhrase><IN-OF>of</IN-OF><NounPhrase><JJ>simulated</JJ><NN>body</NN><NN>fluid</NN><MIXTURE><_-LRB->(</_-LRB-><NNP>SBF</NNP><_-RRB->)</_-RRB-></MIXTURE><CC>and</CC><JJ>human</JJ><JJ-CHEM>blood</JJ-CHEM><NN>plasma</NN></NounPhrase></PrepPhrase></NounPhrase><STOP>.</STOP></Sentence></Document>
<?xml version="1.0" encoding="UTF-8"?>
<Document><Sentence><NounPhrase><NN>Ion</NN><NNP>Plasma</NNP></NounPhrase><Unmatched><_-LRB->(</_-LRB-></Unmatched><Unmatched><NN-MOLAR>mmol/l</NN-MOLAR></Unmatched><Unmatched><_-RRB->)</_-RRB-></Unmatched><NounPhrase><MOLECULE><OSCARCM><OSCAR-CM>SBF(mmol/l</OSCAR-CM></OSCARCM></MOLECULE></NounPhrase><Unmatched><_-RRB->)</_-RRB-></Unmatched><Unmatched><NN-MASS>Na+K+Mg</NN-MASS></Unmatched><NounPhrase><NN>2+</NN><MOLECULE><OSCARCM><OSCAR-CM>Ca</OSCAR-CM></OSCARCM></MOLECULE></NounPhrase><PrepPhrase><IN>2+</IN><NounPhrase><MOLECULE><OSCARCM><OSCAR-CM>Cl</OSCAR-CM><DASH>-</DASH><OSCAR-CM>HCO3</OSCAR-CM></OSCARCM></MOLECULE><NNP>HPO4</NNP><CD>2-SO4</CD><CD>2-142.0</CD><CD>5.0</CD><CD>1.5</CD><CD>2.5</CD><CD>103.0</CD><CD>27</CD><CD>1.0</CD><CD>0.5</CD><CD>142.0</CD><CD>5.0</CD><CD>1.5</CD><CD>2.5</CD><CD>103.0</CD><CD>27</CD><CD>1.0</CD><CD>0.5</CD><CD>2.5.3</CD></NounPhrase></PrepPhrase><STOP>.</STOP></Sentence></Document>
<?xml version="1.0" encoding="UTF-8"?>
<Document><Sentence><NounPhrase><NNP>SEM</NNP><NNS>observations</NNS><JJ>SEM</JJ><NN>analysis</NN><CITATION><_-LRB->(</_-LRB-><NNP>Phillips</NNP><NNP>XL</NNP><CD>30</CD><_-RRB->)</_-RRB-></CITATION></NounPhrase><VerbPhrase><VBD>was</VBD><VBN>used</VBN></VerbPhrase><VerbPhrase><TO>to</TO><VB>observe</VB></VerbPhrase><NounPhrase><DT-THE>the</DT-THE><NN>structure</NN><CC>and</CC><NN>morphology</NN><PrepPhrase><IN-OF>of</IN-OF><NounPhrase><DT-THE>the</DT-THE><MOLECULE><OSCARCM><OSCAR-CM>45S5</OSCAR-CM></OSCARCM><NN-STATE>bioactive-glass</NN-STATE></MOLECULE><NN>coating</NN></NounPhrase></PrepPhrase></NounPhrase><ActionPhrase type="Yield"><VerbPhrase><VB-YIELD>produced</VB-YIELD><PrepPhrase><IN-BY>by</IN-BY><NounPhrase><DT>both</DT><PROCEDURE><NN-METHOD>techniques</NN-METHOD></PROCEDURE></NounPhrase></PrepPhrase><PrepPhrase><IN-ON>on</IN-ON><NounPhrase><DT-THE>the</DT-THE><CD>304</CD><NNP>SS</NNP><NNS>samples</NNS></NounPhrase></PrepPhrase></VerbPhrase></ActionPhrase><STOP>.</STOP></Sentence></Document>
<?xml version="1.0" encoding="UTF-8"?>
<Document><Sentence><NounPhrase><NNP>Int</NNP></NounPhrase><STOP>.</STOP></Sentence></Document>
<?xml version="1.0" encoding="UTF-8"?>
<Document><Sentence><NounPhrase><PROCEDURE><NN-IDENTIFIER>J</NN-IDENTIFIER></PROCEDURE><STOP>.</STOP></NounPhrase></Sentence><Sentence><NounPhrase><NNP>Electrochem</NNP></NounPhrase><STOP>.</STOP></Sentence></Document>
<?xml version="1.0" encoding="UTF-8"?>
<Document><Sentence><NounPhrase><NNP>Sci</NNP></NounPhrase><STOP>.</STOP></Sentence><Sentence><Unmatched><COMMA>,</COMMA></Unmatched></Sentence></Document>
<?xml version="1.0" encoding="UTF-8"?>
<Document/>
<?xml version="1.0" encoding="UTF-8"?>
<Document><Sentence><NounPhrase><CD>7</CD><COMMA>,</COMMA><CD>2012</CD><CD>2895</CD><CD>2.6</CD></NounPhrase><STOP>.</STOP></Sentence></Document>
<?xml version="1.0" encoding="UTF-8"?>
<Document><Sentence><PrepPhrase><IN-IN>In</IN-IN><MOLECULE><OSCARCM><OSCAR-CM>vitro</OSCAR-CM></OSCARCM></MOLECULE></PrepPhrase><NounPhrase><NN>bioactivity</NN><NN>testing</NN></NounPhrase><VerbPhrase><VBG>Investigating</VBG></VerbPhrase><NounPhrase><DT-THE>the</DT-THE><NN>bioactivity</NN><PrepPhrase><IN-OF>of</IN-OF><NounPhrase><DT-THE>the</DT-THE><JJ>metallic</JJ><NNS>implants</NNS></NounPhrase></PrepPhrase></NounPhrase><VerbPhrase><VBN>made</VBN><PrepPhrase><IN-OF>of</IN-OF><NounPhrase><CD>304</CD><NNP>SS</NNP></NounPhrase></PrepPhrase></VerbPhrase><VerbPhrase><VBN>coated</VBN><PrepPhrase><IN-BY>by</IN-BY><NounPhrase><MOLECULE><OSCARCM><OSCAR-CM>45S5</OSCAR-CM></OSCARCM><NN-STATE>bioactive-glass</NN-STATE><NN-CHEMENTITY>layers</NN-CHEMENTITY></MOLECULE></NounPhrase></PrepPhrase></VerbPhrase><VerbPhrase><VBD>was</VBD><VBN>performed</VBN></VerbPhrase><VerbPhrase><IN-BY>by</IN-BY><VBG>imprisoning</VBG><PrepPhrase><IN-IN>in</IN-IN><MOLECULE><OSCARCM><OSCAR-CM>SBF</OSCAR-CM></OSCARCM><NN-CHEMENTITY>solution</NN-CHEMENTITY></MOLECULE></PrepPhrase></VerbPhrase><STOP>.</STOP></Sentence></Document>
<?xml version="1.0" encoding="UTF-8"?>
<Document><Sentence><ActionPhrase type="Wait"><NounPhrase><DT-THE>The</DT-THE><JJ>coated</JJ><NNS>specimens</NNS></NounPhrase><VerbPhrase><VBD>were</VBD><VB-IMMERSE>immersed</VB-IMMERSE><PrepPhrase><IN-IN>in</IN-IN><MOLECULE><QUANTITY><VOLUME><CD>100</CD><NN-VOL>ml</NN-VOL></VOLUME></QUANTITY><IN-OF>of</IN-OF><OSCARCM><OSCAR-CM>SBF</OSCAR-CM></OSCARCM></MOLECULE></PrepPhrase><TimePhrase><IN-FOR>for</IN-FOR><CD>14</CD><NN-TIME>days</NN-TIME></TimePhrase><PrepPhrase><IN-IN>in</IN-IN><NounPhrase><DT>an</DT><NN>incubator</NN></NounPhrase></PrepPhrase><TempPhrase><IN>at</IN><CD>37</CD><NN-TEMP>°C</NN-TEMP></TempPhrase></VerbPhrase></ActionPhrase><STOP>.</STOP></Sentence></Document>
<?xml version="1.0" encoding="UTF-8"?>
<Document><Sentence><NounPhrase><PRP>They</PRP></NounPhrase><VerbPhrase><VBD>were</VBD><RB-CONJ>then</RB-CONJ><VBN>brought</VBN><RP>out</RP><PrepPhrase><IN-FROM>from</IN-FROM><NounPhrase><DT-THE>the</DT-THE><NN>incubator</NN></NounPhrase></PrepPhrase></VerbPhrase><CC>and</CC><VerbPhrase><VBD>desiccated</VBD><TempPhrase><IN>at</IN><NN-TEMP>room</NN-TEMP><NN-TEMP>temperature</NN-TEMP></TempPhrase></VerbPhrase><STOP>.</STOP></Sentence></Document>
<?xml version="1.0" encoding="UTF-8"?>
<Document><Sentence><NounPhrase><PROCEDURE><CD>2.7</CD></PROCEDURE><STOP>.</STOP></NounPhrase></Sentence></Document>
<?xml version="1.0" encoding="UTF-8"?>
<Document><Sentence><NounPhrase><NNP>Corrosion</NNP><NN>behavior</NN><NN>evaluation</NN><NNP>Potentiodynamic</NNP><PROCEDURE><NN-METHOD>techniques</NN-METHOD></PROCEDURE></NounPhrase><VerbPhrase><VBP>have</VBP><RB>typically</RB><VBN>been</VBN><VBN>used</VBN></VerbPhrase><VerbPhrase><IN-FOR>for</IN-FOR><VBG>getting</VBG><JJ>qualitative</JJ></VerbPhrase><CC>and</CC><NounPhrase><JJ>quantitative</JJ><NN>information</NN></NounPhrase><PrepPhrase><IN>about</IN><NounPhrase><DT-THE>the</DT-THE><JJ>electrochemical</JJ><NNS>reactions</NNS><UNNAMEDMOLECULE><REFERENCETOCOMPOUND><LSQB>[</LSQB><CD>36,37</CD><RSQB>]</RSQB></REFERENCETOCOMPOUND></UNNAMEDMOLECULE></NounPhrase></PrepPhrase><STOP>.</STOP></Sentence></Document>
<?xml version="1.0" encoding="UTF-8"?>
<Document><Sentence><NounPhrase><DT-THE>The</DT-THE><JJ>electrochemical</JJ><NNS>evaluations</NNS></NounPhrase><VerbPhrase><VBD>were</VBD><VBN>performed</VBN></VerbPhrase><VerbPhrase><TO>to</TO><VB>investigate</VB></VerbPhrase><NounPhrase><DT-THE>the</DT-THE><JJ-CHEM>corrosion</JJ-CHEM><NN>behavior</NN><PrepPhrase><IN-OF>of</IN-OF><NounPhrase><MOLECULE><OSCARCM><OSCAR-CM>SS</OSCAR-CM></OSCARCM><REFERENCETOCOMPOUND><CD>304</CD></REFERENCETOCOMPOUND></MOLECULE></NounPhrase></PrepPhrase></NounPhrase><JJ>uncoated</JJ><CC>and</CC><PrepPhrase><JJ>coated</JJ><IN-BY>by</IN-BY><NounPhrase><MOLECULE><OSCARCM><OSCAR-CM>45S5</OSCAR-CM></OSCARCM></MOLECULE><NN>bioglass</NN></NounPhrase></PrepPhrase><VerbPhrase><VB-USE>using</VB-USE><VBG>melting</VBG></VerbPhrase><CC>and</CC><NounPhrase><NN-CHEMENTITY>sol-gel</NN-CHEMENTITY><PROCEDURE><NN-METHOD>techniques</NN-METHOD></PROCEDURE></NounPhrase><STOP>.</STOP></Sentence></Document>
<?xml version="1.0" encoding="UTF-8"?>
<Document><Sentence><VerbPhrase><TO>To</TO><VB>achieve</VB></VerbPhrase><NounPhrase><DT>this</DT><NN>purpose</NN><COMMA>,</COMMA><NNS>specimens</NNS></NounPhrase><VerbPhrase><VBD>were</VBD><VB-IMMERSE>immersed</VB-IMMERSE><PrepPhrase><IN-IN>in</IN-IN><MOLECULE><OSCARCM><OSCAR-CM>SBF</OSCAR-CM></OSCARCM><MIXTURE><_-LRB->(</_-LRB-><IN-AS>as</IN-AS><NN>electrolyte</NN><_-RRB->)</_-RRB-></MIXTURE></MOLECULE></PrepPhrase><TempPhrase><IN>at</IN><CD>37±1</CD><NN-TEMP>°C</NN-TEMP></TempPhrase></VerbPhrase><Unmatched><_-LRB->(</_-LRB-></Unmatched><NounPhrase><DT-THE>the</DT-THE><NN>body</NN><NN-TEMP>temperature</NN-TEMP></NounPhrase><Unmatched><_-RRB->)</_-RRB-></Unmatched><STOP>.</STOP></Sentence></Document>
<?xml version="1.0" encoding="UTF-8"?>
<Document><Sentence><NounPhrase><DT-THE>The</DT-THE><JJ-CHEM>reference</JJ-CHEM><NN>electrode</NN><MIXTURE><_-LRB->(</_-LRB-><JJ-CHEM>saturated</JJ-CHEM><JJ-CHEM>calomel</JJ-CHEM><NN>electrode</NN><_-RRB->)</_-RRB-></MIXTURE></NounPhrase><VerbPhrase><VBD>was</VBD><VBN>connected</VBN><PrepPhrase><TO>to</TO><NounPhrase><DT>a</DT><MOLECULE><OSCARCM><OSCAR-CM>Pt</OSCAR-CM></OSCARCM></MOLECULE><NN>electrode</NN></NounPhrase></PrepPhrase></VerbPhrase><COMMA>,</COMMA><CC>and</CC><RB-CONJ>then</RB-CONJ><VerbPhrase><VB-SUSPEND>placed</VB-SUSPEND><PrepPhrase><IN-IN>in</IN-IN><MOLECULE><OSCARCM><OSCAR-CM>SBF</OSCAR-CM></OSCARCM><NN-CHEMENTITY>solution</NN-CHEMENTITY></MOLECULE></PrepPhrase></VerbPhrase><STOP>.</STOP></Sentence></Document>
<?xml version="1.0" encoding="UTF-8"?>
<Document><Sentence><NounPhrase><DT-THE>The</DT-THE><NNS>specimens</NNS><CC>and</CC><NN>reference</NN><NN>electrode</NN></NounPhrase><VerbPhrase><VBD>were</VBD><VBN>connected</VBN><PrepPhrase><TO>to</TO><NounPhrase><DT>a</DT><JJ-CHEM>potentiostat</JJ-CHEM><NN>instrument</NN></NounPhrase></PrepPhrase></VerbPhrase><Unmatched><_-LRB->(</_-LRB-></Unmatched><VerbPhrase><VB-USE>using</VB-USE></VerbPhrase><NounPhrase><DT>an</DT><MOLECULE><OSCARCM><OSCAR-CM>EG&amp;G</OSCAR-CM></OSCARCM></MOLECULE><NN>model</NN><UNNAMEDMOLECULE><REFERENCETOCOMPOUND><CD-ALPHANUM>263A</CD-ALPHANUM></REFERENCETOCOMPOUND></UNNAMEDMOLECULE><NN>potentiostat/galvanostat</NN></NounPhrase><VerbPhrase><VBN>interfaced</VBN><PrepPhrase><IN-WITH>with</IN-WITH><NounPhrase><DT>a</DT><NN>computer</NN></NounPhrase></PrepPhrase></VerbPhrase><CC>and</CC><ActionPhrase type="Synthesize"><NounPhrase><DT>a</DT><NN>recorder</NN></NounPhrase><Unmatched><_-RRB->)</_-RRB-></Unmatched><Unmatched><CC>and</CC></Unmatched><NounPhrase><DT-THE>the</DT-THE><JJ-CHEM>corrosion</JJ-CHEM><NN>polarization</NN><NNS>curves</NNS></NounPhrase><VerbPhrase><VBD>were</VBD><VBN>plotted</VBN><TimePhrase><IN-AFTER>after</IN-AFTER><CD>2</CD><NN-TIME>h</NN-TIME></TimePhrase><PrepPhrase><IN-FOR>for</IN-FOR><NounPhrase><DT-THE>the</DT-THE><NN>corrosion</NN><NN-SYNTHESIZE>reaction</NN-SYNTHESIZE></NounPhrase></PrepPhrase></VerbPhrase></ActionPhrase><ActionPhrase type="Yield"><VerbPhrase><TO>to</TO><VB-YIELD>get</VB-YIELD><PrepPhrase><TO>to</TO><NounPhrase><NN>equilibrium</NN><NN>state</NN></NounPhrase></PrepPhrase></VerbPhrase></ActionPhrase><STOP>.</STOP></Sentence></Document>
<?xml version="1.0" encoding="UTF-8"?>
<Document><Sentence><Unmatched><RB>Afterwards</RB></Unmatched><Unmatched><COMMA>,</COMMA></Unmatched><NounPhrase><DT-THE>the</DT-THE><JJ>mean</JJ><NN>value</NN><PrepPhrase><IN-OF>of</IN-OF><NounPhrase><NN>corrosion</NN><JJ>current</JJ><NN>density</NN><CC>and</CC><NN>corrosion</NN><NN>potential</NN><PrepPhrase><IN-OF>of</IN-OF><NounPhrase><JJ>different</JJ><NNS>specimens</NNS></NounPhrase></PrepPhrase></NounPhrase></PrepPhrase></NounPhrase><VerbPhrase><VBD>were</VBD><VBN>measured</VBN><PrepPhrase><IN-FROM>from</IN-FROM><NounPhrase><NN>polarization</NN><NNS>curves</NNS></NounPhrase></PrepPhrase></VerbPhrase><VerbPhrase><VB-USE>using</VB-USE></VerbPhrase><NounPhrase><NN>linear</NN><NN>polarization</NN><CC>and</CC><NNP>Tafel</NNP><PROCEDURE><NN>extrapolation</NN><NN-METHOD>techniques</NN-METHOD></PROCEDURE></NounPhrase><STOP>.</STOP></Sentence></Document>
<?xml version="1.0" encoding="UTF-8"?>
<Document><Sentence><PrepPhrase><IN-IN>In</IN-IN><NounPhrase><NN>addition</NN><COMMA>,</COMMA><JJ>standard</JJ><JJ-CHEM>test</JJ-CHEM><NN>deviation</NN><PrepPhrase><IN-OF>of</IN-OF><NounPhrase><NN>corrosion</NN><JJ>current</JJ><NN>density</NN><CC>and</CC><NN>corrosion</NN><NN>potential</NN></NounPhrase></PrepPhrase></NounPhrase></PrepPhrase><VerbPhrase><VBD>was</VBD><VBN>calculated</VBN></VerbPhrase><NounPhrase><MIXTURE><_-LRB->(</_-LRB-><CaptionLabel><NNP-LABEL>Table</NNP-LABEL><CD>2</CD></CaptionLabel><_-RRB->)</_-RRB-></MIXTURE></NounPhrase><STOP>.</STOP></Sentence></Document>
<?xml version="1.0" encoding="UTF-8"?>
<Document><Sentence><NounPhrase><CaptionLabel><NNP-LABEL>Figure</NNP-LABEL><CD>1</CD></CaptionLabel></NounPhrase><STOP>.</STOP></Sentence></Document>
<?xml version="1.0" encoding="UTF-8"?>
<Document><Sentence><ActionPhrase type="Wait"><NounPhrase><NNP>XRD</NNP><NNS>patterns</NNS><PrepPhrase><IN-OF>of</IN-OF><NounPhrase><DT-THE>the</DT-THE><NN>surface</NN><PrepPhrase><IN-OF>of</IN-OF><NounPhrase><JJ-CHEM>melt-derived</JJ-CHEM><MOLECULE><OSCARCM><OSCAR-CM>45S5</OSCAR-CM></OSCARCM><NN-STATE>bioactive-glass</NN-STATE></MOLECULE><JJ>coated</JJ><NN>sample</NN><UNNAMEDMOLECULE><REFERENCETOCOMPOUND><_-LRB->(</_-LRB-><NN-IDENTIFIER>a</NN-IDENTIFIER><_-RRB->)</_-RRB-></REFERENCETOCOMPOUND></UNNAMEDMOLECULE></NounPhrase></PrepPhrase></NounPhrase></PrepPhrase></NounPhrase><Unmatched><IN-BEFORE>before</IN-BEFORE></Unmatched><Unmatched><CC>and</CC></Unmatched><NounPhrase><UNNAMEDMOLECULE><REFERENCETOCOMPOUND><_-LRB->(</_-LRB-><NN-IDENTIFIER>b</NN-IDENTIFIER><_-RRB->)</_-RRB-></REFERENCETOCOMPOUND></UNNAMEDMOLECULE></NounPhrase><TimePhrase><IN-AFTER>after</IN-AFTER><CD>14</CD><NN-TIME>days</NN-TIME></TimePhrase><PrepPhrase><IN-OF>of</IN-OF><NounPhrase><NN>immersion</NN><PrepPhrase><IN-IN>in</IN-IN><MOLECULE><OSCARCM><OSCAR-CM>SBF</OSCAR-CM></OSCARCM></MOLECULE></PrepPhrase></NounPhrase></PrepPhrase></ActionPhrase><STOP>.</STOP></Sentence></Document>
<?xml version="1.0" encoding="UTF-8"?>
<Document><Sentence><NounPhrase><NNP>Int</NNP></NounPhrase><STOP>.</STOP></Sentence></Document>
<?xml version="1.0" encoding="UTF-8"?>
<Document><Sentence><NounPhrase><PROCEDURE><NN-IDENTIFIER>J</NN-IDENTIFIER></PROCEDURE><STOP>.</STOP></NounPhrase></Sentence><Sentence><NounPhrase><NNP>Electrochem</NNP></NounPhrase><STOP>.</STOP></Sentence></Document>
<?xml version="1.0" encoding="UTF-8"?>
<Document><Sentence><NounPhrase><NNP>Sci</NNP></NounPhrase><STOP>.</STOP></Sentence><Sentence><Unmatched><COMMA>,</COMMA></Unmatched></Sentence></Document>
<?xml version="1.0" encoding="UTF-8"?>
<Document/>
<?xml version="1.0" encoding="UTF-8"?>
<Document><Sentence><NounPhrase><CD>7</CD><COMMA>,</COMMA><CD>2012</CD><CD>2896</CD><CaptionLabel><NNP-LABEL>Figure</NNP-LABEL><CD>2</CD></CaptionLabel></NounPhrase><STOP>.</STOP></Sentence></Document>
<?xml version="1.0" encoding="UTF-8"?>
<Document><Sentence><ActionPhrase type="Wait"><NounPhrase><NNP>XRD</NNP><NNS>patterns</NNS><PrepPhrase><IN-OF>of</IN-OF><NounPhrase><DT-THE>the</DT-THE><NN>surface</NN><PrepPhrase><IN-OF>of</IN-OF><NounPhrase><JJ-CHEM>sol-gel-derived</JJ-CHEM><MOLECULE><OSCARCM><OSCAR-CM>45S5</OSCAR-CM></OSCARCM><NN-STATE>bioactive-glass</NN-STATE></MOLECULE><JJ>coated</JJ><NN>sample</NN><UNNAMEDMOLECULE><REFERENCETOCOMPOUND><_-LRB->(</_-LRB-><NN-IDENTIFIER>a</NN-IDENTIFIER><_-RRB->)</_-RRB-></REFERENCETOCOMPOUND></UNNAMEDMOLECULE></NounPhrase></PrepPhrase></NounPhrase></PrepPhrase></NounPhrase><Unmatched><IN-BEFORE>before</IN-BEFORE></Unmatched><Unmatched><CC>and</CC></Unmatched><NounPhrase><UNNAMEDMOLECULE><REFERENCETOCOMPOUND><_-LRB->(</_-LRB-><NN-IDENTIFIER>b</NN-IDENTIFIER><_-RRB->)</_-RRB-></REFERENCETOCOMPOUND></UNNAMEDMOLECULE></NounPhrase><TimePhrase><IN-AFTER>after</IN-AFTER><CD>14</CD><NN-TIME>days</NN-TIME></TimePhrase><PrepPhrase><IN-OF>of</IN-OF><NounPhrase><NN>immersion</NN><PrepPhrase><IN-IN>in</IN-IN><MOLECULE><OSCARCM><OSCAR-CM>SBF</OSCAR-CM></OSCARCM></MOLECULE></PrepPhrase></NounPhrase></PrepPhrase></ActionPhrase><STOP>.</STOP></Sentence></Document>
<?xml version="1.0" encoding="UTF-8"?>
<Document><Sentence><NounPhrase><CaptionLabel><NNP-LABEL>Figure</NNP-LABEL><CD>3</CD></CaptionLabel></NounPhrase><STOP>.</STOP></Sentence></Document>
<?xml version="1.0" encoding="UTF-8"?>
<Document><Sentence><ActionPhrase type="Wait"><NounPhrase><NNP>FTIR</NNP><NN>spectra</NN><PrepPhrase><IN-OF>of</IN-OF><NounPhrase><DT-THE>the</DT-THE><JJ-CHEM>melt-derived</JJ-CHEM><MOLECULE><OSCARCM><OSCAR-CM>45S5</OSCAR-CM></OSCARCM><NN-STATE>bioactive-glass</NN-STATE></MOLECULE><JJ>coated</JJ><CD>304</CD><NNP>SS</NNP><UNNAMEDMOLECULE><REFERENCETOCOMPOUND><_-LRB->(</_-LRB-><NN-IDENTIFIER>a</NN-IDENTIFIER><_-RRB->)</_-RRB-></REFERENCETOCOMPOUND></UNNAMEDMOLECULE></NounPhrase></PrepPhrase></NounPhrase><Unmatched><IN-BEFORE>before</IN-BEFORE></Unmatched><Unmatched><CC>and</CC></Unmatched><NounPhrase><UNNAMEDMOLECULE><REFERENCETOCOMPOUND><_-LRB->(</_-LRB-><NN-IDENTIFIER>b</NN-IDENTIFIER><_-RRB->)</_-RRB-></REFERENCETOCOMPOUND></UNNAMEDMOLECULE></NounPhrase><TimePhrase><IN-AFTER>after</IN-AFTER><CD>14</CD><NN-TIME>days</NN-TIME></TimePhrase><PrepPhrase><IN-OF>of</IN-OF><NounPhrase><NN>immersion</NN><PrepPhrase><IN-IN>in</IN-IN><MOLECULE><OSCARCM><OSCAR-CM>SBF</OSCAR-CM></OSCARCM></MOLECULE></PrepPhrase></NounPhrase></PrepPhrase></ActionPhrase><STOP>.</STOP></Sentence></Document>
<?xml version="1.0" encoding="UTF-8"?>
<Document><Sentence><NounPhrase><NNP>Int</NNP></NounPhrase><STOP>.</STOP></Sentence></Document>
<?xml version="1.0" encoding="UTF-8"?>
<Document><Sentence><NounPhrase><PROCEDURE><NN-IDENTIFIER>J</NN-IDENTIFIER></PROCEDURE><STOP>.</STOP></NounPhrase></Sentence><Sentence><NounPhrase><NNP>Electrochem</NNP></NounPhrase><STOP>.</STOP></Sentence></Document>
<?xml version="1.0" encoding="UTF-8"?>
<Document><Sentence><NounPhrase><NNP>Sci</NNP></NounPhrase><STOP>.</STOP></Sentence><Sentence><Unmatched><COMMA>,</COMMA></Unmatched></Sentence></Document>
<?xml version="1.0" encoding="UTF-8"?>
<Document/>
<?xml version="1.0" encoding="UTF-8"?>
<Document><Sentence><NounPhrase><CD>7</CD><COMMA>,</COMMA><CD>2012</CD><CD>2897</CD><CaptionLabel><NNP-LABEL>Figure</NNP-LABEL><CD>4</CD></CaptionLabel></NounPhrase><STOP>.</STOP></Sentence></Document>
<?xml version="1.0" encoding="UTF-8"?>
<Document><Sentence><ActionPhrase type="Wait"><NounPhrase><NNP>FTIR</NNP><NN>spectra</NN><PrepPhrase><IN-OF>of</IN-OF><NounPhrase><DT-THE>the</DT-THE><JJ-CHEM>sol-gel-derived</JJ-CHEM><MOLECULE><OSCARCM><OSCAR-CM>45S5</OSCAR-CM></OSCARCM><NN-STATE>bioactive-glass</NN-STATE></MOLECULE><JJ>coated</JJ><CD>304</CD><NNP>SS</NNP><UNNAMEDMOLECULE><REFERENCETOCOMPOUND><_-LRB->(</_-LRB-><NN-IDENTIFIER>a</NN-IDENTIFIER><_-RRB->)</_-RRB-></REFERENCETOCOMPOUND></UNNAMEDMOLECULE></NounPhrase></PrepPhrase></NounPhrase><Unmatched><IN-BEFORE>before</IN-BEFORE></Unmatched><Unmatched><CC>and</CC></Unmatched><NounPhrase><UNNAMEDMOLECULE><REFERENCETOCOMPOUND><_-LRB->(</_-LRB-><NN-IDENTIFIER>b</NN-IDENTIFIER><_-RRB->)</_-RRB-></REFERENCETOCOMPOUND></UNNAMEDMOLECULE></NounPhrase><TimePhrase><IN-AFTER>after</IN-AFTER><CD>14</CD><NN-TIME>days</NN-TIME></TimePhrase><PrepPhrase><IN-OF>of</IN-OF><NounPhrase><NN>immersion</NN><PrepPhrase><IN-IN>in</IN-IN><MOLECULE><OSCARCM><OSCAR-CM>SBF</OSCAR-CM></OSCARCM></MOLECULE></PrepPhrase></NounPhrase></PrepPhrase></ActionPhrase><STOP>.</STOP></Sentence></Document>
<?xml version="1.0" encoding="UTF-8"?>
<Document><Sentence><NounPhrase><CaptionLabel><NNP-LABEL>Figure</NNP-LABEL><CD>5</CD></CaptionLabel></NounPhrase><STOP>.</STOP></Sentence><Sentence><Unmatched><_-LRB->(</_-LRB-></Unmatched></Sentence></Document>
<?xml version="1.0" encoding="UTF-8"?>
<Document><Sentence><NounPhrase><PROCEDURE><NN-IDENTIFIER>a</NN-IDENTIFIER></PROCEDURE><_-RRB->)</_-RRB-></NounPhrase></Sentence><Sentence><NounPhrase><NNP>SEM</NNP><NN>micrograph</NN><PrepPhrase><IN-OF>of</IN-OF><NounPhrase><DT-THE>the</DT-THE><NN>surface</NN><PrepPhrase><IN-OF>of</IN-OF><NounPhrase><CD>304</CD><MOLECULE><OSCARCM><OSCAR-CM>SS</OSCAR-CM></OSCARCM><JJ>coated</JJ></MOLECULE></NounPhrase></PrepPhrase></NounPhrase></PrepPhrase></NounPhrase><PrepPhrase><IN-BY>by</IN-BY><NounPhrase><JJ-CHEM>melt-derived</JJ-CHEM><MOLECULE><OSCARCM><OSCAR-CM>45S5</OSCAR-CM></OSCARCM><NN-STATE>bioactive-glass</NN-STATE></MOLECULE><COMMA>,</COMMA><UNNAMEDMOLECULE><REFERENCETOCOMPOUND><_-LRB->(</_-LRB-><NN-IDENTIFIER>b</NN-IDENTIFIER><_-RRB->)</_-RRB-></REFERENCETOCOMPOUND></UNNAMEDMOLECULE></NounPhrase></PrepPhrase><VerbPhrase><VBN>SEM</VBN></VerbPhrase><NounPhrase><NN>micrograph</NN><PrepPhrase><IN-OF>of</IN-OF><NounPhrase><NN>cross</NN><NN>section</NN><PrepPhrase><IN-OF>of</IN-OF><NounPhrase><CD>304</CD><MOLECULE><OSCARCM><OSCAR-CM>SS</OSCAR-CM></OSCARCM><JJ>coated</JJ></MOLECULE></NounPhrase></PrepPhrase></NounPhrase></PrepPhrase></NounPhrase><PrepPhrase><IN-BY>by</IN-BY><NounPhrase><JJ-CHEM>melt-derived</JJ-CHEM><MOLECULE><OSCARCM><OSCAR-CM>45S5</OSCAR-CM></OSCARCM><NN-STATE>bioactive-glass</NN-STATE></MOLECULE></NounPhrase></PrepPhrase><COMMA>,</COMMA><PrepPhrase><IN-BEFORE>before</IN-BEFORE><NounPhrase><NN>immersion</NN><PrepPhrase><IN-IN>in</IN-IN><MOLECULE><OSCARCM><OSCAR-CM>SBF</OSCAR-CM></OSCARCM></MOLECULE></PrepPhrase></NounPhrase></PrepPhrase><STOP>.</STOP></Sentence></Document>
<?xml version="1.0" encoding="UTF-8"?>
<Document><Sentence><NounPhrase><NNP>Int</NNP></NounPhrase><STOP>.</STOP></Sentence></Document>
<?xml version="1.0" encoding="UTF-8"?>
<Document><Sentence><NounPhrase><PROCEDURE><NN-IDENTIFIER>J</NN-IDENTIFIER></PROCEDURE><STOP>.</STOP></NounPhrase></Sentence><Sentence><NounPhrase><NNP>Electrochem</NNP></NounPhrase><STOP>.</STOP></Sentence></Document>
<?xml version="1.0" encoding="UTF-8"?>
<Document><Sentence><NounPhrase><NNP>Sci</NNP></NounPhrase><STOP>.</STOP></Sentence><Sentence><Unmatched><COMMA>,</COMMA></Unmatched></Sentence></Document>
<?xml version="1.0" encoding="UTF-8"?>
<Document/>
<?xml version="1.0" encoding="UTF-8"?>
<Document><Sentence><NounPhrase><CD>7</CD><COMMA>,</COMMA><CD>2012</CD><CD>2898</CD><CaptionLabel><NNP-LABEL>Figure</NNP-LABEL><CD>6</CD></CaptionLabel></NounPhrase><STOP>.</STOP></Sentence><Sentence><Unmatched><_-LRB->(</_-LRB-></Unmatched></Sentence></Document>
<?xml version="1.0" encoding="UTF-8"?>
<Document><Sentence><NounPhrase><PROCEDURE><NN-IDENTIFIER>a</NN-IDENTIFIER></PROCEDURE><_-RRB->)</_-RRB-></NounPhrase></Sentence><Sentence><NounPhrase><NNP>SEM</NNP><NN>micrograph</NN><PrepPhrase><IN-OF>of</IN-OF><NounPhrase><DT-THE>the</DT-THE><NN>surface</NN><PrepPhrase><IN-OF>of</IN-OF><NounPhrase><CD>304</CD><MOLECULE><OSCARCM><OSCAR-CM>SS</OSCAR-CM></OSCARCM><JJ>coated</JJ></MOLECULE></NounPhrase></PrepPhrase></NounPhrase></PrepPhrase></NounPhrase><PrepPhrase><IN-BY>by</IN-BY><NounPhrase><JJ-CHEM>sol-gel-derived</JJ-CHEM><MOLECULE><OSCARCM><OSCAR-CM>45S5</OSCAR-CM></OSCARCM><NN-STATE>bioactive-glass</NN-STATE></MOLECULE><COMMA>,</COMMA><UNNAMEDMOLECULE><REFERENCETOCOMPOUND><_-LRB->(</_-LRB-><NN-IDENTIFIER>b</NN-IDENTIFIER><_-RRB->)</_-RRB-></REFERENCETOCOMPOUND></UNNAMEDMOLECULE></NounPhrase></PrepPhrase><VerbPhrase><VBN>SEM</VBN></VerbPhrase><NounPhrase><NN>micrograph</NN><PrepPhrase><IN-OF>of</IN-OF><NounPhrase><NN>cross</NN><NN>section</NN><PrepPhrase><IN-OF>of</IN-OF><NounPhrase><CD>304</CD><MOLECULE><OSCARCM><OSCAR-CM>SS</OSCAR-CM></OSCARCM><JJ>coated</JJ></MOLECULE></NounPhrase></PrepPhrase></NounPhrase></PrepPhrase></NounPhrase><PrepPhrase><IN-BY>by</IN-BY><NounPhrase><JJ-CHEM>sol-gel-derived</JJ-CHEM><MOLECULE><OSCARCM><OSCAR-CM>45S5</OSCAR-CM></OSCARCM><NN-STATE>bioactive-glass</NN-STATE></MOLECULE></NounPhrase></PrepPhrase><COMMA>,</COMMA><PrepPhrase><IN-BEFORE>before</IN-BEFORE><NounPhrase><NN>immersion</NN><PrepPhrase><IN-IN>in</IN-IN><MOLECULE><OSCARCM><OSCAR-CM>SBF</OSCAR-CM></OSCARCM></MOLECULE></PrepPhrase></NounPhrase></PrepPhrase><STOP>.</STOP></Sentence></Document>
<?xml version="1.0" encoding="UTF-8"?>
<Document><Sentence><NounPhrase><PROCEDURE><CD>3</CD></PROCEDURE><STOP>.</STOP></NounPhrase></Sentence></Document>
<?xml version="1.0" encoding="UTF-8"?>
<Document/>
