<?xml version="1.0" encoding="UTF-8"?>
<Document><Sentence><NounPhrase><MOLECULE><OSCARCM><OSCAR-CM>EXPERIMENTAL</OSCAR-CM></OSCARCM></MOLECULE><PROCEDURE><NN-METHOD>METHODS</NN-METHOD></PROCEDURE><CC>AND</CC><UNNAMEDMOLECULE><NN-CHEMENTITY>MATERIALS</NN-CHEMENTITY><REFERENCETOCOMPOUND><CD>2.1</CD></REFERENCETOCOMPOUND></UNNAMEDMOLECULE></NounPhrase><STOP>.</STOP></Sentence></Document>
<?xml version="1.0" encoding="UTF-8"?>
<Document><Sentence><ActionPhrase type="Synthesize"><NounPhrase><NNP>Sample</NNP><NN-SYNTHESIZE>Preparation</NN-SYNTHESIZE><MOLECULE><OSCARCM><OSCAR-CM>Zn</OSCAR-CM></OSCARCM></MOLECULE><CC>and</CC><MOLECULE><OSCARCM><OSCAR-CM>Zn-Cr2O3-SiO2</OSCAR-CM></OSCARCM><JJ>nanocomposite</JJ></MOLECULE><NNS>coatings</NNS></NounPhrase></ActionPhrase><ActionPhrase type="Synthesize"><VerbPhrase><VBD>were</VBD><VB-SYNTHESIZE>prepared</VB-SYNTHESIZE><PrepPhrase><IN-BY>by</IN-BY><NounPhrase><PROCEDURE><NN>electrodeposition</NN><NN-METHOD>technique</NN-METHOD></PROCEDURE></NounPhrase></PrepPhrase></VerbPhrase></ActionPhrase><VerbPhrase><VB-USE>using</VB-USE><JJ>mild</JJ></VerbPhrase><NounPhrase><NN>steel</NN><NNS>plates</NNS></NounPhrase><PrepPhrase><IN-AS>as</IN-AS><NounPhrase><NNS>cathodes</NNS></NounPhrase></PrepPhrase><STOP>.</STOP></Sentence></Document>
<?xml version="1.0" encoding="UTF-8"?>
<Document><Sentence><NounPhrase><DT-THE>The</DT-THE><JJ>mild</JJ><NN>steel</NN><NNS>plates</NNS></NounPhrase><VerbPhrase><VBD>were</VBD><VBN>sectioned</VBN><VB-USE>using</VB-USE></VerbPhrase><NounPhrase><DT>a</DT><JJ-CHEM>cutting</JJ-CHEM><NN>wheel</NN></NounPhrase><PrepPhrase><TO>to</TO><NounPhrase><NNP>Int</NNP></NounPhrase></PrepPhrase><STOP>.</STOP></Sentence></Document>
<?xml version="1.0" encoding="UTF-8"?>
<Document><Sentence><NounPhrase><PROCEDURE><NN-IDENTIFIER>J</NN-IDENTIFIER></PROCEDURE><STOP>.</STOP></NounPhrase></Sentence><Sentence><NounPhrase><NNP>Electrochem</NNP></NounPhrase><STOP>.</STOP></Sentence></Document>
<?xml version="1.0" encoding="UTF-8"?>
<Document><Sentence><NounPhrase><NNP>Sci</NNP></NounPhrase><STOP>.</STOP></Sentence><Sentence><Unmatched><COMMA>,</COMMA></Unmatched></Sentence></Document>
<?xml version="1.0" encoding="UTF-8"?>
<Document/>
<?xml version="1.0" encoding="UTF-8"?>
<Document><Sentence><NounPhrase><CD>10</CD><COMMA>,</COMMA><CD>2015</CD><CD>3990</CD><NNS>dimensions</NNS><PrepPhrase><IN-OF>of</IN-OF><NounPhrase><CD>25x40</CD><CD>mm</CD></NounPhrase></PrepPhrase></NounPhrase><STOP>.</STOP></Sentence></Document>
<?xml version="1.0" encoding="UTF-8"?>
<Document><Sentence><NounPhrase><NNP>Emery</NNP><NNS>papers</NNS><PrepPhrase><IN-OF>of</IN-OF><NounPhrase><NN>grit</NN><NN>size</NN><PrepPhrase><IN-OF>of</IN-OF><NounPhrase><CD>180</CD><CC>and</CC><CD>400</CD><NNS>grits</NNS></NounPhrase></PrepPhrase></NounPhrase></PrepPhrase></NounPhrase><VerbPhrase><VBD>were</VBD><VBN>used</VBN></VerbPhrase><VerbPhrase><TO>to</TO><VB>grind</VB></VerbPhrase><COMMA>,</COMMA><VerbPhrase><VB>polish</VB></VerbPhrase><CC>and</CC><ActionPhrase type="Remove"><VerbPhrase><VB-REMOVE>remove</VB-REMOVE></VerbPhrase><NounPhrase><DT-THE>the</DT-THE><JJ>unwanted</JJ><NN-CHEMENTITY>materials</NN-CHEMENTITY></NounPhrase><PrepPhrase><JJ>such</JJ><IN-AS>as</IN-AS><NounPhrase><NN>rust</NN></NounPhrase></PrepPhrase><PrepPhrase><IN-ON>on</IN-ON><NounPhrase><DT-THE>the</DT-THE><JJ>mild</JJ><JJ-CHEM>steel</JJ-CHEM><NN>substrate</NN></NounPhrase></PrepPhrase></ActionPhrase><STOP>.</STOP></Sentence></Document>
<?xml version="1.0" encoding="UTF-8"?>
<Document><Sentence><NounPhrase><DT-THE>The</DT-THE><JJ>polished</JJ><NNS>samples</NNS></NounPhrase><VerbPhrase><VBD>were</VBD><RB-CONJ>then</RB-CONJ><VBN>dipped</VBN><PrepPhrase><IN-INTO>into</IN-INTO><NounPhrase><MOLECULE><OSCARCM><OSCAR-CM>ethanol</OSCAR-CM></OSCARCM></MOLECULE></NounPhrase></PrepPhrase></VerbPhrase><ActionPhrase type="Remove"><VerbPhrase><TO>to</TO><VB-REMOVE>remove</VB-REMOVE></VerbPhrase><NounPhrase><DT-THE>the</DT-THE><NN>grease</NN><CC>or</CC><NN-STATE>oil</NN-STATE></NounPhrase><PrepPhrase><IN-ON>on</IN-ON><NounPhrase><DT-THE>the</DT-THE><JJ>mild</JJ><NN>steel</NN></NounPhrase></PrepPhrase></ActionPhrase><VerbPhrase><VBN>followed</VBN><PrepPhrase><IN-BY>by</IN-BY><NounPhrase><NN-CHEMENTITY>suspension</NN-CHEMENTITY></NounPhrase></PrepPhrase><PrepPhrase><IN-INTO>into</IN-INTO><NounPhrase><MOLECULE><QUANTITY><MOLAR><CD>1</CD><NN-MOLAR>M</NN-MOLAR></MOLAR></QUANTITY><OSCARCM><OSCAR-CM>HCl</OSCAR-CM></OSCARCM></MOLECULE></NounPhrase></PrepPhrase></VerbPhrase><VerbPhrase><TO>to</TO><VB>activate</VB></VerbPhrase><NounPhrase><DT-THE>the</DT-THE><NN>surface</NN></NounPhrase><RB-CONJ>prior</RB-CONJ><PrepPhrase><TO>to</TO><NounPhrase><NN>plating</NN></NounPhrase></PrepPhrase><STOP>.</STOP></Sentence></Document>
<?xml version="1.0" encoding="UTF-8"?>
<Document><Sentence><ActionPhrase type="Stir"><NounPhrase><DT-THE>The</DT-THE><JJ-CHEM>plating</JJ-CHEM><NN-CHEMENTITY>solutions</NN-CHEMENTITY></NounPhrase><VerbPhrase><VBD>were</VBD><RB>mechanically</RB><VB-STIR>stirred</VB-STIR></VerbPhrase></ActionPhrase><VerbPhrase><VB-USE>using</VB-USE></VerbPhrase><NounPhrase><MultipleApparatus><APPARATUS><DT>a</DT><JJ>magnetic</JJ><NN-APPARATUS>stirrer</NN-APPARATUS></APPARATUS></MultipleApparatus></NounPhrase><TimePhrase><IN-FOR>for</IN-FOR><CD>18</CD><NN-TIME>hours</NN-TIME></TimePhrase><VerbPhrase><TO>to</TO><VB>keep</VB></VerbPhrase><NounPhrase><MOLECULE><OSCARCM><OSCAR-CM>Cr2O3</OSCAR-CM></OSCARCM><MIXTURE><_-LRB->(</_-LRB-><CD>100</CD><NN>nm</NN><_-RRB->)</_-RRB-></MIXTURE></MOLECULE><CC>and</CC><MOLECULE><OSCARCM><OSCAR-CM>Al2O3</OSCAR-CM></OSCARCM><MIXTURE><_-LRB->(</_-LRB-><CD>50</CD><NN>nm</NN><_-RRB->)</_-RRB-></MIXTURE></MOLECULE><NNS>nanoparticles</NNS></NounPhrase><PrepPhrase><IN-IN>in</IN-IN><NounPhrase><NN-CHEMENTITY>suspension</NN-CHEMENTITY></NounPhrase></PrepPhrase><STOP>.</STOP></Sentence></Document>
<?xml version="1.0" encoding="UTF-8"?>
<Document><Sentence><NounPhrase><CaptionLabel><NNP-LABEL>Table</NNP-LABEL><CD>1</CD></CaptionLabel></NounPhrase><STOP>.</STOP></Sentence></Document>
<?xml version="1.0" encoding="UTF-8"?>
<Document><Sentence><ActionPhrase type="ApparatusAction"><NounPhrase><MultipleApparatus><APPARATUS><NN-APPARATUS>Bath</NN-APPARATUS></APPARATUS></MultipleApparatus></NounPhrase><NounPhrase><NNP>Composition</NNP></NounPhrase><CC>and</CC><VerbPhrase><VBG>Operating</VBG></VerbPhrase></ActionPhrase><NounPhrase><NNPS>Conditions</NNPS><NNP>Composition</NNP><NNP>Parameters</NNP><MOLECULE><OSCARCM><OSCAR-CM>ZnCl2-150</OSCAR-CM></OSCARCM></MOLECULE></NounPhrase><Unmatched><NN-MASS>g</NN-MASS></Unmatched><Unmatched><DASH>/</DASH></Unmatched><NounPhrase><NN-VOL>L</NN-VOL><MOLECULE><OSCARCM><OSCAR-CM>KCl-50</OSCAR-CM></OSCARCM></MOLECULE></NounPhrase><Unmatched><NN-MASS>g</NN-MASS></Unmatched><Unmatched><DASH>/</DASH></Unmatched><NounPhrase><NN-VOL>L</NN-VOL><NNP>Boric</NNP><NN-CHEMENTITY>Acid</NN-CHEMENTITY><DASH>-</DASH><QUANTITY><MASS><CD>30</CD><NN-MASS>g</NN-MASS></MASS></QUANTITY><DASH>/</DASH><NN-VOL>L</NN-VOL><MOLECULE><OSCARCM><OSCAR-CM>Glycine-30</OSCAR-CM></OSCARCM></MOLECULE></NounPhrase><Unmatched><NN-MASS>g</NN-MASS></Unmatched><Unmatched><DASH>/</DASH></Unmatched><NounPhrase><NN-VOL>L</NN-VOL><MOLECULE><OSCARCM><OSCAR-CM>Thiorea-10</OSCAR-CM></OSCARCM></MOLECULE></NounPhrase><Unmatched><NN-MASS>g</NN-MASS></Unmatched><Unmatched><DASH>/</DASH></Unmatched><NounPhrase><NN-VOL>L</NN-VOL><MOLECULE><OSCARCM><OSCAR-CM>Cr2O3-2.5</OSCAR-CM></OSCARCM></MOLECULE><COMMA>,</COMMA><CD>5</CD><COMMA>,</COMMA><QUANTITY><MASS><CD>7.5</CD><NN-MASS>g</NN-MASS></MASS></QUANTITY><DASH>/</DASH><NN-VOL>L</NN-VOL><MOLECULE><OSCARCM><OSCAR-CM>SiO2-2.5</OSCAR-CM></OSCARCM></MOLECULE><COMMA>,</COMMA><CD>5</CD><COMMA>,</COMMA><QUANTITY><MASS><CD>7.5</CD><NN-MASS>g</NN-MASS></MASS></QUANTITY><DASH>/</DASH><NN-VOL>L</NN-VOL><JJ-CHEM>Cathode-Mild</JJ-CHEM><NN>steel</NN><MOLECULE><OSCARCM><OSCAR-CM>Anode-Zn</OSCAR-CM></OSCARCM></MOLECULE><NN-TEMP>Temperature</NN-TEMP></NounPhrase><Unmatched><DASH>-</DASH></Unmatched><NounPhrase><CD>25</CD><CD>0</CD><NNP>C</NNP><NN-PH>pH</NN-PH><DASH>-</DASH><UNNAMEDMOLECULE><REFERENCETOCOMPOUND><CD>3.8</CD><NN-IDENTIFIER>Current-1.5A</NN-IDENTIFIER></REFERENCETOCOMPOUND></UNNAMEDMOLECULE></NounPhrase><PrepPhrase><IN>During</IN><NounPhrase><NN>electrodeposition</NN><COMMA>,</COMMA><CD>two</CD><MOLECULE><OSCARCM><OSCAR-CM>Zn</OSCAR-CM></OSCARCM></MOLECULE><NNS>plates</NNS></NounPhrase></PrepPhrase><VerbPhrase><VBD>were</VBD><VBN>used</VBN><PrepPhrase><IN-AS>as</IN-AS><NounPhrase><NNS>anodes</NNS></NounPhrase></PrepPhrase></VerbPhrase><CC>and</CC><NounPhrase><DT-THE>the</DT-THE><NN-PH>pH</NN-PH></NounPhrase><VerbPhrase><VBD>was</VBD><VBN>kept</VBN><JJ>constant</JJ><PrepPhrase><IN>at</IN><NounPhrase><CD>3.8</CD></NounPhrase></PrepPhrase></VerbPhrase><STOP>.</STOP></Sentence></Document>
<?xml version="1.0" encoding="UTF-8"?>
<Document><Sentence><ActionPhrase type="Wait"><NounPhrase><DT-THE>The</DT-THE><NN>deposition</NN><NN-TIME>time</NN-TIME></NounPhrase><PrepPhrase><IN-FOR>for</IN-FOR><NounPhrase><DT-THE>the</DT-THE><NNS>experiments</NNS></NounPhrase></PrepPhrase><VerbPhrase><VBD>was</VBD><TimePhrase><CD>20</CD><NN-TIME>minutes</NN-TIME></TimePhrase><PrepPhrase><IN-UNDER>under</IN-UNDER><NounPhrase><JJ>ambient</JJ><NNS>conditions</NNS></NounPhrase></PrepPhrase></VerbPhrase></ActionPhrase><ActionPhrase type="Stir"><VerbPhrase><IN>while</IN><VB-STIR>stirring</VB-STIR><PrepPhrase><IN>at</IN><NounPhrase><DT>a</DT><NN>speed</NN><PrepPhrase><IN-OF>of</IN-OF><NounPhrase><CD>300</CD><NN>rpm</NN></NounPhrase></PrepPhrase></NounPhrase></PrepPhrase></VerbPhrase></ActionPhrase><STOP>.</STOP></Sentence></Document>
<?xml version="1.0" encoding="UTF-8"?>
<Document><Sentence><ActionPhrase type="Wash"><NounPhrase><DT-THE>The</DT-THE><NNS>samples</NNS></NounPhrase><VerbPhrase><VBD>were</VBD><VB-WASH>rinsed</VB-WASH><PrepPhrase><IN-IN>in</IN-IN><MOLECULE><OSCARCM><OSCAR-CM>water</OSCAR-CM></OSCARCM></MOLECULE></PrepPhrase><TimePhrase><IN-FOR>for</IN-FOR><CD>5</CD><NN-TIME>seconds</NN-TIME></TimePhrase></VerbPhrase></ActionPhrase><ActionPhrase type="Remove"><VerbPhrase><TO>to</TO><VB-REMOVE>remove</VB-REMOVE><RB>loosely</RB><JJ-CHEM>adhered</JJ-CHEM></VerbPhrase><NounPhrase><NNS>particles</NNS><CC>and</CC><NN>air</NN></NounPhrase></ActionPhrase><ActionPhrase type="Dry"><VerbPhrase><VB-DRY>dried</VB-DRY></VerbPhrase><PrepPhrase><IN-AFTER>after</IN-AFTER><NounPhrase><NN>electrodeposition</NN></NounPhrase></PrepPhrase></ActionPhrase><STOP>.</STOP></Sentence></Document>
<?xml version="1.0" encoding="UTF-8"?>
<Document><Sentence><NounPhrase><NNP>Sample</NNP><NNS>codes</NNS><CC>and</CC><NN>description</NN></NounPhrase><VerbPhrase><VBP>are</VBP></VerbPhrase><VerbPhrase><IN-AS>as</IN-AS><VBZ>follows</VBZ></VerbPhrase><COLON>:</COLON><Unmatched><LSQB>[</LSQB></Unmatched><NounPhrase><MOLECULE><OSCARCM><OSCAR-CM>ZC1</OSCAR-CM></OSCARCM></MOLECULE><SYM>=</SYM><MOLECULE><OSCARCM><OSCAR-CM>Zn-10</OSCAR-CM></OSCARCM></MOLECULE></NounPhrase><Unmatched><NN-MASS>g</NN-MASS></Unmatched><Unmatched><DASH>/</DASH></Unmatched><NounPhrase><NN-VOL>L</NN-VOL><MOLECULE><OSCARCM><OSCAR-CM>Cr2O3</OSCAR-CM></OSCARCM></MOLECULE><COMMA>,</COMMA><MOLECULE><OSCARCM><OSCAR-CM>ZC2</OSCAR-CM></OSCARCM></MOLECULE><SYM>=</SYM><MOLECULE><OSCARCM><OSCAR-CM>Zn-20g/L</OSCAR-CM><OSCAR-CM>Cr2O3</OSCAR-CM></OSCARCM></MOLECULE><COMMA>,</COMMA><MOLECULE><OSCARCM><OSCAR-CM>ZS1</OSCAR-CM></OSCARCM></MOLECULE><SYM>=</SYM><MOLECULE><OSCARCM><OSCAR-CM>Zn-5g/L</OSCAR-CM><OSCAR-CM>SiO2</OSCAR-CM></OSCARCM></MOLECULE><COMMA>,</COMMA><MOLECULE><OSCARCM><OSCAR-CM>ZS2</OSCAR-CM></OSCARCM></MOLECULE><SYM>=</SYM><MOLECULE><OSCARCM><OSCAR-CM>Zn-10g/L</OSCAR-CM><OSCAR-CM>SiO2</OSCAR-CM></OSCARCM></MOLECULE><COMMA>,</COMMA><MOLECULE><OSCARCM><OSCAR-CM>ZCS1</OSCAR-CM></OSCARCM></MOLECULE><SYM>=</SYM><NN-VOL>Zn-2.5g/L</NN-VOL><MOLECULE><OSCARCM><OSCAR-CM>Cr2O3-7.5g/L</OSCAR-CM><OSCAR-CM>SiO2</OSCAR-CM></OSCARCM></MOLECULE><COMMA>,</COMMA><MOLECULE><OSCARCM><OSCAR-CM>ZCS2</OSCAR-CM></OSCARCM></MOLECULE><SYM>=</SYM><MOLECULE><OSCARCM><OSCAR-CM>Zn-5g/L</OSCAR-CM><OSCAR-CM>Cr2O3-5g/L</OSCAR-CM><OSCAR-CM>SiO2</OSCAR-CM></OSCARCM></MOLECULE><CC>and</CC><MOLECULE><OSCARCM><OSCAR-CM>ZCS3</OSCAR-CM></OSCARCM></MOLECULE><SYM>=</SYM><NN-VOL>Zn-7.5g/L</NN-VOL><MOLECULE><OSCARCM><OSCAR-CM>Cr2O3-2.5g/L</OSCAR-CM><OSCAR-CM>SiO2</OSCAR-CM></OSCARCM></MOLECULE></NounPhrase><Unmatched><RSQB>]</RSQB></Unmatched><NounPhrase><CD>2.2</CD><NNP>Surface</NNP><NN>characterization</NN></NounPhrase><STOP>JEOL-JSM-5800V</STOP></Sentence><Sentence><VerbPhrase><VBG>scanning</VBG></VerbPhrase><NounPhrase><NN>electron</NN><NNP>Microscope</NNP></NounPhrase><VerbPhrase><VBD>was</VBD><VBN>used</VBN></VerbPhrase><VerbPhrase><TO>to</TO><VB>study</VB></VerbPhrase><NounPhrase><DT-THE>the</DT-THE><JJ>morphological</JJ><NNS>characteristics</NNS><PrepPhrase><IN-OF>of</IN-OF><NounPhrase><DT-THE>the</DT-THE><JJ>as-received</JJ><JJ>mild</JJ><JJ-CHEM>steel</JJ-CHEM><NN>sample</NN><COMMA>,</COMMA><NN-STATE>powders</NN-STATE></NounPhrase></PrepPhrase></NounPhrase><CC>and</CC><VerbPhrase><VBN>electrodeposited</VBN></VerbPhrase><NounPhrase><NNS>samples</NNS></NounPhrase><STOP>.</STOP></Sentence></Document>
<?xml version="1.0" encoding="UTF-8"?>
<Document><Sentence><NounPhrase><DT-THE>The</DT-THE><JJ>compositional</JJ><NN>analysis</NN><PrepPhrase><IN-OF>of</IN-OF><NounPhrase><DT-THE>the</DT-THE><NNS>samples</NNS></NounPhrase></PrepPhrase></NounPhrase><VerbPhrase><VBD>were</VBD><VBN>done</VBN><VB-USE>using</VB-USE></VerbPhrase><NounPhrase><NNP>Energy</NNP><NNP>Dispersive</NNP><NNP>Spectrometry</NNP><MIXTURE><_-LRB->(</_-LRB-><NNP>EDS</NNP><_-RRB->)</_-RRB-></MIXTURE></NounPhrase><VerbPhrase><VBN>affixed</VBN><PrepPhrase><TO>to</TO><NounPhrase><DT-THE>the</DT-THE><NN>microscope</NN></NounPhrase></PrepPhrase></VerbPhrase><STOP>.</STOP></Sentence></Document>
<?xml version="1.0" encoding="UTF-8"?>
<Document><Sentence><NounPhrase><DT-THE>The</DT-THE><JJ>structural</JJ><NN>analysis</NN><PrepPhrase><IN-OF>of</IN-OF><NounPhrase><DT-THE>the</DT-THE><NNS>coatings</NNS></NounPhrase></PrepPhrase></NounPhrase><VerbPhrase><VBD>was</VBD><VBN>conducted</VBN><VB-USE>using</VB-USE></VerbPhrase><NounPhrase><NNP>PANalytical</NNP><NNP>X’Pert</NNP><NNP>Pro</NNP><NN>diffractometer</NN></NounPhrase><STOP>.</STOP></Sentence></Document>
<?xml version="1.0" encoding="UTF-8"?>
<Document><Sentence><NounPhrase><CD>2.3</CD><NNP>Microhardness</NNP><NN>testing</NN><MOLECULE><OSCARCM><OSCAR-CM>Diamond</OSCAR-CM></OSCARCM></MOLECULE><NN>indenter</NN><NN>microhardness</NN><MOLECULE><OSCARCM><OSCAR-CM>tester</OSCAR-CM></OSCARCM></MOLECULE></NounPhrase><VerbPhrase><VBD>was</VBD><VBN>used</VBN></VerbPhrase><VerbPhrase><TO>to</TO><VB>investigate</VB></VerbPhrase><NounPhrase><DT-THE>the</DT-THE><NN>microhardness</NN><NNS>properties</NNS><PrepPhrase><IN-OF>of</IN-OF><NounPhrase><DT-THE>the</DT-THE><NN>samples</NN></NounPhrase></PrepPhrase></NounPhrase><STOP>.</STOP></Sentence></Document>
<?xml version="1.0" encoding="UTF-8"?>
<Document><Sentence><NounPhrase><DT-THE>The</DT-THE><NNS>values</NNS></NounPhrase><VerbPhrase><VBN>reported</VBN><VBP>are</VBP></VerbPhrase><NounPhrase><DT>an</DT><NN>average</NN><PrepPhrase><IN-OF>of</IN-OF><NounPhrase><CD>three</CD><NN>indentation</NN><NNS>measurements</NNS></NounPhrase></PrepPhrase></NounPhrase><VerbPhrase><VBN>made</VBN><PrepPhrase><IN>at</IN><NounPhrase><JJ>different</JJ><NN>locations</NN></NounPhrase></PrepPhrase></VerbPhrase><STOP>.</STOP></Sentence></Document>
<?xml version="1.0" encoding="UTF-8"?>
<Document><Sentence><NounPhrase><CD>2.4</CD><JJ>Electrochemical</JJ><NN>behavior</NN><NNP>Electrochemical</NNP><NNS>measurements</NNS></NounPhrase><VerbPhrase><VBD>were</VBD><VBN>performed</VBN><VB-USE>using</VB-USE></VerbPhrase><NounPhrase><NNP>µAUTOLAB</NNP><NNP>Pontentiostat/Galvanostat</NNP></NounPhrase><VerbPhrase><TO>to</TO><VB>investigate</VB></VerbPhrase><NounPhrase><DT-THE>the</DT-THE><NN>corrosion</NN><NNS>properties</NNS><PrepPhrase><IN-OF>of</IN-OF><NounPhrase><DT-THE>the</DT-THE><NNS>samples</NNS><PrepPhrase><IN-IN>in</IN-IN><MOLECULE><QUANTITY><PERCENT><CD>3.65</CD><NN-PERCENT>%</NN-PERCENT></PERCENT></QUANTITY><OSCARCM><OSCAR-CM>NaCl</OSCAR-CM></OSCARCM></MOLECULE></PrepPhrase></NounPhrase></PrepPhrase></NounPhrase><NounPhrase><NN>environment</NN></NounPhrase><STOP>.</STOP></Sentence></Document>
<?xml version="1.0" encoding="UTF-8"?>
<Document><Sentence><NounPhrase><DT-THE>The</DT-THE><NN>polarization</NN><NNP>Int</NNP></NounPhrase><STOP>.</STOP></Sentence></Document>
<?xml version="1.0" encoding="UTF-8"?>
<Document><Sentence><NounPhrase><PROCEDURE><NN-IDENTIFIER>J</NN-IDENTIFIER></PROCEDURE><STOP>.</STOP></NounPhrase></Sentence><Sentence><NounPhrase><NNP>Electrochem</NNP></NounPhrase><STOP>.</STOP></Sentence></Document>
<?xml version="1.0" encoding="UTF-8"?>
<Document><Sentence><NounPhrase><NNP>Sci</NNP></NounPhrase><STOP>.</STOP></Sentence><Sentence><Unmatched><COMMA>,</COMMA></Unmatched></Sentence></Document>
<?xml version="1.0" encoding="UTF-8"?>
<Document/>
<?xml version="1.0" encoding="UTF-8"?>
<Document><Sentence><NounPhrase><CD>10</CD><COMMA>,</COMMA><CD>2015</CD><CD>3991</CD><NNS>measurements</NNS></NounPhrase><VerbPhrase><VBD>were</VBD><VBN>carried</VBN><PrepPhrase><IN-FROM>from</IN-FROM><NounPhrase><DT>a</DT><JJ-CHEM>start</JJ-CHEM><NN>potential</NN><PrepPhrase><IN-OF>of</IN-OF><NounPhrase><CD>-1.5</CD></NounPhrase></PrepPhrase></NounPhrase></PrepPhrase></VerbPhrase><VerbPhrase><TO>to</TO><VB>end</VB><JJ>potential</JJ></VerbPhrase><NounPhrase><UNNAMEDMOLECULE><REFERENCETOCOMPOUND><NN-IDENTIFIER>1.5V</NN-IDENTIFIER></REFERENCETOCOMPOUND></UNNAMEDMOLECULE></NounPhrase><PrepPhrase><IN>at</IN><NounPhrase><DT>a</DT><JJ-CHEM>scanning</JJ-CHEM><NN>rate</NN><PrepPhrase><IN-OF>of</IN-OF><NounPhrase><UNNAMEDMOLECULE><REFERENCETOCOMPOUND><CD-ALPHANUM>0.001V/s</CD-ALPHANUM></REFERENCETOCOMPOUND></UNNAMEDMOLECULE></NounPhrase></PrepPhrase></NounPhrase></PrepPhrase><STOP>.</STOP></Sentence></Document>
<?xml version="1.0" encoding="UTF-8"?>
<Document><Sentence><NounPhrase><JJ-CHEM>Saturated</JJ-CHEM><JJ-CHEM>calomel</JJ-CHEM><NN>electrode</NN></NounPhrase><VerbPhrase><VBD>was</VBD><VBN>used</VBN><PrepPhrase><IN-AS>as</IN-AS><NounPhrase><DT>a</DT><NN>reference</NN><CC>and</CC><MOLECULE><OSCARCM><OSCAR-CM>graphite</OSCAR-CM></OSCARCM></MOLECULE><NN>rod</NN></NounPhrase></PrepPhrase><PrepPhrase><IN-AS>as</IN-AS><NounPhrase><NN>counter</NN><NN>electrode</NN></NounPhrase></PrepPhrase></VerbPhrase><VerbPhrase><VBD>were</VBD><VBN>employed</VBN><PrepPhrase><IN-FOR>for</IN-FOR><NounPhrase><DT-THE>the</DT-THE><NNS>measurements</NNS></NounPhrase></PrepPhrase><PrepPhrase><IN-IN>in</IN-IN><NounPhrase><DT>a</DT><JJ>conventional</JJ><CD>three</CD><NN>electrode</NN><JJ>electrochemical</JJ><NN>cell</NN></NounPhrase></PrepPhrase></VerbPhrase><STOP>.</STOP></Sentence></Document>
<?xml version="1.0" encoding="UTF-8"?>
<Document><Sentence><NounPhrase><PDT>All</PDT></NounPhrase><NounPhrase><DT-THE>the</DT-THE><NNS>tests</NNS></NounPhrase><VerbPhrase><VBD>were</VBD><VBN>conducted</VBN><PrepPhrase><IN-UNDER>under</IN-UNDER><NounPhrase><JJ>ambient</JJ><NNS>conditions</NNS></NounPhrase></PrepPhrase><PrepPhrase><IN-WITH>with</IN-WITH><NounPhrase><NNS>specimen</NNS><PrepPhrase><IN-OF>of</IN-OF><NounPhrase><NN>area</NN><CD>1</CD><NN>cm</NN><CD>2</CD></NounPhrase></PrepPhrase></NounPhrase></PrepPhrase></VerbPhrase><VerbPhrase><VBD>was</VBD><VBN>exposed</VBN><PrepPhrase><TO>to</TO><NounPhrase><UNNAMEDMOLECULE><QUANTITY><PERCENT><CD>3.65</CD><NN-PERCENT>%</NN-PERCENT></PERCENT></QUANTITY><NN-CHEMENTITY>solution</NN-CHEMENTITY></UNNAMEDMOLECULE></NounPhrase></PrepPhrase></VerbPhrase><STOP>.</STOP></Sentence></Document>
<?xml version="1.0" encoding="UTF-8"?>
<Document><Sentence><ActionPhrase type="Degass"><NounPhrase><CD>2.5</CD><JJ>Thermal</JJ><NN>stability</NN></NounPhrase><NounPhrase><DT-THE>The</DT-THE><NNS>coatings</NNS></NounPhrase><VerbPhrase><VBD>were</VBD><VB-SUBJECT>subjected</VB-SUBJECT><TempPhrase><TO>to</TO><DT>annealing</DT><NN-TEMP>temperature</NN-TEMP></TempPhrase><PrepPhrase><IN-OF>of</IN-OF><NounPhrase><CD>250</CD><CD>0</CD><NNP>C</NNP></NounPhrase></PrepPhrase><PrepPhrase><IN-IN>in</IN-IN><NounPhrase><MultipleApparatus><APPARATUS><DT>a</DT><JJ-CHEM>laboratory</JJ-CHEM><NN-APPARATUS>tube</NN-APPARATUS></APPARATUS></MultipleApparatus></NounPhrase></PrepPhrase></VerbPhrase><NounPhrase><NN>furnace</NN></NounPhrase></ActionPhrase><VerbPhrase><TO>to</TO><VB>study</VB></VerbPhrase><NounPhrase><PRP_>their</PRP_><JJ>thermal</JJ><NN>stability</NN></NounPhrase><STOP>.</STOP></Sentence></Document>
<?xml version="1.0" encoding="UTF-8"?>
<Document><Sentence><NounPhrase><DT-THE>The</DT-THE><NNS>samples</NNS></NounPhrase><VerbPhrase><VBD>were</VBD><VBN>exposed</VBN></VerbPhrase><ActionPhrase type="Heat"><VerbPhrase><TO>to</TO><VB-HEAT>heat</VB-HEAT></VerbPhrase><NounPhrase><NN>treatment</NN><NNS>conditions</NNS></NounPhrase><TimePhrase><IN-FOR>for</IN-FOR><DT>a</DT><NN-TIME>time</NN-TIME></TimePhrase><NounPhrase><NN>range</NN><PrepPhrase><IN-OF>of</IN-OF><NounPhrase><CD>0.5</CD><COMMA>,</COMMA><CD>2</CD><CC>and</CC><CD>16</CD><NN-TIME>hours</NN-TIME></NounPhrase></PrepPhrase></NounPhrase></ActionPhrase><VerbPhrase><TO>to</TO><VB>study</VB></VerbPhrase><NounPhrase><PRP_>their</PRP_><JJ>thermal</JJ><NN>stability</NN></NounPhrase><PrepPhrase><IN-WITH>with</IN-WITH><NounPhrase><NN>respect</NN></NounPhrase></PrepPhrase><TimePhrase><TO>to</TO><NN-TIME>time</NN-TIME></TimePhrase><PrepPhrase><IN-FOR>for</IN-FOR><NounPhrase><JJ>industrial</JJ><NNS>applications</NNS><WRB>where</WRB><PRP>they</PRP></NounPhrase></PrepPhrase><VerbPhrase><VBP>are</VBP><VBN>required</VBN></VerbPhrase><VerbPhrase><TO>to</TO><VB>perform</VB><PrepPhrase><IN-UNDER>under</IN-UNDER><NounPhrase><JJ>high</JJ><NN>temperatures</NN></NounPhrase></PrepPhrase></VerbPhrase><STOP>.</STOP></Sentence></Document>
<?xml version="1.0" encoding="UTF-8"?>
<Document><Sentence><NounPhrase><CD>2.7</CD><NNP>Wear</NNP></NounPhrase><PrepPhrase><IN-FOR>For</IN-FOR><NounPhrase><NN>wear</NN><NN>performance</NN><NNS>studies</NNS></NounPhrase></PrepPhrase><COMMA>,</COMMA><NounPhrase><DT-THE>the</DT-THE><NNS>samples</NNS></NounPhrase><VerbPhrase><VBD>were</VBD><VBN>evaluated</VBN><VB-USE>using</VB-USE></VerbPhrase><NounPhrase><MOLECULE><OSCARCM><OSCAR-CM>CETR</OSCAR-CM></OSCARCM></MOLECULE><NN>tribo-tester</NN></NounPhrase><ActionPhrase type="Dry"><VerbPhrase><IN-UNDER>under</IN-UNDER><VB-DRY>dry</VB-DRY></VerbPhrase><NounPhrase><NN>reciprocating</NN><NNS>conditions</NNS></NounPhrase></ActionPhrase><STOP>.</STOP></Sentence></Document>
<?xml version="1.0" encoding="UTF-8"?>
<Document><Sentence><NounPhrase><DT-THE>The</DT-THE><NN>coefficient</NN><PrepPhrase><IN-OF>of</IN-OF><NounPhrase><NN>friction</NN></NounPhrase></PrepPhrase></NounPhrase><VerbPhrase><VBD>was</VBD><RB>continually</RB><VBN>recorded</VBN><PrepPhrase><IN-FOR>for</IN-FOR><NounPhrase><DT>a</DT><NN>duration</NN><PrepPhrase><IN-OF>of</IN-OF><NounPhrase><CD>1000</CD><NN-TIME>seconds</NN-TIME></NounPhrase></PrepPhrase></NounPhrase></PrepPhrase></VerbPhrase><STOP>.</STOP></Sentence></Document>
<?xml version="1.0" encoding="UTF-8"?>
<Document><Sentence><NounPhrase><PDT>All</PDT></NounPhrase><NounPhrase><DT-THE>the</DT-THE><NNS>tests</NNS></NounPhrase><VerbPhrase><VBD>were</VBD><VBN>conducted</VBN><PrepPhrase><IN>at</IN><NounPhrase><DT>a</DT><JJ>constant</JJ><JJ>normal</JJ><NN>load</NN><PrepPhrase><IN-OF>of</IN-OF><NounPhrase><QUANTITY><MOLAR><CD>5</CD><NN-MOLAR>N</NN-MOLAR></MOLAR></QUANTITY></NounPhrase></PrepPhrase></NounPhrase></PrepPhrase></VerbPhrase><COMMA>,</COMMA><VerbPhrase><VBG>sliding</VBG></VerbPhrase><NounPhrase><NN>velocity</NN><PrepPhrase><IN-OF>of</IN-OF><NounPhrase><CD>2</CD><NN>m/s</NN></NounPhrase></PrepPhrase></NounPhrase><CC>and</CC><VerbPhrase><VBG>sliding</VBG></VerbPhrase><NounPhrase><NN>distance</NN><PrepPhrase><IN-OF>of</IN-OF><NounPhrase><CD>2</CD><CD>mm</CD></NounPhrase></PrepPhrase></NounPhrase><STOP>.</STOP></Sentence></Document>
<?xml version="1.0" encoding="UTF-8"?>
<Document><Sentence><NounPhrase><DT-THE>The</DT-THE><NNS>micrographs</NNS></NounPhrase><Unmatched><IN-OF>of</IN-OF></Unmatched><Unmatched><DT-THE>the</DT-THE></Unmatched><VerbPhrase><VBN>worn</VBN><PrepPhrase><IN>out</IN><NounPhrase><NNS>surfaces</NNS></NounPhrase></PrepPhrase></VerbPhrase><VerbPhrase><VBD>were</VBD><VBN>observed</VBN><VB-USE>using</VB-USE><JJ>Scanning</JJ></VerbPhrase><NounPhrase><JJ-CHEM>electron</JJ-CHEM><NN>microscope</NN><UNNAMEDMOLECULE><REFERENCETOCOMPOUND><_-LRB->(</_-LRB-><CD-ALPHANUM>100X</CD-ALPHANUM><_-RRB->)</_-RRB-></REFERENCETOCOMPOUND></UNNAMEDMOLECULE></NounPhrase><STOP>.</STOP></Sentence></Document>
<?xml version="1.0" encoding="UTF-8"?>
<Document><Sentence><ActionPhrase type="Dry"><VerbPhrase><VB-DRY>Dry</VB-DRY></VerbPhrase><NounPhrase><NN>abrasion</NN><NN>rig</NN><NN>machine</NN></NounPhrase></ActionPhrase><VerbPhrase><VBD>was</VBD><VBN>used</VBN></VerbPhrase><VerbPhrase><TO>to</TO><VB>determine</VB></VerbPhrase><NounPhrase><DT-THE>the</DT-THE><JJ-CHEM>percentage</JJ-CHEM><NN>wear</NN><NN>mass</NN><NN>loss</NN></NounPhrase><ActionPhrase type="Dry"><VerbPhrase><IN-UNDER>under</IN-UNDER><VB-DRY>dry</VB-DRY></VerbPhrase></ActionPhrase><VerbPhrase><VBG>sliding</VBG></VerbPhrase><NounPhrase><NNS>conditions</NNS></NounPhrase><VerbPhrase><VB-USE>using</VB-USE></VerbPhrase><NounPhrase><MOLECULE><OSCARCM><OSCAR-CM>silica</OSCAR-CM></OSCARCM></MOLECULE><NN>sand</NN></NounPhrase><PrepPhrase><IN-AS>as</IN-AS><NounPhrase><DT>a</DT><JJ>wearing</JJ><NN>medium</NN></NounPhrase></PrepPhrase><PrepPhrase><IN>at</IN><NounPhrase><DT>a</DT><NN>speed</NN><PrepPhrase><IN-OF>of</IN-OF><NounPhrase><CD>200</CD><NN-TIME>rev/min</NN-TIME></NounPhrase></PrepPhrase></NounPhrase></PrepPhrase><PrepPhrase><IN-FOR>for</IN-FOR><NounPhrase><CD>60</CD><NN>sec</NN></NounPhrase></PrepPhrase><STOP>.</STOP></Sentence></Document>
<?xml version="1.0" encoding="UTF-8"?>
<Document><Sentence><Unmatched><DT-THE>The</DT-THE></Unmatched><Unmatched><JJ-COMPOUND>initial</JJ-COMPOUND></Unmatched><NounPhrase><NN>mass</NN><PrepPhrase><IN-OF>of</IN-OF><NounPhrase><DT-THE>the</DT-THE><NNS>samples</NNS></NounPhrase></PrepPhrase></NounPhrase><VerbPhrase><VBD>were</VBD><VBN>weighed</VBN><PrepPhrase><IN-BEFORE>before</IN-BEFORE><NounPhrase><DT-THE>the</DT-THE><NNS>tests</NNS></NounPhrase></PrepPhrase></VerbPhrase><CC>and</CC><Unmatched><DT-THE>the</DT-THE></Unmatched><Unmatched><JJ-COMPOUND>final</JJ-COMPOUND></Unmatched><NounPhrase><NNS>masses</NNS></NounPhrase><VerbPhrase><VBD>were</VBD><VBN>recorded</VBN></VerbPhrase><PrepPhrase><IN-AFTER>after</IN-AFTER><NounPhrase><DT-THE>the</DT-THE><NN-CHEMENTITY>dry</NN-CHEMENTITY></NounPhrase></PrepPhrase><VerbPhrase><VBG>sliding</VBG></VerbPhrase><STOP>.</STOP></Sentence></Document>
<?xml version="1.0" encoding="UTF-8"?>
<Document><Sentence><NounPhrase><DT>These</DT><NNS>values</NNS></NounPhrase><VerbPhrase><VBD>were</VBD><VBN>used</VBN></VerbPhrase><VerbPhrase><TO>to</TO><VB>determine</VB></VerbPhrase><NounPhrase><DT-THE>the</DT-THE><JJ-CHEM>percentage</JJ-CHEM><NN>wear</NN><NN>mass</NN><NN>loss</NN></NounPhrase><STOP>.</STOP></Sentence></Document>
<?xml version="1.0" encoding="UTF-8"?>
<Document><Sentence><NounPhrase><PROCEDURE><CD>3</CD></PROCEDURE><STOP>.</STOP></NounPhrase></Sentence></Document>
<?xml version="1.0" encoding="UTF-8"?>
<Document/>
