<?xml version="1.0" encoding="UTF-8"?>
<Document><Sentence><NounPhrase><NNP>EXPERIMENTAL</NNP></NounPhrase><NounPhrase><DT-THE>The</DT-THE><JJ>substrate</JJ><NN-CHEMENTITY>material</NN-CHEMENTITY></NounPhrase><VerbPhrase><VBD>was</VBD><VBN>cast</VBN></VerbPhrase><NounPhrase><MOLECULE><OSCARCM><OSCAR-CM>iron</OSCAR-CM></OSCARCM></MOLECULE><PrepPhrase><IN-OF>of</IN-OF><NounPhrase><DT-THE>the</DT-THE><JJ-CHEM>chemical</JJ-CHEM><NN>composition</NN></NounPhrase></PrepPhrase></NounPhrase><COLON>:</COLON><NounPhrase><MOLECULE><QUANTITY><PERCENT><CD>2.70</CD><NN-PERCENT>%</NN-PERCENT></PERCENT></QUANTITY><OSCARCM><OSCAR-CM>Cr</OSCAR-CM></OSCARCM></MOLECULE></NounPhrase><STOP>;</STOP></Sentence><Sentence><NounPhrase><MOLECULE><QUANTITY><PERCENT><CD>1.32</CD><NN-PERCENT>%</NN-PERCENT></PERCENT></QUANTITY><OSCARCM><OSCAR-CM>Si</OSCAR-CM></OSCARCM></MOLECULE></NounPhrase><STOP>;</STOP></Sentence><Sentence><NounPhrase><MOLECULE><QUANTITY><PERCENT><CD>3.96</CD><NN-PERCENT>%</NN-PERCENT></PERCENT></QUANTITY><OSCARCM><OSCAR-CM>Mn</OSCAR-CM></OSCARCM></MOLECULE></NounPhrase><STOP>;</STOP></Sentence><Sentence><NounPhrase><MOLECULE><QUANTITY><PERCENT><CD>0.21</CD><NN-PERCENT>%</NN-PERCENT></PERCENT></QUANTITY><OSCARCM><OSCAR-CM>Ni</OSCAR-CM></OSCARCM></MOLECULE></NounPhrase><STOP>;</STOP></Sentence><Sentence><NounPhrase><QUANTITY><PERCENT><CD>0.04</CD><NN-PERCENT>%</NN-PERCENT></PERCENT></QUANTITY><NNP>V</NNP></NounPhrase><STOP>;</STOP></Sentence><Sentence><NounPhrase><MOLECULE><QUANTITY><PERCENT><CD>0.10</CD><NN-PERCENT>%</NN-PERCENT></PERCENT></QUANTITY><OSCARCM><OSCAR-CM>Ti</OSCAR-CM></OSCARCM></MOLECULE></NounPhrase><STOP>.</STOP></Sentence></Document>
<?xml version="1.0" encoding="UTF-8"?>
<Document><Sentence><NounPhrase><DT-THE>The</DT-THE><NNS>samples</NNS><PrepPhrase><IN-OF>of</IN-OF><NounPhrase><MOLECULE><OSCARCM><OSCAR-CM>10x10x25</OSCAR-CM></OSCARCM><REFERENCETOCOMPOUND><CD>mm</CD></REFERENCETOCOMPOUND></MOLECULE><NN>size</NN></NounPhrase></PrepPhrase></NounPhrase><VerbPhrase><VBD>were</VBD><VBN>cut</VBN><PrepPhrase><IN>out</IN><IN-OF>of</IN-OF><NounPhrase><NN>sand-mold</NN><NN>casting</NN></NounPhrase></PrepPhrase></VerbPhrase><CC>and</CC><RB-CONJ>then</RB-CONJ><VerbPhrase><RB>subsequently</RB><VBD>annealed</VBD><PrepPhrase><IN>at</IN><NounPhrase><CD>650</CD></NounPhrase></PrepPhrase><PrepPhrase><IN>o</IN><NounPhrase><NNP>C</NNP></NounPhrase></PrepPhrase></VerbPhrase><ActionPhrase type="Yield"><VerbPhrase><TO>to</TO><VB-YIELD>produce</VB-YIELD></VerbPhrase><NounPhrase><DT>a</DT><NN>microstructure</NN></NounPhrase></ActionPhrase><VerbPhrase><VBG>consisting</VBG><PrepPhrase><IN-OF>of</IN-OF><NounPhrase><NN>pearlite</NN><NN>matrix</NN><CC>and</CC><JJ>eutectic</JJ><MOLECULE><OSCARCM><OSCAR-CM>chromium</OSCAR-CM></OSCARCM></MOLECULE><NNS>carbides</NNS><MOLECULE><OSCARCM><OSCAR-CM>M7C3</OSCAR-CM></OSCARCM></MOLECULE></NounPhrase></PrepPhrase></VerbPhrase><STOP>.</STOP></Sentence></Document>
<?xml version="1.0" encoding="UTF-8"?>
<Document><Sentence><NounPhrase><MOLECULE><OSCARCM><OSCAR-CM>PPT</OSCAR-CM></OSCARCM></MOLECULE><PrepPhrase><IN-OF>of</IN-OF><NounPhrase><DT-THE>the</DT-THE><NNS>samples</NNS></NounPhrase></PrepPhrase></NounPhrase><VerbPhrase><VBD>was</VBD><VBN>performed</VBN><VB-USE>using</VB-USE></VerbPhrase><NounPhrase><DT-THE>the</DT-THE><JJ-CHEM>electro-thermal</JJ-CHEM><JJ-CHEM>plasma</JJ-CHEM><NN>accelerator</NN></NounPhrase><STOP>.</STOP></Sentence></Document>
<?xml version="1.0" encoding="UTF-8"?>
<Document><Sentence><NounPhrase><MOLECULE><OSCARCM><OSCAR-CM>ETPA</OSCAR-CM></OSCARCM></MOLECULE><NN>design</NN><COMMA>,</COMMA><NN>circuitry</NN><CC>and</CC><NN>principle</NN><PrepPhrase><IN-OF>of</IN-OF><NounPhrase><NN>operation</NN></NounPhrase></PrepPhrase></NounPhrase><VerbPhrase><VBP>are</VBP><VBN>described</VBN><PrepPhrase><IN-IN>in</IN-IN><NounPhrase><UNNAMEDMOLECULE><REFERENCETOCOMPOUND><LSQB>[</LSQB><CD>79</CD><RSQB>]</RSQB></REFERENCETOCOMPOUND></UNNAMEDMOLECULE></NounPhrase></PrepPhrase></VerbPhrase><STOP>.</STOP></Sentence></Document>
<?xml version="1.0" encoding="UTF-8"?>
<Document><Sentence><NounPhrase><MOLECULE><OSCARCM><OSCAR-CM>PPT</OSCAR-CM></OSCARCM></MOLECULE></NounPhrase><VerbPhrase><VBD>was</VBD><VBN>carried</VBN><RP>out</RP></VerbPhrase><VerbPhrase><IN-AS>as</IN-AS><VBZ>follows</VBZ></VerbPhrase><COLON>:</COLON><ActionPhrase type="Add"><NounPhrase><DT-THE>the</DT-THE><NN>voltage</NN></NounPhrase><Unmatched><IN-OF>of</IN-OF></Unmatched><Unmatched><DT-THE>the</DT-THE></Unmatched><VerbPhrase><VB-CHARGE>charge</VB-CHARGE></VerbPhrase><Unmatched><IN-OF>of</IN-OF></Unmatched><Unmatched><MD>ca-pacitive</MD></Unmatched><NounPhrase><NN>energy</NN><NN>storage</NN><NN>device</NN><CITATION><_-LRB->(</_-LRB-><CD>1.5</CD><NNP>mF</NNP><_-RRB->)</_-RRB-></CITATION></NounPhrase></ActionPhrase><VerbPhrase><VBZ>is</VBZ></VerbPhrase><NounPhrase><CD>4</CD><NNP>kV</NNP></NounPhrase><STOP>;</STOP></Sentence><Sentence><NounPhrase><DT-THE>the</DT-THE><NN>distance</NN></NounPhrase><PrepPhrase><IN>between</IN><NounPhrase><DT-THE>the</DT-THE><NNS>electrodes</NNS></NounPhrase></PrepPhrase><VerbPhrase><VBZ>is</VBZ></VerbPhrase><NounPhrase><CD>50</CD><CD>mm</CD></NounPhrase><STOP>;</STOP></Sentence><Sentence><NounPhrase><JJ>current</JJ><JJ-CHEM>pulse</JJ-CHEM><NN>shape</NN></NounPhrase><VerbPhrase><VBZ>is</VBZ></VerbPhrase><NounPhrase><NN>bell-like</NN></NounPhrase><STOP>;</STOP></Sentence><Sentence><NounPhrase><DT-THE>the</DT-THE><JJ>current</JJ><NN>amplitude</NN></NounPhrase><VerbPhrase><VBZ>is</VBZ><PrepPhrase><IN>about</IN><NounPhrase><CD>10</CD><NNS>kA</NNS></NounPhrase></PrepPhrase></VerbPhrase><STOP>.</STOP></Sentence><Sentence><PrepPhrase><IN-AS>As</IN-AS><NounPhrase><DT-THE>the</DT-THE><JJ-CHEM>discharge</JJ-CHEM><NN>chamber</NN><JJ>tubular</JJ><NN>arrester</NN><MOLECULE><OSCARCM><OSCAR-CM>RTF-6-0,5/10</OSCAR-CM></OSCARCM></MOLECULE><NNP>U1</NNP></NounPhrase></PrepPhrase><VerbPhrase><VBD>was</VBD><VBN>used</VBN></VerbPhrase><STOP>;</STOP></Sentence><Sentence><NounPhrase><DT>a</DT><JJ>central</JJ><NN>electrode</NN><MIXTURE><_-LRB->(</_-LRB-><NN>cathode</NN><_-RRB->)</_-RRB-></MIXTURE></NounPhrase><VerbPhrase><VBD>was</VBD></VerbPhrase><NounPhrase><DT>a</DT><NN>rod</NN><CD>5</CD><CD>mm</CD></NounPhrase><PrepPhrase><IN-WITH>with</IN-WITH><NounPhrase><NN>diameter</NN></NounPhrase></PrepPhrase><VerbPhrase><VBN>made</VBN><PrepPhrase><IN-OF>of</IN-OF><NounPhrase><DT>T1</DT><JJ>high</JJ><JJ-CHEM>speed</JJ-CHEM><NN>steel</NN><MIXTURE><_-LRB->(</_-LRB-><QUANTITY><PERCENT><CD>0.75</CD><NN-PERCENT>%</NN-PERCENT></PERCENT></QUANTITY><NNP>C</NNP><STOP>;</STOP><MOLECULE><QUANTITY><PERCENT><CD>17.92</CD><NN-PERCENT>%</NN-PERCENT></PERCENT></QUANTITY><OSCARCM><OSCAR-CM>W</OSCAR-CM></OSCARCM></MOLECULE><STOP>;</STOP><MOLECULE><QUANTITY><PERCENT><CD>3.85</CD><NN-PERCENT>%</NN-PERCENT></PERCENT></QUANTITY><OSCARCM><OSCAR-CM>Cr</OSCAR-CM></OSCARCM></MOLECULE><STOP>;</STOP><MOLECULE><QUANTITY><PERCENT><CD>0.34</CD><NN-PERCENT>%</NN-PERCENT></PERCENT></QUANTITY><OSCARCM><OSCAR-CM>Mn</OSCAR-CM></OSCARCM></MOLECULE><STOP>;</STOP><MOLECULE><QUANTITY><PERCENT><CD>0.30</CD><NN-PERCENT>%</NN-PERCENT></PERCENT></QUANTITY><OSCARCM><OSCAR-CM>Si</OSCAR-CM></OSCARCM></MOLECULE><STOP>;</STOP><QUANTITY><PERCENT><CD>1.07</CD><NN-PERCENT>%</NN-PERCENT></PERCENT></QUANTITY><NNP>V</NNP><_-RRB->)</_-RRB-></MIXTURE></NounPhrase></PrepPhrase></VerbPhrase><STOP>.</STOP></Sentence></Document>
<?xml version="1.0" encoding="UTF-8"?>
<Document><Sentence><NounPhrase><DT-THE>The</DT-THE><NN>distance</NN></NounPhrase><PrepPhrase><IN-FROM>from</IN-FROM><NounPhrase><DT-THE>the</DT-THE><NN>edge</NN><PrepPhrase><IN-OF>of</IN-OF><NounPhrase><MOLECULE><OSCARCM><OSCAR-CM>ETPA</OSCAR-CM></OSCARCM></MOLECULE></NounPhrase></PrepPhrase></NounPhrase></PrepPhrase><PrepPhrase><TO>to</TO><NounPhrase><DT-THE>the</DT-THE><JJ-CHEM>target</JJ-CHEM><NN>surface</NN></NounPhrase></PrepPhrase><VerbPhrase><VBD>was</VBD></VerbPhrase><NounPhrase><CD>50</CD><CD>mm</CD></NounPhrase><STOP>.</STOP></Sentence></Document>
<?xml version="1.0" encoding="UTF-8"?>
<Document><Sentence><NounPhrase><DT-THE>The</DT-THE><NN>treatment</NN></NounPhrase><VerbPhrase><VBD>was</VBD><VBN>performed</VBN><PrepPhrase><IN-IN>in</IN-IN><NounPhrase><DT>an</DT><JJ-CHEM>air</JJ-CHEM><NN>environment</NN></NounPhrase></PrepPhrase></VerbPhrase><COMMA>,</COMMA><VerbPhrase><VBG>exposing</VBG><RB>tenfold</RB></VerbPhrase><NounPhrase><NN>plasma</NN><NNS>impuls-es</NNS></NounPhrase><STOP>.</STOP></Sentence></Document>
<?xml version="1.0" encoding="UTF-8"?>
<Document><Sentence><ActionPhrase type="Degass"><PrepPhrase><IN-AFTER>After</IN-AFTER><NounPhrase><NNP>PPT</NNP></NounPhrase></PrepPhrase><NounPhrase><DT-THE>the</DT-THE><NNS>samples</NNS></NounPhrase><VerbPhrase><VBD>were</VBD><VB-SUBJECT>subjected</VB-SUBJECT></VerbPhrase></ActionPhrase><ActionPhrase type="Heat"><VerbPhrase><TO>to</TO><VB-HEAT>heat</VB-HEAT></VerbPhrase></ActionPhrase><ActionPhrase type="Add"><VerbPhrase><VB-TREAT>treat-ment</VB-TREAT></VerbPhrase></ActionPhrase><VerbPhrase><VBD>consisted</VBD></VerbPhrase><ActionPhrase type="Heat"><VerbPhrase><IN-OF>of</IN-OF><VB-HEAT>heating</VB-HEAT><TempPhrase><IN>at</IN><CD>950</CD><NN-TEMP>°C</NN-TEMP></TempPhrase></VerbPhrase></ActionPhrase><VerbPhrase><IN-WITH>with</IN-WITH><VBG>holding</VBG></VerbPhrase><NounPhrase><FW>dura-tion</FW><PrepPhrase><IN-OF>of</IN-OF><NounPhrase><CD>2</CD><NN-TIME>hours</NN-TIME></NounPhrase></PrepPhrase></NounPhrase><VerbPhrase><VBN>followed</VBN><PrepPhrase><IN-BY>by</IN-BY><NounPhrase><NN-STATE>oil</NN-STATE></NounPhrase></PrepPhrase></VerbPhrase><ActionPhrase type="Quench"><VerbPhrase><VB-QUENCH>quenching</VB-QUENCH></VerbPhrase></ActionPhrase><STOP>.</STOP></Sentence></Document>
<?xml version="1.0" encoding="UTF-8"?>
<Document><Sentence><NounPhrase><DT-THE>The</DT-THE><NN>microstructure</NN></NounPhrase><VerbPhrase><VBD>was</VBD><VBN>examined</VBN><PrepPhrase><IN-IN>in</IN-IN><NounPhrase><NN>cross</NN><NN>section</NN><PrepPhrase><IN-OF>of</IN-OF><NounPhrase><DT-THE>the</DT-THE><NNS>microprobes</NNS></NounPhrase></PrepPhrase></NounPhrase></PrepPhrase></VerbPhrase><ActionPhrase type="Synthesize"><VerbPhrase><VB-SYNTHESIZE>prepared</VB-SYNTHESIZE></VerbPhrase></ActionPhrase><VerbPhrase><VBG>according</VBG><PrepPhrase><TO>to</TO><NounPhrase><DT-THE>the</DT-THE><JJ>standard</JJ><PROCEDURE><NN-METHOD>procedure</NN-METHOD></PROCEDURE></NounPhrase></PrepPhrase></VerbPhrase><CC>and</CC><VerbPhrase><VBD>etched</VBD><PrepPhrase><IN-WITH>with</IN-WITH><NounPhrase><CD>4</CD><MOLECULE><OSCARCM><OSCAR-CM>%-nital</OSCAR-CM></OSCARCM><NN-CHEMENTITY>solution</NN-CHEMENTITY></MOLECULE></NounPhrase></PrepPhrase></VerbPhrase><STOP>.</STOP></Sentence></Document>
<?xml version="1.0" encoding="UTF-8"?>
<Document><Sentence><NounPhrase><DT-THE>The</DT-THE><JJ-CHEM>opti-cal</JJ-CHEM><NN>microscope</NN><NNP>Nikon</NNP><NNP>Eclipse</NNP><NNP>M200</NNP></NounPhrase><CC>and</CC><VerbPhrase><VBG>scanning</VBG></VerbPhrase><NounPhrase><FW>elec-tron</FW><NN>microscope</NN><MOLECULE><OSCARCM><OSCAR-CM>JEOL</OSCAR-CM></OSCARCM></MOLECULE><NNP>JSM-6510</NNP><MOLECULE><OSCARCM><OSCAR-CM>LV</OSCAR-CM></OSCARCM></MOLECULE></NounPhrase><VerbPhrase><VBD>were</VBD><VBN>employed</VBN><PrepPhrase><IN-FOR>for</IN-FOR><NounPhrase><DT-THE>the</DT-THE><JJ-CHEM>microstructure</JJ-CHEM><NN>analyzing</NN></NounPhrase></PrepPhrase></VerbPhrase><STOP>.</STOP></Sentence></Document>
<?xml version="1.0" encoding="UTF-8"?>
<Document><Sentence><NounPhrase><DT-THE>The</DT-THE><JJ-CHEM>volume</JJ-CHEM><NN>fraction</NN><MIXTURE><_-LRB->(</_-LRB-><NNP>VF</NNP><_-RRB->)</_-RRB-></MIXTURE><PrepPhrase><IN-OF>of</IN-OF><NounPhrase><NNS>carbides</NNS></NounPhrase></PrepPhrase></NounPhrase><VerbPhrase><VBD>was</VBD><VBN>calculated</VBN><RB>manually</RB><PrepPhrase><IN-ON>on</IN-ON><NounPhrase><NNP>SEM</NNP><NNS>mi-crographs</NNS></NounPhrase></PrepPhrase></VerbPhrase><VerbPhrase><VB-USE>using</VB-USE><VBN>known</VBN></VerbPhrase><NounPhrase><NNP>Rosiwal’s</NNP><NN>lineal</NN><NN>analysis</NN></NounPhrase><STOP>.</STOP></Sentence></Document>
<?xml version="1.0" encoding="UTF-8"?>
<Document><Sentence><NounPhrase><DT-THE>The</DT-THE><NN-CHEMENTITY>phase</NN-CHEMENTITY><NNS>elements</NNS><NN>distribution</NN><CC>and</CC><NN>chemical</NN><NN>composition</NN></NounPhrase><VerbPhrase><VBD>was</VBD><VBN>investigated</VBN></VerbPhrase><VerbPhrase><IN-BY>by</IN-BY><VB-USE>using</VB-USE></VerbPhrase><NounPhrase><DT>an</DT><JJ-CHEM>energy-dispersive</JJ-CHEM><NN>spec-troscopy</NN><MIXTURE><_-LRB->(</_-LRB-><NNP>EDS</NNP><_-RRB->)</_-RRB-></MIXTURE></NounPhrase><PrepPhrase><IN-WITH>with</IN-WITH><NounPhrase><DT-THE>the</DT-THE><JJ-CHEM>detector</JJ-CHEM><NNP>X-Act</NNP><NN>detector</NN><MIXTURE><_-LRB->(</_-LRB-><JJ-CHEM>Ox-ford</JJ-CHEM><NNP>Instruments</NNP><_-RRB->)</_-RRB-></MIXTURE></NounPhrase></PrepPhrase><STOP>.</STOP></Sentence></Document>
<?xml version="1.0" encoding="UTF-8"?>
<Document><Sentence><NounPhrase><DT-THE>The</DT-THE><NN-CHEMENTITY>phase</NN-CHEMENTITY><NN>composition</NN><PrepPhrase><IN-OF>of</IN-OF><NounPhrase><DT-THE>the</DT-THE><NN>coating</NN></NounPhrase></PrepPhrase></NounPhrase><VerbPhrase><VBD>was</VBD><VBN>determined</VBN><PrepPhrase><IN-BY>by</IN-BY><NounPhrase><NNP>X-ray</NNP><NN>diffractometer</NN><ActionPhrase type="Dissolve"><MOLECULE><OSCARCM><OSCAR-CM>DRON-3</OSCAR-CM></OSCARCM></MOLECULE><IN-IN>in</IN-IN><MOLECULE role="Solvent"><OSCARCM><OSCAR-CM>K</OSCAR-CM></OSCARCM></MOLECULE></ActionPhrase><NN>mailto</NN></NounPhrase></PrepPhrase></VerbPhrase><COLON>:</COLON><NounPhrase><NN>julia.chabak@yandex.ua</NN><NN>mailto</NN></NounPhrase><COLON>:</COLON><NounPhrase><NN>vgefremenko@gmail.com</NN><NN>radiation</NN></NounPhrase><STOP>.</STOP></Sentence></Document>
<?xml version="1.0" encoding="UTF-8"?>
<Document><Sentence><NounPhrase><NNP>Microhardness</NNP></NounPhrase><VerbPhrase><VBD>was</VBD><VBN>measured</VBN><VB-USE>using</VB-USE></VerbPhrase><NounPhrase><FW>FM-300</FW><MIXTURE><_-LRB->(</_-LRB-><NNP>Future-Tech</NNP><_-RRB->)</_-RRB-></MIXTURE><NN>tester</NN></NounPhrase><PrepPhrase><IN-UNDER>under</IN-UNDER><NounPhrase><DT>a</DT><NN>load</NN><PrepPhrase><IN-OF>of</IN-OF><NounPhrase><QUANTITY><MASS><CD>50</CD><NN-MASS>g</NN-MASS></MASS></QUANTITY></NounPhrase></PrepPhrase></NounPhrase></PrepPhrase><STOP>.</STOP></Sentence><Sentence><NounPhrase><CD>2</CD></NounPhrase><STOP>.</STOP></Sentence></Document>
<?xml version="1.0" encoding="UTF-8"?>
<Document/>
