{"id": 2029, "text": "sent Experimental Most of the galvanized steel sheets used for the tests were pro- duced on a batch type galvanizing simulator for laboratory use (Rhesca make).\n Material sheets of a low carbon Al-killed steel were heated to 800°C in an N 2 atmosphere containing 10 volume % of H 2 , held at the temperature for 60 s, cooled with N 2 gas to 500°C, then dipped in a Zn alloy plating bath at 450°C for 3 s, and cooled to the room temperature after controlling the coating weight by N 2 gas wip- ing.\n The composition of the Zn alloy plating bath was changed within the following ranges: Al, from 5 to 11%; Mg, from 0 to 3%; and Si, from 0 to 0.2%.\n The composition of the plating layers of test pieces was analyzed by the inductive coupled plasma method (ICP) after dissolving them using hydrochloric acid.\n The corrosion resistance of plating was evaluated on plated speci- mens without any additional treatment through measurement of cor- rosion weight loss at a salt spray test in accordance with JIS Z 2371 (hereinafter SST).\n The corrosion resistance after painting was evalu- NIPPON STEEL TECHNICAL REPORT No.\n 87 JANUARY 2003 - 25 - ated in the following manner: specimens were subjected to a chro- mate treatment of 50 mg/m2 in terms of Cr deposit; then, an epoxy paint 5 µm in thickness and an acrylic paint 15 µm in thickness were applied to them as a primer and a top coat, respectively; the speci- mens underwent a corrosion test under the cycle shown in Fig.\n 1; and the edge creep width at a cut end face was measured.\n The polarization of a plating film was measured using a potentiostat (Solortron make).\n The specimens were immersed in a 5% NaCl solution for 3 h, using a Pt electrode as a counter electrode and an Ag/AgCl electrode as a reference electrode, and then, anode and cathode polarization was conducted at a potential scanning rate of 1 mV/s.\n 3.", "meta": {}, "annotation_approver": null, "labels": [[1487, 1492, "ACTIONS"], [1339, 1346, "ACTIONS"], [1849, 1852, "ACTIONS"], [284, 288, "ACTIONS"], [548, 555, "ACTIONS"], [730, 737, "ACTIONS"], [1639, 1647, "ACTIONS"], [1521, 1529, "ACTIONS"], [1571, 1579, "ACTIONS"], [318, 324, "ACTIONS"], [409, 415, "ACTIONS"], [1456, 1461, "ACTIONS"], [567, 576, "ACTIONS"], [704, 712, "ACTIONS"], [353, 359, "ACTIONS"], [252, 262, "ACTIONS"], [1612, 1616, "ACTIONS"], [197, 203, "ACTIONS"], [780, 785, "ACTIONS"], [1580, 1585, "ACTIONS"], [1679, 1684, "ACTIONS"], [54, 58, "ACTIONS"], [446, 457, "ACTIONS"], [764, 774, "ACTIONS"], [1819, 1828, "ACTIONS"], [1264, 1269, "MOLECULES"], [1243, 1245, "MOLECULES"], [1301, 1308, "MOLECULES"], [604, 606, "MOLECULES"], [626, 628, "MOLECULES"], [786, 803, "MOLECULES"], [194, 196, "MOLECULES"], [585, 587, "MOLECULES"], [1085, 1086, "MOLECULES"], [330, 337, "MOLECULES"], [480, 487, "MOLECULES"], [187, 193, "MOLECULES"], [365, 367, "MOLECULES"], [522, 524, "MOLECULES"], [1730, 1732, "MOLECULES"], [1687, 1689, "MOLECULES"], [1656, 1660, "MOLECULES"], [1733, 1737, "MOLECULES"], [963, 978, "PROCESS"], [374, 381, "PROCESS"], [531, 538, "PROCESS"], [670, 677, "PROCESS"], [834, 841, "PROCESS"], [1554, 1561, "PROCESS"], [720, 751, "PROCESS"], [1222, 1230, "QUANTITY"], [1276, 1280, "QUANTITY"], [1315, 1320, "QUANTITY"], [1861, 1864, "QUANTITY"], [225, 230, "CONDITIONS"], [312, 316, "CONDITIONS"], [341, 346, "CONDITIONS"], [390, 395, "CONDITIONS"], [41, 46, "MOLECULES"], [78, 89, "ACTIONS"], [105, 116, "ACTIONS"], [204, 210, "MOLECULES"], [237, 240, "MOLECULES"], [215, 221, "ACTIONS"], [263, 275, "QUANTITY"], [278, 281, "MOLECULES"], [400, 403, "CONDITIONS"], [488, 496, "ACTIONS"], [594, 595, "QUANTITY"], [599, 602, "QUANTITY"], [612, 614, "QUANTITY"], [618, 620, "QUANTITY"], [634, 637, "QUANTITY"], [639, 644, "QUANTITY"], [846, 855, "ACTIONS"], [1059, 1068, "ACTIONS"], [1197, 1219, "PROCESS"], [1183, 1193, "ACTIONS"], [1150, 1160, "ACTIONS"], [1425, 1440, "PROCESS"], [1412, 1423, "ACTIONS"], [1674, 1677, "CONDITIONS"], [1653, 1656, "QUANTITY"]]}
