{"id": 2034, "text": "sent Experimental procedure 2.1.\n ESD device A special ESD machine was employed in the ex- periments.\n The ESD coating system was described in previous work [9].\n Its power consumption was 180 W and the output of stabilized voltage was constant at 40 V. 2.2.\n Materials In the ESD process, a number of different treat- ing electrode materials can be used, but these mater- ials must conduct electrical current.\n In this study, ti- tanium carbonitride (TiC0.7N0.3) produced by a con- ventional powder metallurgy technique was selected as a treating electrode material.\n The powder mix- ture, consisting of TiC(70)-TiN(30) alloy powder and a small amount of Al powder as a liquid-phase ad- ditive for sintering, was prepared in a turbula mixer for 3 h at 60 Hz s−1.\n The mixture was then uniaxially pressed into bar shapes (4 mm thick × 5 mm wide × 15mm long) at a pressure of 450 MPa.\n The pressed compacts were sintered in vacuum at 1400◦C for 1 h. To deposit a coating on the St37 steel workpiece (10 × 10 × 10mm3), the sintered electrodes of TiCN containing Al were used.\n 2.3.\n Coating process The ESD process is performed using a hand-held applicator in air at room temperature.\n In the system, the voltage drops at the interelectrode gap (17 V), and the amount of electricity (3 C) is kept constant.\n The ESD process was conducted in air with a series of rect- angular pulses of a duration of 200µs, a repetition rate of 100 Hz, and amplitudes of current of 400 A. 2.4.\n Wear-resistance and friction tests A standard ball-on-disc tribometer (CSM Instru- ments) was employed to investigate the wear beha- viour of TiCN-coated and uncoated samples.\n The tri- bometer was controlled by its PC software, which al- lowed to follow the evolution of the friction coefficient.\n The dry sliding wear test experiments were performed in air at room temperature and at a relative humid- ity of 50± 2 %.\n An alumina ball with a diameter of 6 mm was loaded with constant normal loads of 5 N and 10 N, while the sliding speed was 10 cm s−1, and the sliding distance was 200m.\n After the wear tests, in order to find the wear coefficient, the lost volume of the wear track was measured by using an optical pro- filometer (DEKTAK8, Advanced Development Pro- filometer Veeco).\n 2.5.\n Characterization Both the surface morphology on the coated samp- les and thickness of the deposit layer were invest- igated using a scanning electron microscope (SEM, Philips XL 30 SFEG).\n Phase composition, microstruc- ture, and elemental distribution analyses of the de- posit layer were performed using an X-ray diffracto- meter (Bruker D8 Advance) and an embedded EDX digital controller (EDX detector operating 15 kV) at- tached to the SEM.\n X-ray diffraction pattern meas- urements were performed in the range of 20◦ to 90◦, at a scanning speed of 2◦ min−1, in Cu Kα radiation, and with the value of λ at 0.1504 nm.\n Vickers microhardness (HV) measurements were taken on polished cross-sections of the coatings.\n These measurements were made with a microhardness tester (MHT-10 Microhardness Tester, Anton Paar) at a load of 50 g and a loading time of 10 s. Metallographic analysis was carried out using an optical microscope (Zeiss Avio, Imager) equipped with VideoTest Struc- ture software.\n Roughness measurements were conduc- ted by using a profilometer device (SJ-400 Mitutoyo) with a precision of 0.01 µm.\n The thickness of the de- posit layer was measured by a thickness meter Du- alScope MP-40 (Fischer Inst.).\n Mean value and error variance were calculated based on 20 random meas- urement points onto the coating of the surface.\n 3.", "meta": {}, "annotation_approver": null, "labels": [[213, 223, "ACTIONS"], [1211, 1216, "ACTIONS"], [2676, 2685, "ACTIONS"], [378, 382, "ACTIONS"], [1505, 1510, "ACTIONS"], [2082, 2087, "ACTIONS"], [2630, 2638, "ACTIONS"], [714, 722, "ACTIONS"], [343, 346, "ACTIONS"], [1582, 1593, "ACTIONS"], [3013, 3017, "ACTIONS"], [3542, 3547, "ACTIONS"], [1674, 1684, "ACTIONS"], [1139, 1143, "ACTIONS"], [130, 139, "ACTIONS"], [797, 804, "ACTIONS"], [889, 896, "ACTIONS"], [591, 601, "ACTIONS"], [2166, 2174, "ACTIONS"], [3430, 3438, "ACTIONS"], [383, 390, "ACTIONS"], [1116, 1125, "ACTIONS"], [1818, 1827, "ACTIONS"], [2561, 2570, "ACTIONS"], [2763, 2772, "ACTIONS"], [621, 626, "ACTIONS"], [2938, 2943, "ACTIONS"], [1290, 1294, "ACTIONS"], [1724, 1730, "ACTIONS"], [1049, 1059, "ACTIONS"], [2101, 2105, "ACTIONS"], [699, 708, "ACTIONS"], [1126, 1131, "ACTIONS"], [2178, 2183, "ACTIONS"], [2395, 2400, "ACTIONS"], [2571, 2576, "ACTIONS"], [3174, 3179, "ACTIONS"], [3313, 3318, "ACTIONS"], [3162, 3169, "ACTIONS"], [464, 472, "ACTIONS"], [350, 354, "ACTIONS"], [1068, 1072, "ACTIONS"], [3223, 3231, "ACTIONS"], [539, 547, "ACTIONS"], [952, 959, "ACTIONS"], [2361, 2368, "ACTIONS"], [1715, 1720, "ACTIONS"], [1783, 1790, "ACTIONS"], [2002, 2009, "ACTIONS"], [2039, 2046, "ACTIONS"], [1326, 1335, "ACTIONS"], [1623, 1629, "ACTIONS"], [2323, 2329, "ACTIONS"], [2380, 2387, "ACTIONS"], [911, 919, "ACTIONS"], [1021, 1029, "ACTIONS"], [71, 79, "ACTIONS"], [1570, 1578, "ACTIONS"], [1941, 1947, "ACTIONS"], [2388, 2394, "ACTIONS"], [1900, 1907, "MOLECULES"], [431, 450, "MOLECULES"], [2837, 2839, "MOLECULES"], [1044, 1048, "MOLECULES"], [1618, 1622, "MOLECULES"], [656, 658, "MOLECULES"], [1060, 1062, "MOLECULES"], [605, 620, "MOLECULES"], [1791, 1800, "PROCESS"], [2077, 2086, "PROCESS"], [3379, 3386, "QUANTITY"], [3101, 3105, "QUANTITY"], [847, 851, "QUANTITY"], [1932, 1936, "QUANTITY"], [2060, 2064, "QUANTITY"], [1887, 1895, "QUANTITY"], [3128, 3132, "CONDITIONS"], [933, 940, "CONDITIONS"], [55, 59, "PROCESS"], [34, 37, "PROCESS"], [107, 110, "PROCESS"], [277, 280, "PROCESS"], [311, 323, "ACTIONS"], [452, 462, "MOLECULES"], [525, 533, "ACTIONS"], [746, 749, "CONDITIONS"], [835, 839, "QUANTITY"], [822, 826, "QUANTITY"], [944, 947, "CONDITIONS"], [977, 987, "MOLECULES"], [999, 1014, "QUANTITY"], [1101, 1104, "PROCESS"], [1165, 1181, "CONDITIONS"], [1309, 1313, "PROCESS"], [1634, 1642, "ACTIONS"], [1838, 1854, "CONDITIONS"], [2693, 2704, "ACTIONS"], [2805, 2814, "ACTIONS"], [2916, 2918, "PROCESS"], [2892, 2914, "PROCESS"], [3297, 3310, "ACTIONS"], [3530, 3542, "ACTIONS"]]}
