{"id": 2043, "text": "sent Developing a Empirical Relationship The coating characteristics of aluminum is represented by Y, then the response function can be expressed as Y = f (F, N, V) (2) The model selected was a second degree response expressed as follows Y = B0+ B(F)+ B2 (N)+B3(V)+B11 (F2)+B22(N2)+B33(V2)+B12(F*N)+B13(F*V)+B23(N*V) (3) The values of the coefficient were calculated by regression with the help of the following equations.\n The final model was developed after determining the significant coefficient, which lead the following test.\n Coating thickness: Ct=0.84+0.26*F+0.04*N+0.86*V-0.01*F*N-0.0625*F*V+0.0375*N*V +0.017*F2+0.08*N2+0.01*V2 (4) Coating width: Cw=24.01+0.79*F+0.42*N+1.05*V-0.9*F*N-1.96*F*V+0*N*V-1.82*F2-1.66*N2-0.93*V2+0.1*V2 (5) 3.1 Checking the Adequacy of Model The adequacy of the model was checked using the analysis of variance (ANOVA) technique.\n As per the technique, if the calculated value of the ‘F’ ratio for the desired level of confidence (say 99%).\n Then the model is conducted to the adequacy limit using the developed model for various mechanical and metallurgical properties.\n The predicted results of different combination are presented in the graphical form.\n ANOVA test result presented in the Table 5.\n 3.2 Effect of Process Parameters on Deposit Geometry 3.2.1 Effect of Rotational Speed on Deposit of Coating The deposit tended to be greater in thickness with increasing rotational speed of consumable rod, regardless of the traverse speed and axial force.\n This might be due to an increase in torque during friction with demand rotational speed and due to an increase in the thickness of deposit because of an increased rate of deformation of consumable rod.\n 3.2.2 Effect of Axial Force on Deposit of Coating The effect of axial force on the thickness of deposit decreased with increasing rotational speed of consumable rod, making the thickness of deposit almost uniform of the rotational speed.\n 3.2.3 Effect of Traverse Speed on Deposit of Coating The width of the deposit tented to decrease with increased rotational speed and traverse speed on consumable rod.\n But it has almost uniform under the conditions of the rotation of consumable rod was slow, because effect of the traverse speed was limited.\n This might be because width of the deposit may be decreased by a decrease in the closure area of substrate and consumable rod.\n The effect of traverse speed on the thickness of deposit was demand with increasing rotational speed of consumable rod, making the thickness of deposit almost uniform at rotational speed.\n www.ccsenet.org/mas Modern Applied Science Vol.\n 6, No.\n 2; February 2012 ISSN 1913-1844 E-ISSN 1913-1852 72 4.", "meta": {}, "annotation_approver": null, "labels": [[940, 947, "ACTIONS"], [129, 132, "ACTIONS"], [356, 366, "ACTIONS"], [898, 908, "ACTIONS"], [136, 145, "ACTIONS"], [217, 226, "ACTIONS"], [2292, 2295, "ACTIONS"], [1866, 1872, "ACTIONS"], [2497, 2503, "ACTIONS"], [1360, 1366, "ACTIONS"], [810, 817, "ACTIONS"], [516, 525, "ACTIONS"], [1399, 1409, "ACTIONS"], [1819, 1829, "ACTIONS"], [2450, 2460, "ACTIONS"], [1804, 1812, "ACTIONS"], [2027, 2035, "ACTIONS"], [2299, 2307, "ACTIONS"], [2314, 2322, "ACTIONS"], [1898, 1904, "ACTIONS"], [2118, 2124, "ACTIONS"], [2529, 2535, "ACTIONS"], [179, 187, "ACTIONS"], [45, 52, "ACTIONS"], [460, 471, "ACTIONS"], [1650, 1659, "ACTIONS"], [2041, 2050, "ACTIONS"], [533, 540, "ACTIONS"], [642, 649, "ACTIONS"], [1340, 1347, "ACTIONS"], [1742, 1749, "ACTIONS"], [1984, 1991, "ACTIONS"], [818, 823, "ACTIONS"], [1030, 1035, "ACTIONS"], [507, 511, "ACTIONS"], [1161, 1170, "ACTIONS"], [2239, 2246, "ACTIONS"], [1502, 1507, "ACTIONS"], [2254, 2259, "ACTIONS"], [998, 1007, "ACTIONS"], [1114, 1123, "ACTIONS"], [2017, 2023, "ACTIONS"], [749, 757, "ACTIONS"], [5, 15, "ACTIONS"], [444, 453, "ACTIONS"], [1040, 1049, "ACTIONS"], [72, 80, "MOLECULES"], [973, 976, "QUANTITY"]]}
