{"id": 2060, "text": "sent Data analysis Traditional image analysis routines are not suitable for processing the acquired thermal images or thermograms, because of the heating non-uniformities, which could be a result of the high tolerances in protective coat-film thicknesses, the touch-up jobs and surface profile and geometry.\n All of this creates non-uniform thermal maps.\n To provide a complete automated detection package, image processing software is required to isolate the defectives from their surroundings.\n In [12] we introduced a new image processing routine based on dividing the thermogram into localized neighborhoods.\n The size of the local neighborhood should be selected such that it will be larger than the defect and sizes sought and assure a stable temperature across the region, but small enough to be contained within the smallest area of non-uniformity (its definition dependant on the application at hand).\n A relative thresholding step follows, where each pixel in the thermal image is compared against the average of its surrounding neighborhood; if it passes the criterion in (2), its value is boosted with multiples of the difference from the average otherwise its value is set to zero.\n (a) 1 mm 1.9 mm 2 mm 1 mm 0.75 mm Flat area, without defects to investigate false positives (b) (c) www.ndt.net - 3rd MENDT - Middle East Nondestructive Testing Conference & Exhibition - 27-30 Nov 2005 Bahrain, Manama ),(.\n jisurravgpix TT ση ⋅≥− .\n (2) Where pixT is the temperature of central pixel, .avgT is the kernel average temperature, η is a scaling factor dependant on the signal to noise ratio of the thermogram, and ),( jisurrσ is the standard deviation of pixels in the local neighborhood surrounding ),( ji .\n To illustrate the effectiveness of this routine, we apply it to the thermogram shown in figure 1,b, 3,a and 4,b The results, in figure 1,c, 3,b and 4,c show that the code successfully removed the non- uniform heating effects while detecting the thin spots.\n Figure 5, The detection head used for pinhole detection To quantify the code performance, we utilize Tanimoto criterion (or, reveal ability Re .v ) described in equation (3), and first introduced in [13].\n Re .\n real missed real false N N v N N − = − (3) where, N is the number of defects and the subscripts , ,real missed false refer to real defects, missed defects and false positives found in the processed image.\n Applying this criterion to the processed images results in average of Rev. = 95 %.\n One should bear in mind that applying Tanimoto's criterion for a single image with limited number of defectives is considered highly conservative, and so any Rev. > 80% indicates effective processing.\n 4.", "meta": {}, "annotation_approver": null, "labels": [[91, 99, "ACTIONS"], [1588, 1593, "ACTIONS"], [2194, 2200, "ACTIONS"], [2293, 2299, "ACTIONS"], [2329, 2335, "ACTIONS"], [1027, 1038, "ACTIONS"], [1697, 1708, "ACTIONS"], [550, 555, "ACTIONS"], [321, 328, "ACTIONS"], [1260, 1271, "ACTIONS"], [2102, 2108, "ACTIONS"], [378, 387, "ACTIONS"], [733, 739, "ACTIONS"], [2125, 2134, "ACTIONS"], [1182, 1185, "ACTIONS"], [1771, 1776, "ACTIONS"], [2364, 2369, "ACTIONS"], [2594, 2604, "ACTIONS"], [1903, 1910, "ACTIONS"], [2508, 2516, "ACTIONS"], [1798, 1803, "ACTIONS"], [1722, 1732, "ACTIONS"], [722, 728, "ACTIONS"], [803, 812, "ACTIONS"], [659, 667, "ACTIONS"], [941, 948, "ACTIONS"], [2648, 2657, "ACTIONS"], [2395, 2403, "ACTIONS"], [359, 366, "ACTIONS"], [436, 444, "ACTIONS"], [508, 518, "ACTIONS"], [2162, 2172, "ACTIONS"], [2483, 2489, "ACTIONS"], [991, 999, "ACTIONS"], [2070, 2077, "ACTIONS"], [2036, 2044, "ACTIONS"], [2006, 2010, "ACTIONS"], [1059, 1065, "ACTIONS"], [1950, 1959, "ACTIONS"], [1546, 1553, "ACTIONS"], [278, 285, "ACTIONS"], [559, 567, "ACTIONS"], [448, 455, "ACTIONS"], [2490, 2494, "ACTIONS"], [2239, 2240, "MOLECULES"], [31, 45, "PROCESS"], [1205, 1211, "QUANTITY"], [1212, 1216, "QUANTITY"], [1200, 1204, "QUANTITY"], [1217, 1221, "QUANTITY"], [1222, 1229, "QUANTITY"]]}
