{"id": 2062, "text": "sent EXPERIMENTAL Galvanized steel plates were employed as metallic substrates.\n Metal surfaces were carefully washed in acetone, ethanol and doubly distilled water, and then dried prior to the coating process.\n Three commercial paint systems from Sigma Coatings B.V. (Amsterdam, The Netherlands) were considered, and they are given in Table 1.The samples were spray painted, and then allowed to cure at room temperature and humidity for five days prior to testing.\n The thickness of the dry coatings was measured with a Mega-Check FN Coating-Thickness-meter (List-Magnetik GmbH, Germany).\n Table 1.\n Characteristics of the coatings and convention for reference in the text.\n Paint system A Paint system B Paint system C Primer Polyamide – Epoxy (Sigmacover 280) Polyamide – Epoxy (Sigmacover 280) Polyamide – Epoxy (Sigmacover 280) Sealing - Polyamide – Epoxy (Sigmacover 435) Polyamide – Epoxy (Sigmacover 435) Topcoat - - Polyurethane-aliphatic (Sigmadur 550) Total thickness (µm) 60 185 244 The test solution was a 3 wt.% NaCl aqueous solution, open to air, held at room temperature.\n The time of exposure was ca.\n 40 hours, which was long enough for the water saturation stage to be attained by all the paint systems.\n A three-electrode cell arrangement was used in the experiments.\n The electrochemical cell was a flat-cell provided with a sufficiently large stainless steel counter electrode that was positioned parallel to the 13 cm 2 working electrode surface.\n A saturated calomel electrode (SCE) was employed as reference electrode.\n Electrochemical impedance spectroscopy data were acquired using a computer-controlled EG&G Model 5210 lock-in amplifier connected with an EG&G Model 283A potentiostat.\n The impedance spectra contained 10 points (logarithmic spaced) in the frequency range of 50 kHz – 0.5 kHz, using a 15 mV amplitude of sinusoidal voltage.\n The data quality acquisition was established in four cycles at each frequency, thus providing good signal-to-noise ratios at all frequencies.\n The software used to acquire and analyze the data allowed representation of the data in terms of both Bode (logarithm of the impedance modulus |Z| and phase angle  as a function of the logarithm of the frequency f) and Nyquist (imaginary component of the impedance as a function of the real component) plots.\n The impedance spectra were modeled using Yeum’s “ZsimpWin 2.00” software [21].\n Int.\n J. Electrochem.\n Sci.,\n Vol.\n 7, 2012 7395 3.", "meta": {}, "annotation_approver": null, "labels": [[2045, 2052, "ACTIONS"], [1408, 1418, "ACTIONS"], [111, 117, "ACTIONS"], [1443, 1450, "ACTIONS"], [175, 180, "ACTIONS"], [1330, 1338, "ACTIONS"], [1620, 1630, "ACTIONS"], [1062, 1066, "ACTIONS"], [367, 374, "ACTIONS"], [1902, 1913, "ACTIONS"], [505, 513, "ACTIONS"], [396, 400, "ACTIONS"], [18, 28, "ACTIONS"], [1736, 1745, "ACTIONS"], [2033, 2040, "ACTIONS"], [1665, 1674, "ACTIONS"], [385, 392, "ACTIONS"], [2062, 2069, "ACTIONS"], [1473, 1482, "ACTIONS"], [1603, 1608, "ACTIONS"], [1821, 1826, "ACTIONS"], [2358, 2363, "ACTIONS"], [327, 332, "ACTIONS"], [1769, 1775, "ACTIONS"], [1263, 1267, "ACTIONS"], [2025, 2029, "ACTIONS"], [2350, 2357, "ACTIONS"], [1953, 1962, "ACTIONS"], [47, 55, "ACTIONS"], [1511, 1519, "ACTIONS"], [1188, 1196, "ACTIONS"], [1483, 1490, "MOLECULES"], [1026, 1030, "MOLECULES"], [728, 745, "MOLECULES"], [763, 780, "MOLECULES"], [798, 815, "MOLECULES"], [843, 860, "MOLECULES"], [878, 895, "MOLECULES"], [925, 947, "MOLECULES"], [130, 137, "MOLECULES"], [121, 128, "MOLECULES"], [1571, 1583, "PROCESS"], [29, 34, "MOLECULES"], [142, 164, "MOLECULES"], [404, 420, "ACTIONS"], [437, 447, "CONDITIONS"], [984, 986, "QUANTITY"], [987, 990, "QUANTITY"], [991, 994, "QUANTITY"], [1019, 1025, "QUANTITY"], [1070, 1086, "CONDITIONS"], [1119, 1127, "CONDITIONS"], [1159, 1164, "MOLECULES"], [1365, 1380, "MOLECULES"], [1435, 1442, "QUANTITY"], [1594, 1602, "ACTIONS"]]}
