{"id": 2066, "text": "sent Experimental Details The substrate material used in this study was AISI 4140 steel with the chemical composition of (in wt.%) 0.39% C, 0.30% Si, 0.68% Mn, 0.012% P, 0.002% S, 1.15% Cr, 0.20% Mo, 0.08% Ni, 0.016% Al, 0.01% V and balance Fe.\n Disc shaped samples (26 mm in diameter and 10 mm in thickness) were received in the hardened state, having the average hardness of 35 HRC.\n In the scope of this study samples were CrN coated by arc-PVD technique before and after plasma nitriding, which were identified as single and duplex surface treatments, respectively.\n Plasma nitriding was conducted in a gas mixture containing 25% N2 + 75% H2 at 500 o C for 8 h. Arc-PVD process was conducted for 80 min at -110 V bias voltage, 50 A cathode current and 5 mtorr N2 pressure at Tribological Behaviour Of Duplex Treated Aisi 4140 Steel 40 temperatures in between 279 (start) - 293 °C (finish).\n CrN coating was applied to the as-received and plasma nitrided samples, which were identified as single and dublex treated steels, respectively.\n Before the CrN coating of the nitrided samples, their surfaces were shot peened and then polished.\n The single and dublex treated samples were subjected to microstructural survey, hardness measurements, Rockwell C adhesion tests and dry sliding wear tests.\n Microstructural survey covered Ligth optical microscope (LOM) examination and X-ray diffraction (XRD) analysis.\n XRD analysis was carried out by utilizing Cu Kα radiation.\n Hardness measurements were conducted on the surface of the samples with a Vickers pyramid indenter under indentation test loads varied from 25 g to 10 000 g. Rockwell C adhesion tests were conducted on a standard Rockwell hardness tester, by indenting the Rockwell C diamond indenter on the samples under normal load of 150 kg.\n After the adhesion tests, the damage patterns developed on the samples were detected by a LOM.\n Dry sliding wear tests were applied on a reciprocating type wear tester at normal atmospheric condition.\n Wear tests were carried out by rubbing Al2O3 ball having a diameter of 6 mm to the samples under a normal load of 5N. Sliding stroke, total sliding distance and sliding velocity were 2 mm, 50 m and 3.0 ms -1 , respectively.\n Results of the wear tests were evaluated by the wear tracks developed on the surface of the steels after measuring their width and depth by a profilometer.\n 3.", "meta": {}, "annotation_approver": null, "labels": [[1820, 1825, "ACTIONS"], [2008, 2013, "ACTIONS"], [911, 918, "ACTIONS"], [1925, 1932, "ACTIONS"], [251, 257, "ACTIONS"], [949, 957, "ACTIONS"], [1071, 1079, "ACTIONS"], [504, 514, "ACTIONS"], [978, 988, "ACTIONS"], [1714, 1723, "ACTIONS"], [346, 352, "ACTIONS"], [2053, 2059, "ACTIONS"], [1938, 1951, "ACTIONS"], [1109, 1113, "ACTIONS"], [2333, 2342, "ACTIONS"], [1130, 1138, "ACTIONS"], [2259, 2268, "ACTIONS"], [2034, 2041, "ACTIONS"], [619, 629, "ACTIONS"], [1444, 1453, "ACTIONS"], [1322, 1329, "ACTIONS"], [1429, 1436, "ACTIONS"], [2019, 2026, "ACTIONS"], [1114, 1120, "ACTIONS"], [49, 53, "ACTIONS"], [1600, 1606, "ACTIONS"], [482, 491, "ACTIONS"], [578, 587, "ACTIONS"], [1877, 1885, "ACTIONS"], [1897, 1900, "ACTIONS"], [430, 436, "ACTIONS"], [1278, 1285, "ACTIONS"], [1901, 1908, "ACTIONS"], [2143, 2150, "ACTIONS"], [2164, 2171, "ACTIONS"], [592, 601, "ACTIONS"], [686, 695, "ACTIONS"], [1499, 1508, "ACTIONS"], [1661, 1670, "ACTIONS"], [1184, 1193, "ACTIONS"], [314, 322, "ACTIONS"], [929, 937, "ACTIONS"], [1847, 1856, "ACTIONS"], [2288, 2297, "ACTIONS"], [634, 636, "MOLECULES"], [764, 766, "MOLECULES"], [1454, 1456, "MOLECULES"], [206, 208, "MOLECULES"], [156, 158, "MOLECULES"], [196, 198, "MOLECULES"], [72, 87, "MOLECULES"], [186, 188, "MOLECULES"], [241, 243, "MOLECULES"], [217, 219, "MOLECULES"], [146, 148, "MOLECULES"], [1739, 1746, "MOLECULES"], [289, 294, "QUANTITY"], [140, 145, "QUANTITY"], [170, 176, "QUANTITY"], [200, 205, "QUANTITY"], [210, 216, "QUANTITY"], [221, 226, "QUANTITY"], [1612, 1616, "QUANTITY"], [2074, 2078, "QUANTITY"], [131, 137, "QUANTITY"], [150, 156, "QUANTITY"], [180, 186, "QUANTITY"], [190, 196, "QUANTITY"], [160, 167, "QUANTITY"], [630, 634, "QUANTITY"], [639, 643, "QUANTITY"], [700, 706, "CONDITIONS"], [877, 883, "CONDITIONS"], [137, 138, "MOLECULES"], [167, 168, "MOLECULES"], [176, 180, "MOLECULES"], [227, 228, "MOLECULES"], [267, 272, "QUANTITY"], [426, 429, "MOLECULES"], [440, 458, "PROCESS"], [643, 645, "MOLECULES"], [649, 656, "CONDITIONS"], [661, 664, "CONDITIONS"], [666, 681, "PROCESS"], [863, 866, "CONDITIONS"], [895, 898, "MOLECULES"], [1052, 1055, "MOLECULES"], [1244, 1269, "PROCESS"], [1286, 1296, "PROCESS"], [1377, 1394, "PROCESS"], [1396, 1399, "PROCESS"], [1630, 1655, "PROCESS"], [1909, 1919, "PROCESS"], [1979, 2000, "CONDITIONS"], [1957, 1968, "PROCESS"], [2042, 2047, "MOLECULES"], [2243, 2253, "PROCESS"]]}
