chem_tag_mol,chem_tag_quan,v,arg0,arg1,arg2,sentence,mol,proc,quan,condns
  EXPERIMENTAL  ,,,,,,EXPERIMENTAL 2.1.,,,|,|
"  Iridium(IV)  chloride  hydrate  ,   IrCl4.xH2O  ",,,,,,Chemicals and materials Iridium(IV) chloride hydrate (IrCl4.xH2O) (Catalogue no.,IrCl4.xH2O|Iridium(IV) chloride hydrate,,|,|
,,,,,,516996); 30% hydrogen peroxide (Catalogue no.,hydrogen peroxide,,30%|30% ,|
  hydrogen  peroxide  ,   30  %   ,,,,,216763); oxalic acid (Catalogue no.,oxalic acid,,|,|
,   30  %   ,,,,,75699); potassium carbonate K2CO3 (Catalogue no.,potassium carbonate K2CO3,,|,|
  oxalic  acid  ,,used,,,,"P5833); stainless steel rods, 2.4 mm diameter; and standard pH solution buffer (4, 7, and 9) were used in this study.",,,2.4 mm|,|
,,purchased,,,,"All chemicals were analytical reagent grade and purchased form sigma-Aldrich, USA.",,,|,|
  potassium  carbonate  K2CO3  ,,Distilled|used|preparing,,,for preparing all solution,Distilled water was used for preparing all solution.,,,|,|
,,,,,,Int.,,,|,|
,,,,,,J. Electrochem.,,,|,|
,,,,,,"Sci.,",,,|,|
,,,,,,Vol.,Vol,,|,|
  water  ,,,,,,"8, 2013 3292 2.2.",,,|,|
,,electrode|used|working,Preparation of IrO2,|Preparation of IrO2 electrode A stainless steel rod 2.4 mm in diameter and 20 mm long,as substrate ( working electrode ),Preparation of IrO2 electrode A stainless steel rod 2.4 mm in diameter and 20 mm long was used as substrate (working electrode).,IrO2,,2.4 mm|20 mm|,|
,,connected|mounted|insulate|exposed,,||all area except a circular exposed area of 4.5 mm 2|,,"Electrode was connected to a copper wire, and then mounted in Acrylic to insulate all area except a circular exposed area of 4.5 mm 2 for electrodeposition.",copper,deposition|deposition|electrodeposition,4.5 mm|,|
,,polished|using|achieve,,"|sandpaper of different grit sizes , diamond paste and alumina powder|a surface roughness of 0.5 µm",to achieve a surface roughness of 0.5 µm,"The electrodes are polished by using sandpaper of different grit sizes, diamond paste and alumina powder to achieve a surface roughness of 0.5 µm.",diamond|alumina,,0.5 µm|,|
,,rinsed|cleaned|deionized,,|in acetone and deionized water|,,The electrodes were then rinsed and ultrasonically cleaned in acetone and deionized water.,acetone,,|,|
,,prepared|adding|distilled|followed|stirring|dissolve,"by adding 150 mg of IrCl4.xH2O in 100 mL of distilled water into a 200-mL glass beaker , and then followed by stirring for 10 minutes to dissolve completely",|150 mg of IrCl4.xH2O|by stirring for 10 minutes to dissolve completely,,"The solution was prepared by adding 150 mg of IrCl4.xH2O in 100 mL of distilled water into a 200-mL glass beaker, and then followed by stirring for 10 minutes to dissolve completely.",IrCl4.xH2O,,150 m|100 mL|200-mL|10 m|,10 min|
,,added|stirred,,|,,Then 360 mg oxalic acid was added to the solution and then stirred for another 10 minutes.,oxalic acid,,360 m|10 m|,10 min|
  IrO2  ,,added|left,,A 1-mL of 30 % hydrogen peroxide|,for 15 min stirring,"A 1-mL of 30% hydrogen peroxide was added, and then solution was left for 15 min stirring.",hydrogen peroxide,,1-mL|30%|15 m|30% ,15 min|
  copper  |  Acrylic  ,,increased|adding,,The pH of the solution,,The pH of the solution was increased slowly to pH 10.5 by adding anhydrous potassium carbonate [15].,potassium carbonate,,|,|
  diamond  |  alumina  ,,obtained,,,,A light green solution was obtained.,light green,,|,|
  acetone  |  water  ,,allowed|age|conditioned|achieve,,|,,The solution was allowed to age for two days in an air-conditioned laboratory to achieve a dark blue stable solution.,,,|,|
  IrCl4.xH2O  |  water  |  200-mL  ,,shown,,The schematic of the preparation,,The schematic of the preparation is shown in figure 2.,,,|,|
  oxalic  acid  ,   360  mg   ,,,,,Figure 2.,,,|,|
  hydrogen  peroxide  ,   30  %   ,shown|Solution preparation and electrodeposition setup As shown in figure 3,,,,"Solution preparation and electrodeposition setup As shown in figure 3, a three electrode cell was used in this study.",,deposition|deposition|electrodeposition,|,|
  potassium  carbonate  ,,deposited|using,,,on stainless steel,An iridium oxide layers were deposited on stainless steel working electrode by using an Ag/AgCl reference electrode and a mesh Pt counter electrode.,iridium oxide|Pt|AgCl|Ag,,|,|
,,applied|shown,,,,A cyclic voltammetry method between -0.5 to 0.65 V (vs. Ag/AgCl) was applied at different cycles and sweep rates as shown in Table 1.,AgCl|Ag,,|,|
,,used,,,,"A potentiostat/galvanostat (Autolab, Metrohm, model PGSTAT 128N) was used in cyclic voltammetry deposition (CV) of EIROF and in CV, electrochemical impedance spectroscopy (EIS), open circuit potential (OCP) measurements.",,deposition|electrochemical impedance spectroscopy|deposition|electrochemical impedance spectroscopy|electrochemical impedance spectroscopy|spectroscopy|spectroscopy|electrochemical impedance spectroscopy,128N|,|
,,used,,,for pH sensor calibration,A conventional glass pH electrode was used for pH sensor calibration.,,,|,|
,,measured,,,,"In this study, all impedance spectra were measured with a 10-mV (Amplitude, rms) AC Int.",,,10-m|,|
,,,,,,J. Electrochem.,,,|,|
  iridium  oxide  |  Ag <dash>/</dash> AgCl  |  Pt  ,,,,,,"Sci.,",,,|,|
  Ag/AgCl  ,,,,,,Vol.,Vol,,|,|
  PGSTAT  |  EIROF  ,,,,,,"8, 2013 3293 sinusoidal signal in the frequency range of 0.01 Hz to 10 kHz.",,,|,|
,,used,,,,NOVA-1.8 software was used to do the EIS measurements and curve fitting analysis.,,,|,|
  10-mV  ,,measured,,"The potential response of EIROF in standard pH solution buffer ( 4 , 7 , and 9 )",at room temperature,"The potential response of EIROF in standard pH solution buffer (4, 7, and 9) was measured by potentiostat at room temperature.",,,|,|
,,electrodeposited|characterized,"by CV , Atomic Force Microscopy ( AFM ) , Field Emission Scanning Electron Microscopy ( FESEM ) ( HITACHI ) , and Energy - Dispersive X - ray spectroscopy ( EDX )",,,"The electrodeposited iridium oxide was characterized by CV, Atomic Force Microscopy (AFM), Field Emission Scanning Electron Microscopy (FESEM) (HITACHI), and Energy-Dispersive X-ray spectroscopy (EDX).",iridium oxide,"scanning electron microscopy|field emission scanning electron microscopy|spectroscopy|cv, atomic force microscopy|field emission scanning electron microscopy|spectroscopy|scanning electron microscopy|microscopy",|,|
,,,,,,Figure 3.,,,|,|
,,working|electrode,|,,,"Schematic diagram of an electrodeposition setup: (1) Pt mesh counter electrode, (2) stainless steel (working electrode), (3) Ag/AgCl reference electrode 3.",Pt|AgCl|Ag,deposition|deposition|electrodeposition,|,|
