chem_tag_mol,chem_tag_quan,v,arg0,arg1,arg2,sentence,mol,proc,quan,condns
  EXPERIMENTAL  ,,,,,,EXPERIMENTAL METHODS AND MATERIALS 2.1.,,,|,|
  Zn  |  Zn-Cr2O3-SiO2  ,,prepared|using,by electrodeposition technique,|mild steel plates as cathodes,,Sample Preparation Zn and Zn-Cr2O3-SiO2 nanocomposite coatings were prepared by electrodeposition technique using mild steel plates as cathodes.,Zn|Zn-Cr2O3-SiO2,deposition|electrodeposition technique|deposition|electrodeposition,|,|
,,sectioned|using,|,|,,The mild steel plates were sectioned using a cutting wheel to Int.,,,|,|
,,,,,,J. Electrochem.,,,|,|
,,,,,,"Sci.,",,,|,|
,,,,,,Vol.,Vol,,|,|
,,,,,,"10, 2015 3990 dimensions of 25x40 mm.",,,|,|
,,used|grind|polish|remove,Emery papers of grit size of 180 and 400 grits,Emery papers of grit size of 180 and 400 grits|the unwanted materials such as rust on the mild steel substrate|the unwanted materials such as rust on the mild steel substrate,"to grind , polish and remove the unwanted materials such as rust on the mild steel substrate","Emery papers of grit size of 180 and 400 grits were used to grind, polish and remove the unwanted materials such as rust on the mild steel substrate.",,,|,|
,,dipped|remove|followed|activate,,||by suspension into 1 M HCl to activate the surface prior to plating,|on the mild steel|the grease or oil on the mild,The polished samples were then dipped into ethanol to remove the grease or oil on the mild steel followed by suspension into 1M HCl to activate the surface prior to plating.,HCl|ethanol,plating,1M|,|
  ethanol  |  HCl  ,   1  M   ,stirred|using|keep,,||Cr2O3 ( 100 nm ) and Al2O3 ( 50 nm ) nanoparticles in suspension,to keep Cr2O3 ( 100 nm ) and Al2O3 ( 50 nm ) nanoparticles in suspension,The plating solutions were mechanically stirred using a magnetic stirrer for 18 hours to keep Cr2O3 (100 nm) and Al2O3 (50 nm) nanoparticles in suspension.,Cr2O3|Al2O3,plating,|,18 h|
  Cr2O3  |  Al2O3  ,,,,,,Table 1.,,,|,|
,,used|kept,,|,,"Bath Composition and Operating Conditions Composition Parameters ZnCl2 – 150 g/ L KCl – 50 g/L Boric Acid – 30 g/L Glycine – 30 g/L Thiorea – 10 g/L Cr2O3 – 2.5, 5, 7.5 g/L SiO2 – 2.5, 5, 7.5 g/L Cathode – Mild steel Anode – Zn Temperature – 25 0 C pH – 3.8 Current – 1.5A During electrodeposition, two Zn plates were used as anodes and the pH was kept constant at 3.8.",SiO2|Glycine|Thiorea|– 25 0 C|Zn|ZnCl2|Cr2O3|Boric Acid|KCl|Zn,deposition|deposition|electrodeposition,150 g|50 g|30 g|30 g|10 g|7.5 g|7.5 g|,|
  ZnCl2-150  |  KCl-50  |  Glycine-30  |  Thiorea-10  |  Cr2O3-2.5  |  SiO2-2.5  |  Anode-Zn  |  Zn  ,,stirring,,The deposition time for the experiments,,The deposition time for the experiments was 20 minutes under ambient conditions while stirring at a speed of 300 rpm.,,deposition|deposition,20 m|,20 min|
,,rinsed|remove|adhered|dried,,|loosely adhered particles and air dried after electrodeposition||,,The samples were rinsed in water for 5 seconds to remove loosely adhered particles and air dried after electrodeposition.,,deposition|deposition|electrodeposition,|,|
  water  ,,follows|used|study|received|electrodeposited,|,"|the morphological characteristics of the as - received mild steel sample , powders and electrodeposited samples|","|to study the morphological characteristics of the as - received mild steel sample , powders and electrodeposited samples","Sample codes and description are as follows: [ZC1 = Zn- 10g/L Cr2O3, ZC2 = Zn-20g/L Cr2O3, ZS1 = Zn-5g/L SiO2, ZS2 = Zn-10g/L SiO2, ZCS1 = Zn-2.5g/L Cr2O3-7.5g/L SiO2, ZCS2 = Zn-5g/L Cr2O3-5g/L SiO2 and ZCS3 = Zn-7.5g/L Cr2O3-2.5g/L SiO2] 2.2 Surface characterization JEOL-JSM-5800V scanning electron Microscope was used to study the morphological characteristics of the as-received mild steel sample, powders and electrodeposited samples.",Cr2O3|ZS1 = Zn-5g/L SiO2|Cr2O3-7.5g|Cr2O3|Zn|SiO2|ZS2 = Zn-10g/L SiO2|Cr2O3-2.5g|SiO2|SiO2|Cr2O3-5g,,10g|,|
  ZC1  |  Zn-10  |  Cr2O3  |  ZC2  |  Zn-20g/L  Cr2O3  |  ZS1  |  Zn-5g/L  SiO2  |  ZS2  |  Zn-10g/L  SiO2  |  ZCS1  |  Cr2O3-7.5g/L  SiO2  |  ZCS2  |  Zn-5g/L  Cr2O3-5g/L  SiO2  |  ZCS3  |  Cr2O3-2.5g/L  SiO2  ,,done|using|affixed,,The compositional analysis of the samples,,The compositional analysis of the samples were done using Energy Dispersive Spectrometry (EDS) affixed to the microscope.,,,|,|
,,conducted|using,,The structural analysis of the coatings,,The structural analysis of the coatings was conducted using PANalytical X’Pert Pro diffractometer.,Pro,,|,|
,,testing|used|investigate,,|the microhardness properties of the samples,to investigate the microhardness properties of the samples,2.3 Microhardness testing Diamond indenter microhardness tester was used to investigate the microhardness properties of the samples.,Diamond,,|,|
,,reported|made,,|,,The values reported are an average of three indentation measurements made at different locations.,,,|,|
  Diamond  |  tester  ,,performed|using|investigate,|,||the corrosion properties of the samples in 3.65 % NaCl environment,to investigate the corrosion properties of the samples in 3.65 % NaCl environment,2.4 Electrochemical behavior Electrochemical measurements were performed using µAUTOLAB Pontentiostat/Galvanostat to investigate the corrosion properties of the samples in 3.65% NaCl environment.,NaCl,,3.65%|3.65% ,|
,,,,,,The polarization Int.,,,|,|
  NaCl  ,   3.65  %   ,,,,,J. Electrochem.,,,|,|
,   3.65  %   ,,,,,"Sci.,",,,|,|
,   3.65  %   ,,,,,Vol.,Vol,,|,|
,   3.65  %   ,carried|end,,,from a start,"10, 2015 3991 measurements were carried from a start potential of -1.5 to end potential 1.5V at a scanning rate of 0.001V/s.",,,|,|
,   3.65  %   ,Saturated|used|employed,,was used as a reference and graphite rod as counter electrode,as a reference and graphite rod|for the measurements,Saturated calomel electrode was used as a reference and graphite rod as counter electrode were employed for the measurements in a conventional three electrode electrochemical cell.,calomel|graphite,,|,|
,   3.65  %   ,conducted|exposed,,|,,All the tests were conducted under ambient conditions with specimen of area 1 cm 2 was exposed to 3.65% solution.,,,1 cm|3.65%|3.65% ,|
,   3.65  %   ,subjected|annealing|study,,,to annealing temperature of 250 0 C in a laboratory tube furnace,2.5 Thermal stability The coatings were subjected to annealing temperature of 250 0 C in a laboratory tube furnace to study their thermal stability.,temperature of 250 0 C,,|,|
  graphite  ,,exposed|study|required|perform,|,|to perform under high temperatures,"to heat treatment conditions for a time range of 0.5 , 2 and 16 hours|","The samples were exposed to heat treatment conditions for a time range of 0.5, 2 and 16 hours to study their thermal stability with respect to time for industrial applications where they are required to perform under high temperatures.",,,|,|
,,Wear|2.7 Wear For wear performance studies|evaluated|reciprocating,,,For wear performance studies|under dry reciprocating conditions,"2.7 Wear For wear performance studies, the samples were evaluated using CETR tribo-tester under dry reciprocating conditions.",,,|,|
,,recorded,,The coefficient of friction,,The coefficient of friction was continually recorded for a duration of 1000 seconds.,,,|,1000 sec|
,,conducted|sliding|sliding,,|velocity of 2 m / s,,"All the tests were conducted at a constant normal load of 5N, sliding velocity of 2 m/s and sliding distance of 2 mm.",,,5N|2 m|2 mm|,|
  CETR  ,,worn|observed|using,The micrographs of the worn out surfaces,|The micrographs of the worn out surfaces,,The micrographs of the worn out surfaces were observed using Scanning electron microscope (100X).,,,|,|
,,used|determine|wear|sliding|using|wearing,|,|the percentage wear mass loss under dry sliding conditions using silica sand as a wearing medium at a speed of 200 rev / min for 60 sec|,to determine the percentage wear mass loss under dry sliding conditions using silica sand as a wearing medium at a speed of 200 rev / min for 60 sec|as a wearing medium at a speed of 200 rev / min for 60 sec,Dry abrasion rig machine was used to determine the percentage wear mass loss under dry sliding conditions using silica sand as a wearing medium at a speed of 200 rev/min for 60 sec.,silica,,|,60 sec|
,,weighed|recorded,,The initial mass of the samples,,The initial mass of the samples were weighed before the tests and the final masses were recorded after the dry sliding.,,,|,|
,,used|determine|wear,|,||,,These values were used to determine the percentage wear mass loss.,,,|,|
  silica  ,,,,,,3.,,,|,|
