chem_tag_mol,chem_tag_quan,v,arg0,arg1,arg2,sentence,mol,proc,quan,condns
  EXPERIMENTAL  ,,WORK,,,,EXPERIMENTAL WORK 2.1.,,,|,|
  aniline  |  aniline  ,,performed,,Electropolymerization of aniline Aqueous electropolymerization of aniline,,Electropolymerization of aniline Aqueous electropolymerization of aniline was performed in one-compartment cell.,aniline|aniline,electropolymerization,|,|
,,working|made,,,from steel rod of 2 mm diameter and 30 cm long,The working electrode was made from steel rod of 2mm diameter and 30 cm long.,,,2mm|30 cm|,|
  acetone  ,,working|polished|degreased,,,|,The working electrode was polished and degreased with acetone for about 10 minutes prior to the electropolymerization.,acetone,electropolymerization,10 m|,10 min|
  Ag <dash>/</dash> AgCl  ,,manufactured|used,by Corning Company,|An Ag / AgCl manufactured by Corning Company,as the reference electrode,An Ag/AgCl manufactured by Corning Company was used as the reference electrode.,Ag|AgCl,,|,|
  aniline  |  oxalic  acid  ,,used|using|provided,,|an EG&G Princeton Applied Research Potentiostat / Galvanostat Model 273A provided with powerCorr software,to electrochemically coat steel with the PANi|with powerCorr software,"The galvanostatic technique (constant current method) was used to electrochemically coat steel with the PANi layer from solution of aniline monomer with oxalic acid electrolyte, using an EG&G Princeton Applied Research Potentiostat/Galvanostat Model 273A provided with powerCorr software.",oxalic acid|aniline,,|,|
,,,,,,The main parameter Int.,,,|,|
,,,,,,J. Electrochem.,,,|,|
,,,,,,"Sci.,",,,|,|
,,,,,,Vol.,Vol,,|,|
,,investigated|ranged|ranged|ranged|ranged,,|the effect of aniline concentration|,,"7, 2012 5390 investigated was the effect of aniline concentration ranged from 0.1 to 1.0M, current density ranged from 10 to 50mA/cm 2 , oxalic acid concentration that ranged from 0.1 to 1.0M and solution pH which ranged from 1 to 4.",oxalic acid|aniline,,|,|
  aniline  |  50mA/cm  |  oxalic  acid  ,,fixed,,,,The electropolymerization time was fixed at 20 minutes interval for all experiments.,,electropolymerization,20 m|,20 min|
,,coated|rinsed|left|dry,,,with distilled water and methanol,"After each experiment, the PANi coated steel was rinsed with distilled water and methanol and left to dry.",methanol,,|,|
  water  |  methanol  ,,coated,,Only 5 cm of the rod length,with the PANi layer,Only 5cm of the rod length was coated with the PANi layer.,,,5cm|,|
,,,,,,2.3.,,,|,|
,,coated|used|coated|rotating|ranged,,|Examination of the performance of the PANi coated steel against corrosion Potentiodynamic examination ( Tafel test )|,|for the examination of the corrosion resistance of PANi coated steel when rotating at 3.5 % NaCl solution with different rotational speed ranged from 200 to 1000rpm,Examination of the performance of the PANi coated steel against corrosion Potentiodynamic examination (Tafel test) was used for the examination of the corrosion resistance of PANi coated steel when rotating at 3.5% NaCl solution with different rotational speed ranged from 200 to 1000rpm.,NaCl,potentiodynamic examination|corrosion potentiodynamic examination,3.5%|3.5% ,|
  PANi  |  PANi  |  NaCl  ,   3.5  %   ,used|changing|coated,,A variable speed D.C. motor of 0.33hp|the rotational speed of PANi coated steel|,for changing the rotational speed of PANi coated steel,A variable speed D.C. motor of 0.33hp was used for changing the rotational speed of PANi coated steel.,,,|,0.33h|
,   3.5  %   ,shown|coated|As shown|As shown in figure 1 the PANi coated steel and stainless steel were used as anode and cathode respectively|using|provided,in figure 1|,steel and stainless steel were used as anode and cathode respectively||the EG&G Princeton Applied Research Potentiostat / Galvanostat Model 273A provided with powerCorr software|,as anode and cathode|against Ag / AgCl reference electrode using the EG&G Princeton Applied Research Potentiostat / Galvanostat Model 273A provided with powerCorr software|with powerCorr software,"As shown in figure 1 the PANi coated steel and stainless steel were used as anode and cathode respectively, the corrosion current and potential were measured against Ag/AgCl reference electrode using the EG&G Princeton Applied Research Potentiostat/Galvanostat Model 273A provided with powerCorr software.",AgCl|Ag,,|,|
  PANi  ,,evaluated|subjected,,The % improvement in corrosion resistance,to the same conditions of rotational speed and NaCl concentration,The % improvement in corrosion resistance was evaluated with reference to bare steel subjected to the same conditions of rotational speed and NaCl concentration.,NaCl,,|,|
  Ag <dash>/</dash> AgCl  ,,calculated|according|following|coated,,||,,The % improvement was calculated according to the following equation: Where CRb and CRp are the corrosion rate of bare and PANi coated steel respectively.,,,|,|
  NaCl  ,,,,,,Figure 1.,,,|,|
  CRp  |  PANi  ,,used|coated,,|,for potentiodynamic examination of PANi,Experimental setup used for potentiodynamic examination of PANi coated steel in 3.5% NaCl at different rotational speed.,NaCl,potentiodynamic examination,3.5%|3.5% ,|
,,,,,,Int.,,,|,|
  PANi  |  NaCl  ,   3.5  %   ,,,,,J. Electrochem.,,,|,|
,   3.5  %   ,,,,,"Sci.,",,,|,|
,   3.5  %   ,,,,,Vol.,Vol,,|,|
,   3.5  %   ,,,,,"7, 2012 5391 3.",,,|,|
