chem_tag_mol,chem_tag_quan,v,arg0,arg1,arg2,sentence,mol,proc,quan,condns
,,,,,,Experimental procedure 2.1.,,,|,|
  ESD  |  ESD  ,,employed,,,,ESD device A special ESD machine was employed in the ex- periments.,,,|,|
,,described,,,,The ESD coating system was described in previous work [9].,,,|,|
,,stabilized,,,,Its power consumption was 180 W and the output of stabilized voltage was constant at 40 V. 2.2.,,,|,|
,,can|used|must|conduct,|,a number of different treat- ing electrode materials|,,"Materials In the ESD process, a number of different treat- ing electrode materials can be used, but these mater- ials must conduct electrical current.",,,|,|
  ESD  ,,produced|selected|treating,by a con- ventional powder metallurgy technique,ti- tanium carbonitride ( TiC0.7N0.3 ) produced by a con- ventional powder metallurgy technique,,"In this study, ti- tanium carbonitride (TiC0.7N0.3) produced by a con- ventional powder metallurgy technique was selected as a treating electrode material.",tanium carbonitride,con- ventional powder metallurgy technique,|,|
"  ti-tanium  carbonitride  ,   TiC0.7N0.3  ",,consisting|alloy|sintering|prepared,,"||The powder mix- ture , consisting of TiC(70)-TiN(30 ) alloy powder and a small amount of Al powder as a liquid - phase ad- ditive for sintering",of TiC(70)-TiN(30 ) alloy powder and a small amount of Al powder as a liquid - phase ad- ditive for sintering|for 3 h,"The powder mix- ture, consisting of TiC(70)-TiN(30) alloy powder and a small amount of Al powder as a liquid-phase ad- ditive for sintering, was prepared in a turbula mixer for 3 h at 60 Hz s−1.",TiC(70)-TiN(30)|Al,,|,|
  TiC(70)-TiN(30)  |  s-1  ,,pressed,,,,The mixture was then uniaxially pressed into bar shapes (4 mm thick × 5 mm wide × 15mm long) at a pressure of 450 MPa.,,,4 mm|5 mm|15mm|450 M|,|
,,pressed|sintered|deposit|sintered|containing|used,|the sintered electrodes of TiCN,|the sintered electrodes of TiCN containing Al,on the St37 steel,"The pressed compacts were sintered in vacuum at 1400◦C for 1 h. To deposit a coating on the St37 steel workpiece (10 × 10 × 10mm3), the sintered electrodes of TiCN containing Al were used.",Al,,10mm|10 × 10 ×|10 × 10 ×,|1400◦C 
,,,,,,2.3.,,,|,|
  St37  |  TiCN  ,,performed|using|held,,|a hand - held applicator in air at room temperature|,,Coating process The ESD process is performed using a hand-held applicator in air at room temperature.,,,|,|
,,drops|kept,,|the amount of electricity ( 3 C ),,"In the system, the voltage drops at the interelectrode gap (17 V), and the amount of electricity (3 C) is kept constant.",,,|,|
,,conducted,,,,"The ESD process was conducted in air with a series of rect- angular pulses of a duration of 200µs, a repetition rate of 100 Hz, and amplitudes of current of 400 A. 2.4.",,,|,|
,,tests|employed|investigate,Wear - resistance and friction,A standard ball - on - disc tribometer ( CSM Instru- ments ) was employed to investigate the wear beha- viour of TiCN - coated and uncoated samples|the wear beha- viour of TiCN - coated and uncoated samples,A standard ball - on - disc tribometer ( CSM Instru- ments ),Wear-resistance and friction tests A standard ball-on-disc tribometer (CSM Instru- ments) was employed to investigate the wear beha- viour of TiCN-coated and uncoated samples.,TiCN,,|,|
  200µs  ,,controlled|lowed|follow,"by its PC software , which al- lowed to follow the evolution of the friction coefficient|",|to follow the evolution of the friction coefficient|the evolution of the friction coefficient,,"The tri- bometer was controlled by its PC software, which al- lowed to follow the evolution of the friction coefficient.",,,|,|
,,sliding|performed,,,,The dry sliding wear test experiments were performed in air at room temperature and at a relative humid- ity of 50± 2 %.,,wear test,50± 2 %|50± 2 %.,|
,,loaded|sliding|sliding,,An alumina ball with a diameter of 6 mm|,with constant normal loads of 5 N and 10 N,"An alumina ball with a diameter of 6 mm was loaded with constant normal loads of 5 N and 10 N, while the sliding speed was 10 cm s−1, and the sliding distance was 200m.",alumina|5 N and 10 N,,6 mm|5 N|10 N|10 cm|200m|,|
,,find|measured|using,,|the lost volume of the wear track,,"After the wear tests, in order to find the wear coefficient, the lost volume of the wear track was measured by using an optical pro- filometer (DEKTAK8, Advanced Development Pro- filometer Veeco).",Pro,wear test,|,|
,,,,,,2.5.,,,|,|
  alumina  |  s-1  ,,coated|invest-|igated|using,Characterization Both the surface morphology on the coated samp- les and thickness of the deposit layer|,|,,"Characterization Both the surface morphology on the coated samp- les and thickness of the deposit layer were invest- igated using a scanning electron microscope (SEM, Philips XL 30 SFEG).",,,|,|
  DEKTAK8  ,,performed|using|embedded|operating|tached,|,"Phase composition , microstruc- ture , and elemental distribution analyses of the de- posit layer|",,"Phase composition, microstruc- ture, and elemental distribution analyses of the de- posit layer were performed using an X-ray diffracto- meter (Bruker D8 Advance) and an embedded EDX digital controller (EDX detector operating 15 kV) at- tached to the SEM.",,,|,|
,,performed,,X - ray diffraction pattern meas- urements,,"X-ray diffraction pattern meas- urements were performed in the range of 20◦ to 90◦, at a scanning speed of 2◦ min−1, in Cu Kα radiation, and with the value of λ at 0.1504 nm.",Cu,x-ray diffraction,|,|
,,taken,,,,Vickers microhardness (HV) measurements were taken on polished cross-sections of the coatings.,,,|,|
  EDX  |  EDX  ,,made|carried|using|equipped,,"|a loading time of 10 s. Metallographic analysis|an optical microscope ( Zeiss Avio , Imager ) equipped with VideoTest Struc- ture software",with VideoTest Struc- ture software,"These measurements were made with a microhardness tester (MHT-10 Microhardness Tester, Anton Paar) at a load of 50 g and a loading time of 10 s. Metallographic analysis was carried out using an optical microscope (Zeiss Avio, Imager) equipped with VideoTest Struc- ture software.",,,50 g|,10 s|
  Cu  ,,ted|using,|,a profilometer device ( SJ-400 Mitutoyo ) with a precision of 0.01 µm,,Roughness measurements were conduc- ted by using a profilometer device (SJ-400 Mitutoyo) with a precision of 0.01 µm.,,,0.01 µm|,|
,,measured,,The thickness of the de- posit layer,by a thickness meter Du- alScope MP-40 ( Fischer Inst . ),The thickness of the de- posit layer was measured by a thickness meter Du- alScope MP-40 (Fischer Inst.).,,,|,|
  tester  ,,calculated|based,,|,on 20 random meas- urement points onto the coating of the surface,Mean value and error variance were calculated based on 20 random meas- urement points onto the coating of the surface.,,,|,|
,,,,,,3.,,,|,|
