chem_tag_mol,chem_tag_quan,v,arg0,arg1,arg2,sentence,mol,proc,quan,condns
  Table1  ,,sprayed|using|shown,splat Stainless steel ( 316LS ) wire with diameter of 1.2 mm,,as shown in Table1,"Experimental Procedures and Methods 2.1 Preparation and characterization of in-flight particle and splat Stainless steel (316LS) wire with diameter of 1.2 mm was sprayed by arc spray system (MEC Arcjet 95), using different spray parameters as shown in Table1.",,,316L|1.2 mm|,|
  water  ,,collected|spraying|collected|spraying,,|into distilled water|,,In- flight particles were collected by spraying into distilled water and splats were collected by spraying onto polished stainless steel substrate [3].,,spraying|spraying,|,|
  BX60M  ,,revealed,"by optical microscope ( Olympus , BX60 M )",Morphology of in - flight particles and splats,,"Morphology of in-flight particles and splats were revealed by optical microscope (Olympus, BX60M).",,,|,|
,,performed|evaluate|calculate,,Size measurement for both in - flight particles and splats,,Size measurement for both in-flight particles and splats were performed by optical microscope with 100 particles and 100 splats to evaluate size distribution and calculate the average size.,,,|,|
,,sprayed|detailed,,,onto polished mild steel substrates,2.2 Coating preparation and characterization Stainless steel wire was sprayed onto polished mild steel substrates with different spray parameters detailed in Table 1.,,,|,|
,,kept|compare|coating|obtained,,constant for all samples|||,Number of spray passes|,Number of spray passes were kept constant for all samples in order to compare coating thickness obtained.,,,|,|
,,,,,,Table 1.,,,|,|
  ls  ,,spraying,,,,Experimental conditions for stainless steel 316LS wire arc spraying.,,spraying|spraying,316L|,|
  MP03  |  SURTRONIC  ,,sprayed|measured,,the as - sprayed coatings,by roughness checker ( Taylor Hobson,"Parameters C1 C2 C3 C4 Voltage (V) 26 26 26 26 Spray distance (mm) 200 200 300 300 Air pressure (kPa) 420 520 420 520 MP03 mailto:reungruthai@hotmail.com Surface roughness of the as-sprayed coatings were measured by roughness checker (Taylor Hobson, SURTRONIC 3+).",C1 C2 C3 C4,,|,|
  SiC  |  alumina  ,,sectioned|mounted|polished,,||with 1 μm alumina slurry,,"Coatings were cross-sectioned, mounted with resin, ground with SiC papers and polished with 1 μm alumina slurry prior to characterization.",alumina|SiC,,|,|
  oxide  |  ZIEEZ  |  AXIO  ,,evaluated,,,,"Porosity and oxide content were evaluated by image analysis (ZIEEZ, AXIO).",ZIEEZ,image analysis,|,|
,,Vickers microhardness|using,,|a load of 300 g. ( e ) ( a ) ( b ) ( f ) 3,,"Vickers microhardness measurement (Toolquip, Galileo Microscan OD) was carried out using a load of 300 g. (e) (a) (b) (f) 3.",,,300 g|,|
