chem_tag_mol,chem_tag_quan,v,arg0,arg1,arg2,sentence,mol,proc,quan,condns
,,TECHNIQUES|Electrospinning|electrospun|using|called|consists|spinning|rotating|wetted,|||,"using a needleless laboratory machine called a nano spider laboratory ( NSLAB 500S ) , which consists of a spinning head tube where the rotating spinning electrode is wetted in solution under high voltage|a needleless laboratory machine called a nano spider laboratory ( NSLAB 500S ) , which consists of a spinning head tube where the rotating spinning electrode is wetted in solution under high voltage|","a nano spider laboratory ( NSLAB 500S ) , which consists of a spinning head tube where the rotating spinning electrode is wetted in solution under high voltage|of a spinning head tube where the rotating spinning electrode is wetted in solution under high voltage","MATERIALS AND EXPERIMENTAL TECHNIQUES 2.1 Electrospinning setup The polymer solutions were electrospun using a needleless laboratory machine called a nano spider laboratory (NSLAB 500S), which consists of a spinning head tube where the rotating spinning electrode is wetted in solution under high voltage.",,,|,|
,,coating|moving,|,exchangeable substrate belt which is moving along the static collecting electrode|along the static collecting electrode,,Nanofibers are coating exchangeable substrate belt which is moving along the static collecting electrode.,,,|,|
,,electrode,,,,"Internal control parameters of the process are electrode distance, high voltage, electrode speed and substrate speed.",,,|,|
,,used|electrospinning,,,for control of electrospinning throughput and nanofiber quality,"External parameters used for control of electrospinning throughput and nanofiber quality are solution characteristics (viscosity, conductivity) and air properties (temperature, relative humidity).",,,|,|
,,follows|prepared|dissolving|stirring|used|electrospinning,,2.2 Electrospinning of PVC Processing of polymer nanofiber|The PVC solution in a concentration of 12 wt.%,"for electrospinning the nanofiber on Steel , aluminum and brass surfaces","2.2 Electrospinning of PVC Processing of polymer nanofiber was generally as follows; The PVC solution in a concentration of 12 wt.% was prepared by dissolving the polymer pellets in a tetrahydrofuran (THF) solvent at 30 o C and stirring overnight to be used for electrospinning the nanofiber on Steel, aluminum and brass surfaces.",aluminum|PVC|THF|PVC|tetrahydrofuran,,|,|
"  tetrahydrofuran  ,   THF  |  C  |  aluminum  ",,spun|following|collecting|driving,,|||,,"The polymer solution was spun under the following conditions; distance from the active electrode to collecting electrode is 18 cm at a driving voltage of 70 KV, electrode speed 1.6 rounds per minute (rpm), temperature of 25 o C and humidity of 33%.",temperature of 25 o C,,18 cm|33%|,70 K|
,,collected,,,,The fibers were collected on target metals.,,,|,|
  C  ,,dried|rinsed|dried|dried,,||,with distilled water,The electrospun fibers were first air dried in the hood at room temperature (overnight quickly rinsed with distilled water; air dried again and then dried in vacuum oven overnight).,,,|,|
,,examined|scanning,,"2.3 Nanofibers morphological characterization The surface morphology of electrospun nanofibers on aluminum , stainless steel and brass surfaces",,"2.3 Nanofibers morphological characterization The surface morphology of electrospun nanofibers on aluminum, stainless steel and brass surfaces were examined by scanning electron microscopy (JSM-7100F).",aluminum,scanning electron microscopy|scanning electron microscopy|microscopy,|,|
  water  ,,coating,,,,After sputter coating with Int.,,,|,|
,,,,,,J. Electrochem.,,,|,|
  aluminum  ,,,,,,"Sci.,",,,|,|
,,,,,,Vol.,Vol,,|,|
,,2012 5965 Gold|selected|using,,|,,"7, 2012 5965 Gold, the fiber size distribution was measured up to five frames of randomly selected SEM micrograph using software.",,,|,|
,,carried|using|using,,||platinum cell in nitrogen atmosphere 20 ml / min,,"2.4 ThermoGravimetric Analysis Thermo gravimetric analysis was carried out using a TA Instruments, Q500 TGA, using platinum cell in nitrogen atmosphere 20 ml/min.",nitrogen|platinum,thermogravimetric analysis,20 ml|20 ml/min|,|
,,prepared|dissolving,,|35 g of NaCl,,"2.5 Corrosion tests The test solution, 3.5 wt.% NaCl, was prepared by dissolving 35 g of NaCl in 1 L glass flask.",NaCl|NaCl,,35 g|1 L|,|
,,brass|prepared|attaching|using|conducting|isolated|mounted|letting|dry,"The aluminum , steel , and brass with and without the PVC coatings for corrosion measurements|","The aluminum , steel , and brass with and without the PVC coatings for corrosion measurements||The aluminum , steel , and brass with and without the PVC coatings for corrosion measurements||it to dry in air for 24 h at room temperature|",with and without the PVC coatings|to one face of the sample using an aluminum conducting tape|by cold mounted in resin|for 24 h,"The aluminum, steel, and brass with and without the PVC coatings for corrosion measurements were prepared by attaching an insulated copper wire to one face of the sample using an aluminum conducting tape, and then isolated by cold mounted in resin before letting it to dry in air for 24 h at room temperature.",copper|aluminum|aluminum|PVC,,|,24 h|
  Gold  ,,prevent|coated,,the possibility of crevice corrosion during measurement|with Bostik Quickset,the interface between sample and resin,"To prevent the possibility of crevice corrosion during measurement, the interface between sample and resin was coated with Bostik Quickset, a polyacrylate resin.",polyacrylate,,|,|
  TGA  |  platinum  |  nitrogen  ,,carried,,,,"The area of the other face of the samples, on which the measurements were carried out, was 1.0 cm 2 .",,,1.0 cm|,|
  NaCl  |  NaCl  ,   35  g   ,performed|using|immersing|aerated,,|||,,Electrochemical experiments were performed by using a PARC Parstat-2273 Advanced Electrochemical System after immersing the bare and coated PVC electrodes for 20 minutes in freely aerated stagnant 3.5 wt.% NaCl solutions.,NaCl|PVC,,20 m|,20 min|
  aluminum  |  copper  |  aluminum  ,,curves|obtained|sweeping,,The cyclic potentiodynamic polarization ( CPP ) curves for aluminum|the potential from -1800 mV,,The cyclic potentiodynamic polarization (CPP) curves for aluminum were obtained by sweeping the potential from -1800 mV in the positive direction up to -500 mV vs. Ag/AgCl at a scan rate of 1 mV/s.,aluminum|AgCl|Ag,potentiodynamic polarization,1 m|,|
  polyacrylate  ,,curves|scanned,,The CPP curves for steel and brass,|,The CPP curves for steel and brass were scanned from - 1200 mV in the less positive direction up to 500 mV vs. Ag/AgCl at the same scan rate for aluminum.,Ag|aluminum|AgCl,,1200 m|500 m|,|
,,For electrochemical impedance spectroscopy ( EIS ) experiments|peak|acquired|using,,,at the open - circuit potential,"For electrochemical impedance spectroscopy (EIS) experiments, the frequency was scanned at the open-circuit potential from 100 kHz to 0.1 Hz with an ac wave of 5 mV peak-to-peak overlaid on a dc bias potential, and the Nyquist plots were acquired using Powersine software at a rate of 10 points per decade change in frequency.",Powersine,electrochemical impedance spectroscopy|electrochemical impedance spectroscopy|electrochemical impedance spectroscopy|spectroscopy|spectroscopy|electrochemical impedance spectroscopy,5 m|,|
  PARC  |  PVC  |  NaCl  ,   3.5  wt.  %   ,,,,,3.,,,|,|
