chem_tag_mol,chem_tag_quan,v,arg0,arg1,arg2,sentence,mol,proc,quan,condns
  EXPERIMENTAL  ,,,,,,EXPERIMENTAL 2.1.,,,|,|
,,,,,,Materials and chemicals Table 1.,,,|,|
,,Coating|painted|investigated,,characteristics of the painted specimens investigated|,,Coating characteristics of the painted specimens investigated.,,,|,|
  Carbon  ,,Coating|employed,,,|as metallic substrates,Sample characteristics Coating thickness Primer (single-coat) 28.5 ± 0.4 μm Primer (single-coat) 94.8 ± 1.4 μm Primer (double-coat) (96.0 ± 4.1) μm (first layer) + (80.0 ± 4.4) μm (second layer) Primer + topcoat (91.4 ± 1.6) μm (primer) + (89.0 ± 3.9) μm (top coat) Carbon steel plates were employed as metallic substrates.,Carbon,,|,|
  acetone  |  ethanol  |  water  ,,abraded|washed|distilled|dried,,|,,"Metal surfaces were abraded to a final 2000 grit finish, subsequently washed in acetone, ethanol and doubly distilled water, and then dried prior to the coating process.",acetone|ethanol,,|,|
,,considered|consisting|containing,,"|A commercial paint system from Sigma Coatings B.V. ( Amsterdam , The Netherlands )|zinc phosphate as pigment ( Sigma Aquacover 20 )","of an acrylic primer containing zinc phosphate as pigment ( Sigma Aquacover 20 ) , and an acrylic topcoat ( Sigma Aquacover 40 )","A commercial paint system from Sigma Coatings B.V. (Amsterdam, The Netherlands) was considered, consisting of an acrylic primer containing zinc phosphate as pigment (Sigma Aquacover 20), and an acrylic topcoat (Sigma Aquacover 40).",acrylic|zinc phosphate|acrylic,,|,|
  acrylic  |  zinc  phosphate  |  acrylic  ,,investigate|selected|coated,,the performance of the various components of the paint coating|,,"In order to investigate the performance of the various components of the paint coating, selected samples were coated only Int.",,paint coating,|,|
,,,,,,J. Electrochem.,,,|,|
,,,,,,"Sci.,",,,|,|
,,,,,,Vol.,Vol,,|,|
,,applied|coated,2014 2069 with the primer,,,"9, 2014 2069 with the primer applied either as one or two coat layers, and other samples were coated with the two components of the paint system.",,,|,|
,,considered|given,,|The different combinations considered in this work,,The different combinations considered in this work are given in Table 1.,,,|,|
,,prepared|control,,|the quality of the coatings,,The paint was prepared in the laboratory in order to control the quality of the coatings.,,,|,|
,,painted|withdrawing|using|allowed|cure,||,|an accurate speed motor and a system of gears|to cure at room temperature and humidity for five days prior to testing,with a withdrawing technique,"The samples were painted with a withdrawing technique using an accurate speed motor and a system of gears, and then allowed to cure at room temperature and humidity for five days prior to testing.",,withdrawing technique,|,|
,,measured,,The thickness of the dry coatings,"with a Mega - Check FN Coating - Thickness - meter ( List - Magnetik GmbH , Germany )","The thickness of the dry coatings was measured with a Mega-Check FN Coating-Thickness-meter (List-Magnetik GmbH, Germany).",,mega-check fn coating,|,|
,,prepared|distilled,,|,from analytical grade reagents and twice - distilled water,Solutions were prepared from analytical grade reagents and twice-distilled water.,,,|,|
,,,,,,The testing media was 3 wt.% NaCl.,NaCl,,|,|
  water  ,,carried,,,,Experiments were carried out at ambient temperature (ca.,,,|,|
  NaCl  ,   3  wt.  %   ,aerated,,,,20ºC) in naturally aerated solutions.,,,|,|
,   3  wt.  %   ,,,,,2.2.,,,|,|
,   3  wt.  %   ,made|automated|controlled,,use of a conventional three - electrode arrangement and an automated EG&G Princeton Applied Research model 2263 Parstat controlled from a PC computer||,,Electrochemical evaluation The electrochemical measurements made use of a conventional three-electrode arrangement and an automated EG&G Princeton Applied Research model 2263 Parstat controlled from a PC computer.,,,|,|
,   3  wt.  %   ,painted|placed|facing,the flat electrochemical cell with the coated side,,at the bottom of the flat electrochemical cell with the coated side facing upwards to the test solution,The painted coupons were placed at the bottom of the flat electrochemical cell with the coated side facing upwards to the test solution.,,,|,|
  PC  ,,working,,,,The working electrode surface was 6.5 cm 2 .,,,6.5 cm|,|
,,situated|used,,|A large area cylindrical stainless steel plate situated around the specimen,around the specimen|as the counter electrode,A large area cylindrical stainless steel plate situated around the specimen was used as the counter electrode.,,,|,|
,,determined|saturated,,The potential of the working electrode|,against a saturated sodium - chloride calomel electrode ( sce ),The potential of the working electrode was determined against a saturated sodium-chloride calomel electrode (sce).,calomel|sodium-chloride,,|,|
  plate  ,,placed,,,inside a Faraday cage,The electrochemical cell was placed inside a Faraday cage.,,,|,|
  sodium <dash>-</dash> chloride  ,,carried|left,,|,,The electrochemical impedance tests were carried out for the samples left at their open circuit potential in the test electrolyte.,,,|,|
,,AC|obtained|applying,,||,at frequencies between 10 kHz,AC impedance data were obtained by applying a sine wave perturbation at frequencies between 10 kHz and 1 mHz.,,,1 m|,|
,,established|providing,,|,,"The amplitude of the AC voltage signal was 30 mV. The data quality acquisition was established in 15 cycles at each frequency, thus providing good signal-to-noise ratios at all frequencies.",,,30 m|,|
  AC  |  sine  ,,used|acquire|analyze|allowed,||,||representation of the data in terms of both Bode ( logarithm of the impedance modulus |Z| and phase angle  as a function of the logarithm of the frequency f ) and Nyquist ( imaginary component of the impedance as a function of the real component ) plots,,The software used to acquire and analyze the data allowed representation of the data in terms of both Bode (logarithm of the impedance modulus |Z| and phase angle  as a function of the logarithm of the frequency f) and Nyquist (imaginary component of the impedance as a function of the real component) plots.,,,|,|
  AC  ,,modelled|using|derive|fitted,|,|||,,The impedance spectra were modelled using Yeum’s “ZSimpWin 2.00” software [34] to derive the equivalent circuit that best fitted the experimental data.,ZSimpWin,,|,|
,,,,,,3.,,,|,|
