chem_tag_mol,chem_tag_quan,v,arg0,arg1,arg2,sentence,mol,proc,quan,condns
  carbon  |  Ni-Cr  ,,roughened|coated|increases,by sand blasting|,Material and method Surface of plain carbon steel plates in the size of 20 mm×20 mm×2 mm|the adhesion of coating,with an intermediary Ni – Cr,Material and method Surface of plain carbon steel plates in the size of 20 mm×20 mm×2 mm was roughened by sand blasting and then coated with an intermediary Ni–Cr layer that increases the adhesion of coating.,Ni|carbon steel|Cr,sand blasting,20 mm|20 mm×20|,|
,,applied,by HVOF thermal spray process on the steel plates,,,Martensitic stainless steel coating was applied by HVOF thermal spray process on the steel plates.,,hvof thermal spray process|thermal spray process,|,|
,,,,,,The average coating thickness was ≈ 150 µm.,,,150 µm|,|
  Ni-P <dash>/</dash> Ni-B  ,,sprayed|used,,,|as the substrate material,The HVOF-sprayed 420 martensitic stain- less steel coating was used as the substrate material for the preparation of electroless Ni–P/Ni–B duplex coating.,Ni,,|,|
  Ni-P <dash>/</dash> Ni-B  |  coa-ting  |  acetone  |  HCl  ,   30  vol.  %   ,generate|sprayed|prepared|plating|degreasing|etching,|by mechanical grinding|,"a Ni – P / Ni – B duplex coating , the surface of the HVOF - sprayed 420 martensitic stainless steel coa- ting was prepared for plating by mechanical grinding , acetone degreasing and etching in a 30 vol.%HCl solu- tion for 1 min|the surface of the HVOF - sprayed 420 martensitic stainless steel coa- ting|for 1 min|in a 30 vol.%HCl solu- tion",,"To generate a Ni–P/Ni–B duplex coating, the surface of the HVOF-sprayed 420 martensitic stainless steel coa- ting was prepared for plating by mechanical grinding, acetone degreasing and etching in a 30 vol.%HCl solu- tion for 1 min.",Ni|ting|Ni|acetone|HCl,etching|plating|mechanical grinding|etching|etching,1 m|,|
  Ni-P  |  Ni-B  ,,applied|form,,|the first layer before immersion,,A continuous Ni–P deposit was applied to form the first layer before immersion in the electro- less Ni–B bath for the second layer.,Ni|Ni–B,,|,|
  Ni-P  |  Ni-P  ,,used,,,,"By the preparation of Ni–P coating, a commercial Ni–P electroless solution (Durni-Coat DNC 520-9) was used.",Ni|Ni,,|,|
"  polytetrafluoroethylene  ,   PTFE  ",,plating|using|coated,,|a magnetic stir- rer and a polytetrafluoroethylene ( PTFE ) coated magnet with 2 cm length and 5 mm in diameter|,,"The stirring rate of plating bath was about 250 r/min, using a magnetic stir- rer and a polytetrafluoroethylene (PTFE) coated magnet with 2 cm length and 5 mm in diameter.",polytetrafluoroethylene|PTFE,plating,250 r/min|250 r/min|2 cm|5 mm|,|
,,carried|thermostated|achieve,,||a thickness of ≈ 3.5 µm,,The deposition was carried out in a 100 ml thermostated double wall be- aker at 90 ◦C and pH 4.6 for 2 h to achieve a thickness of ≈ 3.5 µm.,,deposition|deposition,100 ml|3.5 µm|,|90 ◦C 
  Ni-B  ,,took|achieve,,|a thickness of ≈ 36 µm in a thermostated cell with a volume of 100 ml,,The Ni–B plating took place at 95 ◦C and pH 13.5 for 2 h to achieve a thickness of ≈ 36 µm in a thermostated cell with a volume of 100 ml.,Ni–B,plating,36 µm|100 ml|,|95 ◦C 
  Ni-B  |  sodium  bo-rohydride  |  nickel  chloride  hexahydrate  |  nickel  |  ethylene  diamine  |  nitrate  ,,used|uses|complexing|lead,The elec- troless Ni – B bath used for this study||The elec- troless Ni – B bath used for this study,|,"for this study|as a reducer , nickel chloride hexahydrate as a nickel source , ethylene diamine as a complexing agent and lead nitrate as a stabilizer","The elec- troless Ni–B bath used for this study uses sodium bo- rohydride as a reducer, nickel chloride hexahydrate as a nickel source, ethylene diamine as a complexing agent and lead nitrate as a stabilizer.",ethylene diamine|nickel|nickel chloride hexahydrate|Ni–B|sodium bo- rohydride|lead nitrate,,|,|
,,given,by Bulbul [ 7 ,More details on the bath composition,,More details on the bath composition have been given by Bulbul [7].,,,|,|
,,included|polished,by metallographic procedures,The cross- section of the coating|The cross- section of the coating,in epoxy resin and polished by metallographic procedures,The cross- section of the coating was included in epoxy resin and polished by metallographic procedures.,epoxy resin,,|,|
,,,,,,(64) http://doi.org/10.12693/APhysPolA.131.64 mailto:ferda.mindivan@bilecik.edu.tr mailto:ferda.mindivan@bilecik.edu.tr The Study of Electroless Ni–P/Ni–B Duplex Coating. . .,ferda.mindivan|Ni,,|,|
,,sprayed|treated|investigated|analyses|sliding,"|by microscopic examinations , X - ray dif- fraction ( XRD ) analyses , microhardness measurements , dry sliding wear and corrosion tests",||65 Characteristics of the HVOF - sprayed martensitic stainless steel coating and duplex treated coating,,"65 Characteristics of the HVOF-sprayed martensitic stainless steel coating and duplex treated coating were investigated by microscopic examinations, X-ray dif- fraction (XRD) analyses, microhardness measurements, dry sliding wear and corrosion tests.",,,|,|
,,inspected|equipped,,The cross - sectional microstructure of the coatings,with an energy dispersive spectroscopy ( EDS ),The cross-sectional microstructure of the coatings was inspected with an optical microscopy (OM) and a scanning electron mi- croscope (SEM) equipped with an energy dispersive spectroscopy (EDS).,,energy dispersive spectroscopy|energy dispersive spectroscopy|optical microscopy|spectroscopy|spectroscopy|microscopy|optical microscopy,|,|
,,carried|using|sliding|performed|reciprocating|operating,,|a Vickers micro- hardness tester ( Shimadzu ) with a load 50 g and a dwell time of 10 s. Dry sliding wear performances of the coatings were performed on a reciprocating wear tester operating in ball - on - disc configuration at room temperature|a dwell time of 10 s. Dry sliding wear performances of the coatings|,,The cross-sectional microhardness measurements were carried out using a Vickers micro- hardness tester (Shimadzu) with a load 50 g and a dwell time of 10 s. Dry sliding wear performances of the coatings were performed on a reciprocating wear tester operating in ball-on-disc configuration at room temperature.,,wear test,50 g|,10 s|
  tester  ,,sliding|sliding,,an Al2O3 ball with a diameter of 10 mm|,,"In this configuration, an Al2O3 ball with a diameter of 10 mm was sliding forward and backward against the coatings with a sliding speed of 1.7 cm s−1.",Al2O3,,10 mm|1.7 cm|,|
  tester  ,,sliding|wear|procating|sliding,"Normal load of the test , sliding amplitude (",track length ) of the reci- procating motion|,,"Normal load of the test, sliding amplitude (wear track length) of the reci- procating motion, and overall sliding distance were 5 N, 10 mm, and 50 m, respectively.",,,5 N|10 mm|50 m|,|
  Al2O3  |  s-1  ,,maintained,,,,"During the wear tests, the temperature and the relative humidity were maintained as 20±5 ◦C and 30±5%, respectively.",,wear test,30±5%|30±5%,|20±5 ◦C 
,,recorded,,,,The friction coef- ficient force was continuously recorded during the tests.,,,|,|
  ◦C  ,,formed|detected,by a surface profilometer ( Surftest SJ 400 ),|the wear tracks formed on the co- atings,,"After the wear test, the wear tracks formed on the co- atings were detected by a surface profilometer (Surftest SJ 400).",,wear test,|,|
,,evaluated,by an OM examination of their contact surfaces,The wear of the Al2O3 balls,,The wear of the Al2O3 balls were evaluated by an OM examination of their contact surfaces.,Al2O3,om examination,|,|
,,ate|wear|studied|using,,|tracks of the coatings|wear tracks of the coatings,,"To evalu- ate wear mechanisms, wear tracks of the coatings were further studied using a SEM.",,,|,|
  Al2O3  |  OM  ,,performed|utilizing|corroding|aerated,|,The electrochemical corrosion tests of the coatings|a typical three electrode potenti- odynamic polarization test unit in the corroding media of aerated solution of 3.5 wt% NaCl at room temperature|of 3.5 wt% NaCl at room temperature,,The electrochemical corrosion tests of the coatings were performed utilizing a typical three electrode potenti- odynamic polarization test unit in the corroding media of aerated solution of 3.5 wt% NaCl at room temperature.,NaCl,,|3.5 wt% ,|
,,employed|measure,,an initial delay of 45 min|the open circuit potential between working and reference electrodes,,"Before potentiodynamic polarization measurements, an initial delay of 45 min was employed in order to measure the open circuit potential between working and reference electrodes.",,potentiodynamic polarization,45 m|,45 min|
  NaCl  ,   3.5  wt  %   ,ge-|nerated|sweeping|ano-|starting|determined|using,,||,,"Potentiodynamic polarization curves were ge- nerated by sweeping the potential from cathodic to ano- dic direction at a scan rate of 1 mV s−1, starting from –0.25 up to +0.25 V. The corrosion potential (Ecorr) and corrosion current density (icorr) were determined using the Tafel extrapolation method.",,potentiodynamic polarization|tafel extrapolation method,1 m|,|
,   3.5  wt  %   ,Finally|using|determine|developed,,the surface ima- ges of the corroded coatings|the morphology of the developed corrosion|,,"Finally, the surface ima- ges of the corroded coatings were examined using an OM in order to determine the morphology of the developed corrosion.",,,|,|
  s-1  ,,,,,,3.,,,|,|
