chem_tag_mol,chem_tag_quan,v,arg0,arg1,arg2,sentence,mol,proc,quan,condns
  EXPERIMENTAL  ,,used,,,in aircraft components where strength and toughness are fundamental design requirements,EXPERIMENTAL PROCEDURES AISI 4340 steel is widely used in aircraft components where strength and toughness are fundamental design requirements.,AISI 4340 steel,,|,|4340 st
,,used|indicates,The chemical analysis of the material used in this research,|accordance with specifications,,The chemical analysis of the material used in this research indicates accordance with specifications.,,,|,|
,,performed|rotating|machined|rolled|quenched|according,,|,from hot rolled and quenched and tempered bars,The fatigue experimental program was performed on rotating bending and axial fatigue test specimens machined from hot rolled and quenched and tempered bars according to Fig.,,fatigue test,|,|
,,,,,,1 and Fig.,,,|,|
,,,,,,"2, respectively.",,,|,|
,,polished|inspected,,|,with 600 grit papers,"The specimens were polished in the reduced section with 600 grit papers, inspected dimensionally and by magnetic particle inspection.",,,|,|
,,quenched|tempered,from 815 ° C - 845 ° C,,,Fatigue test specimens were quenched from 815 °C - 845 °C in oil (20 °C) and tempered in the range of (520 ± 5) °C for two hours.,,fatigue test,|,815 °C|845 °C|20 °C|
,,yield,,"tensile strength of 1118 MPa , and ultimate tensile strength of 1210 MPa",,"Mechanical properties of the material after the heat treatment are: hardness of 39 HRc; yield tensile strength of 1118 MPa, and ultimate tensile strength of 1210 MPa.",,,1118 M|1210 M|,|
,,samples|Brought,by | Universidade Estadual Paulista ( Universidade Estadual Paulista ) Authenticated | 172.16.1.226,|,,"After final preparation, samples 77 Brought to you by | Universidade Estadual Paulista (Universidade Estadual Paulista) Authenticated | 172.16.1.226 Download Date | 3/29/12 4:19 PM I Ol· 21.",,,|,|
,,,,,,No.,,,|,|
  No  ,,Coating,The Effect of IVC-17Co Thermal Spray,By HVOF Fig,,"I, 2003 The Effect of IVC-17Co Thermal Spray Coating By HVOF Fig.",IVC-17Co,,|,|
  HVOF  ,,Rotating|bending,,|,,1: Rotating bending fatigue test specimen.,,fatigue test,|,|
,,,,,,Fig.,,,|,|
,,,,,,2: Axial fatigue test specimen.,,fatigue test,|,|
,,subjected|relieving|reduce|induced|machining,|,residual stresses induced by machining,to a stress relieving heat treatment at 190 ° C,were subjected to a stress relieving heat treatment at 190 °C for 4 hours to reduce residual stresses induced by machining.,,,|,190 °C|
,,,,,,Average superficial roughness in the reduced section of the samples was Ra « 2.75 μιτι and standard deviation of 0.89 μιτι.,,,|,|
,,Rotating|bending|conducted|using|load,|,"|a sinusoidal load of frequency 50 Hz , and load ratio R=-1.0",,"Rotating bending fatigue tests were conducted using a sinusoidal load of frequency 50 Hz, and load ratio R=-1.0, at room temperature.",,fatigue test,|,|
,,applied,,,,"For axial fatigue tests, a sinusoidal load of frequency 50 Hz and load ratio R=0.1 was applied throughout this study.",,fatigue test,|,|
,,consider,,the complete fracture of the specimens or 107 load cycles,as fatigue strength,Both tests consider as fatigue strength the complete fracture of the specimens or 107 load cycles.,,,|,|
  R  ,,prepared|obtain|rotating|bending,Four groups of fatigue specimens|,Four groups of fatigue specimens|S - N curves for rotating bending fatigue and axial fatigue tests,to obtain S - N curves for rotating bending fatigue and axial fatigue tests|,Four groups of fatigue specimens were prepared to obtain S-N curves for rotating bending fatigue and axial fatigue tests.,,fatigue test,|,|
  R  ,,Brought|rotating|bending,|| Universidade Estadual Paulista ( Universidade Estadual Paulista ) Authenticated | 172.16.1.226 Download Date | 3/29/12 4:19 PM Renata C. Sonza Corrosion Reviews 2.1 For,|,,"78 Brought to you by | Universidade Estadual Paulista (Universidade Estadual Paulista) Authenticated | 172.16.1.226 Download Date | 3/29/12 4:19 PM Renata C. Sonza Corrosion Reviews 2.1 For rotating bending fatigue tests: • 12 smooth specimens of base metal; • 12 specimens of base metal with conventional hard chromium electroplating, 160 μιτι thick; • 12 specimens of base metal with WC-17%Co spray coating by JP-5000 HP/HVOF spray process of TAFA, 150 μηι thick; • 12 specimens of base metal with WC-17%Co spray coating by Jet Kote II HVOF spray process of STELLITE, 150 μιη thick.",Co|chromium|Co,conventional hard chromium electroplating|electroplating|plating|fatigue test|electroplating|jet kote ii hvof spray process,|,|
,,,,,,"2.2 For axial fatigue tests: • 12 smooth specimens of base metal; • 12 specimens of base metal with conventional hard chromium electroplating, 160 μπτ thick; • 12 specimens of base metal with WC-17%Co spray coating by JP-5000 HP/HVOF spray process of TAFA, 150 μηι thick; • 12 specimens of base metal with WC-17%Co spray coating by Jet Kote II HVOF spray process of STELLITE, 150 μιη thick.",Co|chromium|Co,conventional hard chromium electroplating|electroplating|plating|fatigue test|electroplating|jet kote ii hvof spray process,|,|12 sm|12 sm|12 sm|12 sm
  S-N  ,,tungsten|coated|blasted|mesh|enhance,,||,|with aluminium oxide mesh,The tungsten carbide thermal spray coated specimens were blasted with aluminium oxide mesh 90 to enhance adhesion.,tungsten carbide|aluminium oxide,,|,|
,,also,,2.3 Abrasive wear test The performance of the coating,,2.3 Abrasive wear test The performance of the coating was also evaluated with respect to abrasive wear.,,wear test,|,|
,,For abrasive wear tests|annealed|according|according to FED-|coated|coated,|,|with 100 μιτι thickness|with 100 μιτι thickness of WC-17%Co spray coating by JP-5000 HP / HVOF spray process of TAFA and Jet,"|Kote II HVOF spray process of STELLITE , respectively","For abrasive wear tests, samples were prepared from annealed AIS1 4340 steel 4 mm in thickness and 100 mm square, according to FED- STD-141C. The samples were divided in three groups: one coated with 100 μιτι thickness of conventional hard chromium electroplating and two groups coated with 100 μιτι thickness of WC-17%Co spray coating by JP-5000 HP/HVOF spray process of TAFA and Jet Kote II HVOF spray process of STELLITE, respectively.",TAFA|STELLITE|Co|chromium,conventional hard chromium electroplating|electroplating|plating|electroplating|jet kote ii hvof spray process|wear test,4 mm|100 mm|100 mm |100 mm ,|4340 st
  chromium  ,,conducted|using|abrading,,,for hard chromium electroplating and diamond wheel for tungsten carbide coating,"The wear tests were conducted in a Taber Abraser, at room temperature, using 10 Ν load and CS-17 abrading wheel for hard chromium electroplating and diamond wheel for tungsten carbide coating.",tungsten carbide|diamond|chromium,electroplating|tungsten carbide coating|plating|electroplating|wear test,|,|
  Co  |  HP <dash>/</dash> HVOF  |  TAFA  ,,analysed,,,,"The results were analysed by wear index (mg/1,000 cycles) and total wear (mg/10,000 cycles) data.",,,|,|
  Co  |  HVOF  ,,Brought,,,,79 Brought to you by | Universidade Estadual Paulista (Universidade Estadual Paulista) Authenticated | 172.16.1.226 Download Date | 3/29/12 4:19 PM Vol.,,,|,|
,,,,,,21.,,,|,|
  chromium  ,,,,,,No.,,,|,|
  Co  |  HP <dash>/</dash> HVOF  |  TAFA  ,,Coaling|coating|tungsten|applied|used|resulting,|Effect of\VC-17Co Thermal Spray Coaling By HVOF 2.4 Tungsten carbide|by the HVOF system|I. 2003 The Effect of\VC-17Co Thermal Spray Coaling By HVOF 2.4 Tungsten carbide coating The tungsten carbide thermal spray coating applied by the HVOF system,2.4 Tungsten carbide coating The tungsten carbide thermal spray coating applied by the HVOF system|The tungsten carbide thermal spray coating applied by the HVOF system,"||with 17 % Co , resulting in a thickness equal to 150 μιη|in a thickness equal to 150 μιη","I. 2003 The Effect of\VC-17Co Thermal Spray Coaling By HVOF 2.4 Tungsten carbide coating The tungsten carbide thermal spray coating applied by the HVOF system used WC powder with 17% Co, resulting in a thickness equal to 150 μιη.",Tungsten carbide|tungsten carbide|WC|Co,tungsten carbide coating,17%|,|
  Co  |  HVOF  ,,,,,,Two high velocity oxygen fuel spray systems were responsible for sample preparation; 1.,oxygen,,|,|
  tungsten  carbide  |  aluminium  oxide  ,,utilizing|closed|controlled,|,||,,Equipment: Jet Kote thermal spray system utilizing a JK IIa closed loop controlled system.,,,|,|
,,,,,,"Parameters: • Spray Distance: 7,5"" • Powder: JK 117 (WC17Co) Lot 1548-1 • Flows: Hydrogen: 1150 SCFH Oxygen: 570 SCFH Argon: 57 SCFH Powder: 29-34 g/min 2.",Argon|Hydrogen|Oxygen|WC17Co,,|,|
  AIS1  ,,,,,,Equipment: JP-5000 HP/HVOF spray system.,,,|,|
  chromium  |  Co  |  HP <dash>/</dash> HVOF  |  TAFA  |  HVOF  ,,electroplating|carried,"by a chromic acid solution with 250 g / L of CrO , and 2.5 g / L of H2S04",|,,"Parameters: • Spray Distance: 14"" • Powder: 1343V (WC17Co) • Flows: Kerosene: 5.2 gal/hr Oxygen: 1880 SCFH Water: 8 gal/min Powder: 73 g/min 2.5 Hard chromium electroplating The conventional hard chromium electroplating was carried out by a chromic acid solution with 250 g/L of CrO, and 2.5 g/L of H2S04 , at 50 °C - 55 °C, with a current density from 31 A/dm2 to 46 A/dm2, and speed of deposition equal to 25 μηι/h.",CrO|H2S04|chromium|chromium|Oxygen|chromic acid,deposition|conventional hard chromium electroplating|electroplating|plating|deposition|electroplating,5.2 g|5.2 gal/hr|8 g|73 g|73 g/min|250 g|2.5 g|,50 °C|55 °C|
  CS-17  |  chromium  |  diamond  |  tungsten  carbide  ,,based|used,,|A bath with a single catalyst based on sulphate,,A bath with a single catalyst based on sulphate was used.,sulphate,,|,|
,,subjected,,,to a hydrogen embrittlement relief treatment at 190 ° C,"After the coating deposition, the samples were subjected to a hydrogen embrittlement relief treatment at 190 °C for 8 hours.",hydrogen,deposition|deposition|coating deposition,|,190 °C|
,,electroplated,,,,"Average surface roughness of the hard chromium electroplating was R„ «3.13 μιη in the reduced section and standard deviation of 0.79 μιη, in the as-electroplated condition.",chromium,electroplating|plating|electroplating,|,|
,,carried|rotating|bending|scanning,,Analysis of fracture surfaces||,,"Analysis of fracture surfaces was carried out on rotating bending fatigue specimens by scanning electron microscope, model LEO 435 vpi and Zeiss DSM 950.",,,|,|
  No  ,,carried,,,,"The metallographic analysis was carried out on an optical microscope, model Neophot 21.",,,|,|
,,Brought,by | Universidade Estadual Paulista ( Universidade Estadual Paulista ) Authenticated | 172.16.1.226,,,80 Brought to you by | Universidade Estadual Paulista (Universidade Estadual Paulista) Authenticated | 172.16.1.226 Download Date | 3/29/12 4:19 PM Renata C'.,,,|,|
"  HVOF  ,   Tungsten  carbide  |  tungsten  carbide  |  HVOF  |  Co  ",   17  %   ,,,,,Sauza Corrosion Reviews 3.,,,|,|
