chem_tag_mol,chem_tag_quan,v,arg0,arg1,arg2,sentence,mol,proc,quan,condns
  EXPERIMENTS  ,,done|verifying|concerning,,the main characteristics of the coating,,"EXPERIMENTS A. Electro-spark coating with a stainless steel electrode On the experimental model, some experiments have been done, with the purposes of verifying the model and the possibilities of the process, concerning the main characteristics of the coating [6].",,electro-spark coating,|,|
,,according|according to EN10027|made,,A sample of steel S235JR,,"A sample of steel S235JR, according to EN10027, was prepared, with the sizes 60mm x 50mm x 25 mm, on which local coatings were made.",EN10027|steel S235JR,,60mm|50mm|25 mm|,|
  S235JR  |  EN10027  ,,,,,,In fig.,,,|,|
,,presented,,stainless steel on steel S235JR,,"4 an image of the electro-spark coating process , with stainless steel on steel S235JR is presented.",,electro-spark coating,|,|
  S235JR  ,,,,,,Fig.,,,|,|
,,,,,,4.,,,|,|
,,performed|using,,,,"Experiments with the electro-spark coating process [6] Electro-spark coatings were performed using a stainless steel electrode Φ2,5mm.",,electro-spark coating,5mm|,|
,,Electrode|related|Electrode|amplitude,|,||,,"The parameters of the process were: - Electrode tilt angle, related to horizontal: 20º - Electrode rotative-speed 40-50 rev/min, - Open-circuit voltage 55 V, - Load voltage 25...45 V, - Average current 2.0...3.5 A, - Travel speed 2...4 mm / min, - Cross oscillation amplitude 10...12mm , - Cross oscillation frequency 0.2...1.0 Hz.",,,|,|
,,can|made,,a coating of 10 mm x 12 mm and 0.05 ... 0.10 mm thick,,"In 10 min, a coating of 10mm x 12mm and 0.05...0.10 mm thick can be made.",,,10 m|10mm|12mm|,10 min|
,,obtain|referring|aspect|oscillating,,|,,"In order to obtain uniform coatings, referring to thickness and aspect, constant speed of the electrode travel and oscillating movements during the process are necessary.",,,|,|
,,depend|welding,,"on the professional skills and physical status of the welding operator , that are not stable",,"These requirements depend on the professional skills and physical status of the welding operator, that are not stable.",,,|,|
,,can|taken|implementing|automated,,|,,"This inconvenient can be taken away by implementing a mechanized, automated or robot process, with reproducible parameters.",,"implementing a mechanized, automated or robot process",|,|
,,,,,,Nonconventional Technologies Review – no.,,,|,|
,,,,,,"1/2011 59 wen444cs 下划线 The operator has full control over the process, during its run time.",,,|,|
,,heating|occurs,,|,,"It is a cold coating process, without heating the base metal, so that no distortion occurs.",,,|,|
,,also|using,,|,,"The coating rate is 17,4... 18,6 g / h. B. Electro-spark coating with an aluminium electrode On a sample with the sizes 60 mm x 50 mm x 25 mm of the same base metal, some coatings were also performed, using an 1.6 mm diameter aluminium electrode [6].",aluminium|aluminium,electro-spark coating,6 g|60 mm|50 mm|25 mm|1.6 mm|,|
,,mentioned,,,,The applied parameters were in the ranges mentioned in the previous example.,,,|,|
,,made,,a coating of approximately 8 mm x 12 mm with continuous aspect,,"In 20 min, a coating of approximately 8mm x 12mm with continuous aspect is made on the base metal sample.",,,20 m|8mm|12mm|,20 min|
,,estimated,,The thickness of the coating,at 0.05 ... 0.15 mm,The thickness of the coating is estimated at 0.05...0.15 mm.,,,|,|
,,realized|using|electrode|connected|made|connected,by the electro - spark process|,|a WC - Co ( 97 % WC and 3 % Co ) electrode with a cross - section of 3 x 4 mm ( connected to the anode )|a cross - section of 3 x 4 mm (|,"onto rings made of carbon steel C45 ( connected to the cathode ) [ 7,8 |of carbon steel C45 ( connected to the cathode ) [ 7,8 ","The deposition rate is 18... 25 g / h. C. Electro-spark depositing with tungsten carbides In an experiment [7,8], the coatings were realized by the electro-spark process, using a WC-Co (97% WC and 3% Co) electrode with a cross-section of 3 x 4 mm (connected to the anode), onto rings made of carbon steel C45 (connected to the cathode) [7,8].",carbon steel C45|tungsten carbides|Co,deposition|deposition|electro-spark process,25 g|25 g / h|97%|3%|4 mm|97% ,|
  aluminium  |  aluminium  ,,used|following|depends,"· voltage U = 230 V , · capacitor C = 300 μF , · current intensity I = 2.4 A. The quality of electro - spark deposition","||on the shape , duration , and average value of current or pulse power",,"The EIL-8A model was used as equipment for ESD, with the following parameters: · voltage U = 230 V, · capacitor C = 300 μF, · current intensity I = 2.4 A. The quality of electro-spark deposition depends mainly on the shape, duration, and average value of current or pulse power.",,deposition|deposition,|,|
,,treated|following,,|,with an Nd,"Then, the coatings were treated with an Nd:YAG laser (impulse mode), model BLS 720, with the following parameters: · laser spot diameter: d = 0.7 mm, · laser power: P = 20 W, · traverse speed: v = 250 mm/min, · nozzle-workpiece distance: Df = 1 mm, · pulse duration: ti = 0.4 ms, · pulse repetition frequency: f = 50 Hz, · laser beam shift jump: S = 0.4 mm.",Nd,,0.7 mm|250 mm|250 mm/min|1 mm|0.4 m|0.4 mm|,|
,,,,,,5.,,,|,|
,,,,,,,,,|,|
  EXPERIMENTS  ,,done|verifying|concerning,,the main characteristics of the coating,,"EXPERIMENTS A. Electro-spark coating with a stainless steel electrode On the experimental model, some experiments have been done, with the purposes of verifying the model and the possibilities of the process, concerning the main characteristics of the coating [6].",,electro-spark coating,|,|
,,according|according to EN10027|made,,A sample of steel S235JR,,"A sample of steel S235JR, according to EN10027, was prepared, with the sizes 60mm x 50mm x 25 mm, on which local coatings were made.",EN10027|steel S235JR,,60mm|50mm|25 mm|,|
  S235JR  |  EN10027  ,,,,,,In fig.,,,|,|
,,presented,,stainless steel on steel S235JR,,"4 an image of the electro-spark coating process , with stainless steel on steel S235JR is presented.",,electro-spark coating,|,|
  S235JR  ,,,,,,Fig.,,,|,|
,,,,,,4.,,,|,|
,,performed|using,,,,"Experiments with the electro-spark coating process [6] Electro-spark coatings were performed using a stainless steel electrode Φ2,5mm.",,electro-spark coating,5mm|,|
,,Electrode|related|Electrode|amplitude,|,||,,"The parameters of the process were: - Electrode tilt angle, related to horizontal: 20º - Electrode rotative-speed 40-50 rev/min, - Open-circuit voltage 55 V, - Load voltage 25...45 V, - Average current 2.0...3.5 A, - Travel speed 2...4 mm / min, - Cross oscillation amplitude 10...12mm , - Cross oscillation frequency 0.2...1.0 Hz.",,,|,|
,,can|made,,a coating of 10 mm x 12 mm and 0.05 ... 0.10 mm thick,,"In 10 min, a coating of 10mm x 12mm and 0.05...0.10 mm thick can be made.",,,10 m|10mm|12mm|,10 min|
,,obtain|referring|aspect|oscillating,,|,,"In order to obtain uniform coatings, referring to thickness and aspect, constant speed of the electrode travel and oscillating movements during the process are necessary.",,,|,|
,,depend|welding,,"on the professional skills and physical status of the welding operator , that are not stable",,"These requirements depend on the professional skills and physical status of the welding operator, that are not stable.",,,|,|
,,can|taken|implementing|automated,,|,,"This inconvenient can be taken away by implementing a mechanized, automated or robot process, with reproducible parameters.",,"implementing a mechanized, automated or robot process",|,|
,,,,,,Nonconventional Technologies Review – no.,,,|,|
,,,,,,"1/2011 59 wen444cs 下划线 The operator has full control over the process, during its run time.",,,|,|
,,heating|occurs,,|,,"It is a cold coating process, without heating the base metal, so that no distortion occurs.",,,|,|
,,also|using,,|,,"The coating rate is 17,4... 18,6 g / h. B. Electro-spark coating with an aluminium electrode On a sample with the sizes 60 mm x 50 mm x 25 mm of the same base metal, some coatings were also performed, using an 1.6 mm diameter aluminium electrode [6].",aluminium|aluminium,electro-spark coating,6 g|60 mm|50 mm|25 mm|1.6 mm|,|
,,mentioned,,,,The applied parameters were in the ranges mentioned in the previous example.,,,|,|
,,made,,a coating of approximately 8 mm x 12 mm with continuous aspect,,"In 20 min, a coating of approximately 8mm x 12mm with continuous aspect is made on the base metal sample.",,,20 m|8mm|12mm|,20 min|
,,estimated,,The thickness of the coating,at 0.05 ... 0.15 mm,The thickness of the coating is estimated at 0.05...0.15 mm.,,,|,|
,,realized|using|electrode|connected|made|connected,by the electro - spark process|,|a WC - Co ( 97 % WC and 3 % Co ) electrode with a cross - section of 3 x 4 mm ( connected to the anode )|a cross - section of 3 x 4 mm (|,"onto rings made of carbon steel C45 ( connected to the cathode ) [ 7,8 |of carbon steel C45 ( connected to the cathode ) [ 7,8 ","The deposition rate is 18... 25 g / h. C. Electro-spark depositing with tungsten carbides In an experiment [7,8], the coatings were realized by the electro-spark process, using a WC-Co (97% WC and 3% Co) electrode with a cross-section of 3 x 4 mm (connected to the anode), onto rings made of carbon steel C45 (connected to the cathode) [7,8].",carbon steel C45|tungsten carbides|Co,deposition|deposition|electro-spark process,25 g|25 g / h|97%|3%|4 mm|97% ,|
  aluminium  |  aluminium  ,,used|following|depends,"· voltage U = 230 V , · capacitor C = 300 μF , · current intensity I = 2.4 A. The quality of electro - spark deposition","||on the shape , duration , and average value of current or pulse power",,"The EIL-8A model was used as equipment for ESD, with the following parameters: · voltage U = 230 V, · capacitor C = 300 μF, · current intensity I = 2.4 A. The quality of electro-spark deposition depends mainly on the shape, duration, and average value of current or pulse power.",,deposition|deposition,|,|
,,treated|following,,|,with an Nd,"Then, the coatings were treated with an Nd:YAG laser (impulse mode), model BLS 720, with the following parameters: · laser spot diameter: d = 0.7 mm, · laser power: P = 20 W, · traverse speed: v = 250 mm/min, · nozzle-workpiece distance: Df = 1 mm, · pulse duration: ti = 0.4 ms, · pulse repetition frequency: f = 50 Hz, · laser beam shift jump: S = 0.4 mm.",Nd,,0.7 mm|250 mm|250 mm/min|1 mm|0.4 m|0.4 mm|,|
,,,,,,5.,,,|,|
,,,,,,,,,|,|
  EXPERIMENTS  ,,done|verifying|concerning,,the main characteristics of the coating,,"EXPERIMENTS A. Electro-spark coating with a stainless steel electrode On the experimental model, some experiments have been done, with the purposes of verifying the model and the possibilities of the process, concerning the main characteristics of the coating [6].",,electro-spark coating,|,|
,,according|according to EN10027|made,,A sample of steel S235JR,,"A sample of steel S235JR, according to EN10027, was prepared, with the sizes 60mm x 50mm x 25 mm, on which local coatings were made.",EN10027|steel S235JR,,60mm|50mm|25 mm|,|
  S235JR  |  EN10027  ,,,,,,In fig.,,,|,|
,,presented,,stainless steel on steel S235JR,,"4 an image of the electro-spark coating process , with stainless steel on steel S235JR is presented.",,electro-spark coating,|,|
  S235JR  ,,,,,,Fig.,,,|,|
,,,,,,4.,,,|,|
,,performed|using,,,,"Experiments with the electro-spark coating process [6] Electro-spark coatings were performed using a stainless steel electrode Φ2,5mm.",,electro-spark coating,5mm|,|
,,Electrode|related|Electrode|amplitude,|,||,,"The parameters of the process were: - Electrode tilt angle, related to horizontal: 20º - Electrode rotative-speed 40-50 rev/min, - Open-circuit voltage 55 V, - Load voltage 25...45 V, - Average current 2.0...3.5 A, - Travel speed 2...4 mm / min, - Cross oscillation amplitude 10...12mm , - Cross oscillation frequency 0.2...1.0 Hz.",,,|,|
,,can|made,,a coating of 10 mm x 12 mm and 0.05 ... 0.10 mm thick,,"In 10 min, a coating of 10mm x 12mm and 0.05...0.10 mm thick can be made.",,,10 m|10mm|12mm|,10 min|
,,obtain|referring|aspect|oscillating,,|,,"In order to obtain uniform coatings, referring to thickness and aspect, constant speed of the electrode travel and oscillating movements during the process are necessary.",,,|,|
,,depend|welding,,"on the professional skills and physical status of the welding operator , that are not stable",,"These requirements depend on the professional skills and physical status of the welding operator, that are not stable.",,,|,|
,,can|taken|implementing|automated,,|,,"This inconvenient can be taken away by implementing a mechanized, automated or robot process, with reproducible parameters.",,"implementing a mechanized, automated or robot process",|,|
,,,,,,Nonconventional Technologies Review – no.,,,|,|
,,,,,,"1/2011 59 wen444cs 下划线 The operator has full control over the process, during its run time.",,,|,|
,,heating|occurs,,|,,"It is a cold coating process, without heating the base metal, so that no distortion occurs.",,,|,|
,,also|using,,|,,"The coating rate is 17,4... 18,6 g / h. B. Electro-spark coating with an aluminium electrode On a sample with the sizes 60 mm x 50 mm x 25 mm of the same base metal, some coatings were also performed, using an 1.6 mm diameter aluminium electrode [6].",aluminium|aluminium,electro-spark coating,6 g|60 mm|50 mm|25 mm|1.6 mm|,|
,,mentioned,,,,The applied parameters were in the ranges mentioned in the previous example.,,,|,|
,,made,,a coating of approximately 8 mm x 12 mm with continuous aspect,,"In 20 min, a coating of approximately 8mm x 12mm with continuous aspect is made on the base metal sample.",,,20 m|8mm|12mm|,20 min|
,,estimated,,The thickness of the coating,at 0.05 ... 0.15 mm,The thickness of the coating is estimated at 0.05...0.15 mm.,,,|,|
,,realized|using|electrode|connected|made|connected,by the electro - spark process|,|a WC - Co ( 97 % WC and 3 % Co ) electrode with a cross - section of 3 x 4 mm ( connected to the anode )|a cross - section of 3 x 4 mm (|,"onto rings made of carbon steel C45 ( connected to the cathode ) [ 7,8 |of carbon steel C45 ( connected to the cathode ) [ 7,8 ","The deposition rate is 18... 25 g / h. C. Electro-spark depositing with tungsten carbides In an experiment [7,8], the coatings were realized by the electro-spark process, using a WC-Co (97% WC and 3% Co) electrode with a cross-section of 3 x 4 mm (connected to the anode), onto rings made of carbon steel C45 (connected to the cathode) [7,8].",carbon steel C45|tungsten carbides|Co,deposition|deposition|electro-spark process,25 g|25 g / h|97%|3%|4 mm|97% ,|
  aluminium  |  aluminium  ,,used|following|depends,"· voltage U = 230 V , · capacitor C = 300 μF , · current intensity I = 2.4 A. The quality of electro - spark deposition","||on the shape , duration , and average value of current or pulse power",,"The EIL-8A model was used as equipment for ESD, with the following parameters: · voltage U = 230 V, · capacitor C = 300 μF, · current intensity I = 2.4 A. The quality of electro-spark deposition depends mainly on the shape, duration, and average value of current or pulse power.",,deposition|deposition,|,|
,,treated|following,,|,with an Nd,"Then, the coatings were treated with an Nd:YAG laser (impulse mode), model BLS 720, with the following parameters: · laser spot diameter: d = 0.7 mm, · laser power: P = 20 W, · traverse speed: v = 250 mm/min, · nozzle-workpiece distance: Df = 1 mm, · pulse duration: ti = 0.4 ms, · pulse repetition frequency: f = 50 Hz, · laser beam shift jump: S = 0.4 mm.",Nd,,0.7 mm|250 mm|250 mm/min|1 mm|0.4 m|0.4 mm|,|
,,,,,,5.,,,|,|
