chem_tag_mol,chem_tag_quan,v,arg0,arg1,arg2,sentence,mol,proc,quan,condns
  EXPERIMENTAL  ,,WORK,,,,EXPERIMENTAL WORK 2.1.,,,|,|
  aniline  |  aniline  ,,performed,,Electropolymerization of aniline Aqueous electropolymerization of aniline,,Electropolymerization of aniline Aqueous electropolymerization of aniline was performed in one-compartment cell.,aniline|aniline,electropolymerization,|,|
  2x3x0.1  ,,working|made|purchased,,|steel sheet of 2x3x0.1 cm,from steel sheet of 2x3x0.1 cm purchased from market,The working electrode was made from steel sheet of 2x3x0.1 cm purchased from market.,,,|,|
  acetone  ,,working|polished|degreased,,,|,The working electrode was polished and degreased with acetone for about 10 minutes prior to the electropolymerization.,acetone,electropolymerization,10 m|,10 min|
  Ag <dash>/</dash> AgCl  ,,manufactured|used,by Corning Company,|An Ag / AgCl manufactured by Corning Company,as the reference electrode,An Ag/AgCl manufactured by Corning Company was used as the reference electrode.,Ag|AgCl,,|,|
  aniline  |  oxalic  acid  ,,used|using|provided,,|an EG&G Princeton Applied Research Potentiostat / Galvanostat Model 273A provided with powerCorr software,to electrochemically coat steel with the PANi|with powerCorr software,"The galvanostatic technique (constant current method) was used to electrochemically coat steel with the PANi layer from solution of aniline monomer with oxalic acid electrolyte, using an EG&G Princeton Applied Research Potentiostat/Galvanostat Model 273A provided with powerCorr software.",oxalic acid|aniline,,|,|
  aniline  |  oxalic  acid  ,,investigated|ranged|fixed|used,,|the effect of aniline concentration|current density of 20 mA,,"The main parameter investigated was the effect of aniline concentration ranged from 0.1 to 0.3 M, other parameters were fixed at certain values as pH at 1.5, oxalic acid concentration 0.3 M, and current density of 20 mA was used for 20 minutes interval for all experiments.",aniline|oxalic acid,,0.3 M|20 m|20 m|,20 min|
  water  |  methanol  ,,coated|rinsed|left|dry,,,with distilled water and methanol,"After each experiment, the PANi coated steel was rinsed with distilled water and methanol and left to dry.",methanol,,|,|
,,,,,,2.2.,,,|,|
  polyaniline  ,,coated|carried,,|Surface elemental composition analysis Elemental analysis of the polyaniline coated steel,,Surface elemental composition analysis Elemental analysis of the polyaniline coated steel was carried out by X-ray Photoelectron Spectroscopy (XPS).,polyaniline,x-ray photoelectron spectroscopy|spectroscopy|spectroscopy|x-ray photoelectron spectroscopy,|,|
  MAX200  ,,used,,,,"The XPS technique used was part of a multi-technique surface analysis system (MAX200, Leybold).",,surface analysis,|,|
,,From each sample|From each sample,,a specimen of 20x20 mm size|a specimen of 20x20 mm size,,From each sample a specimen of 20x20 mm size was cut and mounted on the Int.,,,|,|
,,,,,,J. Electrochem.,,,|,|
,,,,,,"Sci.,",,,|,|
,,,,,,Vol.,Vol,,|,|
,,,,,,"7, 2012 213 sample holder with four screws.",,,|,|
,,examined,,,,All the samples were examined with Mg-k (1253.6 eV) at 100 watt X- ray power (10 kV x 10 mA).,,,10 m|,|
  Mg-k  |  X-ray  ,,,,,,The pressure in the analysis chamber during sample analysis was less than 10 -8 mbar.,,,|,|
,,damage|incorporated|scanned|followed,,"the carbon signal incorporated with the polyaniline|by a general survey of the sample , and the rest of the elements",with the polyaniline|,"As a precaution not to damage the carbon signal incorporated with the polyaniline, carbon element was scanned first, followed by a general survey of the sample, and the rest of the elements.",polyaniline|carbon|carbon,,|,|
  carbon  |  polyaniline  |  carbon  ,,scanned|calculated,,|the area under each element peak,,"In addition to the carbon, N, O, and Fe elements were scanned and the area under each element peak was calculated.",Fe|N|O|carbon,,|,|
  carbon  |  O  |  Fe  ,,resulted|analysed,,,,The scan area was 7 mm × 4 mm and the resulted data are the average of 50 scans of each element analysed.,,,7 mm|4 mm|,|50 sc
,,calculated|using|supplied,by the XPS manufacturer,The surface composition in atomic percentage,as supplied by the XPS manufacturer,The surface composition in atomic percentage was calculated using the element relative cross sectional area as supplied by the XPS manufacturer.,,,|,|
  XPS  ,,,,,,2.3.,,,|,|
,,buried|coated|used|coated|coupled|buried,,||Examination of the performance of the buried PANi coated steel against corrosion Potentiodynamic examination ( Tafel test )|,for the examination of the corrosion resistance of PANi coated steel when coupled with stainless steel while buried in a layer of 250 g sand|with stainless steel,Examination of the performance of the buried PANi coated steel against corrosion Potentiodynamic examination (Tafel test) was used for the examination of the corrosion resistance of PANi coated steel when coupled with stainless steel while buried in a layer of 250 g sand.,,potentiodynamic examination|corrosion potentiodynamic examination,250 g|,|
  PANi  |  PANi  ,,washed|mixed|known,,|,"with deionised water|with known amounts of different corrosive materials such as NaCl , H2SO4 , and moisture","The sand was washed with deionised water for three times and then mixed with known amounts of different corrosive materials such as NaCl, H2SO4, and moisture.",H2SO4|NaCl,,|,|
  water  |  NaCl  |  H2SO4  ,,shown|buried|coated|As shown in figure 1|As shown in figure 1 the buried PANi coated steel and stainless steel were used as anode and cathode respectively|using|provided,in figure 1|,the buried PANi coated steel and stainless steel were used as anode and cathode respectively||the EG&G Princeton Applied Research Potentiostat / Galvanostat Model 273A provided with powerCorr software|,as anode and cathode|against Ag / AgCl reference electrode using the EG&G Princeton Applied Research Potentiostat / Galvanostat Model 273A provided with powerCorr software|with powerCorr software,"As shown in figure 1 the buried PANi coated steel and stainless steel were used as anode and cathode respectively, the corrosion current and potential were measured against Ag/AgCl reference electrode using the EG&G Princeton Applied Research Potentiostat/Galvanostat Model 273A provided with powerCorr software.",AgCl|Ag,,|,|
  PANi  |  Ag <dash>/</dash> AgCl  ,,,,,,Figure 1.,,,|,|
,,formed,,,,Experimental setup for potentiodynamic examination of the formed PANi layer 3.,,potentiodynamic examination,|,|
