chem_tag_mol,chem_tag_quan,v,arg0,arg1,arg2,sentence,mol,proc,quan,condns
  EXPERIMENTAL  ,,,,,,EXPERIMENTAL DETAILS 2.1.,,,|,|
  LCMS  ,,synthesized|characterized,"by 1 H NMR , 13 C NMR , IR , and LCMS|by 1 H NMR , 13 C NMR , IR , and LCMS",,,"Chemistry All new compounds were synthesized and characterized by 1 H NMR, 13 C NMR, IR, and LCMS.",H,,|,13 C|
  DMSO  ,,measured,,,,1 H NMR (400 MHz) and 13 C NMR (100 MHz) spectra were measured in DMSO at room temperature.,H|DMSO,,400 M|100 M|,13 C|
  aniline  ,,based|will|named|include,by our researchers,"The syntheisi caracterisation and theoretical studies of the new ligans|be the subject of a future publication , named by our researchers include I. Lakehal , F. Abrigach , F. Halaimia , H. Nacer , B. Hammouti , R. Touzani",,"The syntheisi caracterisation and theoretical studies of the new ligans based on aniline will be the subject of a future publication, named by our researchers include I. Lakehal, F. Abrigach, F. Halaimia, H. Nacer, B. Hammouti, R. Touzani.",aniline,,|,|
  F  ,,minimised,,by MM2 method,,The molecular inhibitors P1 and P2 were minimised by MM2 method.,,,|,|
  F  ,,used|calculating,,The MM2 force field method is available of ChemBio3D. MM2|properties of organic Int,for calculating properties of organic Int,The MM2 force field method is available of ChemBio3D. MM2 is most commonly used for calculating properties of organic Int.,,,|,|
  H  ,,,,,,J. Electrochem.,,,|,|
,,,,,,"Sci.,",,,|,|
,,,,,,Vol.,Vol,,|,|
,,,,,,"9, 2014 5331 molecular models.",,,|,|
  P1  |  P2  |  MM2  ,,described|assume|understand|relates,||,that you understand how the potential energy surface relates to conformations of your model|how the potential energy surface relates to conformations of your model,to conformations of your model,The MM2 procedures described assume that you understand how the potential energy surface relates to conformations of your model.,,,|,|
  MM2  ,,used|used,,,for force field calculations,"In ChemBio3D 12.0, the MM2 atom type is used for force field calculations and used only in building models were shows in Fig 1.",,,|,|
  MM2  ,,brings|calculate,|,"the different parameters to calculate from the MM2 method , such as|from the MM2 method",,"Table 1 brings together the different parameters to calculate from the MM2 method, such as.",,,|,|
,,,,,,"Stretch, Bend, Stretch- Bend, Torsion, Non-1,4 VDW, 1,4 VDW Dipole/Dipole and Total Energy.",,,|,|
,,,,,,Table 1.,,,|,|
,,,,,,"Parameters Minimize Energy Computation of P1 and P2 P1 P2 Stretch 0.9507 0.7603 Bend 6.9915 4.9802 Stretch-Bend 0.2059 0.1652 Torsion -13.3213 -13.3060 Non-1,4 VDW 0.7102 0.7996 1,4 VDW 13.5538 11.8797 Dipole/Dipole 0.0139 0.3507 Total Energy ( kcal/mol) 9.1047 5.9250 2.2.",,,|,|
,,carried|cut,,|,from sheets of mild steel,Material preparation Corrosion tests have been carried out on electrodes cut from sheets of mild steel.,,,|,|
,,performed|following,,|,,The experiments were performed with mild steel with the following composition table 2.,,,|,|
  MM2  ,,polished|washed|distilled|degreased|dried,,||,with emery paper up to 1200 grade|with double - distilled water,"Samples were polished with emery paper up to 1200 grade, and then washed with double-distilled water, and degreased with ethanol and dried at room temperature before use.",ethanol,,|,|
  MM2  ,,prepared|distilled,,|,,The solutions (1M HCl) were prepared by dilution of an analytical reagent grade 37% HCl with doubly distilled water.,HCl|HCl,,1M|37%|37% ,|
  MM2  ,,,,,,Table 2.,,,|,|
  VDW  ,,,,,,Chemical composition of mild steel.,,,|,|
,,,,,,Elements Fe P Si Al Mn C S % en masse 99.21 0.09 0.38 0.01 0.05 0.21 0.05 2.3.,Fe|Al|Mn|Si,,|,|
  P1  |  VDW  ,,carried|equipped|cooling|containing,,|,with a thermostat - cooling condenser containing|,"Gravimetric measurements For weight loss measurements, each run was carried out in a double walled glass cell equipped with a thermostat-cooling condenser containing 100 ml test solution.",,,100 ml|,|
,,used,,,,The steel specimens used had a rectangular form (1.5 ×1.,,,|1.5 ×1.,|
,,immersed,,,at inclined position in the vessel,"5 × 0.05 cm), was completely immersed at inclined position in the vessel.",,,0.05 cm|,|
  water  |  ethanol  ,,6h|withdrawn|rinsed|distilled|washed|dried|weighed,,|,"with doubly distilled water||with ethanol , dried","The immersion time for the weight loss was 6h at 308K. After 6 h of immersion, the electrode was withdrawn, rinsed with doubly distilled water, washed with ethanol, dried and weighed.",ethanol,,|,308K|
  HCl  |  HCl  |  water  ,,performed|reported,,|the mean value of the weight loss,,Duplicate experiments were performed in each case and the mean value of the weight loss has been reported.,,,|,|
,,used|calculate,,|the corrosion rate ( W ) in milligrams per square centimetre per hour ( mg / cm 2 h ),to calculate the corrosion rate ( W ) in milligrams per square centimetre per hour ( mg / cm 2 h ),The weight loss was used to calculate the corrosion rate (W) in milligrams per square centimetre per hour (mg/cm 2 h) .,,,|,|
,,,,,,Int.,,,|,|
,,,,,,J. Electrochem.,,,|,|
,,,,,,"Sci.,",,,|,|
,,,,,,Vol.,Vol,,|,|
,,calculated|using|tested,,the inhibition efficiency ( WL(% ) ) of the inhibitor and degree of surface coverage ( θ )|,,"9, 2014 5332 From the weight loss results, the corrosion rate (CR), the inhibition efficiency (WL(%)) of the inhibitor and degree of surface coverage (θ) were calculated using equations 4, 5 and 6; At WW C ab R   (1) 1001(%) 0 i WL           w w  (2) 0 1 i w w    (3) where Wb and Wa are the specimen weight before and after immersion in the tested solution, w0 and wi are the values of corrosion weight losses of carbon steel in uninhibited and inhibited solutions, respectively, A the total area of the carbon steel specimen (cm 2 ) and t is the exposure time (h) and θ is the degree of surface coverage of the inhibitor.",carbon|carbon steel,,|,|
,,,,,,2.4.,,,|,|
  water  |  ethanol  ,,,,,,Electrochemical measurements.,,,|,|
,,conducted|thermostated,,,,Electrochemical measurements were conducted in a conventional three-electrode thermostated cell.,,,|,|
,,used|saturated,,|,as counter electrode and a saturated calomel electrode ( SCE ) as reference electrode,A platinum disc was used as counter electrode and a saturated calomel electrode (SCE) as reference electrode.,platinum|calomel,,|,|
,,working,,,,The working electrode was an ordinary steel disc.,,,|,|
,,machined|mounted|moulds,,|,,The specimens were machined into cylinders and mounted in polytetrafluoroethylene (PTFE) moulds.,polytetrafluoroethylene|PTFE,,|,|
,,,,,,The area in contact with the corrosive solution was 1 cm 2 .,,,1 cm|,|
,,working|immersed|obtained,,,in the test solution,The working electrode was immersed in the test solution during 1 h until a steady-state open circuit potential (Eocp) was obtained.,,,|,|
,,thermostated|realised,,The polaristaion curves realised with scan rate of 1mV / min|,,The cell was thermostated at 308K. The polaristaion curves realised with scan rate of 1mV/min.,,,1m|,308K|
,,recording|curves|polarised,,||mV / SCE for 10min,,"Before recording the cathodic potentiokinetic curves up the corrosion potential, the iron electrode was polarised at 800 mV/SCE for 10min.",iron,,800 m|10m|,10min|
  R  |  Wb  |  Wa  |  carbon  |  carbon  ,,swept,,the potential of the working electrode,,"However, for anodic polarisation curves, the potential of the working electrode was swept from its open circuit potential value after 30 min at rest.",,,30 m|,30 min|
,,recorded,by polarization from the Eocp,,,"After this scan, the anodic polarization curve was recorded by polarization from the Eocp to positive direction.",,,|,|
,,given|peak|superimposed,,|on the rest potential,at frequencies between 100 kHz and 10 MHz,"For electrochemical impedance spectroscopy (EIS) measurements and after the determination of steady-state current at a given potential, sine wave voltage (10 mV) peak to peak, at frequencies between 100 kHz and 10 MHz were superimposed on the rest potential.",,electrochemical impedance spectroscopy|electrochemical impedance spectroscopy|electrochemical impedance spectroscopy|spectroscopy|spectroscopy|electrochemical impedance spectroscopy,10 m|10 M|,|
,,controlled|performed,,the measurements performed at rest potentials after 30 min of exposure|,,Computer programs automatically controlled the measurements performed at rest potentials after 30 min of exposure.,,,30 m|,30 min|
  platinum  ,,given,,,,The impedance diagrams are given in the Nyquist representation.,,,|,|
,,carried|using|controlled,by a personal computer,|,,"The potentiodynamic measurements were carried out using a Potentiostat type, VoltaLab PGZ 100, controlled by a personal computer.",Potentiostat|VoltaLab PGZ 100,,|,|
"  polytetrafluoroethylene  ,   PTFE  ",,studied|curves|corrected|determined,by the electrochemical impedance spectroscopy,the conductivity of medium|,from ohmic drop,"Since the conductivity of medium studied is low, the polarization curves J(E) were corrected from ohmic drop; that is, by Rs×J. The solution resistance, Rs, was determined by the electrochemical impedance spectroscopy.",,electrochemical impedance spectroscopy|electrochemical impedance spectroscopy|electrochemical impedance spectroscopy|spectroscopy|spectroscopy|electrochemical impedance spectroscopy,|,|
,,,,,,"On the Nyquist diagrams, Rs is the abscissa of high-frequency intersection of the diagram with the real axis .",,,|,|
  Eocp  ,,obtained|using,,The evaluation of corrosion kinetics parameters|a fitting by Stern – Geary equation,,The evaluation of corrosion kinetics parameters was obtained using a fitting by Stern–Geary equation.,,,|,|
,,evaluated|measured|using,,||,,The inhibition efficiency was evaluated from the measured Jcorr values using the relationship: 1001% 0           corr corr j j IE (4) Int.,,,1001%|1001% ,|
  1mV/min  ,,,,,,J. Electrochem.,,,|,|
  iron  ,,,,,,"Sci.,",,,|,|
,,,,,,Vol.,Vol,,|,|
  Eocp  ,,calculated|flowing,,2014 5333 The degree of surface coverage ( θ ) and the inhibition efficiency IE%|,,"9, 2014 5333 The degree of surface coverage (θ) and the inhibition efficiency IE% were calculated from the flowing equations: 0 1 corr corr j j  (5) Where j 0 corr and jcorr are the corrosion current values without and with the addition of various concentration of inhibitor.",,,|,|
  sine  ,,inhibiting|tested|also,,||The inhibiting properties of the tested compounds,,The inhibiting properties of the tested compounds have also been also evaluated by the determination of the polarisation resistance.,,,|,|
,,,,,,The corresponding polarisation resistance (RP) values of steel in 1M HCl in the absence of different concentration of the inhibitor.,HCl,,1M|,|
,,defined,,,"as follow equation , where R'P and RP are the polarisation resistance in presence and in absence of the inhibitor , respectively [ 7 ","The inhibition efficiency (ERp) was defined as follow equation, where R'P and RP are the polarisation resistance in presence and in absence of the inhibitor, respectively [7].",,,|,|
,,,,,,100. ',100. ',,|,|
  J(E)  ,,,,,,1        p p Rp R R E (6) 2.5.,,,|,|
  Rs  ,,,,,,Theoretical methodology.,,,|,|
  Rs  ,,studied|optimized|using,,|The geometries of the studied compounds,"at Density Functional Theory ( Becke 's Three Parameter Hybrid Functional using the Lee , Yang and Parr Correlation Functional B3LYP [ 8 - 10 ","The geometries of the studied compounds have been fully optimized at Density Functional Theory (Becke's Three Parameter Hybrid Functional using the Lee, Yang and Parr Correlation Functional B3LYP [8-10] .",,,|,|
  Rs  ,,set|used,,|,for all atoms,The basis set 6-31G (d) was used for all atoms.,,,|,|
,,using,,standard Gaussian-03 software package with complete geometry optimizations without constrains,,The quantum chemical calculations using standard Gaussian-03 software package with complete geometry optimizations without constrains.,,,|,|
  IE  ,,overcome|including|reduced,by including some of it,one of the main disadvantages of ab - initio methods|some of it,,"Indeed, DFT methods are often the methods of choice for similar calculations because of their ability to overcome one of the main disadvantages of ab-initio methods; the complete neglect of electron correlation; by including some of it at greatly reduced computational cost.",,,|,|
,,presented|calculated|used,,|all the parameters presented in this work,for similar molecules,"Thus, all the parameters presented in this work were calculated at B3LYP with 6-31G** basis set, frequently used for similar molecules [11, 12].",,,|,|
,,model|define|placed|interlocking,,|the cavity where the solute is placed as a uniform series of interlocking atomic spheres,as a continuum of uniform dielectric constant ( ε ) and define the cavity where the solute is placed as a uniform series of interlocking atomic spheres,These methods model the solvent as a continuum of uniform dielectric constant (ε) and define the cavity where the solute is placed as a uniform series of interlocking atomic spheres.,,,|,|
,,can|represent|instead|include,,the implicit effect of hydrogen chloride solution|,,"Since we cannot represent the implicit effect of hydrogen chloride solution, water is instead used to include the solvent effect (ε = 78.5) [8].",hydrogen chloride,,|,|
,,investigate|studied,,whether there is a clear relationship between the experimentally determined inhibition efficiencies of the studied inhibitors and a number of quantum- chemical parameters|,,The aim of this work is to investigate whether there is a clear relationship between the experimentally determined inhibition efficiencies of the studied inhibitors and a number of quantum- chemical parameters.,,,|,|
  IE  ,,extracted|needs|computed,|,Some of these parameters|,"from the output files ( EHOMO , ELUMO , μ )","Some of these parameters are directly extracted from the output files (EHOMO, ELUMO, μ) when other parameters needs to be computed separately (IP, EA, ∆E, χ, η,  and ∆N).",∆N,,|,|
,,can|expressed|follows|known|can|HOMO EIP  ( 7|following,,"|the values of IP and EA|the values of the absolute electronegativity χ , the absolute hardness η and the softness σ ( the inverse of the hardness ) : Int|",,"For closed-shell molecules, ionization potential IP and electron affinity EA can be expressed as follows in terms of EHOMO, ELUMO the highest occupied molecular orbital energy, and the lowest unoccupied molecular orbital energy, respectively: HOMO EIP  (7) LUMO EEA  (8) When the values of IP and EA are known, one can determine through the following expressions the values of the absolute electronegativity χ, the absolute hardness η and the softness σ (the inverse of the hardness): Int.",,,|,|
  HCl  ,   1  M   ,,,,,J. Electrochem.,,,|,|
  R'P  |  rp  ,,,,,,"Sci.,",,,|,|
,,,,,,Vol.,Vol,,|,|
,,will|2014 5334 2,,for a reaction of two systems with different electronegativities the electronic flow,,"9, 2014 5334 2 EAIP   (3) 2 EAIP   (9)   1  (10) Moreover, for a reaction of two systems with different electronegativities the electronic flow will occur from the molecule with the lower electronegativity (the organic inhibitor) towards that of higher value (metallic surface), until the chemical potentials are equal [13].",2014 5334 2 EAIP   (3) 2 EAIP   (9)   1 ,,|,|
,,transferred|calculated|according|denote|denote,the fraction of electrons||,"|the absolute hardness of Fe and the inhibitor molecule , respectively","the absolute electronegativity of Fe and the inhibitor molecule , respectively","Therefore the fraction of electrons transferred (∆N) from the inhibitor molecule to the metallic atom was calculated according to Pearson electronegativity scale [14-16] : )(2 inhFe inhFe N      (11) Where Fe and inh denote the absolute electronegativity of Fe and the inhibitor molecule, respectively; Fe and inh denote the absolute hardness of Fe and the inhibitor molecule, respectively.",∆N|Fe|Fe,,|,|
,,used|assuming,,Fe = 7 eV and a global hardness of Fe =|that for a metallic bulk IP = EA because they are softer than the neutral metallic atoms,A theoretical value for the electronegativity of bulk,"A theoretical value for the electronegativity of bulk iron was used Fe = 7 eV and a global hardness of Fe = 0, by assuming that for a metallic bulk IP = EA because they are softer than the neutral metallic atoms.",iron,,|,|
,,allowed|describe|centered,|,us to describe the bonding in terms of the natural hybrids centered on each atom|,on each atom,The natural bond orbital analysis allowed us to describe the bonding in terms of the natural hybrids centered on each atom.,,,|,|
,,performed|obtained|determine,,||,,"The population analysis has been performed on the neutral, cationic and anionic species at the same obtained optimized geometry of each inhibitor in order to determine their Fukui Functions.",,,|,|
,,,,,,3.,,,|,|
