chem_tag_mol,chem_tag_quan,v,arg0,arg1,arg2,sentence,mol,proc,quan,condns
  EXPERIMENTAL  ,,,,,,EXPERIMENTAL 2.1.,,,|,|
"  45S5  |  45S5  |  45S5  |  tetraethoxysilane  ,   TEOS  |  nitric  acid  ",   0.1  M   ,presented|synthesize|added|placed|performed,102.88 cm 3 of tetraethoxysilane ( TEOS,The chemical composition of 45S5 bioglass|102.88 cm 3 of tetraethoxysilane ( TEOS ),to 50 cm 3 of 0.1 M nitric acid|on a stirrer for the hydrolysis process to be performed,"Synthesis of 45S5 bioactive-glass via sol–gel technique The chemical composition of 45S5 bioglass is presented in Table 1 In order to synthesize 45S5 bioglass via sol–gel method, initially, 102.88 cm 3 of tetraethoxysilane (TEOS) was added to 50 cm 3 of 0.1 M nitric acid, and then placed on a stirrer for the hydrolysis process to be performed.",tetraethoxysilane|nitric acid|TEOS,hydrolysis process,102.88 cm|50 cm|0.1 M|,|
  nitric  acid  |  TEOS  |  SiO2  ,,used|utilized|supply,,|,,"At this stage, nitric acid was used as the sol environment and TEOS was utilized as a source to supply SiO2.",nitric acid|TEOS|SiO2,,|,|
"  triethylphosphate  ,   TEP  |  P2O5  ",,added|stirred,,8.861 cm 3 of triethylphosphate ( TEP ),,"Then, 8.861 cm 3 of triethylphosphate (TEP) was added to the system as the P2O5 supply, which was then stirred for 45 min.",P2O5|triethylphosphate|TEP,,8.861 cm|45 m|,45 min|
  calcium  nitrate  tetrahydrate  |  water  |  CaO  ,,continued|solved|distilled|stirring,"by addition of 63.52 g of calcium nitrate tetrahydrate powder , which was previously solved in distilled water as the CaO supply , and again a 45 min period of stirring",|,in distilled water as the CaO supply,"The process was continued by addition of 63.52 g of calcium nitrate tetrahydrate powder, which was previously solved in distilled water as the CaO supply, and again a 45 min period of stirring.",CaO|calcium nitrate tetrahydrate,,63.52 g|45 m|,45 min|
  sodium  carbonate  |  Na2O  |  water  ,,adding|solved|placing|occur,,"25.864 g of sodium carbonate ( as Na2O supply , previously solved in distilled water ) and placing the whole system on a stirrer for 1 h for complete hydrolysis reactions to occur|",on a stirrer for 1 h,"The last stage was adding 25.864 g of sodium carbonate (as Na2O supply, previously solved in distilled water) and placing the whole system on a stirrer for 1 h for complete hydrolysis reactions to occur.",sodium carbonate|Na2O,,25.864 g|,|
"  water  |  TEOS  ,   H2O  ,   TEOS  ",,chosen,,,,The molar ratio of water to TEOS (H2O:TEOS) was chosen as equal to 12:1.,TEOS|TEOS|H2O,,|,|
,,put|approach|become|coating,,|on the surface of steel samples,in an oven for 6 h at 60 ° C|suitable for coating on the surface of steel samples,"The obtained sol was put in an oven for 6 h at 60 °C, in order to approach to the gel state and become suitable for coating on the surface of steel samples.",,,|,60 °C|
,,,,,,2.2.,,,|,|
  45S5  |  45S5  |  SiO2  |  P2O5  |  CaCO3  |  Na2CO3  ,,melting|produce|melting|mentioned|blended,,|,,"Synthesis of 45S5 bioactive-glass via melting technique In order to produce 45S5 bioglass via melting technique with the chemical composition mentioned in Table 1, SiO2, P2O5, CaCO3 and Na2CO3 powders were blended homogenously.",P2O5|CaCO3|Na2CO3|SiO2,,|,|
  alumina  |  water  ,,obtained|decarburized|melted|quenched,,|,in an alumina plant,"The obtained blend was decarburized at 900 °C for 2 h, and then melted in an alumina plant at 1350 °C for 2.5 h and then quenched in water at room temperature.",alumina,,|,900 °C|1350 °C|2.5 h|
  45S5  |  SVD15IG5-1  ,,produced|milled|using|gain,,,for 12 h with 1500 rpm velocity,"Afterwards, the produced 45S5 bioglass was milled using planetary milling (SVD15IG5-1, LG Company) for 12 h with 1500 rpm velocity in order to gain the bioactive-glass powder.",,milling,|,12 h|
,,screened|achieve,,|a maximum particle size of 38 μm,,The fabricated powder was screened to achieve a maximum particle size of 38 μm.,,,|,|
,,,,,,2.3.,,,|,|
  SS  ,,used,,"Substrates and coatings In this research , 304 SS sheets in 2×2×0.3 cm dimensions",,"Substrates and coatings In this research, 304 SS sheets in 2×2×0.3 cm dimensions were used as substrates.",,,|,|
,,applying|coating|blasted|shot,||,||,on the surfaces of samples,"Before applying the coating layers on the surfaces of samples, the specimens were sand blasted and then shot Int.",,,|,|
,,,,,,J. Electrochem.,,,|,|
,,,,,,"Sci.,",,,|,|
,,,,,,Vol.,Vol,,|,|
,,blasted|improve,,the roughness of surfaces,,"7, 2012 2893 blasted to improve the roughness of surfaces.",,,|,|
,,Afterwards|immersing|become|coating,,||,|ready for coating,"Afterwards, they were cleaned by immersing in ethanol to become ready for coating.",ethanol,,|,|
  ethanol  ,,,,,,Table 1.,,,|,|
,,,,,,Chemical composition of 45S5 bioactive-glass in mole and weight percent.,,,|,|
  45S5  ,,coat|using|prepared,,||a suspension of the 45S5 bioglass powder,,"SiO2 CaO Na2O P2O5 mol % 46.1 26.9 24.4 2.6 wt % 45 24.5 24.5 6 In order to coat the 304 SS using the melting method, a suspension of the 45S5 bioglass powder was prepared.",P2O5|Na2O|CaO|SiO2,melting method,|,|
  SiO2  |  Na2O  P2O5  |  45S5  ,,made|stirred|sprayed,"from 1 mol of the powder , 10 mol of distilled water and citric acid ( 0.1 mol% ) as dispersant",|on the surface of the 304 SS specimens,,"The suspension was made from 1 mol of the powder, 10 mol of distilled water and citric acid (0.1 mol%) as dispersant, and then stirred for 1 h. The prepared suspension was sprayed on the surface of the 304 SS specimens.",citric acid,,1 m|10 m|0.1 m|,|
  water  |  citric  acid  ,   0.1  mol   ,kept|evaporate,,|the water of suspension,,"During the coating procedure, steel specimens were kept at 300 °C to evaporate the water of suspension.",,,|,300 °C|
  SS  ,,coated|heated|kept|heated|kept,,,to 500 ° C for 3 h and 20 min (|kept there for 2 h. They,"At the end of the precipitation (coating) process, the coated specimens were heated up to 500 °C for 3 h and 20 min (with 1 °C/min rate) and kept there for 2 h. They were then heated up to 700 °C for 3 h and 20 min (with 1 °C/min rate) and kept at this point for 40 min.",,,20 m|20 m|40 m|,500 °C|20 min|700 °C|20 min|40 min|
  water  ,,cooled,,,,The specimens were cooled slowly in furnace until room temperature.,,,|,|
,,Following|using|immersed,,,the coating of 304 SS using sol – gel technique|in the prepared sol for 30 min,"Following the coating of 304 SS using sol–gel technique, the specimens were immersed in the prepared sol for 30 min.",,,30 m|,30 min|
,,withdrawn|let,,|a thin homogenous coating form on the steel surface,from the sol,"After the immersion period, specimens were withdrawn from the sol with a constant velocity of 4 cm/min to let a thin homogenous coating form on the steel surface.",,,4 cm|,|
,,coated|kept|heated|kept|heated|kept,,||,|to 700 ° C for 3 h and 20 min (,"The coated specimens were kept at room temperature for 30 min and then heated in furnace up to 500 °C for 8 h (with 1 °C/min rate) and kept there for 2 h. Afterwards, they were heated from 500 °C to 700 °C for 3 h and 20 min (with 1 °C/min rate) and kept at this point for 40 min.",,,30 m|20 m|40 m|,30 min|500 °C|500 °C|700 °C|20 min|40 min|
,,cooled,,,,The specimens were cooled slowly in furnace until room temperature.,,,|,|
,,,,,,2.3.1.,,,|,|
,,Sintering|sintering|used|mentioned|used|contributed|might|deteriorate,Sintering process The sintering process which was used at the mentioned temperatures|a chemical effect on the structure of stainless steel,"process The sintering process which was used at the mentioned temperatures has recently been used in similar researches|||Sintering process The sintering process which was used at the mentioned temperatures|some of its properties such as appropriate corrosion resistance and mechanical properties [ 34,42 ","to sensitization , which had a chemical effect on the structure of stainless steel that might deteriorate some of its properties such as appropriate corrosion resistance and mechanical properties [ 34,42 ","Sintering process The sintering process which was used at the mentioned temperatures has recently been used in similar researches, usually contributed to sensitization, which had a chemical effect on the structure of stainless steel that might deteriorate some of its properties such as appropriate corrosion resistance and mechanical properties [34,42].",,,|,|
,,reduce,,the corrosion resistance of the specimens,,"Herein, due to the presence of the coatings, this effect did not significantly reduce the corrosion resistance of the specimens.",,,|,|
,,presented,,,,The related potentiodynamic polarization curves are presented in the next sections.,,potentiodynamic polarization,|,|
,,indicated|would|deteriorate|reducing|would|affect|required|deteriorated|sensitized,||||,"that such a heat - treatment would deteriorate the mechanical properties of 304 SS by reducing its fracture toughness ( KIC ) [ 35 ||the mechanical properties of 304 SS||not still negatively affect the results of this research , since the maximum required mechanical properties for an orthopedic implant is less than the deteriorated properties of a sensitized stainless steel in its worst conditions|the results of this research|",,"On the other hand, recent researches have indicated that such a heat-treatment would deteriorate the mechanical properties of 304 SS by reducing its fracture toughness (KIC) [35] but this would not still negatively affect the results of this research, since the maximum required mechanical properties for an orthopedic implant is less than the deteriorated properties of a sensitized stainless steel in its worst conditions.",,,|,|
,,required|sensitized,|,,,"For instance, the maximum required tensile strength for a cortical bone is less than 150 MPa which is lower than the ultimate tensile strength of a sensitized stainless steel.",,,150 M|,|
,,would|limit|reduces,the utilized heat - treatment in sintering of the coating|,not limit the applications of this biomaterial as an orthopedic implant|the applications of this biomaterial as an orthopedic implant|,,"Therefore, the utilized heat-treatment in sintering of the coating would not limit the applications of this biomaterial as an orthopedic implant, even if it reduces Int.",,,|,|
,,,,,,J. Electrochem.,,,|,|
,,,,,,"Sci.,",,,|,|
,,,,,,Vol.,Vol,,|,|
,,,,,,"7, 2012 2894 the quality of stainless steel.",,,|,|
,,obtaining|ignoring,The purpose of such researches,the best conditions for the coating,,"The purpose of such researches is obtaining the best conditions for the coating, ignoring the substrate.",,,|,|
,,required|substituting|could|used,,|paths of heat - treatment|substituting paths of heat - treatment,,"However, if the best mechanical conditions were required for the steel substrate, substituting paths of heat-treatment could be used [20].",,,|,|
,,,,,,2.4.,,,|,|
,,prepared|dissolving|buffered|1N,,"Preparation of SBF solution|reagent - grade NaCl , KCl , NaHCO3 , MgCl2·6H2O , CaCl2 and KH2PO4 into distilled water and buffered at pH=7.25 with TRIS ( trishydroxymethyl aminomethane ) and HCl 1N at 37 ° C",,"Preparation of SBF solution The SBF solution was prepared by dissolving reagent-grade NaCl, KCl, NaHCO3, MgCl2·6H2O, CaCl2 and KH2PO4 into distilled water and buffered at pH=7.25 with TRIS (trishydroxymethyl aminomethane) and HCl 1N at 37 °C.",NaHCO3|CaCl2|TRIS|MgCl2·6H2O|HCl 1N|trishydroxymethyl aminomethane|KH2PO4|NaCl|KCl,,1N|,37 °C|
,,given|compared,,|,with the human blood plasma,Its composition is given in Table 2 and is compared with the human blood plasma.,,,|,|
,,,,,,2.5.,,,|,|
,,,,,,Characterization 2.5.1.,,,|,|
,,used|analyze|coated|immersing,,XRD and FTIR analysis XRD analysis ( Philips X'Pert - MPD system with a Cu Kα wavelength of 1.5418 Å )|the crystal structure and phase present in the coated samples after immersing in SBF|,to analyze the crystal structure and phase present in the coated samples after immersing in SBF,XRD and FTIR analysis XRD analysis (Philips X'Pert-MPD system with a Cu Kα wavelength of 1.5418 Å) was used to analyze the crystal structure and phase present in the coated samples after immersing in SBF.,Cu,,|,|
"  SBF  |  SBF  |  NaCl  |  KCl  |  NaHCO3  |  MgCl2·6H2O  |  CaCl2  |  KH2PO4  |  water  |  TRIS  ,   trishydroxymethyl  aminomethane  |  HCl  ",   1  N   ,operated|employing,,|a step size of 0.02 ° /s,,The diffractometry was operated at 40 kV and 30 mA at the 2θ range of 20–55° employing a step size of 0.02°/s.,,,30 m|,|
,   1  N   ,,,,,2.5.2.,,,|,|
,   1  N   ,used|observe|developed|investigated|coated|immersed,by 45S5 bioactive - glass which was immersed in SBF at 37 ° C for 14 days,|functional groups developed in the specimens|the formation of apatite layer|304 SS coated by 45S5 bioactive - glass,to observe functional groups developed in the specimens|on the surface of 304 SS coated by 45S5 bioactive - glass which was immersed in SBF at 37 ° C for 14 days,"FTIR analysis FTIR analysis (Bomem, MB-100) was used to observe functional groups developed in the specimens and specially investigated the formation of apatite layer on the surface of 304 SS coated by 45S5 bioactive-glass which was immersed in SBF at 37 °C for 14 days.",apatite,,|,37 °C|
,   1  N   ,investigated,,,,The FTIR spectra were investigated in the 400–4000 cm −1 range.,,,|,|
  Cu  |  SBF  ,,,,,,Table 2.,,,|,|
,,simulated,,,,Ion concentrations of simulated body fluid (SBF) and human blood plasma.,,,|,|
,,,,,,Ion Plasma (mmol/l) SBF(mmol/l) Na + K + Mg 2+ Ca 2+ Cl − HCO3 HPO4 2- SO4 2- 142.0 5.0 1.5 2.5 103.0 27 1.0 0.5 142.0 5.0 1.5 2.5 103.0 27 1.0 0.5 2.5.3.,Na|Ca 2+ Cl − HCO3 HPO4 2- SO4|K|Mg,,|,|
  45S5  |  SBF  ,,used|observe|produced,by both techniques on the 304 SS samples,|the structure and morphology of the 45S5 bioactive - glass coating produced by both techniques on the 304 SS samples,to observe the structure and morphology of the 45S5 bioactive - glass coating produced by both techniques on the 304 SS samples,SEM observations SEM analysis (Phillips XL 30) was used to observe the structure and morphology of the 45S5 bioactive-glass coating produced by both techniques on the 304 SS samples.,,,|,|
,,,,,,Int.,,,|,|
,,,,,,J. Electrochem.,,,|,|
,,,,,,"Sci.,",,,|,|
  SBF(mmol/l  |  Ca  |  Cl <dash>-</dash> HCO3  ,,,,,,Vol.,Vol,,|,|
  45S5  ,,,,,,"7, 2012 2895 2.6.",,,|,|
,,Investigating|made|coated|performed|imprisoning,,of the metallic implants made of 304 SS coated by 45S5 bioactive- glass layers||the bioactivity of the metallic implants made of 304 SS coated by 45S5 bioactive- glass layers|in SBF solution,|of 304 SS coated by 45S5 bioactive- glass layers|by 45S5 bioactive- glass layers,In vitro bioactivity testing Investigating the bioactivity of the metallic implants made of 304 SS coated by 45S5 bioactive- glass layers was performed by imprisoning in SBF solution.,,,|,|
,,coated|immersed,,,in 100 ml of SBF,The coated specimens were immersed in 100 ml of SBF for 14 days in an incubator at 37 °C.,,,100 ml|,37 °C|
,,brought|desiccated,,,from the incubator and desiccated,They were then brought out from the incubator and desiccated at room temperature.,,,|,|
,,,,,,2.7.,,,|,|
,,typically|getting,,"|qualitative and quantitative information about the electrochemical reactions [ 36,37 ","for getting qualitative and quantitative information about the electrochemical reactions [ 36,37 ","Corrosion behavior evaluation Potentiodynamic techniques have typically been used for getting qualitative and quantitative information about the electrochemical reactions [36,37].",,,|,|
,,performed|investigate|coated|using|melting,by 45S5 bioglass,|the corrosion behavior of SS 304 uncoated and coated by 45S5 bioglass using melting and sol – gel techniques,,The electrochemical evaluations were performed to investigate the corrosion behavior of SS 304 uncoated and coated by 45S5 bioglass using melting and sol–gel techniques.,,,|,|
  vitro  |  45S5  |  SBF  ,,achieve|immersed,,|,in SBF (,"To achieve this purpose, specimens were immersed in SBF (as electrolyte) at 37±1 °C (the body temperature).",,,|,|
  SBF  ,   100  ml   ,saturated|connected|placed,,||,|in SBF solution,"The reference electrode (saturated calomel electrode) was connected to a Pt electrode, and then placed in SBF solution.",Pt|calomel,,|,|
,   100  ml   ,connected|using|interfaced|plotted,,,to a potentiostat instrument ( using an EG&G model 263A potentiostat / galvanostat interfaced with a computer and a recorder,The specimens and reference electrode were connected to a potentiostat instrument (using an EG&G model 263A potentiostat/galvanostat interfaced with a computer and a recorder) and the corrosion polarization curves were plotted after 2 h for the corrosion reaction to get to equilibrium state.,galvanostat,,|,|
,   100  ml   ,Afterwards|using,,the mean value of corrosion current density and corrosion potential of different specimens,from polarization curves using linear polarization and Tafel extrapolation techniques,"Afterwards, the mean value of corrosion current density and corrosion potential of different specimens were measured from polarization curves using linear polarization and Tafel extrapolation techniques.",,,|,|
,   100  ml   ,calculated,,,,"In addition, standard test deviation of corrosion current density and corrosion potential was calculated (Table 2).",,,|,|
  SS  |  45S5  ,,,,,,Figure 1.,,,|,|
  SBF  ,,derived|coated,,|,,XRD patterns of the surface of melt-derived 45S5 bioactive-glass coated sample (a) before and (b) after 14 days of immersion in SBF.,,,|,|
  Pt  |  SBF  ,,,,,,Int.,,,|,|
  EG&amp;G  ,,,,,,J. Electrochem.,,,|,|
,,,,,,"Sci.,",,,|,|
,,,,,,Vol.,Vol,,|,|
,,,,,,"7, 2012 2896 Figure 2.",,,|,|
  45S5  |  SBF  ,,derived|coated,,|,,XRD patterns of the surface of sol–gel-derived 45S5 bioactive-glass coated sample (a) before and (b) after 14 days of immersion in SBF.,,,|,|
,,,,,,Figure 3.,,,|,|
,,derived|coated,,,,FTIR spectra of the melt-derived 45S5 bioactive-glass coated 304 SS (a) before and (b) after 14 days of immersion in SBF.,,,|,|
,,,,,,Int.,,,|,|
,,,,,,J. Electrochem.,,,|,|
,,,,,,"Sci.,",,,|,|
,,,,,,Vol.,Vol,,|,|
  45S5  |  SBF  ,,,,,,"7, 2012 2897 Figure 4.",,,|,|
,,derived|coated,,|,,FTIR spectra of the sol–gel-derived 45S5 bioactive-glass coated 304 SS (a) before and (b) after 14 days of immersion in SBF.,,,|,|
  45S5  |  SBF  ,,,,,,Figure 5. (,,,|,|
,,coated|derived|coated|derived,,,|,"a) SEM micrograph of the surface of 304 SS coated by melt-derived 45S5 bioactive-glass, (b) SEM micrograph of cross section of 304 SS coated by melt-derived 45S5 bioactive-glass, before immersion in SBF.",,,|,|
,,,,,,Int.,,,|,|
,,,,,,J. Electrochem.,,,|,|
,,,,,,"Sci.,",,,|,|
,,,,,,Vol.,Vol,,|,|
,,,,,,"7, 2012 2898 Figure 6. (",,,|,|
  45S5  |  SBF  ,,coated|derived|coated|derived,by sol - gel||by sol - gel|,,,"a) SEM micrograph of the surface of 304 SS coated by sol-gel-derived 45S5 bioactive- glass, (b) SEM micrograph of cross section of 304 SS coated by sol-gel-derived 45S5 bioactive-glass, before immersion in SBF.",,,|,|
,,,,,,3.,,,|,|
