chem_tag_mol,chem_tag_quan,v,arg0,arg1,arg2,sentence,mol,proc,quan,condns
  EXPERIMENTAL  ,,,,,,EXPERIMENTAL 2.1.,,,|,|
  low-carbon  ,,rolled,,,,Materials The test panels were cold rolled low-carbon steel (50 × 50 × 1 mm).,carbon steel,,1 mm|50 × 50 ×|50 × 50 ×,|
  water  ,,degreased|rinsed|deionized,by deionized water,,by deionized water,"Firstly, these panels were alkaline degreased and rinsed thoroughly by deionized water.",,,|,|
  non-cyanide  zinc  |  zinc  ,,electroplated|using|produce,||,to produce a bright zinc coating of which the thickness was about 10 µm||a bright zinc coating of which the thickness was about 10 µm,to produce a bright zinc coating of which the thickness was about 10 µm,Then the steel sheets were electroplated by using alkaline non-cyanide zinc plating process to produce a bright zinc coating of which the thickness was about 10 µm.,alkaline non-cyanide zinc|zinc,alkaline non-cyanide zinc plating|plating,10 µm|,|
,,,,,,2.2.,,,|,|
  Ti <dash>/</dash> Zr  |  fluozirconate  acid  |  hydrofluoric  acid  ,"   40  wt  %   ,   0.2  g   ",based|prepared|using,,||,,"Chemical Conversion Coating Preparation The Ti/Zr based chemical conversion solution was prepared using fluotitanate acid (60 wt%, 5 g/L), fluozirconate acid (45 wt%, 7.5 g/L) and hydrofluoric acid (40 wt%, 0.2 g/L).",Zr|hydrofluoric acid|fluotitanate acid|fluozirconate acid|Ti,conversion coating,5 g|7.5 g|0.2 g|60 wt%|45 wt%|40 wt%,|
,"   40  wt  %   ,   0.2  g   ",comprised|forming,,|,of film - forming accelerators and pH stabilizers,"Also, the solution is comprised of film-forming accelerators and pH stabilizers.",,,|,|
  KOH  |  NH3·H2O  ,,coating|follows|adjusted|using|heated,,|( 1 ) The pH value of the chemical conversion solution,,"The chemical conversion coating preparation steps were as follows: (1) The pH value of the chemical conversion solution was adjusted to 3.0±0.2 using KOH or NH3·H2O, and then the solution was heated to 45±5 °C.",KOH|NH3·H2O,conversion coating,|,|
,,electrogalvanized|dipped|remaining|rinsed|running|deionized,|,||||,with running tap water,"(2) The freshly prepared electrogalvanized steel panels were dipped into the chemical conversion solution for 90 s. After remaining in the air for 30 s, the panels were firstly rinsed thoroughly with running tap water and then deionized water.",,,|,90 s|30 s|
,,dried|taken|age,,||,,(3) The converted panels were then dried with hot-air and taken to the oven with temperature of 50-60 °C for 30 minutes in order to age the conversion coatings.,,conversion coating,30 m|,30 min|
  water  |  water  ,,,,,,Int.,,,|,|
,,,,,,J. Electrochem.,,,|,|
,,,,,,"Sci.,",,,|,|
,,,,,,Vol.,Vol,,|,|
,,,,,,"6, 2011 4855 2.3.",,,|,|
,,,,,,Performance Tests 2.3.1.,,,|,|
,,carried|equipped,by FEI Inspect F ( 25 kV ) Field Emission Gun Scanning Electron Microscope ( FEG - SEM ) equipped with Oxford INCA X - MAX 20 Energy Dispersive X - ray Spectroscopy ( EDS ) system,Morphological Analysis The surface morphology of the conversion coating,with Oxford INCA X,Morphological Analysis The surface morphology of the conversion coating was carried out by FEI Inspect F (25 kV) Field Emission Gun Scanning Electron Microscope (FEG-SEM) equipped with Oxford INCA X-MAX 20 Energy Dispersive X-ray Spectroscopy (EDS) system.,,energy dispersive x-ray spectroscopy|spectroscopy|spectroscopy|energy dispersive x-ray spectroscopy|conversion coating,|,|
,,,,,,2.3.2.,,,|,|
,,Component|analyzed,,The chemical composition of the conversion coating|Component Analysis The chemical composition of the conversion coating,,Component Analysis The chemical composition of the conversion coating was analyzed by X-ray Photoelectron Spectroscopy (XPS) with a Thermo VG Scientific ESCALAB 250 spectrometer.,,x-ray photoelectron spectroscopy|spectroscopy|spectroscopy|x-ray photoelectron spectroscopy|conversion coating,|,|250 sp
,,collected,,,,The spectra were collected with a monochromatic Al Kα X-ray source (1486.6 eV).,Al,,|,|
  F  |  INCA  ,,conducted,by argon ion sputtering with an ion gun voltage of 2 kV and current of 2 µA for 10 min,The depth profile analysis of the coating,,The depth profile analysis of the coating was conducted by argon ion sputtering with an ion gun voltage of 2 kV and current of 2 µA for 10 min.,argon,argon ion sputtering,10 m|,10 min|
,,utilized,,Scanning steps of 1 and 0.2 eV·step -1 with an interval of 50 ms,,Scanning steps of 1 and 0.2 eV·step -1 with an interval of 50 ms were utilized for survey and high-resolution modes.,,,50 m|,|
,,also|Spectrometer,by a Nicolet Magna IR-560 Fourier Transform Infrared ( FTIR ) Spectrometer in the wavenumber range from 400 to 4000 cm −1|,The surface of the conversion coating|in the wavenumber,,The surface of the conversion coating was also investigated by a Nicolet Magna IR-560 Fourier Transform Infrared (FTIR) Spectrometer in the wavenumber range from 400 to 4000 cm −1 .,,conversion coating,|,|
,,,,,,2.3.3.,,,|,|
  argon  ,,tested|evaluated|using|combined,,|EG&G M273 Potentiostat combined with an M5210 Lock - in Amplifier|,,Electrochemical Characterization The tested samples were evaluated by potentiodynamic polarization curves and Electrochemical Impedance Spectroscopy (EIS) using EG&G M273 Potentiostat combined with an M5210 Lock-in Amplifier.,Potentiostat,electrochemical impedance spectroscopy|potentiodynamic polarization|electrochemical impedance spectroscopy|electrochemical impedance spectroscopy|spectroscopy|spectroscopy|electrochemical impedance spectroscopy,|,|
,,employed|assembled|used|saturated,with test specimen,,"in the tests , which was assembled with test specimen as a working electrode|as an auxiliary electrode and saturated calomel electrode ( SCE ) as a reference electrode","A three-electrode system was employed in the tests, which was assembled with test specimen as a working electrode, large area platinum sheet was used as an auxiliary electrode and saturated calomel electrode (SCE) as a reference electrode.",platinum|calomel,,|,|
,,working|exposed,,,,The area of the working electrode exposed to the corrosive media was 0.531 cm 2 .,,,0.531 cm|,|
,,carried|mentioned,,|,,"All measurements were carried out in neutral 5 w/v% NaCl solution at ambient temperature, and potentials mentioned in this paper were all relative to the SCE.",NaCl,,5 w/v|,|
,,electrogalvanized|tested|pre|immersed|achieve,,|the samples with conversion coating|the samples with conversion coating|the constant open circuit potential ( OCP ) before measurement,in the electrolyte,"The bare electrogalvanized steel panels were tested instantly after exposure to the electrolyte, and the samples with conversion coating were pre-immersed in the electrolyte for 10 minutes to achieve the constant open circuit potential (OCP) before measurement.",,conversion coating,10 m|,10 min|
  platinum  ,,acquired,,,,The potentiodynamic polarization curves were acquired by M352 software from -250 to +500 mV (Vs.,,potentiodynamic polarization,|,|
,,,,,,OCP) with a scan rate of 0.5 mV·s -1 .,,,0.5 m|,|
  NaCl  ,,recorded,,,,The EIS spectra were recorded with M398 software over a frequency range from 10 -2 to 10 5 Hz with an AC amplitude of 5 mV at OCP.,,,5 m|,|
,,tests|analyzed|using,,||,,"The corrosion resistance tests data were analyzed using CorrView and ZView softwares, respectively.",,corrosion resistance test,|,|
  Vs  ,,,,,,3.,,,|,|
