chem_tag_mol,chem_tag_quan,v,arg0,arg1,arg2,sentence,mol,proc,quan,condns
  EXPERIMENTAL  ,,,,,,EXPERIMENTAL 2.1.,,,|,|
,,utilized|collected|cut,,,"from beverage bottles , which were cut into pieces of approximately 5mm2","Materials The PET utilized was collected from beverage bottles, which were cut into pieces of approximately 5mm2.",,,5mm|,|
  acetone  ,,washed|dried|obtained|obtained|used,,|,from commercial sources,"It was then washed with acetone and dried at 100 ◦C for 8 h. The chemicals phthalic anhydride (PA), pentaerytheritol (PEr), lithium hydroxide (LiOH), m-cresol, ethylene glycol (EG) and butylhydroxytin oxide (Bu(OH)SnO) were obtained from Aldrich chemical Co. Linseed oil and sunflower oil were obtained from commercial sources and used without any further purification.",LiOH|ethylene glycol|butylhydroxytin oxide|acetone|lithium hydroxide|PEr|Bu(OH)SnO|phthalic anhydride|m-cresol|pentaerytheritol,,|,|100 ◦C 
"  phthalic  anhydride  ,   PA  |  lithium  hydroxide  ,   LiOH  |  m-cresol  |  ethylene  glycol  ,   EG  |  butylhydroxytin  oxide  ,   Bu(OH)SnO  |  Co  ",,Lead|Lead octoate,,,from Aldrich Chemical Co. Int,"Lead octoate, manganese octoate and cobalt octoate were purchased from Aldrich Chemical Co. Int.",manganese octoate|cobalt octoate|Lead octoate,,|,|
,,,,,,J. Electrochem.,,,|,|
  manganese  |  cobalt  |  Co  ,,,,,,"Sci.,",,,|,|
,,,,,,Vol.,Vol,,|,|
,,,,,,"8, 2013 5138 2.2.",,,|,|
,,,,,,Techniques: 2.2.1.,,,|,|
,,discussed,,Production of Alkyd Resins from Glycolyzed PET a. Preparation of GPEr The reaction of PET with PEr,,Production of Alkyd Resins from Glycolyzed PET a. Preparation of GPEr The reaction of PET with PEr was discussed in previous article [6].,,,|,|
,,performed|using|equipped|using,,"Depolymerization of PET ( 1 mol )|a conventional four - neck glass reactor , equipped with stirrer , thermometer , nitrogen inlet and reflux system using m - cresol as a solvent ( total weight % of the reactants in m -","with stirrer , thermometer|as a solvent ( total weight % of the reactants in m","Depolymerization of PET (1 mol) was performed with PEr (1.1 mol) using a conventional four-neck glass reactor, equipped with stirrer, thermometer, nitrogen inlet and reflux system using m-cresol as a solvent (total weight % of the reactants in m-cresol was 85 %).",m-cresol|nitrogen|m-cresol,depolymerization,1 m|1.1 m|85 %|,|
,,heated,,,,The reaction mixtures were heated at 170- 190°C for 4h and at 200- 220°C for 3h.,,,|,|
,,lowered|allowed|cool,,|to cool at room temperature,,The reaction temperature was lowered at 100°C for 1h and then allowed to cool at room temperature.,,,|,100°C|
  Glycolyzed  ,,performed,,,,Purification was performed through extraction of depolymerized oligomers by hot water extraction.,,,|,|
  PET  |  PEr  ,,cooled|dissolved|shaken|remove,,|||,,"After completion of the glycolysis, the product was cooled to room temperature, dissolved in a suitable quantity of methylene chloride and shaken vigorously with an equal volume of 5% aqueous sodium chloride solution to remove any unreacted PEr and residual catalyst.",sodium chloride|methylene chloride,,5%|,|
  PET  |  PEr  |  nitrogen  |  m-cresol  |  m-cresol  ,,collected|washed,,|,|,The organic layer was collected and washed several times with water.,,,|,|
,,characterized,by acid value ( AV ) and hydroxyl value ( HV ) determinations,,,The GPEr oligomer was characterized by acid value (AV) and hydroxyl value (HV) determinations.,hydroxyl,,|,|
,,prepared,", 1 mol of GPEr , 0.5 mol EG and 0.5 mol of sunflower or linseed oils",b. Preparation of alkyd resins Alkyds,from 1 mol of PA,"b. Preparation of alkyd resins Alkyds were prepared from 1 mol of PA, 1 mol of GPEr, 0.5 mol EG and 0.5 mol of sunflower or linseed oils.",,,1 m|1 m|0.5 m|0.5 m|,|
  water  ,,acid,,,,The K constant was 1.15 and the ratio of basic equivalents to acid equivalents was 1.2.,,,|,|
  methylene  chloride  |  sodium  chloride  |  PEr  ,,carried|equipping,,,"with a Dean – Stark piece , gas bubbler , contact thermometer and mechanical stirrer system","The reaction was carried out in a round bottom flask equipping with a Dean–Stark piece, gas bubbler, contact thermometer and mechanical stirrer system.",,,|,|
  water  ,,kept|followed,,,,The temperature of the reaction was kept constant at 220–240 ◦C. The reactions were followed with acid value (AV).,,,|,|
  hydroxyl  ,,allowed|continue,,|,,Condensation reaction was allowed to continue until the acid value of the resin was approximately 6– 7 mgKOH/g.,,,|,|
,,determined|dissolved,,,of samples dissolved in ethanol – toluene with 0.1N KOH solution,The acid values were determined by titration of samples dissolved in ethanol–toluene with 0.1N KOH solution.,KOH|ethanol|toluene,,0.1N|,|
  PA  |  GPEr  |  EG  ,   0.5  mol   ,dissolved,,,,After the reaction the resins were dissolved in xylene (60% solution).,xylene,,60%|60% ,|
,   0.5  mol   ,,,,,2.2.2.,,,|,|
,   0.5  mol   ,carried|equipped,,|,"with mechanical stirring , a reflux condenser and a nitrogen inlet","Preparation of alkyd resin from PET waste: a) Preparation of monoglycerides: All reactions were carried out in a 500mL four-necked glass reactor, equipped with mechanical stirring, a reflux condenser and a nitrogen inlet.",monoglycerides|nitrogen,,500mL|,|
  ◦C  ,,maintained|using|connected,,|,,The reaction temperature was maintained using a Pt 100 thermocouple connected to a temperature controller.,Pt 100,,|,|
,,Considering|used|described,,"the nature of reagents two synthetic routes were used , one for vegetable oil as described previous [ 13|",,"Considering the nature of reagents two synthetic routes were used, one for vegetable oil as described previous [13].",,,|,|
,,using|put,,|,in the reactor,"In a typical reaction using vegetable oil: the oil (97.34 g, 51.26%) and lithium hydroxide (0.89 g, 0.5%) were initially put in the reactor.",lithium hydroxide,,97.34 g|51.26%|0.89 g|0.5%|51.26%) |0.5%) ,|
  ethanol <dash>-</dash> toluene  |  KOH  ,   0.1  N   ,increased|added,,,,"The temperature was then increased to 235 ◦C, and finally the PEr (15.91 g, 8.38%), was added.",,,15.91 g|8.38%|8.38%),|235 ◦C
  xylene  ,   60  %   ,heated|maintained|followed|checking|concluded,,for 1 h. The extent of alcoholysis was followed by checking the solubility of the reaction mixture in methanol ( ME test ) and concluded when ME was bigger than 300 %|by checking the solubility of the reaction mixture in methanol ( ME test ) and concluded when ME was bigger than 300 %|the solubility of the reaction mixture in methanol ( ME test )|when ME was bigger than 300 %,h. The extent of alcoholysis,The mixture was heated to 240 ◦C and maintained for 1 h. The extent of alcoholysis was followed by checking the solubility of the reaction mixture in methanol (ME test) and concluded when ME was bigger than 300%.,methanol,,300%|,|240 ◦C 
,   60  %   ,concluded|put,,|,in the Int,"b) Preparation of alkyd resins: When the alcoholysis step was concluded the Bu(OH)Sn (0.93 g, 0.49%), flakes of post- consumer PET (26.85 g, 14.14%), PA (42.50 g, 22.38%) and EG (5.41 g, 2.85%) were put in the Int.",,,0.93 g|0.49%|26.85 g|14.14%|42.50 g|22.38%|5.41 g|2.85%|0.49%)|14.14%)|22.38%) |2.85%) ,|
  PET  |  monoglycerides  |  nitrogen  ,,,,,,J. Electrochem.,,,|,|
  Pt  ,,,,,,"Sci.,",,,|,|
,,,,,,Vol.,Vol,,|,|
  lithium  hydroxide  ,"  (   0.89  g   ,   0.5  %   )  ",maintained|taken|evaluate|follow|achieved|desired,,||the desired acid value ( AV < 18 mg KOH / g of resin ),,"8, 2013 5139 reactor, then the mixture was maintained at 240 ◦C, and samples were taken at 20 min intervals to evaluate the acid value and to follow the polyesterification reaction until it achieved the desired acid value (AV< 18mg KOH/g of resin).",KOH,,20 m|18m|,20 min|240 ◦C
  ◦C  |  PEr  ,"  (   15.91  g   ,   8.38  %   )  ",,,,,2.3.,,,|,|
,"  (   15.91  g   ,   8.38  %   )  ",determined,from the conventional titration procedure [ 4 ,,,Resin Characterization: AV and HV (mg KOH/g) were determined from the conventional titration procedure [4].,KOH,,|,|
"  methanol  ,   ME  |  ME  ",,determined|dissolved|followed,"by acetylation of samples dissolved in pyridine by acetic anhydride , followed by back titration of excess reagent with 1N NaOH solution|by acetic anhydride",|by back titration of excess reagent with 1N NaOH solution,,"HV was determined by acetylation of samples dissolved in pyridine by acetic anhydride, followed by back titration of excess reagent with 1N NaOH solution.",pyridine|NaOH|acetic anhydride,,1N|,|
,,determined|dissolved,by titration of samples dissolved in pyridine with 0.1N KOH solution,,,AV was determined by titration of samples dissolved in pyridine with 0.1N KOH solution.,pyridine|KOH,,0.1N|,|
  Bu(OH)Sn  |  PET  |  PA  |  EG  ,"  (   5.41  g   ,   2.85  %   )  ",calculated|known,by the known formula of end group analysis method,"The number average molecular weight , Mn ( g / mol ) value of depolymerization product|",,"The number average molecular weight, Mn (g/mol) value of depolymerization product was calculated from HV and AV by the known formula of end group analysis method.",Mn,end group analysis|depolymerization,|,|
,"  (   5.41  g   ,   2.85  %   )  ",calculated,,,,The Mn value is calculated from Eq. (,Mn,,|,|
,"  (   5.41  g   ,   2.85  %   )  ",measured|model|using,,,"by GPC ( Waters model 510 ) using THF ( HPLC grade ) as eluent and Ultrastyragel 500 ; 1000 ; 10,000 ; 100,000 ° A as column||as eluent and Ultrastyragel 500 ; 1000 ; 10,000 ; 100,000 ° A as column","1): Mn= [(2x56.1x1000)/(HV+AV)] (1) The molecular weight was measured by GPC (Waters model 510) using THF (HPLC grade) as eluent and Ultrastyragel 500; 1000; 10,000; 100,000 °A as column.",THF|Mn,,|,|
,"  (   5.41  g   ,   2.85  %   )  ",investigated,by an infrared Bruker IFS 66 FT - IR Spectrometer,The structure of the oligomers,,The structure of the oligomers was investigated by an infrared Bruker IFS 66 FT-IR Spectrometer.,,,|,|
,"  (   5.41  g   ,   2.85  %   )  ",recorded|deutrated,,|,,1 HNMR Spectra were recorded on a Varian EM 360 spectrometer in deutrated chloroform (CDCl3) with 1% tetramethylsilane (TMS) as internal solvent.,tetramethylsilane|CDCl3|chloroform|TMS,,1%|,|360 sp
  ◦C  |  AV  |  KOH/g  ,   18  mg   ,carried|using,,|,,Viscosity measurement was carried out using a standard method ASTM D 1545-89.,,,|,|
,   18  mg   ,evaluate|applied,,,,"To evaluate the drying time, alkyd resins were applied to a glass substrate, with a film thickness of 100 Nm.",,,100 N|,|
  AV  |  HV  |  KOH/g  ,,prepared|adding|drying|lead,,|60 % in weight of xylene and the drying catalysts in the following quantities lead,adding 60 % in weight of xylene and the drying catalysts|,"For this test, the sample was prepared adding 60% in weight of xylene and the drying catalysts in the following quantities lead octoate (0.43%); manganese octoate (0.35%) and cobalt octoate (0.28%).",cobalt octoate|xylene|manganese octoate|lead octoate,,60%|0.43%|0.35%|0.28%|60% |0.35%) ,|
  HV  |  pyridine  |  acetic  anhydride  |  NaOH  ,   1  N   ,dried|determined|gave|according,"by an Ericsen 415 / E apparatus , which gave results according to DIN 53150|",||,,"Films were dried at 25±1 ◦C for 72 h. Drying time was determined by an Ericsen 415/E apparatus, which gave results according to DIN 53150.",DIN 53150,,|,72 h|25±1 ◦C 
  AV  |  pyridine  |  KOH  ,   0.1  N   ,,,,,2.4.,,,|,|
  Mn  |  HV  |  AV  ,,based|mixed|applied,manganese octoate ( 0.35 % ) and cobalt octoate ( 0.28 % ) based on non - volatile ) and 20 Wt% of TiO2 powder,|manganese octoate ( 0.35 % ) and cobalt octoate ( 0.28 % ) based on non - volatile ) and 20 Wt% of TiO2 powder,on non - volatile ),"Testing of the coatings: For alkyd tests, 60% solutions of the resins in xylene the drying catalysts (lead octoate (0.43%); manganese octoate (0.35%) and cobalt octoate (0.28%) based on non-volatile) and 20 Wt% of TiO2 powder were mixed and applied with total dry film thickness (DFT) of 100 Nms.",cobalt octoate|manganese octoate|TiO2|xylene,,60%|0.43%|0.35%|0.28%|60% |0.35%) |0.28%) ,|
  Mn  ,,use|evaluate,,|the different properties of coatings,to evaluate the different properties of coatings,It is common to use mild steel panels (15 cm×l0 cm) to evaluate the different properties of coatings.,,,15 cm|,|
,,coated|protected|using,,The other side of panels|The other side of panels,against corrosion environments,The other side of panels is coated and protected against corrosion environments by using coal tar epoxy primer.,epoxy|coal tar,,|,|
"  Mn  |  GPC  ,   Waters  |  THF  ",,tested|blasted|cleaned|apply|coated,,|,,The tested side was blasted and cleaned to apply the coated materials.,,,|,|
,,subjected|evaluate,,|,,Then the panels were subjected to different testing procedure to evaluate their mechanical properties and their durability.,,,|,|
,,measured|according|reported,,,,"Adhesion strength (pull-off), pencil hardness, impact, T-bend, hot water, acid and alkali resistance and solvent resistance tests were measured according to ASTM methods as reported in the previous studies [4-9].",,,|,|
,,evaluated,,,for salt - spray resistance,The coated panels were evaluated for salt-spray resistance in accordance with ASTM B117.,,,|,|
,,,,,,The test Int.,,,|,|
"  chloroform  ,   CDCl3  |  tetramethylsilane  ,   TMS  ",   1  %   ,,,,,J. Electrochem.,,,|,|
,   1  %   ,,,,,"Sci.,",,,|,|
,   1  %   ,,,,,Vol.,Vol,,|,|
  xylene  ,,,,,,"8, 2013 5140 conditions were 35 (±1.5) ◦C, 95±5% relative humidity, and 5 wt.% of aqueous sodium chloride solution.",sodium chloride,,95±5%|95±5% ,|
  manganese  |  cobalt  ,,determined|using|distilled,5 % of NaOH aqueous solutions,The acid and alkali resistances of coated panels|,,The acid and alkali resistances of coated panels were determined after immersion in 10% of HCl and 5% of NaOH aqueous solutions using distilled water.,HCl|NaOH,,10%|5%|10% ,|
,,evaluated,,◦ C. The degree of adhesion and visual inspection of blister and cracks,for the coated panels,The duration of the test was 90 days at 38 ◦C. The degree of adhesion and visual inspection of blister and cracks were evaluated for the coated panels.,,,|,|38 ◦C.
,,coating|tested,,|The degree of coating to resistance cathodic disbondment ( CD ),,The degree of coating to resistance cathodic disbondment (CD) was tested in accordance with ASTM G 8.,,,|,|
,,subjected,,,to a potential of – 1.5 V in a 3 % NaCl electrolyte solution at 65 o C for 48 hrs,The coating panel was subjected to a potential of – 1.5 V in a 3% NaCl electrolyte solution at 65 o C for 48 hrs.,NaCl,,3%|,|48 hr
  xylene  |  manganese  |  cobalt  |  TiO2  ,,,,,,3.,,,|,|
