chem_tag_mol,chem_tag_quan,v,arg0,arg1,arg2,sentence,mol,proc,quan,condns
  EXPERIMENTAL  ,,WORK,,,,EXPERIMENTAL WORK 2.1.,,,|,|
"  pyrrole  |  pyrrole  ,   PPy  ",,carried,,Electropolymerization of pyrrole The electropolymerization of pyrrole ( PPy ) from aqueous solution,,Electropolymerization of pyrrole The electropolymerization of pyrrole (PPy) from aqueous solution was carried out in one- compartment cell.,pyrrole|pyrrole,electropolymerization,|,|
  2x3x0.1  ,,working|made,,,from steel sheet of 2x3x0.1 cm,The working electrode was made from steel sheet of 2x3x0.1 cm.,,,|,|
  acetone  ,,polished|degreased,,,|,Both electrodes were polished and degreased with acetone for about 10 minutes prior to the electropolymerization process.,acetone,electropolymerization,10 m|,10 min|
  Ag <dash>/</dash> AgCl  ,,manufactured|used,by Corning Company,|An Ag / AgCl manufactured by Corning Company,as the reference electrode,An Ag/AgCl manufactured by Corning Company was used as the reference electrode.,Ag|AgCl,,|,|
  PPy  |  pyrrole  |  sodium  tartrate  ,,used|using|provided,,|an EG&G Princeton Applied Research Potentiostat / Galvanostat Model 273A provided with powerCorr software,to electrochemically coat steel with the PPy|with powerCorr software,"The potentiostatic technique (constant potential method) was used to electrochemically coat steel with the PPy layer from solution of pyrrole monomer with sodium tartrate electrolyte, using an EG&G Princeton Applied Research Potentiostat/Galvanostat Model 273A provided with powerCorr software.",pyrrole|sodium tartrate,,|,|
  pyrrole  |  sodium  tartrate  ,,follows|applied,,The main parameter parameters of electropolymerization process,,"The main parameter parameters of electropolymerization process were as follows pyrrole concentration 0.5M, sodium tartrate concentration 0.2M, solution pH 9, applied potential 2 V and electropolymerization time was 20 minutes interval for all experiments.",sodium tartrate|pyrrole,electropolymerization,0.5M|0.2M|20 m|,20 min|
  PPy  |  water  |  methanol  ,,coated|rinsed|left|dry,,,with distilled water and methanol,"After each experiment, the PPy coated steel was rinsed with distilled water and methanol and left to dry.",methanol,,|,|
,,,,,,2.2.,,,|,|
  polypyrrole  ,,coated|carried,,|Surface elemental composition analysis Elemental analysis of the polypyrrole coated steel,,Surface elemental composition analysis Elemental analysis of the polypyrrole coated steel was carried out by X-ray Photoelectron Spectroscopy (XPS).,polypyrrole,x-ray photoelectron spectroscopy|spectroscopy|spectroscopy|x-ray photoelectron spectroscopy,|,|
  MAX200  ,,used,,,,"The XPS technique used was part of a multi-technique surface analysis system (MAX200, Leybold).",,surface analysis,|,|
,,From each sample|From each sample,,a specimen of 20x20 mm size|a specimen of 20x20 mm size,,From each sample a specimen of 20x20 mm size was cut and mounted on the sample holder with four screws.,,,|,|
  Mg-k  |  X-ray  ,,examined,,,,All the samples were examined with Mg-k (1253.6 eV) at 100 watt X- ray power (10 kV x 10 mA).,,,10 m|,|
,,,,,,The pressure in the analysis chamber during sample analysis was less than 10 -8 mbar.,,,|,|
  carbon  |  polyaniline  ,,damage|incorporated,,"the carbon signal incorporated with the polyaniline , Int","with the polyaniline , Int","As a precaution not to damage the carbon signal incorporated with the polyaniline, Int.",polyaniline|carbon,,|,|
,,,,,,J. Electrochem.,,,|,|
,,,,,,"Sci.,",,,|,|
,,,,,,Vol.,Vol,,|,|
,,scanned|followed,,"|by a general survey of the sample , and the rest of the elements",,"7, 2012 1948 carbon element was scanned first, followed by a general survey of the sample, and the rest of the elements.",carbon,,|,|
  carbon  ,,scanned|calculated,,|the area under each element peak,,"In addition to the carbon, N, O, and Fe elements were scanned and the area under each element peak was calculated.",Fe|N|O|carbon,,|,|
  carbon  |  O  |  Fe  ,,resulted|analysed,,,,The scan area was 7 mm × 4 mm and the resulted data are the average of 50 scans of each element analysed.,,,7 mm|4 mm|,|50 sc
,,calculated|using|supplied,by the XPS manufacturer,The surface composition in atomic percentage,as supplied by the XPS manufacturer,The surface composition in atomic percentage was calculated using the element relative cross sectional area as supplied by the XPS manufacturer.,,,|,|
  XPS  ,,,,,,2.3.,,,|,|
,,buried|coated|used|coated|coupled|buried,,||Examination of the performance of the buried PPy coated steel against corrosion Potentiodynamic examination ( Tafel test )|,for the examination of the corrosion resistance of PPy coated steel when coupled with stainless steel while buried in a layer of 250 g sand|with stainless steel,Examination of the performance of the buried PPy coated steel against corrosion Potentiodynamic examination (Tafel test) was used for the examination of the corrosion resistance of PPy coated steel when coupled with stainless steel while buried in a layer of 250 g sand.,,potentiodynamic examination|corrosion potentiodynamic examination,250 g|,|
  PPy  |  PPy  ,,washed|mixed|known,,|,"with deionised water|with known amounts of different corrosive materials such as NaCl , H2SO4 , and moisture","The sand was washed with deionised water for three times and then mixed with known amounts of different corrosive materials such as NaCl, H2SO4, and moisture.",H2SO4|NaCl,,|,|
  water  |  NaCl  |  H2SO4  ,,shown|buried|coated|As shown in figure 1|As shown in figure 1 the buried PPy coated steel and stainless steel were used as anode and cathode respectively|using|provided,in figure 1|,the buried PPy coated steel and stainless steel were used as anode and cathode respectively||the EG&G Princeton Applied Research Potentiostat / Galvanostat Model 273A provided with powerCorr software|,as anode and cathode|against Ag / AgCl reference electrode using the EG&G Princeton Applied Research Potentiostat / Galvanostat Model 273A provided with powerCorr software|with powerCorr software,"As shown in figure 1 the buried PPy coated steel and stainless steel were used as anode and cathode respectively, the corrosion current and potential were measured against Ag/AgCl reference electrode using the EG&G Princeton Applied Research Potentiostat/Galvanostat Model 273A provided with powerCorr software.",AgCl|Ag,,|,|
  PPy  |  Ag <dash>/</dash> AgCl  ,,,,,,Figure 1.,,,|,|
,,formed,,,,Experimental setup for potentiodynamic examination of the formed PPy layer 3.,,potentiodynamic examination,|,|
