chem_tag_mol,chem_tag_quan,v,arg0,arg1,arg2,sentence,mol,proc,quan,condns
  iron  |  Cr  ,   2.70  %   ,cast,,,,EXPERIMENTAL The substrate material was cast iron of the chemical composition: 2.70% Cr; 1.32% Si; 3.96% Mn; 0.21% Ni; 0.04% V; 0.10% Ti.,iron|Si|Ni|Mn|Cr|Ti,,2.70%|1.32%|3.96%|0.21%|0.04%|0.10%|2.70% |1.32% |3.96% |0.21% |0.04% |0.10% ,|
  Si  ,   1.32  %   ,cut|annealed|produce|consisting,The samples of 10x10x25 mm size|The samples of 10x10x25 mm size,The samples of 10x10x25 mm size|a microstructure consisting of pearlite matrix and eutectic chromium carbides M7C3,of sand - mold casting|of pearlite matrix and eutectic chromium carbides M7C3,The samples of 10x10x25 mm size were cut out of sand-mold casting and then subsequently annealed at 650 o C to produce a microstructure consisting of pearlite matrix and eutectic chromium carbides M7C3.,chromium carbides,,|,|
  Mn  ,   3.96  %   ,performed|using,,PPT of the samples,,PPT of the samples was performed using the electro- thermal plasma accelerator.,PPT,,|,|
  Ni  ,   0.21  %   ,described,,"ETPA design , circuitry and principle of operation",,"ETPA design, circuitry and principle of operation are described in [79].",ETPA,,|,|
,   0.21  %   ,carried|follows|RTF-6-|used|made,,|,,"PPT was carried out as follows: the voltage of the charge of ca- pacitive energy storage device (1.5 mF) is 4 kV; the distance between the electrodes is 50 mm; current pulse shape is bell-like; the current amplitude is about 10 kA. As the discharge chamber tubular arrester RTF-6- 0,5/10 U1 was used; a central electrode (cathode) was a rod 5 mm with diameter made of T1 high speed steel (0.75% C; 17.92% W; 3.85% Cr; 0.34% Mn; 0.30% Si; 1.07% V).","arrester RTF-6- 0,5|Mn|PPT|Cr|Si",,1.5 m|50 mm|5 mm|0.75%|17.92%|3.85%|0.34%|0.30%|1.07%|0.75% |17.92% |3.85% |0.34% |0.34% |1.07% ,|
  Ti  ,   0.10  %   ,,,,,The distance from the edge of ETPA to the target surface was 50 mm.,ETPA,,50 mm|,|
  10x10x25  |  chromium  |  M7C3  ,,performed|exposing,,|,,"The treatment was performed in an air environment, exposing tenfold plasma impuls- es.",,,|,|
  PPT  ,,subjected|heat|consisted|holding|followed,,||dura- tion of 2 hours followed by oil quenching|by oil quenching,to heat treat- ment consisted of heating at 950 ° C with holding dura- tion of 2 hours followed by oil quenching|of heating at 950 ° C,After PPT the samples were subjected to heat treat- ment consisted of heating at 950 °C with holding dura- tion of 2 hours followed by oil quenching.,PPT,,|,950 °C|
  ETPA  ,,examined|prepared|according|etched,,,,The microstructure was examined in cross section of the microprobes prepared according to the standard procedure and etched with 4%-nital solution.,,,4%|,|
  PPT  ,,employed,,,for the microstructure analyzing,The opti- cal microscope Nikon Eclipse M200 and scanning elec- tron microscope JEOL JSM-6510 LV were employed for the microstructure analyzing.,JEOL,,|,|
,,calculated|using|known,,The volume fraction ( VF ) of carbides|,on SEM mi- crographs,The volume fraction (VF) of carbides was calculated manually on SEM mi- crographs using known Rosiwal’s lineal analysis.,carbides,,|,|
,,elements|investigated|using,,|an energy - dispersive spec- troscopy ( EDS ) with the detector X - Act detector ( Ox- ford Instruments ),|by using an energy - dispersive spec- troscopy ( EDS ) with the detector X - Act detector ( Ox- ford Instruments ),The phase elements distribution and chemical composition was investigated by using an energy-dispersive spec- troscopy (EDS) with the detector X-Act detector (Ox- ford Instruments).,,energy-dispersive spec- troscopy,|,|
,,determined,by X - ray diffractometer DRON-3 in K mailto:julia.chabak@yandex.ua mailto:vgefremenko@gmail.com radiation,The phase composition of the coating,,The phase composition of the coating was determined by X-ray diffractometer DRON-3 in K mailto:julia.chabak@yandex.ua mailto:vgefremenko@gmail.com radiation.,,,|,|
"  RTF-6-0,5/10  ",,measured|using,,,under a load of 50 g. 2,Microhardness was measured using FM-300 (Future-Tech) tester under a load of 50 g. 2.,,,50 g|,|
