chem_tag_mol,chem_tag_quan,v,arg0,arg1,arg2,sentence,mol,proc,quan,condns
  EIS  ,,prepared|take,,,with a dimension of 1 cm × 1 cm × 0.3 cm,"MATERIALS AND METHODS For EIS study, 15 samples (three samples for each test) were prepared with a dimension of 1cm × 1cm × 0.3cm to take an average amount for better accuracy.",,,1cm|1cm|0.3cm|,|15 sa
  carbon  ,,used|shaped,,Pipeline raw material of X65 carbon steel|,"as the metal substrate with a hollow cylindrical shaped and , a thickness and long diameter of 2.54 cm and 60 cm , respectively","Pipeline raw material of X65 carbon steel was used as the metal substrate with a hollow cylindrical shaped and, a thickness and long diameter of 2.54cm and 60cm, respectively.",carbon,,2.54cm|60cm|,|
  carbon  ,,cut|using|shearing,,|,,The X65 carbon steel metal substrate was cut by using the hydraulic shearing machine and abrasive cutter into 1cm × 1cm × 0.3cm dimensions.,carbon,,1cm|1cm|0.3cm|,|
  carbon  ,,grinded|drilled|make,|,||a small hole for soldering purpose,,The carbon steel samples were grinded with sandpaper and drilled to make a small hole for soldering purpose.,carbon steel,,|,|
  carbon  ,,soldered|used|test,,,onto the sample and continuity function,"Then, the carbon wire was soldered onto the sample and continuity function was used to test a solder joint.",carbon,,|,|
  HNT  ,,purchased|measured|poured,,"An exact amount of Halloysite nanotubes ( HNT|An exact amount of Halloysite nanotubes ( HNT , purchased from Aldrich Chemistry )|An exact amount of Halloysite nanotubes ( HNT , purchased from Aldrich Chemistry )",from Aldrich Chemistry ),"An exact amount of Halloysite nanotubes (HNT, purchased from Aldrich Chemistry) were measured and poured into a beaker.",Halloysite,,|,|
  Acetone  ,,poured|stirred|using,|,,,Acetone was poured into the beaker and continuously stirred using magnetic stirrer for at least 1 hour.,Acetone,,|,|
"  Bisphenol  |  diglycidyl  ether  ,   BADGE  |  M-xylenediamine  ,   MXDA  ",,Bisphenol|used,,"A diglycidyl ether ( BADGE ) and M - xylenediamine ( MXDA ) with volume ratio of 2:1 were used as epoxy resin and hardener , respectively|Bisphenol A diglycidyl ether ( BADGE ) and M - xylenediamine ( MXDA ) with volume ratio of 2:1","as epoxy resin and hardener , respectively","Bisphenol A diglycidyl ether (BADGE) and M-xylenediamine (MXDA) with volume ratio of 2:1 were used as epoxy resin and hardener, respectively.",BADGE|MXDA|epoxy resin|Bisphenol A diglycidyl ether|M-xylenediamine,,|,|
  HNT  ,,mixed|prepared|stirred,,|,with the various content of prepared HNT,A BADGE was mixed with the various content of prepared HNT and continuously stirred at 80oC for 5 hours.,BADGE,,|,|
  MXDA  |  HNT  ,,Other than that|prepared|stirred,,a certain amount of MXDA||a certain amount of MXDA,with the various content of prepared HNT,"Other than that, a certain amount of MXDA was mixed with the various content of prepared HNT and stirred for 15 minutes.",,,15 m|,15 min|
  HNT  |  carbon  ,,applied|brushing,the composite coating with and without HNT on the carbon steel,the composite coating with and without HNT on the carbon steel substrate,,"In this research, the composite coating with and without HNT on the carbon steel substrate were applied by brushing.",carbon,,|,|
  carbon  |  carbon  ,,cured|measured|coating,,,the thickness of coating on the carbon steel|on the carbon steel,The coated carbon steel was cured for 1 week at ambient temperature and measured the thickness of coating on the carbon steel to get a uniform coating thickness of 120-200 µm.,carbon steel|carbon steel,,|,|
  Ag <dash>/</dash> AgCl  ,,used|working,,,as the working electrode ( WE ),"The coated steel specimen, Ag/AgCl electrode and Ss316 Auxiliary were used as the working electrode (WE), reference electrode (RE) and counter electrode (CE), respectively.",Ag|AgCl,,|,|
  sodium  chloride  ,   3.5  wt.  %   ,done,,,,All tests were done in a 3.5 wt.% sodium chloride solution.,sodium chloride,,|,|
  WE  ,,mounted|plunged|obtain,,||,,"Before the test, the WE was mounted in epoxy and plunged in the solution for 1 hour to obtain a steady state.",epoxy,,|,|
  EIS  |  NOVA  ,,based|performed|using,,|Electrochemical detection methods based on EIS,,Electrochemical detection methods based on EIS were performed in the range of frequency from 10000 to 0.01 Hz using a NOVA software.,,,|,|
,,done|using,,10 mV. The morphology characterizations of the HNT samples,,The amplitude of the sinusoidal voltage signal was 10 mV. The morphology characterizations of the HNT samples were done by using the field emission scanning electron microscopy (FESEM; FEI/Nova NanoSEM 450) at ambient temperature.,,scanning electron microscopy|field emission scanning electron microscopy|field emission scanning electron microscopy|scanning electron microscopy|microscopy,10 m|,|
  HNT  |  FEI/Nova  ,,,,,,3.,,,|,|
