chem_tag_mol,chem_tag_quan,v,arg0,arg1,arg2,sentence,mol,proc,quan,condns
,,used|duced|make,Experimental Most of the galvanized steel sheets used for the tests|a batch type galvanizing simulator for laboratory use ( Rhesca,on a batch type galvanizing simulator for laboratory use ( Rhesca make )|,for the tests,Experimental Most of the galvanized steel sheets used for the tests were pro- duced on a batch type galvanizing simulator for laboratory use (Rhesca make).,,,|,|
  carbon  |  Zn  ,,killed|heated|containing|held|cooled|dipped|plating|cooled|controlling|ing,||Material sheets of a low carbon Al - killed steel,|Material sheets of a low carbon Al - killed steel|10 volume % of H 2|10 volume % of H 2|10 volume % of|Material sheets of a low carbon Al - killed steel||Material sheets of a low carbon Al - killed steel|the coating weight by N 2 gas wip- ing,|in a Zn alloy plating bath at 450 ° C for 3 s|at 450 ° C,"Material sheets of a low carbon Al-killed steel were heated to 800°C in an N 2 atmosphere containing 10 volume % of H 2 , held at the temperature for 60 s, cooled with N 2 gas to 500°C, then dipped in a Zn alloy plating bath at 450°C for 3 s, and cooled to the room temperature after controlling the coating weight by N 2 gas wip- ing.",Al|carbon|N|H|N 2 gas|Zn,plating,|,800°C|60 s|500°C|450°C|
  Zn  ,,plating|changed|following,,|The composition of the Zn alloy plating bath|,,"The composition of the Zn alloy plating bath was changed within the following ranges: Al, from 5 to 11%; Mg, from 0 to 3%; and Si, from 0 to 0.2%.",Al|Zn|Si|Mg,plating,|,|
,,analyzed|coupled|dissolving|using,by the inductive coupled plasma method ( ICP ) after dissolving them using hydrochloric acid|,The composition of the plating layers of test pieces|||,,The composition of the plating layers of test pieces was analyzed by the inductive coupled plasma method (ICP) after dissolving them using hydrochloric acid.,hydrochloric acid,plating|inductive coupled plasma method,|,|
  Si  ,,evaluated|plated,,The corrosion resistance of plating,,The corrosion resistance of plating was evaluated on plated speci- mens without any additional treatment through measurement of cor- rosion weight loss at a salt spray test in accordance with JIS Z 2371 (hereinafter SST).,,plating|salt spray test|salt spray test,|,|
  hydrochloric  acid  ,,,,,,The corrosion resistance after painting was evalu- NIPPON STEEL TECHNICAL REPORT No.,,,|,|
  JIS  |  SST  ,,ated|following|subjected|applied|underwent|shown,,||an epoxy paint 5 µm in thickness and an acrylic paint 15 µm in thickness,to a chro- mate treatment of 50 mg / m2 in terms of Cr deposit|a corrosion test under the cycle shown in Fig,"87 JANUARY 2003 - 25 - ated in the following manner: specimens were subjected to a chro- mate treatment of 50 mg/m2 in terms of Cr deposit; then, an epoxy paint 5 µm in thickness and an acrylic paint 15 µm in thickness were applied to them as a primer and a top coat, respectively; the speci- mens underwent a corrosion test under the cycle shown in Fig.",epoxy|acrylic|Cr,,50 m|50 mg/m2|5 µm|15 µm|,|
  TECHNICAL  ,,creep|measured,,the edge creep width at a cut end face,,1; and the edge creep width at a cut end face was measured.,,,|,|
  JANUARY  |  Cr  ,,measured|using|make,,The polarization of a plating film|,,The polarization of a plating film was measured using a potentiostat (Solortron make).,,plating,|,|
  acrylic  ,,immersed|using|conducted,,,in a 5 % NaCl solution for 3 h|as a counter electrode and an Ag / AgCl electrode as a reference electrode,"The specimens were immersed in a 5% NaCl solution for 3 h, using a Pt electrode as a counter electrode and an Ag/AgCl electrode as a reference electrode, and then, anode and cathode polarization was conducted at a potential scanning rate of 1 mV/s.",AgCl|Pt|NaCl|Ag,,5%|1 m|,|
,,,,,,3.,,,|,|
