chem_tag_mol,chem_tag_quan,v,arg0,arg1,arg2,sentence,mol,proc,quan,condns
  EXPERIMENTAL  ,,,,,,EXPERIMENTAL 2.1.,,,|,|
"  FLUKA  |  sodium  chloride  ,   NaCl  |  POCH  |  hydrochloric  acid  ,   HCl  ",,used|make,,|,,Solutions The following reagents were used to make the solutions: FLUKA analytical grade sodium chloride (NaCl) and POCH analytical grade hydrochloric acid (HCl).,HCl|sodium chloride|NaCl|hydrochloric acid,,|,|
  Water  ,,distilled|used,,,|as a solvent,"Water, which was distilled three times, was used as a solvent.",,,|,|
  sodium  chloride  |  hydrochloric  acid  |  Cl-ions  ,,supporting|obtained|mixing,,||,,"The corrosive environment (supporting electrolyte) was obtained by mixing the sodium chloride (1 M) and hydrochloric acid (1 M), so the concentration of Cl - ions was 1.2 M and the pH was 1.5.",sodium chloride|hydrochloric acid|Cl ,,1 M|1 M|1.2 M|,|
,,,,,,Int.,,,|,|
,,,,,,J. Electrochem.,,,|,|
,,,,,,"Sci.,",,,|,|
,,,,,,Vol.,Vol,,|,|
,,,,,,"8, 2013 9266 2.2.",,,|,|
,,working|made,,Electrodes The working electrode ( a stationary ),from C45 carbon steel,Electrodes The working electrode (a stationary) was made from C45 carbon steel.,carbon,,|,|
  carbon  ,,follows,,,,"The elemental composition of the steel was as follows (wt.%): C: 0.42 – 0.50, Mn: 0.50 – 0.80, Si: 0.10 – 0.40, P: 0.04, S: 0.04.",Mn|Si,,|,|
  Mn  |  Si  |  P  ,,produced,by electrospark technique,,,The coatings were produced by electrospark technique.,,electrospark technique,|,|
,,in height|deposit|working,,"Cylindrical electrodes , 5 mm in diameter and 10 mm",to deposit the coatings WC - Cu on the steel surface of working electrode|on the steel surface of working electrode,"Cylindrical electrodes, 5 mm in diameter and 10 mm in height were used to deposit the coatings WC-Cu on the steel surface of working electrode.",,,5 mm|10 mm|,|
  WC-Cu  ,,produced,,,"in a graphite matrix of tungsten carbide ( particle diameter ~0,2 m ) and metallic copper ( particle diameter ~0.04 m ) nanopowders at a temperature of 950 ° C , under a pressure of 40 MPa","They were produced by means of the impulse-plasma sintering method in a graphite matrix of tungsten carbide (particle diameter ~0,2 m) and metallic copper (particle diameter ~0.04 m) nanopowders at a temperature of 950 °C, under a pressure of 40 MPa.",tungsten carbide|graphite|copper,impulse-plasma sintering method,40 M|,950 °C|
  graphite  |  tungsten  carbide  |  copper  ,,mixed,,,"in the following proportions : 75 % WC and 25 % Cu , 50 % WC and 50 % Cu , 25 % WC and 75 % Cu","The nanopowders were mixed in the following proportions: 75% WC and 25% Cu, 50% WC and 50% Cu, 25% WC and 75% Cu.",Cu|Cu|WC|Cu|WC|WC,,75%|25%|50%|50%|25%|75%|75% |25% |50% |50% |25% |75% ,|
  WC  |  Cu  |  WC  |  Cu  |  WC  |  Cu  ,   75  %   ,given,,,,"The following designations were given to the particular electrodes: WC25-Cu75, WC50- Cu50 and WC25-Cu75, Figure 1.",,,|,|
  WC25-Cu75  |  WC50-Cu50  |  WC25-Cu75  ,,,,,,Figure 1.,,,|,|
,,mixture|containing|used|deposit,Composition of nanopowders|Composition of nanopowders mixture|Composition of nanopowders,|Composition of nanopowders mixture containing tungsten carbide and copper An EIL-8A pulse spark generator|on the steel surface,to deposit the coatings on the steel surface,Composition of nanopowders mixture containing tungsten carbide and copper An EIL-8A pulse spark generator was used to deposit the coatings on the steel surface.,tungsten carbide|copper,,|,|
  tungsten  carbide  |  copper  |  EIL-8A  ,,regulating,output of voltage 250 V ( 50 Hz ),,,"The maximum output power of the electrospark deposition welder was 4 KW, with output of voltage 250 V (50 Hz) continuously regulating, and eight-step capacitance (470 µF).",,deposition|deposition,|,|
  KW  ,,held|rotates|round,|,,,The revolving electrode was held on the deposition gun that rotates round its own axis at the speed of 2400 circles/minute during the work time.,,deposition|deposition,2400 circles/minute|2400 circles/minute|,|
,,shown,,Scheme of formation the layer on the surface of metal ( electrode ),,Scheme of formation the layer on the surface of metal (electrode) is shown in Figure 2 [5].,,,|,|
,,depends,The quality of electrospark deposition,"on the shape , duration , and average value of current or pulse power",,"The quality of electrospark deposition depends mainly on the shape, duration, and average value of current or pulse power.",,deposition|deposition,|,|
,,operating,,the number of generators,,An average value of current is directly proportional to the number of generators operating in parallel.,,,|,|
,,shows,,the SEM image of the top surface of the WC50-Cu50 coating on the C45 carbon steel surface,,Figure 2a shows the SEM image of the top surface of the WC50-Cu50 coating on the C45 carbon steel surface.,carbon,,|,|
  WC50-Cu50  |  carbon  ,,spattering|can|seen,,,,The splash appearance and spattering particles can be seen.,,,|,|
,,formed,,,,The molten droplets formed on the electrode tip during the heating process.,,heating process,|,|
,,accelerated|impinge|resulting,"by high current plasma , and impinge on the substrate surface|",|on the substrate surface,in the splash at different directions,"The droplets are accelerated by high current plasma, and impinge on the substrate surface, resulting in the splash at different directions.",,,|,|
,,illustrated|appears,,The SEM image of the top surface of the single - pulse deposition|,,"The SEM image of the top surface of the single-pulse deposition is illustrated in Figure 2b, which appears as one of the units of the coating.",,deposition|deposition,|,|
,,overlap|make,,|the coating on the surface of metal,with each other,The countless single-pulse points overlap with each other and make up the coating on the surface of metal.,,,|,|
,,,,,,Int.,,,|,|
,,,,,,J. Electrochem.,,,|,|
,,,,,,"Sci.,",,,|,|
,,,,,,Vol.,Vol,,|,|
,,,,,,"8, 2013 9267 Figure 2.",,,|,|
,,working,,,,Scheme of formation the layer on the surface of working electrode Figure 2a.,,,|,|
,,,,,,SEM image of the top surface of WC50-Cu50 coating on the C45 carbon steel surface.,carbon,,|,|
,,,,,,Magnification 100× Figure 2b.,,,|,|
  WC50-Cu50  |  carbon  ,,,,,,SEM image of the top surface of WC50-Cu50 single-pulse deposition on the C45 carbon steel surface.,carbon,deposition|deposition,|,|
,,,,,,Magnification 150× Int.,,,|,|
  WC50-Cu50  |  carbon  ,,,,,,J. Electrochem.,,,|,|
,,,,,,"Sci.,",,,|,|
,,,,,,Vol.,Vol,,|,|
,,working,,,,"8, 2013 9268 The geometric surface area of the working electrode was 4.5 cm 2 .",,,4.5 cm|,|
,,polished,,,with emery paper 2500 grade,"Before every measurement, each electrode was carefully polished with emery paper 2500 grade.",,,|,|
,,rinsed|distilled|degreased,,,with double distilled water and degreased in ethanol|,Then the electrode was rinsed with double distilled water and degreased in ethanol.,ethanol,,|,|
,,working|prepared|immersed,,The working electrode prepared in such a way,in the test solution,The working electrode prepared in such a way was immediately immersed in the test solution.,,,|,|
,,saturated|used,,,as the reference,A saturated calomel electrode (SCE) was used as the reference.,calomel,,|,|
  water  |  ethanol  ,,connected|using,,,with the solution,It was connected with the solution using a Luggin capillary.,,,|,|
,,working|electrode,,|about 3 mm,,The capillary tip was opposite to the end of working electrode about 3 mm from it.,,,3 mm|,|
,,made,,,from platinum foil ( 99.99 % Pt ),The counter electrode (1 cm 2 ) was made from platinum foil (99.99% Pt).,platinum|Pt,,1 cm|99.99%|99.99% ,|
,,,,,,2.3.,,,|,|
,,Measuring|made|using,,"||a potentiostat / galvanostat PGSTAT 128N , AutoLab , Netherlands with NOVA 1.7 software the same firm",,"Measuring instruments All electrochemical measurements were made using a potentiostat/galvanostat PGSTAT 128N, AutoLab, Netherlands with NOVA 1.7 software the same firm.",,,128N|,|1.7 so
  platinum  |  Pt  ,   99.99  %   ,treated,,,,The coatings WC-Cu were treated with an Nd:YAG laser (impulse mode) model BLS 720.,Nd,,|,|
,   99.99  %   ,applied,,,,Nitrogen as protective gas was applied.,Nitrogen,,|,|
  PGSTAT  |  NOVA  ,,alloyed|lased|modified|following|changed|jump,The samples with electrospark alloyed coatings,with the following parameters||,,"The samples with electrospark alloyed coatings were lased modified with the following parameters: laser spot diameter 0.7 mm, laser power was changed in range from 50 to 70 W, traverse speed 250 mm/min, pulse duration 0.4 ms, pulse repetition frequency 50 Hz, and laser beam shift jump 0.4 mm.",,,0.7 mm|250 mm|250 mm/min|0.4 m|0.4 mm|,|
  WC-Cu  |  Nd  ,,observed|using,,|,,"Surface topography was observed using a scanning electron microscope (SEM) Joel, type JSM- 5400.",,,|,|
  Nitrogen  ,,accelerating|carried|using|equipped|powered|changed,by means of the X - ray diffraction method|,"|a Philips PW 1830 spectrometer , equipped with a copper anode tube powered with a voltage of 40 kV ,|",with a copper anode tube powered with a voltage of 40 kV,"The accelerating voltage was 20 kV. An analysis of the phase composition of the WC-Cu coatings was carried out by means of the X-ray diffraction method using a Philips PW 1830 spectrometer, equipped with a copper anode tube powered with a voltage of 40 kV, and a current of 30 mA. During the measurement, the 2  angle was changed in range 30 – 60 0 , the scan rate was 0.05 0 /3 seconds.",copper,x-ray diffraction|x-ray diffraction method,30 m|,|1830 sp|30 sp
  W  ,,determined|using|set|carried|maintained|using,by means of the Vickers hardness test|,"The microhardness values of WC - Cu coatings|a Microtech MX3 microhardness tester set to a load of 0.4 N. All measurements were carried out at a temperature of 25±0.5 0 C , which were maintained using an air thermostat|a load of 0.4 N. All measurements","using a Microtech MX3 microhardness tester set to a load of 0.4 N. All measurements were carried out at a temperature of 25±0.5 0 C , which were maintained using an air thermostat","The microhardness values of WC-Cu coatings were determined by means of the Vickers hardness test using a Microtech MX3 microhardness tester set to a load of 0.4 N. All measurements were carried out at a temperature of 25±0.5 0 C, which were maintained using an air thermostat.",,vickers hardness test,0.4 N|,|
  JSM-5400  ,,started|deoxidized,,,,"The experiment was started after 30 min of immersion of the electrode in the testing solution, which was not mixed, and not deoxidized.",,,30 m|,30 min|
,,,,,,2.4.,,,|,|
  WC-Cu  |  copper  ,,curves|recorded,,|,,Potentiodynamic polarization curves The potentiodynamic polarization curves were recorded in a 1.2 M Cl - acid solution.,Cl - acid,potentiodynamic polarization,1.2 M|,|
,,carried|-200,,,,Measurements were carried out under a potential range from -800 to -200 mV vs. SCE whereas the potential change rate was 1 mV s -1 .,,,1 m|,|
  WC-Cu  |  MX3  |  tester  ,,used|designate,,|,,Potentiodynamic polarization curves were used to designate the corrosion potential (Ecorr) and corrosion current density (jcorr).,,potentiodynamic polarization,|,|
  C  ,,calculated|using|following,,||,,The corrosion rate was calculated using the following equation [9-11]: n Mj .k corr corr  2683 (1) Int.,,,|,|
,,,,,,J. Electrochem.,,,|,|
,,,,,,"Sci.,",,,|,|
  Cl-acid  ,   1.2  M   ,,,,,Vol.,Vol,,|,|
,   1.2  M   ,exchanged,,"iron , n - number of electrons",,"8, 2013 9269 where jcorr is the corrosion current density, M - molecular weight of iron, n - number of electrons exchanged,  - iron density.", - iron|iron,,|,|
,   1.2  M   ,,,,,3.,,,|,|
