chem_tag_mol,chem_tag_quan,v,arg0,arg1,arg2,sentence,mol,proc,quan,condns
  EXPERIMENTAL  ,,,,,,EXPERIMENTAL 2.1 Substrate pre-treatment.,,,|,|
  SiC  |  P800  |  acetone  ,,using|followed|cleaned|rinsed|dried,,|by ultrasonically cleaned with acetone||,with ultra - pure,"Prior to electrodeposition process, stainless steel substrate, type SS 304 (2 x 2 cm 2 ) was mechanically polished using SiC papers from P800 to P4000 grit, followed by ultrasonically cleaned with acetone and rinsed with ultra-pure for 15 min each before dried at room temperature.",acetone|SiC,deposition|deposition|electrodeposition|electrodeposition process,2 cm|15 m|,15 min|
,,used|mask|desired,,|,to mask off the stainless steel substrates except surface area of 2 cm 2 in which deposition was desired,An adhesive tape was used to mask off the stainless steel substrates except surface area of 2 cm 2 in which deposition was desired.,,deposition|deposition,2 cm|,|
,,,,,,2.2 Electrochemical studies.,,,|,|
  copper  ,,coated|done,,|The electrochemical studies of copper coated stainless steel,,The electrochemical studies of copper coated stainless steel were done by cyclic voltammetry (CV) and chronoamperometry (CA).,copper,,|,|
  platinum  |  Ag <dash>/</dash> AgCl  |  CuSO4  ,   0.01  M   ,carried|polished|working,,,,"Experiments were carried out in a glass cell with three electrodes: polished stainless steel substrate as working electrode, platinum rod as a counter electrode and Ag/AgCl as a reference electrode, in 0.01 M CuSO4 solution.",platinum|CuSO4|AgCl|Ag,,0.01 M|,|
  CuSO4  |  H2SO4  ,,prepared|using|adjusted|adding,,|reagent grade of CuSO4,,The solution was prepared using reagent grade of CuSO4 and adjusted to pH 1 by adding concentrated H2SO4.,H2SO4|CuSO4,,|,|
,,carried|scanning|switched,,|the potential from +0.5 V to -0.5 V,,CV experiment was carried out by scanning the potential from +0.5 V to -0.5 V and switched back to +0.5 V at a scan rate of 10 mV/s.,,,10 m|,|
  CA  ,,investigated,,the effect of applied potential and deposition time,,"While, in CA study, the effect of applied potential and deposition time was investigated.",,deposition|deposition,|,|
  Ag <dash>/</dash> AgCl  ,,-0.4|chosen|based,,||,on CV result,"Four different potentials (e.g. -0.25 V, -0.3 V, -0.4 V and -0.5 V vs Ag/AgCl) were chosen based on CV result.",AgCl|Ag,,|,|
  copper  ,,studied|compared,,"the electrodeposition of copper on stainless steel at -0.25 V for 60 s up to 900 s ,|the electrodeposition of copper on stainless steel at -0.25 V for 60 s up to 900 s",,"Whilst, for the effect of deposition time, the electrodeposition of copper on stainless steel at -0.25 V for 60 s up to 900 s, were studied and compared.",copper,deposition|deposition|electrodeposition,|,60 s|900 s|
  FRA2  |  PC  |  NOVA  ,,controlled|using|running|performed,,"|an Autolab Potentiostat ( Aut302 FRA2 ) , interface with a PC running NOVA software",,"All experiments were controlled using an Autolab Potentiostat (Aut302 FRA2), interface with a PC running NOVA software and were performed under room temperature.",Potentiostat,,|,|
,,,,,,2.3 Coatings characterization.,,,|,|
  copper  |  Cu  ,,obtained|examined|analyzed,"by several methods|by Field Emission Scanning Electron microscope ( FESEM|by a diffractometer ( X’pert pro - MPD , PANalytical ) with thin film X - ray diffraction ( TF - XRD ) capability with Cu Kα radiation",Characterization of the prepared copper coatings|the surface morphology of the prepared samples|Carl Zeiss SMT Supra 40 VP ) and the crystallography and phase structure of the prepared samples,,"Characterization of the prepared copper coatings was obtained by several methods: the surface morphology of the prepared samples was examined by Field Emission Scanning Electron microscope (FESEM, Carl Zeiss SMT Supra 40 VP) and the crystallography and phase structure of the prepared samples were analyzed by a diffractometer (X’pert pro-MPD, PANalytical) with thin film X-ray diffraction (TF-XRD) capability with Cu Kα radiation.",Cu|copper,x-ray diffraction|crystallography,|,|
,,produced|matched,,,with reference pattern available,The produced patterns were matched with reference pattern available in the X’pert Highscore Plus software.,,,|,|
,,,,,,Int.,,,|,|
,,,,,,J. Electrochem.,,,|,|
,,,,,,"Sci.,",,,|,|
,,,,,,Vol.,Vol,,|,|
,,,,,,"12, 2017 6013 3.",,,|,|
