{"id": 2020, "text": "sent Material and method Surface of plain carbon steel plates in the size of 20 mm×20 mm×2 mm was roughened by sand blasting and then coated with an intermediary Ni–Cr layer that increases the adhesion of coating.\n Martensitic stainless steel coating was applied by HVOF thermal spray process on the steel plates.\n The average coating thickness was ≈ 150 µm.\n The HVOF-sprayed 420 martensitic stain- less steel coating was used as the substrate material for the preparation of electroless Ni–P/Ni–B duplex coating.\n To generate a Ni–P/Ni–B duplex coating, the surface of the HVOF-sprayed 420 martensitic stainless steel coa- ting was prepared for plating by mechanical grinding, acetone degreasing and etching in a 30 vol.%HCl solu- tion for 1 min.\n A continuous Ni–P deposit was applied to form the first layer before immersion in the electro- less Ni–B bath for the second layer.\n By the preparation of Ni–P coating, a commercial Ni–P electroless solution (Durni-Coat DNC 520-9) was used.\n The stirring rate of plating bath was about 250 r/min, using a magnetic stir- rer and a polytetrafluoroethylene (PTFE) coated magnet with 2 cm length and 5 mm in diameter.\n The deposition was carried out in a 100 ml thermostated double wall be- aker at 90 ◦C and pH 4.6 for 2 h to achieve a thickness of ≈ 3.5 µm.\n The Ni–B plating took place at 95 ◦C and pH 13.5 for 2 h to achieve a thickness of ≈ 36 µm in a thermostated cell with a volume of 100 ml.\n The elec- troless Ni–B bath used for this study uses sodium bo- rohydride as a reducer, nickel chloride hexahydrate as a nickel source, ethylene diamine as a complexing agent and lead nitrate as a stabilizer.\n More details on the bath composition have been given by Bulbul [7].\n The cross- section of the coating was included in epoxy resin and polished by metallographic procedures.\n (64) http://doi.org/10.12693/APhysPolA.131.64 mailto:ferda.mindivan@bilecik.edu.tr mailto:ferda.mindivan@bilecik.edu.tr The Study of Electroless Ni–P/Ni–B Duplex Coating. . .\n 65 Characteristics of the HVOF-sprayed martensitic stainless steel coating and duplex treated coating were investigated by microscopic examinations, X-ray dif- fraction (XRD) analyses, microhardness measurements, dry sliding wear and corrosion tests.\n The cross-sectional microstructure of the coatings was inspected with an optical microscopy (OM) and a scanning electron mi- croscope (SEM) equipped with an energy dispersive spectroscopy (EDS).\n The cross-sectional microhardness measurements were carried out using a Vickers micro- hardness tester (Shimadzu) with a load 50 g and a dwell time of 10 s. Dry sliding wear performances of the coatings were performed on a reciprocating wear tester operating in ball-on-disc configuration at room temperature.\n In this configuration, an Al2O3 ball with a diameter of 10 mm was sliding forward and backward against the coatings with a sliding speed of 1.7 cm s−1.\n Normal load of the test, sliding amplitude (wear track length) of the reci- procating motion, and overall sliding distance were 5 N, 10 mm, and 50 m, respectively.\n During the wear tests, the temperature and the relative humidity were maintained as 20±5 ◦C and 30±5%, respectively.\n The friction coef- ficient force was continuously recorded during the tests.\n After the wear test, the wear tracks formed on the co- atings were detected by a surface profilometer (Surftest SJ 400).\n The wear of the Al2O3 balls were evaluated by an OM examination of their contact surfaces.\n To evalu- ate wear mechanisms, wear tracks of the coatings were further studied using a SEM.\n The electrochemical corrosion tests of the coatings were performed utilizing a typical three electrode potenti- odynamic polarization test unit in the corroding media of aerated solution of 3.5 wt% NaCl at room temperature.\n Before potentiodynamic polarization measurements, an initial delay of 45 min was employed in order to measure the open circuit potential between working and reference electrodes.\n Potentiodynamic polarization curves were ge- nerated by sweeping the potential from cathodic to ano- dic direction at a scan rate of 1 mV s−1, starting from –0.25 up to +0.25 V. The corrosion potential (Ecorr) and corrosion current density (icorr) were determined using the Tafel extrapolation method.\n Finally, the surface ima- ges of the corroded coatings were examined using an OM in order to determine the morphology of the developed corrosion.\n 3.", "meta": {}, "annotation_approver": null, "labels": [[3895, 3903, "ACTIONS"], [1184, 1191, "ACTIONS"], [2508, 2515, "ACTIONS"], [1208, 1220, "ACTIONS"], [1403, 1415, "ACTIONS"], [2315, 2324, "ACTIONS"], [2225, 2232, "ACTIONS"], [2617, 2624, "ACTIONS"], [2833, 2840, "ACTIONS"], [2890, 2897, "ACTIONS"], [2945, 2952, "ACTIONS"], [3026, 3033, "ACTIONS"], [3436, 3445, "ACTIONS"], [4390, 4399, "ACTIONS"], [2400, 2408, "ACTIONS"], [634, 642, "ACTIONS"], [3567, 3574, "ACTIONS"], [791, 795, "ACTIONS"], [4050, 4058, "ACTIONS"], [423, 427, "ACTIONS"], [985, 989, "ACTIONS"], [1475, 1479, "ACTIONS"], [2115, 2127, "ACTIONS"], [2664, 2673, "ACTIONS"], [3646, 3655, "ACTIONS"], [1495, 1499, "ACTIONS"], [1764, 1772, "ACTIONS"], [3253, 3261, "ACTIONS"], [4039, 4046, "ACTIONS"], [179, 188, "ACTIONS"], [3656, 3665, "ACTIONS"], [687, 697, "ACTIONS"], [3759, 3766, "ACTIONS"], [3155, 3165, "ACTIONS"], [369, 376, "ACTIONS"], [580, 587, "ACTIONS"], [2039, 2046, "ACTIONS"], [134, 140, "ACTIONS"], [1111, 1117, "ACTIONS"], [4422, 4431, "ACTIONS"], [1605, 1615, "ACTIONS"], [2183, 2191, "ACTIONS"], [3740, 3749, "ACTIONS"], [4247, 4257, "ACTIONS"], [3850, 3857, "ACTIONS"], [3916, 3923, "ACTIONS"], [1704, 1709, "ACTIONS"], [2094, 2101, "ACTIONS"], [1792, 1800, "ACTIONS"], [2233, 2237, "ACTIONS"], [2625, 2629, "ACTIONS"], [2964, 2968, "ACTIONS"], [3509, 3513, "ACTIONS"], [255, 262, "ACTIONS"], [780, 787, "ACTIONS"], [98, 107, "ACTIONS"], [4297, 4304, "ACTIONS"], [1047, 1052, "ACTIONS"], [2520, 2525, "ACTIONS"], [3575, 3580, "ACTIONS"], [4258, 4263, "ACTIONS"], [4366, 4371, "ACTIONS"], [4035, 4038, "ACTIONS"], [1324, 1328, "ACTIONS"], [3348, 3356, "ACTIONS"], [1273, 1280, "ACTIONS"], [1367, 1374, "ACTIONS"], [2793, 2798, "MOLECULES"], [3419, 3424, "MOLECULES"], [1776, 1787, "MOLECULES"], [3787, 3791, "MOLECULES"], [42, 54, "MOLECULES"], [3337, 3341, "MOLECULES"], [723, 726, "MOLECULES"], [679, 686, "MOLECULES"], [1500, 1520, "MOLECULES"], [1626, 1638, "MOLECULES"], [1568, 1574, "MOLECULES"], [1583, 1599, "MOLECULES"], [1535, 1562, "MOLECULES"], [1080, 1103, "MOLECULES"], [1105, 1109, "MOLECULES"], [494, 498, "MOLECULES"], [535, 539, "MOLECULES"], [850, 854, "MOLECULES"], [1311, 1315, "MOLECULES"], [1465, 1469, "MOLECULES"], [1982, 1986, "MOLECULES"], [111, 124, "PROCESS"], [3291, 3300, "PROCESS"], [1169, 1179, "PROCESS"], [3821, 3849, "PROCESS"], [2333, 2351, "PROCESS"], [647, 654, "PROCESS"], [1013, 1020, "PROCESS"], [1316, 1323, "PROCESS"], [658, 677, "PROCESS"], [702, 709, "PROCESS"], [1036, 1045, "QUANTITY"], [1130, 1134, "QUANTITY"], [1146, 1150, "QUANTITY"], [1392, 1397, "QUANTITY"], [1201, 1207, "QUANTITY"], [1438, 1444, "QUANTITY"], [1298, 1304, "QUANTITY"], [3048, 3051, "QUANTITY"], [3064, 3068, "QUANTITY"], [2582, 2586, "QUANTITY"], [351, 357, "QUANTITY"], [2823, 2828, "QUANTITY"], [3053, 3058, "QUANTITY"], [2907, 2913, "QUANTITY"], [3181, 3186, "QUANTITY"], [3779, 3787, "QUANTITY"], [2607, 2611, "CONDITIONS"], [3884, 3890, "CONDITIONS"], [3169, 3177, "CONDITIONS"], [1245, 1251, "CONDITIONS"], [1338, 1344, "CONDITIONS"], [77, 93, "QUANTITY"], [162, 167, "MOLECULES"], [266, 292, "PROCESS"], [489, 493, "MOLECULES"], [530, 534, "MOLECULES"], [715, 723, "QUANTITY"], [742, 747, "CONDITIONS"], [762, 767, "MOLECULES"], [905, 909, "MOLECULES"], [932, 936, "MOLECULES"], [604, 619, "MOLECULES"], [393, 419, "MOLECULES"], [227, 243, "MOLECULES"], [1266, 1269, "CONDITIONS"], [1359, 1363, "CONDITIONS"], [1977, 1981, "MOLECULES"], [2059, 2074, "MOLECULES"], [2207, 2219, "ACTIONS"], [2241, 2257, "PROCESS"], [2417, 2448, "PROCESS"], [2449, 2452, "PROCESS"], [2490, 2502, "ACTIONS"], [2528, 2558, "PROCESS"], [2693, 2704, "PROCESS"], [2748, 2764, "CONDITIONS"], [3096, 3106, "PROCESS"], [3318, 3324, "ACTIONS"], [3795, 3811, "CONDITIONS"]]}
