{"id": 2021, "text": "sent EXPERIMENTAL 2.1.\n Chemicals and materials Iridium(IV) chloride hydrate (IrCl4.xH2O) (Catalogue no.\n 516996); 30% hydrogen peroxide (Catalogue no.\n 216763); oxalic acid (Catalogue no.\n 75699); potassium carbonate K2CO3 (Catalogue no.\n P5833); stainless steel rods, 2.4 mm diameter; and standard pH solution buffer (4, 7, and 9) were used in this study.\n All chemicals were analytical reagent grade and purchased form sigma-Aldrich, USA.\n Distilled water was used for preparing all solution.\n Int.\n J. Electrochem.\n Sci.,\n Vol.\n 8, 2013 3292 2.2.\n Preparation of IrO2 electrode A stainless steel rod 2.4 mm in diameter and 20 mm long was used as substrate (working electrode).\n Electrode was connected to a copper wire, and then mounted in Acrylic to insulate all area except a circular exposed area of 4.5 mm 2 for electrodeposition.\n The electrodes are polished by using sandpaper of different grit sizes, diamond paste and alumina powder to achieve a surface roughness of 0.5 µm.\n The electrodes were then rinsed and ultrasonically cleaned in acetone and deionized water.\n The solution was prepared by adding 150 mg of IrCl4.xH2O in 100 mL of distilled water into a 200-mL glass beaker, and then followed by stirring for 10 minutes to dissolve completely.\n Then 360 mg oxalic acid was added to the solution and then stirred for another 10 minutes.\n A 1-mL of 30% hydrogen peroxide was added, and then solution was left for 15 min stirring.\n The pH of the solution was increased slowly to pH 10.5 by adding anhydrous potassium carbonate [15].\n A light green solution was obtained.\n The solution was allowed to age for two days in an air-conditioned laboratory to achieve a dark blue stable solution.\n The schematic of the preparation is shown in figure 2.\n Figure 2.\n Solution preparation and electrodeposition setup As shown in figure 3, a three electrode cell was used in this study.\n An iridium oxide layers were deposited on stainless steel working electrode by using an Ag/AgCl reference electrode and a mesh Pt counter electrode.\n A cyclic voltammetry method between -0.5 to 0.65 V (vs. Ag/AgCl) was applied at different cycles and sweep rates as shown in Table 1.\n A potentiostat/galvanostat (Autolab, Metrohm, model PGSTAT 128N) was used in cyclic voltammetry deposition (CV) of EIROF and in CV, electrochemical impedance spectroscopy (EIS), open circuit potential (OCP) measurements.\n A conventional glass pH electrode was used for pH sensor calibration.\n In this study, all impedance spectra were measured with a 10-mV (Amplitude, rms) AC Int.\n J. Electrochem.\n Sci.,\n Vol.\n 8, 2013 3293 sinusoidal signal in the frequency range of 0.01 Hz to 10 kHz.\n NOVA-1.8 software was used to do the EIS measurements and curve fitting analysis.\n The potential response of EIROF in standard pH solution buffer (4, 7, and 9) was measured by potentiostat at room temperature.\n The electrodeposited iridium oxide was characterized by CV, Atomic Force Microscopy (AFM), Field Emission Scanning Electron Microscopy (FESEM) (HITACHI), and Energy-Dispersive X-ray spectroscopy (EDX).\n Figure 3.\n Schematic diagram of an electrodeposition setup: (1) Pt mesh counter electrode, (2) stainless steel (working electrode), (3) Ag/AgCl reference electrode 3.", "meta": {}, "annotation_approver": null, "labels": [[1215, 1223, "ACTIONS"], [1437, 1445, "ACTIONS"], [661, 668, "ACTIONS"], [1951, 1958, "ACTIONS"], [3194, 3201, "ACTIONS"], [1922, 1931, "ACTIONS"], [1109, 1115, "ACTIONS"], [1506, 1512, "ACTIONS"], [2112, 2119, "ACTIONS"], [1097, 1105, "ACTIONS"], [1577, 1585, "ACTIONS"], [2918, 2931, "ACTIONS"], [1323, 1330, "ACTIONS"], [755, 763, "ACTIONS"], [2513, 2521, "ACTIONS"], [2832, 2840, "ACTIONS"], [948, 955, "ACTIONS"], [1669, 1676, "ACTIONS"], [791, 798, "ACTIONS"], [859, 867, "ACTIONS"], [1616, 1619, "ACTIONS"], [1421, 1425, "ACTIONS"], [472, 481, "ACTIONS"], [696, 705, "ACTIONS"], [1475, 1484, "ACTIONS"], [1605, 1612, "ACTIONS"], [2424, 2433, "ACTIONS"], [871, 876, "ACTIONS"], [1972, 1977, "ACTIONS"], [1203, 1211, "ACTIONS"], [2883, 2899, "ACTIONS"], [1292, 1297, "ACTIONS"], [1392, 1397, "ACTIONS"], [338, 342, "ACTIONS"], [463, 467, "ACTIONS"], [642, 646, "ACTIONS"], [1872, 1876, "ACTIONS"], [2247, 2251, "ACTIONS"], [2438, 2442, "ACTIONS"], [2690, 2694, "ACTIONS"], [1013, 1019, "ACTIONS"], [733, 740, "ACTIONS"], [407, 416, "ACTIONS"], [1039, 1046, "ACTIONS"], [1242, 1250, "ACTIONS"], [711, 717, "MOLECULES"], [1050, 1057, "MOLECULES"], [1523, 1542, "MOLECULES"], [912, 919, "MOLECULES"], [930, 937, "MOLECULES"], [162, 173, "MOLECULES"], [1276, 1287, "MOLECULES"], [2020, 2022, "MOLECULES"], [3146, 3148, "MOLECULES"], [1981, 1983, "MOLECULES"], [2099, 2101, "MOLECULES"], [3218, 3220, "MOLECULES"], [119, 136, "MOLECULES"], [1370, 1387, "MOLECULES"], [567, 571, "MOLECULES"], [1896, 1909, "MOLECULES"], [2900, 2913, "MOLECULES"], [198, 223, "MOLECULES"], [78, 88, "MOLECULES"], [1126, 1136, "MOLECULES"], [48, 76, "MOLECULES"], [2310, 2348, "PROCESS"], [2274, 2284, "PROCESS"], [820, 837, "PROCESS"], [1799, 1816, "PROCESS"], [3117, 3134, "PROCESS"], [979, 985, "QUANTITY"], [270, 276, "QUANTITY"], [604, 610, "QUANTITY"], [627, 632, "QUANTITY"], [1140, 1146, "QUANTITY"], [1173, 1179, "QUANTITY"], [1358, 1362, "QUANTITY"], [115, 119, "QUANTITY"], [1366, 1370, "QUANTITY"], [1430, 1436, "CONDITIONS"], [248, 264, "MOLECULES"], [443, 458, "MOLECULES"], [584, 599, "MOLECULES"], [807, 815, "QUANTITY"], [1062, 1077, "MOLECULES"], [1116, 1122, "QUANTITY"], [1150, 1165, "MOLECULES"], [1228, 1238, "CONDITIONS"], [1269, 1275, "QUANTITY"], [1343, 1353, "CONDITIONS"], [1623, 1632, "CONDITIONS"], [1935, 1951, "MOLECULES"], [1984, 1988, "MOLECULES"], [2045, 2070, "PROCESS"], [2102, 2106, "MOLECULES"], [2970, 3014, "PROCESS"], [2939, 2962, "PROCESS"], [2964, 2967, "PROCESS"], [3015, 3020, "PROCESS"], [3037, 3073, "PROCESS"], [3075, 3078, "PROCESS"], [3177, 3192, "MOLECULES"], [3221, 3225, "MOLECULES"]]}
