{"id": 2022, "text": "sent EXPERIMENTAL WORK 2.1.\n Electropolymerization of aniline Aqueous electropolymerization of aniline was performed in one-compartment cell.\n The working electrode was made from steel sheet of 2x3x0.1 cm purchased from market.\n The working electrode was polished and degreased with acetone for about 10 minutes prior to the electropolymerization.\n An Ag/AgCl manufactured by Corning Company was used as the reference electrode.\n The galvanostatic technique (constant current method) was used to electrochemically coat steel with the PANi layer from solution of aniline monomer with oxalic acid electrolyte, using an EG&G Princeton Applied Research Potentiostat/Galvanostat Model 273A provided with powerCorr software.\n The main parameter investigated was the effect of aniline concentration ranged from 0.1 to 0.3 M, other parameters were fixed at certain values as pH at 1.5, oxalic acid concentration 0.3 M, and current density of 20 mA was used for 20 minutes interval for all experiments.\n After each experiment, the PANi coated steel was rinsed with distilled water and methanol and left to dry.\n 2.2.\n Surface elemental composition analysis Elemental analysis of the polyaniline coated steel was carried out by X-ray Photoelectron Spectroscopy (XPS).\n The XPS technique used was part of a multi-technique surface analysis system (MAX200, Leybold).\n From each sample a specimen of 20x20 mm size was cut and mounted on the Int.\n J. Electrochem.\n Sci.,\n Vol.\n 7, 2012 213 sample holder with four screws.\n All the samples were examined with Mg-k (1253.6 eV) at 100 watt X- ray power (10 kV x 10 mA).\n The pressure in the analysis chamber during sample analysis was less than 10 -8 mbar.\n As a precaution not to damage the carbon signal incorporated with the polyaniline, carbon element was scanned first, followed by a general survey of the sample, and the rest of the elements.\n In addition to the carbon, N, O, and Fe elements were scanned and the area under each element peak was calculated.\n The scan area was 7 mm × 4 mm and the resulted data are the average of 50 scans of each element analysed.\n The surface composition in atomic percentage was calculated using the element relative cross sectional area as supplied by the XPS manufacturer.\n 2.3.\n Examination of the performance of the buried PANi coated steel against corrosion Potentiodynamic examination (Tafel test) was used for the examination of the corrosion resistance of PANi coated steel when coupled with stainless steel while buried in a layer of 250 g sand.\n The sand was washed with deionised water for three times and then mixed with known amounts of different corrosive materials such as NaCl, H2SO4, and moisture.\n As shown in figure 1 the buried PANi coated steel and stainless steel were used as anode and cathode respectively, the corrosion current and potential were measured against Ag/AgCl reference electrode using the EG&G Princeton Applied Research Potentiostat/Galvanostat Model 273A provided with powerCorr software.\n Figure 1.\n Experimental setup for potentiodynamic examination of the formed PANi layer 3.", "meta": {}, "annotation_approver": null, "labels": [[268, 277, "ACTIONS"], [1739, 1751, "ACTIONS"], [2545, 2551, "ACTIONS"], [147, 154, "ACTIONS"], [233, 240, "ACTIONS"], [1530, 1538, "ACTIONS"], [360, 372, "ACTIONS"], [169, 173, "ACTIONS"], [685, 693, "ACTIONS"], [2971, 2979, "ACTIONS"], [1986, 1996, "ACTIONS"], [2155, 2165, "ACTIONS"], [2217, 2225, "ACTIONS"], [2598, 2603, "ACTIONS"], [2095, 2103, "ACTIONS"], [2463, 2470, "ACTIONS"], [840, 845, "ACTIONS"], [1097, 1100, "ACTIONS"], [1793, 1800, "ACTIONS"], [1937, 1944, "ACTIONS"], [2609, 2614, "ACTIONS"], [255, 263, "ACTIONS"], [1089, 1093, "ACTIONS"], [2296, 2302, "ACTIONS"], [2498, 2504, "ACTIONS"], [2717, 2723, "ACTIONS"], [1714, 1720, "ACTIONS"], [2037, 2045, "ACTIONS"], [3075, 3081, "ACTIONS"], [792, 798, "ACTIONS"], [608, 613, "ACTIONS"], [2166, 2171, "ACTIONS"], [2893, 2898, "ACTIONS"], [1203, 1210, "ACTIONS"], [1808, 1816, "ACTIONS"], [396, 400, "ACTIONS"], [488, 492, "ACTIONS"], [944, 948, "ACTIONS"], [1277, 1281, "ACTIONS"], [2384, 2388, "ACTIONS"], [2767, 2771, "ACTIONS"], [1044, 1050, "ACTIONS"], [1027, 1033, "ACTIONS"], [1186, 1192, "ACTIONS"], [2308, 2314, "ACTIONS"], [2445, 2451, "ACTIONS"], [2729, 2735, "ACTIONS"], [205, 214, "ACTIONS"], [1356, 1372, "ACTIONS"], [739, 751, "ACTIONS"], [283, 290, "MOLECULES"], [352, 354, "MOLECULES"], [2865, 2867, "MOLECULES"], [583, 594, "MOLECULES"], [878, 889, "MOLECULES"], [54, 61, "MOLECULES"], [95, 102, "MOLECULES"], [562, 569, "MOLECULES"], [770, 777, "MOLECULES"], [1913, 1914, "MOLECULES"], [1920, 1922, "MOLECULES"], [1725, 1731, "MOLECULES"], [1774, 1780, "MOLECULES"], [1902, 1908, "MOLECULES"], [1910, 1911, "MOLECULES"], [1076, 1084, "MOLECULES"], [2664, 2668, "MOLECULES"], [2670, 2675, "MOLECULES"], [1174, 1185, "MOLECULES"], [1761, 1772, "MOLECULES"], [3040, 3067, "PROCESS"], [1312, 1328, "PROCESS"], [70, 91, "PROCESS"], [325, 346, "PROCESS"], [1595, 1599, "QUANTITY"], [811, 816, "QUANTITY"], [904, 909, "QUANTITY"], [2519, 2524, "QUANTITY"], [2017, 2021, "QUANTITY"], [2024, 2028, "QUANTITY"], [28, 50, "PROCESS"], [107, 116, "ACTIONS"], [179, 184, "MOLECULES"], [194, 204, "QUANTITY"], [301, 311, "CONDITIONS"], [355, 359, "MOLECULES"], [434, 457, "PROCESS"], [533, 538, "MOLECULES"], [804, 808, "QUANTITY"], [953, 963, "CONDITIONS"], [1022, 1026, "MOLECULES"], [1056, 1071, "MOLECULES"], [1217, 1250, "PROCESS"], [1252, 1255, "PROCESS"], [1262, 1266, "PROCESS"], [1387, 1395, "QUANTITY"], [2303, 2307, "MOLECULES"], [2233, 2236, "PROCESS"], [2339, 2366, "PROCESS"], [2368, 2378, "PROCESS"], [2440, 2445, "MOLECULES"], [2476, 2492, "MOLECULES"], [2557, 2572, "MOLECULES"], [2681, 2689, "MOLECULES"], [2723, 2728, "MOLECULES"], [2736, 2741, "MOLECULES"], [2746, 2761, "MOLECULES"], [2868, 2873, "MOLECULES"], [3082, 3086, "MOLECULES"]]}
