{"id": 2025, "text": "sent EXPERIMENTAL 2.1.\n Materials The test panels were cold rolled low-carbon steel (50 × 50 × 1 mm).\n Firstly, these panels were alkaline degreased and rinsed thoroughly by deionized water.\n Then the steel sheets were electroplated by using alkaline non-cyanide zinc plating process to produce a bright zinc coating of which the thickness was about 10 µm.\n 2.2.\n Chemical Conversion Coating Preparation The Ti/Zr based chemical conversion solution was prepared using fluotitanate acid (60 wt%, 5 g/L), fluozirconate acid (45 wt%, 7.5 g/L) and hydrofluoric acid (40 wt%, 0.2 g/L).\n Also, the solution is comprised of film-forming accelerators and pH stabilizers.\n The chemical conversion coating preparation steps were as follows: (1) The pH value of the chemical conversion solution was adjusted to 3.0±0.2 using KOH or NH3·H2O, and then the solution was heated to 45±5 °C.\n (2) The freshly prepared electrogalvanized steel panels were dipped into the chemical conversion solution for 90 s. After remaining in the air for 30 s, the panels were firstly rinsed thoroughly with running tap water and then deionized water.\n (3) The converted panels were then dried with hot-air and taken to the oven with temperature of 50-60 °C for 30 minutes in order to age the conversion coatings.\n Int.\n J. Electrochem.\n Sci.,\n Vol.\n 6, 2011 4855 2.3.\n Performance Tests 2.3.1.\n Morphological Analysis The surface morphology of the conversion coating was carried out by FEI Inspect F (25 kV) Field Emission Gun Scanning Electron Microscope (FEG-SEM) equipped with Oxford INCA X-MAX 20 Energy Dispersive X-ray Spectroscopy (EDS) system.\n 2.3.2.\n Component Analysis The chemical composition of the conversion coating was analyzed by X-ray Photoelectron Spectroscopy (XPS) with a Thermo VG Scientific ESCALAB 250 spectrometer.\n The spectra were collected with a monochromatic Al Kα X-ray source (1486.6 eV).\n The depth profile analysis of the coating was conducted by argon ion sputtering with an ion gun voltage of 2 kV and current of 2 µA for 10 min.\n Scanning steps of 1 and 0.2 eV·step -1 with an interval of 50 ms were utilized for survey and high-resolution modes.\n The surface of the conversion coating was also investigated by a Nicolet Magna IR-560 Fourier Transform Infrared (FTIR) Spectrometer in the wavenumber range from 400 to 4000 cm −1 .\n 2.3.3.\n Electrochemical Characterization The tested samples were evaluated by potentiodynamic polarization curves and Electrochemical Impedance Spectroscopy (EIS) using EG&G M273 Potentiostat combined with an M5210 Lock-in Amplifier.\n A three-electrode system was employed in the tests, which was assembled with test specimen as a working electrode, large area platinum sheet was used as an auxiliary electrode and saturated calomel electrode (SCE) as a reference electrode.\n The area of the working electrode exposed to the corrosive media was 0.531 cm 2 .\n All measurements were carried out in neutral 5 w/v% NaCl solution at ambient temperature, and potentials mentioned in this paper were all relative to the SCE.\n The bare electrogalvanized steel panels were tested instantly after exposure to the electrolyte, and the samples with conversion coating were pre-immersed in the electrolyte for 10 minutes to achieve the constant open circuit potential (OCP) before measurement.\n The potentiodynamic polarization curves were acquired by M352 software from -250 to +500 mV (Vs.\n OCP) with a scan rate of 0.5 mV·s -1 .\n The EIS spectra were recorded with M398 software over a frequency range from 10 -2 to 10 5 Hz with an AC amplitude of 5 mV at OCP.\n The corrosion resistance tests data were analyzed using CorrView and ZView softwares, respectively.\n 3.", "meta": {}, "annotation_approver": null, "labels": [[2274, 2286, "ACTIONS"], [139, 148, "ACTIONS"], [287, 294, "ACTIONS"], [3364, 3372, "ACTIONS"], [901, 918, "ACTIONS"], [3065, 3082, "ACTIONS"], [2668, 2675, "ACTIONS"], [2829, 2836, "ACTIONS"], [2617, 2622, "ACTIONS"], [3614, 3619, "ACTIONS"], [414, 419, "ACTIONS"], [856, 862, "ACTIONS"], [1156, 1161, "ACTIONS"], [3478, 3486, "ACTIONS"], [1827, 1836, "ACTIONS"], [788, 796, "ACTIONS"], [3202, 3210, "ACTIONS"], [2634, 2643, "ACTIONS"], [3001, 3010, "ACTIONS"], [3248, 3255, "ACTIONS"], [219, 232, "ACTIONS"], [1253, 1256, "ACTIONS"], [2529, 2537, "ACTIONS"], [2847, 2854, "ACTIONS"], [2402, 2411, "ACTIONS"], [1704, 1712, "ACTIONS"], [3630, 3638, "ACTIONS"], [937, 943, "ACTIONS"], [1179, 1184, "ACTIONS"], [1630, 1639, "ACTIONS"], [722, 729, "ACTIONS"], [1925, 1932, "ACTIONS"], [604, 613, "ACTIONS"], [2106, 2114, "ACTIONS"], [998, 1007, "ACTIONS"], [2752, 2761, "ACTIONS"], [3198, 3201, "ACTIONS"], [1440, 1447, "ACTIONS"], [2918, 2925, "ACTIONS"], [236, 241, "ACTIONS"], [462, 467, "ACTIONS"], [808, 813, "ACTIONS"], [2500, 2505, "ACTIONS"], [3639, 3644, "ACTIONS"], [2196, 2200, "ACTIONS"], [153, 159, "ACTIONS"], [1053, 1059, "ACTIONS"], [2717, 2721, "ACTIONS"], [1535, 1543, "ACTIONS"], [2382, 2388, "ACTIONS"], [3101, 3107, "ACTIONS"], [1937, 1946, "ACTIONS"], [60, 66, "ACTIONS"], [2601, 2609, "ACTIONS"], [2948, 2952, "MOLECULES"], [1858, 1860, "MOLECULES"], [2896, 2898, "MOLECULES"], [71, 83, "MOLECULES"], [1950, 1955, "MOLECULES"], [2762, 2769, "MOLECULES"], [2698, 2706, "MOLECULES"], [503, 521, "MOLECULES"], [544, 561, "MOLECULES"], [468, 485, "MOLECULES"], [411, 413, "MOLECULES"], [408, 410, "MOLECULES"], [304, 308, "MOLECULES"], [821, 828, "MOLECULES"], [814, 817, "MOLECULES"], [2415, 2443, "PROCESS"], [677, 695, "PROCESS"], [1261, 1279, "PROCESS"], [1417, 1435, "PROCESS"], [1681, 1699, "PROCESS"], [2173, 2191, "PROCESS"], [3174, 3192, "PROCESS"], [3593, 3618, "PROCESS"], [350, 355, "QUANTITY"], [487, 493, "QUANTITY"], [523, 529, "QUANTITY"], [563, 569, "QUANTITY"], [986, 990, "CONDITIONS"], [1023, 1027, "CONDITIONS"], [2027, 2033, "CONDITIONS"], [1230, 1236, "CONDITIONS"], [85, 99, "QUANTITY"], [174, 189, "MOLECULES"], [201, 206, "MOLECULES"], [242, 283, "PROCESS"], [453, 461, "ACTIONS"], [495, 500, "QUANTITY"], [531, 538, "QUANTITY"], [571, 578, "QUANTITY"], [696, 707, "ACTIONS"], [866, 873, "CONDITIONS"], [892, 900, "ACTIONS"], [918, 925, "MOLECULES"], [1103, 1118, "MOLECULES"], [1076, 1083, "ACTIONS"], [1084, 1093, "MOLECULES"], [1217, 1225, "CONDITIONS"], [1716, 1748, "PROCESS"], [1750, 1753, "PROCESS"], [2095, 2100, "CONDITIONS"], [2455, 2493, "PROCESS"], [2495, 2498, "PROCESS"], [2882, 2892, "QUANTITY"], [2941, 2947, "QUANTITY"], [2965, 2984, "CONDITIONS"], [3234, 3245, "CONDITIONS"]]}
