{"id": 2030, "text": "sent EXPERIMENTAL 2.1.\n Materials and chemicals Table 1.\n Coating characteristics of the painted specimens investigated.\n Sample characteristics Coating thickness Primer (single-coat) 28.5 ± 0.4 μm Primer (single-coat) 94.8 ± 1.4 μm Primer (double-coat) (96.0 ± 4.1) μm (first layer) + (80.0 ± 4.4) μm (second layer) Primer + topcoat (91.4 ± 1.6) μm (primer) + (89.0 ± 3.9) μm (top coat) Carbon steel plates were employed as metallic substrates.\n Metal surfaces were abraded to a final 2000 grit finish, subsequently washed in acetone, ethanol and doubly distilled water, and then dried prior to the coating process.\n A commercial paint system from Sigma Coatings B.V. (Amsterdam, The Netherlands) was considered, consisting of an acrylic primer containing zinc phosphate as pigment (Sigma Aquacover 20), and an acrylic topcoat (Sigma Aquacover 40).\n In order to investigate the performance of the various components of the paint coating, selected samples were coated only Int.\n J. Electrochem.\n Sci.,\n Vol.\n 9, 2014 2069 with the primer applied either as one or two coat layers, and other samples were coated with the two components of the paint system.\n The different combinations considered in this work are given in Table 1.\n The paint was prepared in the laboratory in order to control the quality of the coatings.\n The samples were painted with a withdrawing technique using an accurate speed motor and a system of gears, and then allowed to cure at room temperature and humidity for five days prior to testing.\n The thickness of the dry coatings was measured with a Mega-Check FN Coating-Thickness-meter (List-Magnetik GmbH, Germany).\n Solutions were prepared from analytical grade reagents and twice-distilled water.\n The testing media was 3 wt.% NaCl.\n Experiments were carried out at ambient temperature (ca.\n 20ºC) in naturally aerated solutions.\n 2.2.\n Electrochemical evaluation The electrochemical measurements made use of a conventional three-electrode arrangement and an automated EG&G Princeton Applied Research model 2263 Parstat controlled from a PC computer.\n The painted coupons were placed at the bottom of the flat electrochemical cell with the coated side facing upwards to the test solution.\n The working electrode surface was 6.5 cm 2 .\n A large area cylindrical stainless steel plate situated around the specimen was used as the counter electrode.\n The potential of the working electrode was determined against a saturated sodium-chloride calomel electrode (sce).\n The electrochemical cell was placed inside a Faraday cage.\n The electrochemical impedance tests were carried out for the samples left at their open circuit potential in the test electrolyte.\n AC impedance data were obtained by applying a sine wave perturbation at frequencies between 10 kHz and 1 mHz.\n The amplitude of the AC voltage signal was 30 mV. The data quality acquisition was established in 15 cycles at each frequency, thus providing good signal-to-noise ratios at all frequencies.\n The software used to acquire and analyze the data allowed representation of the data in terms of both Bode (logarithm of the impedance modulus |Z| and phase angle  as a function of the logarithm of the frequency f) and Nyquist (imaginary component of the impedance as a function of the real component) plots.\n The impedance spectra were modelled using Yeum’s “ZSimpWin 2.00” software [34] to derive the equivalent circuit that best fitted the experimental data.\n 3.", "meta": {}, "annotation_approver": null, "labels": [[1839, 1846, "ACTIONS"], [3020, 3027, "ACTIONS"], [3325, 3333, "ACTIONS"], [517, 523, "ACTIONS"], [2222, 2229, "ACTIONS"], [2397, 2404, "ACTIONS"], [1038, 1045, "ACTIONS"], [1244, 1252, "ACTIONS"], [1658, 1666, "ACTIONS"], [581, 586, "ACTIONS"], [863, 874, "ACTIONS"], [1925, 1929, "ACTIONS"], [2707, 2715, "ACTIONS"], [2105, 2111, "ACTIONS"], [2521, 2527, "ACTIONS"], [2180, 2186, "ACTIONS"], [107, 119, "ACTIONS"], [2684, 2686, "ACTIONS"], [2816, 2818, "ACTIONS"], [3420, 3426, "ACTIONS"], [702, 712, "ACTIONS"], [1183, 1193, "ACTIONS"], [89, 96, "ACTIONS"], [1338, 1345, "ACTIONS"], [2084, 2091, "ACTIONS"], [1987, 1996, "ACTIONS"], [2419, 2429, "ACTIONS"], [2879, 2890, "ACTIONS"], [2719, 2727, "ACTIONS"], [714, 724, "ACTIONS"], [1557, 1565, "ACTIONS"], [1448, 1452, "ACTIONS"], [3380, 3386, "ACTIONS"], [1283, 1290, "ACTIONS"], [2048, 2055, "ACTIONS"], [2311, 2319, "ACTIONS"], [2621, 2625, "ACTIONS"], [3008, 3015, "ACTIONS"], [746, 756, "ACTIONS"], [939, 947, "ACTIONS"], [467, 474, "ACTIONS"], [1437, 1444, "ACTIONS"], [3037, 3044, "ACTIONS"], [2440, 2449, "ACTIONS"], [58, 65, "ACTIONS"], [145, 152, "ACTIONS"], [1587, 1594, "ACTIONS"], [1375, 1380, "ACTIONS"], [3334, 3339, "ACTIONS"], [1779, 1786, "ACTIONS"], [2593, 2600, "ACTIONS"], [1211, 1216, "ACTIONS"], [2344, 2348, "ACTIONS"], [3000, 3004, "ACTIONS"], [2928, 2937, "ACTIONS"], [961, 967, "ACTIONS"], [1103, 1109, "ACTIONS"], [2168, 2174, "ACTIONS"], [413, 421, "ACTIONS"], [2466, 2473, "MOLECULES"], [2450, 2465, "MOLECULES"], [1755, 1759, "MOLECULES"], [757, 771, "MOLECULES"], [731, 738, "MOLECULES"], [812, 819, "MOLECULES"], [536, 543, "MOLECULES"], [527, 534, "MOLECULES"], [1353, 1374, "PROCESS"], [184, 197, "QUANTITY"], [219, 232, "QUANTITY"], [198, 204, "MOLECULES"], [233, 240, "MOLECULES"], [163, 170, "MOLECULES"], [254, 269, "QUANTITY"], [287, 301, "QUANTITY"], [334, 349, "QUANTITY"], [317, 323, "MOLECULES"], [351, 357, "MOLECULES"], [361, 377, "QUANTITY"], [388, 400, "MOLECULES"], [555, 570, "MOLECULES"], [655, 662, "ACTIONS"], [1456, 1472, "CONDITIONS"], [1490, 1500, "CONDITIONS"], [1708, 1724, "MOLECULES"], [1748, 1754, "QUANTITY"], [1820, 1824, "CONDITIONS"], [2252, 2260, "QUANTITY"]]}
