{"id": 2035, "text": "sent Experiments The graphite oxide and GO were prepared by modification of Hummer’s method [21-23].\n The details of this procedure have been reported in our early study [24].\n The Raman scattering of these materials was studied with µ-Raman spectrometer (inVia Raman microscope, Renishaw).\n The measurements were conducted with a laser of 514 nm wavelength at 10% of its maximum intensity.\n The AISI (American Iron and Steel Institute) type 304 SS (stainless steel) (Goodfellow) substrates of surface dimensions 15 mm × 15 mm were polished with abrasive paper P500 and cleaned for 30 min in an ultrasonic bath using isopropanol (Alfa Aesar) as a cleaning solvent.\n The deposition of GO-PPy composite was carried out in a three-electrode cell system at room temperature (22 ± 1 oC) using Reference 600 potentiostat/galvanostat (Gamry).\n The SS substrate was used as a working electrode, where the GO-PPy composite was deposited.\n Pt wire and a SCE (saturated calomel electrode) were used as counter and reference electrodes, respectively.\n In a typical experiment, 10 mL aqueous GO solution of 0.5 mg·mL-1 concentration was mixed with 10 mL aqueous Py (pyrrole) solution of 0.1 M concentration.\n The mixed solution was sonicated for 5 min in order to achieve homogeneous dispersion.\n The Py solution (Fluka) was prior purified in the laboratory by distillation over calcium hydride in a vacuum setup and stored in the dark under Ar (99.999%, AGA Eesti) atmosphere at a low temperature.\n To the 20 mL of the previously mentioned sonicated mixture, 10 mL aqueous solution of oxalic acid (Sigma Aldrich) of concentration 0.1 M, pH ≈ 1.3 was added and placed in the above described electrochemical cell system.\n The coating deposition process was carried out for 10 min with a constant current density of 0.5 mA·cm-2.\n The prepared coating was washed with de-ionized water and dried in the air.\n All of the electrochemical corrosion analyses were carried out in 3.5% NaCl aqueous electrolyte.\n The tested area of each sample of 1 cm2 was fixed by using special 3M™ electroplating tape masks (Gamry).\n The Tafel scan was performed after stabilization of the OCP (open circuit potential).\n Each Tafel plot was obtained within the potential range starting from -250 mV to +250 mV relative to OCP.\n The typical scan rate of 0.125 mV/s was applied for Tafel plots.\n The voltammetry scans were carried out with a scanning rate of 10 mV/s within the potential range from -1 to +1 V with respect to SCE.\n Finally, the samples were tested using the standard ASTM (American Society for Testing and Materials) G48A salt test analysis (a test for pitting and crevice corrosion resistance of stainless steel alloys).\n The samples were immersed into 6% ferric chloride (FeCl3·6H2O, Sigma Aldrich) aqueous solution, the pH of which was adjusted to 1 with adding HCl acid.\n The test was carried out for six days.\n The tested substrates were examined with HR-SEM (high-resolution scanning electron microscope—Helios Nanolab 600, FEI).\n 3.", "meta": {}, "annotation_approver": null, "labels": [[1840, 1846, "ACTIONS"], [142, 150, "ACTIONS"], [918, 927, "ACTIONS"], [2331, 2338, "ACTIONS"], [2836, 2842, "ACTIONS"], [48, 56, "ACTIONS"], [1819, 1827, "ACTIONS"], [1873, 1878, "ACTIONS"], [2921, 2929, "ACTIONS"], [2204, 2212, "ACTIONS"], [1124, 1129, "ACTIONS"], [1200, 1205, "ACTIONS"], [1648, 1654, "ACTIONS"], [1404, 1410, "ACTIONS"], [1668, 1677, "ACTIONS"], [2034, 2039, "ACTIONS"], [2718, 2726, "ACTIONS"], [2817, 2825, "ACTIONS"], [1518, 1527, "ACTIONS"], [1251, 1258, "ACTIONS"], [2116, 2125, "ACTIONS"], [532, 540, "ACTIONS"], [1219, 1228, "ACTIONS"], [1528, 1537, "ACTIONS"], [2643, 2650, "ACTIONS"], [949, 958, "ACTIONS"], [1318, 1326, "ACTIONS"], [705, 712, "ACTIONS"], [1743, 1750, "ACTIONS"], [1943, 1950, "ACTIONS"], [2384, 2391, "ACTIONS"], [2867, 2874, "ACTIONS"], [611, 616, "ACTIONS"], [782, 787, "ACTIONS"], [2043, 2048, "ACTIONS"], [2526, 2531, "ACTIONS"], [221, 228, "ACTIONS"], [1638, 1643, "ACTIONS"], [858, 862, "ACTIONS"], [983, 987, "ACTIONS"], [2240, 2248, "ACTIONS"], [1994, 2000, "ACTIONS"], [2519, 2525, "ACTIONS"], [2898, 2904, "ACTIONS"], [314, 323, "ACTIONS"], [570, 577, "ACTIONS"], [617, 628, "MOLECULES"], [1963, 1967, "MOLECULES"], [1573, 1584, "MOLECULES"], [1153, 1160, "MOLECULES"], [2735, 2750, "MOLECULES"], [2843, 2851, "MOLECULES"], [2752, 2762, "MOLECULES"], [959, 966, "MOLECULES"], [930, 932, "MOLECULES"], [1366, 1381, "MOLECULES"], [1429, 1431, "MOLECULES"], [21, 35, "MOLECULES"], [670, 680, "PROCESS"], [1720, 1730, "PROCESS"], [2061, 2075, "PROCESS"], [1494, 1499, "QUANTITY"], [1174, 1179, "QUANTITY"], [1618, 1623, "QUANTITY"], [361, 365, "QUANTITY"], [1433, 1440, "QUANTITY"], [1958, 1963, "QUANTITY"], [582, 588, "CONDITIONS"], [1759, 1765, "CONDITIONS"], [40, 42, "MOLECULES"], [76, 91, "PROCESS"], [442, 448, "MOLECULES"], [450, 465, "MOLECULES"], [513, 526, "QUANTITY"], [684, 690, "MOLECULES"], [771, 780, "CONDITIONS"], [900, 903, "MOLECULES"], [1065, 1070, "QUANTITY"], [1094, 1106, "QUANTITY"], [1135, 1140, "QUANTITY"], [1233, 1238, "CONDITIONS"], [1149, 1152, "MOLECULES"], [1288, 1291, "MOLECULES"], [1348, 1360, "ACTIONS"], [1469, 1484, "CONDITIONS"], [1547, 1553, "QUANTITY"], [1852, 1868, "MOLECULES"], [2024, 2029, "QUANTITY"], [2132, 2145, "ACTIONS"], [2631, 2638, "ACTIONS"], [2675, 2690, "MOLECULES"], [2732, 2734, "QUANTITY"], [2883, 2891, "CONDITIONS"]]}
