{"id": 2036, "text": "sent EXPERIMENTAL 2.1 Materials Phosphoric acid (85%), triethylamine, concentrated HCl, acetone, ethanol and sodium chloride were purchased from Aladdin Industrial Corporation, and were used without further purification.\n Bisphenol A epoxy resin E44 was provided by Northwest Yongxin Paint & Coatings Co., Ltd.. Waterborne epoxy resin (EP-AB-W53) and curing agent (HGA-AB-20) was purchased from Zhejiang Business Development New Materials Co., Ltd. The Q235 steel electrode was selected for anticorrosion test.\n The electrode surface was gradually abraded with SiC abrasive paper up to 1500 grit, then rinsed with distilled water and dried in air, eventually formed rust spot on the surface.\n Int.\n J. Electrochem.\n Sci.,\n Vol.\n 11, 2016 7068 2.2 Synthesis of epoxy phosphate (WEP) Epoxy phosphate was synthesized as earlier reported [24].\n Phosphoric acid (7.69 g) was dissolved in 20 mL acetone, epoxy resin E44 (20 g, dissolved in 40 mL acetone) was added into the phosphoric acid solution dropwise (the molar ratio of phosphoric acid and epoxy group is 3 :2.5), then the mixture was stirred vigorous until the acid value remains unchanged (92.14 mg KOH/g).\n After that, triethylamine (11.90 g) and water were added into the solution dropwise.\n After complete of the reaction, acetone was removed through rotary evaporator, then we got the emulsion and solid content of the emulsion is 40 wt%.\n 2.3.\n Preparation of the epoxy phosphate modified epoxy coating 0.25 g epoxy phosphate emulsion (5 wt%) and 0.9 g curing agent were stirred with glass rod.\n Then 5 g epoxy resin emulsion dispersion was added to the mixture and the system was stirred at a high speed for 20 min.\n The liquid coating was applied onto the Q235 rusty steel surface with a 10# (50 μm) wire rod.\n Then coatings were cured at room temperature for 1 h and then baked them in vacuum oven at 80°C for 5 h. The coating thickness was 25±2 μm.\n For comparison, the pure epoxy coating was prepared in a similar way.\n 2.4 Characterizations Fourier transform infrared (FTIR) spectra were performed on spectrometer (NICOLET 6700, Thermo) by collecting 32 scans at a spectral resolution of 4 cm -1 .\n The morphology of the coatings was examined using FEI Quanta FEG 250 scanning electron microscope (SEM).\n The anticorrosion performances of coatings were evaluated on CHI-660E electrochemical system and aqueous 3.5 wt% NaCl was used as corrosive medium.\n Test system consisted of three electrodes (saturated calomel electrode (SCE) as reference electrode, platinum plate of 2.5 cm 2 as counter electrode and coated rusty steel was used as work electrode, respectively).\n Test frequency range was from10 5 to 10 -2 Hz and the amplitude of the sinusoidal voltage signal was from 20 to 50 mV for electrochemical impedance spectroscopy (EIS), All the samples were immersed in 3.5 wt% NaCl aqueous with the same time and then polarization curves were tested with scan rate of 0.5 mV/s, scan range was -200-200 mV vs. OCP.\n 3.", "meta": {}, "annotation_approver": null, "labels": [[2431, 2440, "ACTIONS"], [825, 833, "ACTIONS"], [1125, 1132, "ACTIONS"], [1335, 1338, "ACTIONS"], [1700, 1707, "ACTIONS"], [1956, 1964, "ACTIONS"], [634, 639, "ACTIONS"], [2105, 2115, "ACTIONS"], [2199, 2207, "ACTIONS"], [254, 262, "ACTIONS"], [802, 813, "ACTIONS"], [1292, 1299, "ACTIONS"], [870, 879, "ACTIONS"], [921, 930, "ACTIONS"], [1087, 1094, "ACTIONS"], [1530, 1537, "ACTIONS"], [1640, 1647, "ACTIONS"], [2024, 2032, "ACTIONS"], [2824, 2832, "ACTIONS"], [1855, 1859, "ACTIONS"], [1834, 1839, "ACTIONS"], [1791, 1796, "ACTIONS"], [351, 357, "ACTIONS"], [2318, 2327, "ACTIONS"], [478, 486, "ACTIONS"], [659, 665, "ACTIONS"], [1454, 1461, "ACTIONS"], [1688, 1695, "ACTIONS"], [1777, 1784, "ACTIONS"], [1881, 1888, "ACTIONS"], [1944, 1951, "ACTIONS"], [2186, 2193, "ACTIONS"], [2304, 2311, "ACTIONS"], [548, 555, "ACTIONS"], [2462, 2471, "ACTIONS"], [2208, 2213, "ACTIONS"], [953, 958, "ACTIONS"], [1213, 1218, "ACTIONS"], [1600, 1605, "ACTIONS"], [186, 190, "ACTIONS"], [2392, 2396, "ACTIONS"], [2595, 2599, "ACTIONS"], [602, 608, "ACTIONS"], [2910, 2916, "ACTIONS"], [2572, 2578, "ACTIONS"], [130, 139, "ACTIONS"], [380, 389, "ACTIONS"], [1439, 1447, "ACTIONS"], [561, 564, "MOLECULES"], [782, 797, "MOLECULES"], [2383, 2387, "MOLECULES"], [2844, 2848, "MOLECULES"], [2472, 2479, "MOLECULES"], [2520, 2528, "MOLECULES"], [109, 124, "MOLECULES"], [97, 104, "MOLECULES"], [55, 68, "MOLECULES"], [1174, 1187, "MOLECULES"], [83, 86, "MOLECULES"], [1153, 1156, "MOLECULES"], [968, 983, "MOLECULES"], [1022, 1037, "MOLECULES"], [32, 47, "MOLECULES"], [841, 856, "MOLECULES"], [234, 239, "MOLECULES"], [323, 328, "MOLECULES"], [760, 765, "MOLECULES"], [898, 903, "MOLECULES"], [1042, 1047, "MOLECULES"], [1423, 1428, "MOLECULES"], [1448, 1453, "MOLECULES"], [1469, 1474, "MOLECULES"], [1564, 1569, "MOLECULES"], [1938, 1943, "MOLECULES"], [88, 95, "MOLECULES"], [889, 896, "MOLECULES"], [940, 947, "MOLECULES"], [1280, 1287, "MOLECULES"], [491, 509, "PROCESS"], [1506, 1511, "QUANTITY"], [1560, 1563, "QUANTITY"], [1189, 1196, "QUANTITY"], [858, 864, "QUANTITY"], [883, 888, "QUANTITY"], [915, 919, "QUANTITY"], [934, 939, "QUANTITY"], [2375, 2383, "QUANTITY"], [2836, 2844, "QUANTITY"], [49, 53, "QUANTITY"], [1668, 1674, "CONDITIONS"], [365, 374, "MOLECULES"], [458, 463, "MOLECULES"], [586, 595, "QUANTITY"], [614, 630, "MOLECULES"], [1057, 1063, "QUANTITY"], [1144, 1152, "QUANTITY"], [1202, 1207, "MOLECULES"], [1389, 1395, "QUANTITY"], [1462, 1468, "QUANTITY"], [1495, 1500, "QUANTITY"], [1475, 1493, "MOLECULES"], [1512, 1524, "MOLECULES"], [1754, 1759, "QUANTITY"], [1800, 1816, "CONDITIONS"], [1821, 1824, "CONDITIONS"], [1863, 1867, "CONDITIONS"], [1872, 1875, "CONDITIONS"], [1903, 1910, "QUANTITY"], [2538, 2547, "QUANTITY"]]}
