{"id": 2038, "text": "sent EXPERIMENTAL 2.1 Substrate pre-treatment.\n Prior to electrodeposition process, stainless steel substrate, type SS 304 (2 x 2 cm 2 ) was mechanically polished using SiC papers from P800 to P4000 grit, followed by ultrasonically cleaned with acetone and rinsed with ultra-pure for 15 min each before dried at room temperature.\n An adhesive tape was used to mask off the stainless steel substrates except surface area of 2 cm 2 in which deposition was desired.\n 2.2 Electrochemical studies.\n The electrochemical studies of copper coated stainless steel were done by cyclic voltammetry (CV) and chronoamperometry (CA).\n Experiments were carried out in a glass cell with three electrodes: polished stainless steel substrate as working electrode, platinum rod as a counter electrode and Ag/AgCl as a reference electrode, in 0.01 M CuSO4 solution.\n The solution was prepared using reagent grade of CuSO4 and adjusted to pH 1 by adding concentrated H2SO4.\n CV experiment was carried out by scanning the potential from +0.5 V to -0.5 V and switched back to +0.5 V at a scan rate of 10 mV/s.\n While, in CA study, the effect of applied potential and deposition time was investigated.\n Four different potentials (e.g. -0.25 V, -0.3 V, -0.4 V and -0.5 V vs Ag/AgCl) were chosen based on CV result.\n Whilst, for the effect of deposition time, the electrodeposition of copper on stainless steel at -0.25 V for 60 s up to 900 s, were studied and compared.\n All experiments were controlled using an Autolab Potentiostat (Aut302 FRA2), interface with a PC running NOVA software and were performed under room temperature.\n 2.3 Coatings characterization.\n Characterization of the prepared copper coatings was obtained by several methods: the surface morphology of the prepared samples was examined by Field Emission Scanning Electron microscope (FESEM, Carl Zeiss SMT Supra 40 VP) and the crystallography and phase structure of the prepared samples were analyzed by a diffractometer (X’pert pro-MPD, PANalytical) with thin film X-ray diffraction (TF-XRD) capability with Cu Kα radiation.\n The produced patterns were matched with reference pattern available in the X’pert Highscore Plus software.\n Int.\n J. Electrochem.\n Sci.,\n Vol.\n 12, 2017 6013 3.", "meta": {}, "annotation_approver": null, "labels": [[560, 564, "ACTIONS"], [360, 364, "ACTIONS"], [2101, 2108, "ACTIONS"], [454, 461, "ACTIONS"], [727, 734, "ACTIONS"], [1263, 1269, "ACTIONS"], [926, 932, "ACTIONS"], [1774, 1782, "ACTIONS"], [864, 872, "ACTIONS"], [1665, 1673, "ACTIONS"], [1753, 1761, "ACTIONS"], [1917, 1925, "ACTIONS"], [303, 308, "ACTIONS"], [1270, 1275, "ACTIONS"], [1694, 1702, "ACTIONS"], [1467, 1477, "ACTIONS"], [906, 914, "ACTIONS"], [1574, 1583, "ACTIONS"], [154, 162, "ACTIONS"], [689, 697, "ACTIONS"], [1543, 1550, "ACTIONS"], [1939, 1947, "ACTIONS"], [987, 995, "ACTIONS"], [1036, 1044, "ACTIONS"], [1435, 1443, "ACTIONS"], [638, 645, "ACTIONS"], [972, 979, "ACTIONS"], [163, 168, "ACTIONS"], [873, 878, "ACTIONS"], [1478, 1483, "ACTIONS"], [205, 213, "ACTIONS"], [1423, 1430, "ACTIONS"], [2078, 2086, "ACTIONS"], [257, 263, "ACTIONS"], [352, 356, "ACTIONS"], [532, 538, "ACTIONS"], [232, 239, "ACTIONS"], [1164, 1176, "ACTIONS"], [746, 754, "MOLECULES"], [1495, 1507, "MOLECULES"], [786, 788, "MOLECULES"], [1249, 1251, "MOLECULES"], [789, 793, "MOLECULES"], [1252, 1256, "MOLECULES"], [946, 951, "MOLECULES"], [2056, 2058, "MOLECULES"], [525, 531, "MOLECULES"], [1359, 1365, "MOLECULES"], [1674, 1680, "MOLECULES"], [245, 252, "MOLECULES"], [169, 172, "MOLECULES"], [439, 449, "PROCESS"], [1144, 1154, "PROCESS"], [1317, 1327, "PROCESS"], [1338, 1355, "PROCESS"], [57, 82, "PROCESS"], [823, 829, "QUANTITY"], [284, 290, "CONDITIONS"], [1411, 1416, "CONDITIONS"], [84, 99, "MOLECULES"], [124, 134, "QUANTITY"], [185, 189, "QUANTITY"], [193, 203, "QUANTITY"], [312, 328, "CONDITIONS"], [373, 388, "MOLECULES"], [423, 429, "QUANTITY"], [539, 555, "MOLECULES"], [568, 586, "PROCESS"], [596, 614, "PROCESS"], [615, 617, "PROCESS"], [588, 590, "PROCESS"], [698, 714, "MOLECULES"], [830, 835, "MOLECULES"], [896, 902, "MOLECULES"], [1369, 1385, "MOLECULES"], [1400, 1404, "CONDITIONS"], [1590, 1606, "CONDITIONS"]]}
