{"id": 2039, "text": "sent MATERIALS AND METHODS For EIS study, 15 samples (three samples for each test) were prepared with a dimension of 1cm × 1cm × 0.3cm to take an average amount for better accuracy.\n Pipeline raw material of X65 carbon steel was used as the metal substrate with a hollow cylindrical shaped and, a thickness and long diameter of 2.54cm and 60cm, respectively.\n The X65 carbon steel metal substrate was cut by using the hydraulic shearing machine and abrasive cutter into 1cm × 1cm × 0.3cm dimensions.\n The carbon steel samples were grinded with sandpaper and drilled to make a small hole for soldering purpose.\n Then, the carbon wire was soldered onto the sample and continuity function was used to test a solder joint.\n An exact amount of Halloysite nanotubes (HNT, purchased from Aldrich Chemistry) were measured and poured into a beaker.\n Acetone was poured into the beaker and continuously stirred using magnetic stirrer for at least 1 hour.\n Bisphenol A diglycidyl ether (BADGE) and M-xylenediamine (MXDA) with volume ratio of 2:1 were used as epoxy resin and hardener, respectively.\n A BADGE was mixed with the various content of prepared HNT and continuously stirred at 80oC for 5 hours.\n Other than that, a certain amount of MXDA was mixed with the various content of prepared HNT and stirred for 15 minutes.\n In this research, the composite coating with and without HNT on the carbon steel substrate were applied by brushing.\n The coated carbon steel was cured for 1 week at ambient temperature and measured the thickness of coating on the carbon steel to get a uniform coating thickness of 120-200 µm.\n The coated steel specimen, Ag/AgCl electrode and Ss316 Auxiliary were used as the working electrode (WE), reference electrode (RE) and counter electrode (CE), respectively.\n All tests were done in a 3.5 wt.% sodium chloride solution.\n Before the test, the WE was mounted in epoxy and plunged in the solution for 1 hour to obtain a steady state.\n Electrochemical detection methods based on EIS were performed in the range of frequency from 10000 to 0.01 Hz using a NOVA software.\n The amplitude of the sinusoidal voltage signal was 10 mV. The morphology characterizations of the HNT samples were done by using the field emission scanning electron microscopy (FESEM; FEI/Nova NanoSEM 450) at ambient temperature.\n 3.", "meta": {}, "annotation_approver": null, "labels": [[1801, 1805, "ACTIONS"], [2207, 2211, "ACTIONS"], [531, 538, "ACTIONS"], [1934, 1940, "ACTIONS"], [1694, 1701, "ACTIONS"], [1413, 1420, "ACTIONS"], [88, 96, "ACTIONS"], [1135, 1143, "ACTIONS"], [1275, 1283, "ACTIONS"], [1992, 1997, "ACTIONS"], [283, 289, "ACTIONS"], [1101, 1106, "ACTIONS"], [1241, 1246, "ACTIONS"], [401, 404, "ACTIONS"], [1896, 1903, "ACTIONS"], [428, 436, "ACTIONS"], [893, 900, "ACTIONS"], [1165, 1172, "ACTIONS"], [1292, 1299, "ACTIONS"], [805, 813, "ACTIONS"], [1507, 1515, "ACTIONS"], [558, 565, "ACTIONS"], [1463, 1468, "ACTIONS"], [2010, 2019, "ACTIONS"], [818, 824, "ACTIONS"], [853, 859, "ACTIONS"], [637, 645, "ACTIONS"], [1349, 1356, "ACTIONS"], [1533, 1540, "ACTIONS"], [1578, 1585, "ACTIONS"], [569, 573, "ACTIONS"], [408, 413, "ACTIONS"], [901, 906, "ACTIONS"], [2068, 2073, "ACTIONS"], [2215, 2220, "ACTIONS"], [1424, 1432, "ACTIONS"], [229, 233, "ACTIONS"], [690, 694, "ACTIONS"], [1040, 1044, "ACTIONS"], [1682, 1686, "ACTIONS"], [1875, 1882, "ACTIONS"], [1195, 1210, "ACTIONS"], [766, 775, "ACTIONS"], [138, 142, "ACTIONS"], [621, 627, "MOLECULES"], [1639, 1641, "MOLECULES"], [1642, 1646, "MOLECULES"], [1886, 1891, "MOLECULES"], [1820, 1835, "MOLECULES"], [841, 848, "MOLECULES"], [739, 749, "MOLECULES"], [987, 1002, "MOLECULES"], [1048, 1059, "MOLECULES"], [1004, 1008, "MOLECULES"], [1232, 1236, "MOLECULES"], [946, 974, "MOLECULES"], [212, 224, "MOLECULES"], [368, 380, "MOLECULES"], [505, 517, "MOLECULES"], [1385, 1397, "MOLECULES"], [1446, 1458, "MOLECULES"], [1548, 1560, "MOLECULES"], [976, 981, "MOLECULES"], [1091, 1096, "MOLECULES"], [328, 334, "QUANTITY"], [339, 343, "QUANTITY"], [117, 134, "QUANTITY"], [470, 488, "QUANTITY"], [937, 943, "CONDITIONS"], [1031, 1034, "QUANTITY"], [1176, 1180, "CONDITIONS"], [1185, 1191, "CONDITIONS"], [1304, 1314, "CONDITIONS"], [1473, 1479, "CONDITIONS"], [1811, 1819, "QUANTITY"], [1924, 1930, "CONDITIONS"], [2224, 2269, "PROCESS"], [2270, 2275, "PROCESS"], [2301, 2321, "CONDITIONS"]]}
