{"id": 2040, "text": "sent Experimental Section 3.1.\n Material Sodium hydroxide (NaOH) was procured from Merck Millipore.\n Class f- fly ash was obtained from a local power plant and was sieved through a 45 µm sieve using RETSCH vibratory sieve shaker AS 200 basic.\n Mild steel bars (3mm x 50mm x 127mm) were purchased from TSA Sdn.\n Bhd.\n Malaysia.\n Demineralized water, was used throughout the experiments.\n 3.2.\n Methods Fly ash was mixed with sodium hydroxide solution (prepared independently for every formulation) according to Table 1.\n Sodium silicate solution was not used in this experiment.\n All samples were uniformly homogenized with an over head mechanical stirrer for 5 minutes.\n Cleaned and pretreated steel plates were coated with geopolymer paste using dip coating and were oven cured at 60oCfor 28 days period.\n Part of the sample was placed in the sample holder for setting time analysis at the constant temperature.\n Table 1: Mix design for geopolymer synthesis Sample ID Si: Al ratio Na: AL ratio Water :solid ratio Curing temp.\n Curing time AD 01 1.78 0.6 0.33 60oC 28 days AD 02 1.78 0.8 0.33 60oC 28 days AD 03 1.78 1.0 0.33 60oC 28 days AD 04 1.78 1.2 0.33 60oC 28 days 3.3.\n Characterization Adhesion strength of the coating material was determined using Elcometer 108 according to ASTM D 4541.\n Dolly fixed with coating surface by epoxy was cured in the oven for 24 hours and pulled with Elcometer.\n Adhesion strength of 3, 7 and 28 days was recorded.\n Setting time analysis was performed using Vicat apparatus according to ASTM C 266-13.\n Samples were placed under Vicat apparatus and setting time was recorded with needle having 1.13 mm diameter and fixed on a 300g movable rod Coating material was microscopically analyzed using variable pressure field emission electron microscope (VPFESEM), model Zeiss Supra 55 VP.\n Perkin Elmer Spectrum One, Fourier Transform Infra Red spectrometer (FTIR) was used to determine IR analysis of the geopolymer using KBr pellet.\n 4.", "meta": {}, "annotation_approver": null, "labels": [[1457, 1464, "ACTIONS"], [606, 617, "ACTIONS"], [451, 459, "ACTIONS"], [1446, 1454, "ACTIONS"], [1607, 1615, "ACTIONS"], [164, 170, "ACTIONS"], [122, 130, "ACTIONS"], [830, 836, "ACTIONS"], [1557, 1563, "ACTIONS"], [497, 506, "ACTIONS"], [1272, 1281, "ACTIONS"], [1515, 1524, "ACTIONS"], [1380, 1386, "ACTIONS"], [671, 678, "ACTIONS"], [1628, 1634, "ACTIONS"], [1305, 1310, "ACTIONS"], [1656, 1661, "ACTIONS"], [768, 772, "ACTIONS"], [1358, 1362, "ACTIONS"], [773, 778, "ACTIONS"], [1345, 1350, "ACTIONS"], [1483, 1492, "ACTIONS"], [1721, 1729, "ACTIONS"], [923, 926, "ACTIONS"], [193, 198, "ACTIONS"], [741, 746, "ACTIONS"], [1252, 1257, "ACTIONS"], [1493, 1498, "ACTIONS"], [1730, 1735, "ACTIONS"], [1953, 1958, "ACTIONS"], [1590, 1597, "ACTIONS"], [683, 693, "ACTIONS"], [353, 357, "ACTIONS"], [553, 557, "ACTIONS"], [1905, 1909, "ACTIONS"], [1913, 1922, "ACTIONS"], [712, 718, "ACTIONS"], [286, 295, "ACTIONS"], [520, 535, "MOLECULES"], [41, 57, "MOLECULES"], [1335, 1340, "MOLECULES"], [1959, 1962, "MOLECULES"], [424, 440, "MOLECULES"], [982, 984, "MOLECULES"], [973, 975, "MOLECULES"], [969, 971, "MOLECULES"], [862, 883, "PROCESS"], [747, 758, "PROCESS"], [1635, 1642, "QUANTITY"], [1667, 1671, "QUANTITY"], [181, 186, "QUANTITY"], [59, 63, "MOLECULES"], [249, 254, "MOLECULES"], [261, 279, "QUANTITY"], [328, 347, "MOLECULES"], [659, 668, "CONDITIONS"], [694, 699, "MOLECULES"], [782, 786, "CONDITIONS"], [790, 797, "CONDITIONS"], [891, 911, "CONDITIONS"], [995, 1000, "MOLECULES"], [986, 988, "MOLECULES"], [1059, 1064, "CONDITIONS"], [1065, 1072, "CONDITIONS"], [1093, 1097, "CONDITIONS"], [1098, 1105, "CONDITIONS"], [1126, 1130, "CONDITIONS"], [1131, 1138, "CONDITIONS"], [1159, 1163, "CONDITIONS"], [1164, 1171, "CONDITIONS"], [1241, 1251, "ACTIONS"], [1367, 1375, "CONDITIONS"]]}
