{"id": 2041, "text": "sent Research methodology High speed HS6-5-2 steel was predicted for researches.\n Its chemical composition and microstructure is shown in table 1 and Figure 2 respectively.\n Table 1.\n High Speed steel - HS6-5-2 (SW7M) – chemical composition Average content, % C Si Ni Cr Mn Ti Fe W Mo V Cu 0,91 0,27 0,15 4,11 0,36 0,008 79,7 6,75 5,40 1,76 0,11 Investigated steel – HS6-5-2 in annealed state posses ferritic microstructure with carbides: M23C6, MC, M2C and M6C. From the examined material performed samples (roller shape) with diameter of d = 10mm and length l = 70mm.\n Next, prepared on them immersion coatings in AlSi5 silumin.\n Silumin bath tem- perature was t = 750±5 C, sample immersion time τ = 180s.\n Before placing in a bath, the samples were mechanical clean off, chemical degrease and undergo of preheating up to 50°C tempera- ture.\n Metallographic researches of investigated steel types, coatings and compound castings carried out on optical microscope Nikon MA200 Eclipse equipped with digital camera.\n Microstructure: ferrite, carbides Fig.\n 2.\n Microstructure of high Speer steel - HS6-5-2 Point microanalysis of concentration and elements distribu- tion maps executed with use of EDS Pioneer detector and VENTAGE software of NORAN Co. A R C H I V E S o f F O U N D R Y E N G I N E E R I N G V o l u m e 1 0 , I s s u e 4 / 2 0 1 0 , 1 9 1 - 1 9 8 193 3.", "meta": {}, "annotation_approver": null, "labels": [[807, 817, "ACTIONS"], [571, 575, "ACTIONS"], [429, 437, "ACTIONS"], [1041, 1049, "ACTIONS"], [346, 358, "ACTIONS"], [378, 386, "ACTIONS"], [985, 993, "ACTIONS"], [1175, 1183, "ACTIONS"], [472, 480, "ACTIONS"], [55, 64, "ACTIONS"], [931, 938, "ACTIONS"], [393, 399, "ACTIONS"], [874, 886, "ACTIONS"], [490, 499, "ACTIONS"], [716, 723, "ACTIONS"], [616, 629, "MOLECULES"], [1032, 1039, "MOLECULES"], [271, 273, "MOLECULES"], [274, 276, "MOLECULES"], [277, 279, "MOLECULES"], [262, 264, "MOLECULES"], [618, 620, "MOLECULES"], [632, 634, "MOLECULES"], [282, 284, "MOLECULES"], [544, 548, "QUANTITY"], [564, 568, "QUANTITY"], [824, 828, "CONDITIONS"], [702, 706, "CONDITIONS"], [265, 267, "MOLECULES"], [268, 270, "MOLECULES"], [280, 281, "MOLECULES"], [285, 286, "MOLECULES"], [287, 289, "MOLECULES"], [260, 261, "MOLECULES"], [290, 291, "QUANTITY"], [292, 296, "QUANTITY"], [297, 299, "QUANTITY"], [300, 301, "QUANTITY"], [302, 306, "QUANTITY"], [307, 311, "QUANTITY"], [312, 316, "QUANTITY"], [317, 323, "QUANTITY"], [324, 327, "QUANTITY"], [328, 332, "QUANTITY"], [333, 337, "QUANTITY"], [338, 342, "QUANTITY"], [343, 345, "QUANTITY"], [667, 676, "CONDITIONS"]]}
