{"id": 2044, "text": "sent Experimental setup and procedures 2.1 Workpiece material and cutting inserts Turning runs were carried out in dry conditions using a universal lathe SN 40C type with 6.6 kW spindle power.\n The workpiece material was AISI 52100 steel in the form of round bars with 66 mm of diameter and 380 mm cutting length.\n This material is widely used in manufacturing of automotive components regarding to their properties like high tensile strength, shock resistance and Brinell hardness about 230 HB.\n The chemical composition of AISI 52100 steel is given in Table 1.\n Coating effect on the cutting performances was investigated using two types of cutting inserts.\n The first type was GC 1525 coated insert (PVD with TiCN/TiN layer sequence), which is an ISO class P15 grade, with a total thickness of 3 µm.\n The main coating layer includes titanium carbonitride (TiCN) and a thin layer of titanium nitride (TiN) as shown in Fig.\n 1.\n The second insert was CT5015 uncoated cermet.\n The two inserts (GC 1525 and CT5015) have an identical substrate with the same geometry designation as CNMG 120408.\n For each experiment, a fresh cutting edge was used.\n A right hand style tool holder designated by ISO as CSBNR2525M12 was used for mounting the inserts.\n It is characterized by the following angles: χr=75°, λ=-6°, γ=-6°, α=+6°.\n 2.2 Measuring instruments The average values of the cutting force components were measured using a three-component piezo-electric dynamometer (KISTLER Type 9257A) mounted on the 520 Effects of coating material and cutting parameters on the surface roughness and cutting forces in dry turning of AISI 52100 steel Table 2 Operating conditions of cutting parameters.\n Level V (m/min) f (mm/rev) d (mm) Low 150 0.08 0.15 Medium 200 0.12 0.30 High 250 0.16 0.45 lathe cross slide as shown in Fig.\n 2.\n The static calibration of the dynamometer was made in each force direction.\n The force signals acquired were analyzed for a cutting time of 2 sec.\n The measurement of the arithmetic surface roughness (Ra) was obtained from a Surftest 201 Mitutoyo roughness- meter.\n The machined length was 24 mm with a basic span of 3 mm.\n The measurements were repeated at three equally spaced locations around the circumference of the workpiece at 120° and the result was the average of these values.\n The surface roughness was directly measured on the workpiece, without dismounting from the lathe, in order to reduce measurement errors.\n 2.3 Experimental design In this study, (L27) full factorial design was adopted as the experimental design, which involves variation of three factors at three levels (low, medium and high), including cutting speed (v), feed (f) and depth of cut (d) as indicated in Table 2.\n The experimental design flowchart is shown in Fig.\n 3.\n The selected experimental design requires 27 runs with 26 degrees of freedom (DF).\n For each run, one test was performed (no replications).\n Also a random order was determined for running the tests.\n 3.", "meta": {}, "annotation_approver": null, "labels": [[827, 835, "ACTIONS"], [1915, 1923, "ACTIONS"], [2635, 2644, "ACTIONS"], [1225, 1233, "ACTIONS"], [2697, 2706, "ACTIONS"], [1866, 1870, "ACTIONS"], [2029, 2037, "ACTIONS"], [2517, 2524, "ACTIONS"], [1254, 1267, "ACTIONS"], [2418, 2424, "ACTIONS"], [1405, 1413, "ACTIONS"], [2343, 2351, "ACTIONS"], [1801, 1806, "ACTIONS"], [1275, 1284, "ACTIONS"], [2559, 2567, "ACTIONS"], [2378, 2389, "ACTIONS"], [2887, 2896, "ACTIONS"], [2956, 2963, "ACTIONS"], [1929, 1937, "ACTIONS"], [2780, 2788, "ACTIONS"], [813, 820, "ACTIONS"], [1516, 1523, "ACTIONS"], [100, 107, "ACTIONS"], [130, 135, "ACTIONS"], [624, 629, "ACTIONS"], [1414, 1419, "ACTIONS"], [564, 571, "ACTIONS"], [2090, 2098, "ACTIONS"], [2192, 2198, "ACTIONS"], [339, 343, "ACTIONS"], [1140, 1144, "ACTIONS"], [1216, 1220, "ACTIONS"], [1486, 1493, "ACTIONS"], [1327, 1336, "ACTIONS"], [1178, 1188, "ACTIONS"], [688, 694, "ACTIONS"], [2166, 2174, "ACTIONS"], [386, 395, "ACTIONS"], [66, 73, "ACTIONS"], [298, 305, "ACTIONS"], [586, 593, "ACTIONS"], [643, 650, "ACTIONS"], [1123, 1130, "ACTIONS"], [1375, 1382, "ACTIONS"], [1537, 1544, "ACTIONS"], [1585, 1592, "ACTIONS"], [1667, 1674, "ACTIONS"], [1944, 1951, "ACTIONS"], [2645, 2652, "ACTIONS"], [2809, 2817, "ACTIONS"], [611, 623, "ACTIONS"], [221, 237, "MOLECULES"], [525, 541, "MOLECULES"], [1618, 1634, "MOLECULES"], [836, 857, "MOLECULES"], [712, 716, "MOLECULES"], [859, 863, "MOLECULES"], [885, 901, "MOLECULES"], [1199, 1211, "MOLECULES"], [952, 958, "MOLECULES"], [1006, 1012, "MOLECULES"], [1192, 1195, "MOLECULES"], [717, 720, "MOLECULES"], [903, 906, "MOLECULES"], [2110, 2115, "QUANTITY"], [2137, 2141, "QUANTITY"], [269, 274, "QUANTITY"], [291, 297, "QUANTITY"], [797, 801, "QUANTITY"], [115, 130, "CONDITIONS"], [703, 706, "MOLECULES"], [1960, 1965, "CONDITIONS"]]}
