{"id": 2045, "text": "sent EXPERIMENTAL WORK 2.1.\n Electropolymerization of pyrrole The electropolymerization of pyrrole (PPy) from aqueous solution was carried out in one- compartment cell.\n The working electrode was made from steel sheet of 2x3x0.1 cm.\n Both electrodes were polished and degreased with acetone for about 10 minutes prior to the electropolymerization process.\n An Ag/AgCl manufactured by Corning Company was used as the reference electrode.\n The potentiostatic technique (constant potential method) was used to electrochemically coat steel with the PPy layer from solution of pyrrole monomer with sodium tartrate electrolyte, using an EG&G Princeton Applied Research Potentiostat/Galvanostat Model 273A provided with powerCorr software.\n The main parameter parameters of electropolymerization process were as follows pyrrole concentration 0.5M, sodium tartrate concentration 0.2M, solution pH 9, applied potential 2 V and electropolymerization time was 20 minutes interval for all experiments.\n After each experiment, the PPy coated steel was rinsed with distilled water and methanol and left to dry.\n 2.2.\n Surface elemental composition analysis Elemental analysis of the polypyrrole coated steel was carried out by X-ray Photoelectron Spectroscopy (XPS).\n The XPS technique used was part of a multi-technique surface analysis system (MAX200, Leybold).\n From each sample a specimen of 20x20 mm size was cut and mounted on the sample holder with four screws.\n All the samples were examined with Mg-k (1253.6 eV) at 100 watt X- ray power (10 kV x 10 mA).\n The pressure in the analysis chamber during sample analysis was less than 10 -8 mbar.\n As a precaution not to damage the carbon signal incorporated with the polyaniline, Int.\n J. Electrochem.\n Sci.,\n Vol.\n 7, 2012 1948 carbon element was scanned first, followed by a general survey of the sample, and the rest of the elements.\n In addition to the carbon, N, O, and Fe elements were scanned and the area under each element peak was calculated.\n The scan area was 7 mm × 4 mm and the resulted data are the average of 50 scans of each element analysed.\n The surface composition in atomic percentage was calculated using the element relative cross sectional area as supplied by the XPS manufacturer.\n 2.3.\n Examination of the performance of the buried PPy coated steel against corrosion Potentiodynamic examination (Tafel test) was used for the examination of the corrosion resistance of PPy coated steel when coupled with stainless steel while buried in a layer of 250 g sand.\n The sand was washed with deionised water for three times and then mixed with known amounts of different corrosive materials such as NaCl, H2SO4, and moisture.\n As shown in figure 1 the buried PPy coated steel and stainless steel were used as anode and cathode respectively, the corrosion current and potential were measured against Ag/AgCl reference electrode using the EG&G Princeton Applied Research Potentiostat/Galvanostat Model 273A provided with powerCorr software.\n Figure 1.\n Experimental setup for potentiodynamic examination of the formed PPy layer 3.", "meta": {}, "annotation_approver": null, "labels": [[268, 277, "ACTIONS"], [1686, 1698, "ACTIONS"], [2539, 2545, "ACTIONS"], [174, 181, "ACTIONS"], [892, 899, "ACTIONS"], [1477, 1485, "ACTIONS"], [368, 380, "ACTIONS"], [196, 200, "ACTIONS"], [699, 707, "ACTIONS"], [2964, 2972, "ACTIONS"], [1982, 1992, "ACTIONS"], [2151, 2161, "ACTIONS"], [2213, 2221, "ACTIONS"], [2592, 2597, "ACTIONS"], [2091, 2099, "ACTIONS"], [2457, 2464, "ACTIONS"], [1092, 1095, "ACTIONS"], [1789, 1796, "ACTIONS"], [1933, 1940, "ACTIONS"], [2603, 2608, "ACTIONS"], [255, 263, "ACTIONS"], [1084, 1088, "ACTIONS"], [2292, 2298, "ACTIONS"], [2492, 2498, "ACTIONS"], [2711, 2717, "ACTIONS"], [1661, 1667, "ACTIONS"], [805, 812, "ACTIONS"], [2033, 2041, "ACTIONS"], [3068, 3074, "ACTIONS"], [131, 138, "ACTIONS"], [1198, 1205, "ACTIONS"], [622, 627, "ACTIONS"], [2162, 2167, "ACTIONS"], [2886, 2891, "ACTIONS"], [1804, 1812, "ACTIONS"], [404, 408, "ACTIONS"], [499, 503, "ACTIONS"], [1272, 1276, "ACTIONS"], [2379, 2383, "ACTIONS"], [2760, 2764, "ACTIONS"], [1039, 1045, "ACTIONS"], [1022, 1028, "ACTIONS"], [1181, 1187, "ACTIONS"], [2303, 2309, "ACTIONS"], [2439, 2445, "ACTIONS"], [2722, 2728, "ACTIONS"], [1351, 1367, "ACTIONS"], [283, 290, "MOLECULES"], [360, 362, "MOLECULES"], [363, 365, "MOLECULES"], [2858, 2860, "MOLECULES"], [2664, 2669, "MOLECULES"], [593, 608, "MOLECULES"], [841, 856, "MOLECULES"], [54, 61, "MOLECULES"], [91, 98, "MOLECULES"], [572, 579, "MOLECULES"], [813, 820, "MOLECULES"], [1173, 1180, "MOLECULES"], [1071, 1079, "MOLECULES"], [1708, 1719, "MOLECULES"], [1672, 1678, "MOLECULES"], [1770, 1776, "MOLECULES"], [1898, 1904, "MOLECULES"], [1916, 1918, "MOLECULES"], [1906, 1907, "MOLECULES"], [1909, 1910, "MOLECULES"], [3033, 3060, "PROCESS"], [1307, 1323, "PROCESS"], [66, 87, "PROCESS"], [767, 788, "PROCESS"], [918, 939, "PROCESS"], [789, 793, "PROCESS"], [835, 839, "QUANTITY"], [871, 875, "QUANTITY"], [100, 103, "MOLECULES"], [220, 232, "QUANTITY"], [301, 312, "CONDITIONS"], [325, 355, "PROCESS"], [545, 548, "MOLECULES"], [949, 960, "CONDITIONS"], [1018, 1021, "MOLECULES"], [1029, 1034, "MOLECULES"], [1051, 1066, "MOLECULES"], [1213, 1245, "PROCESS"], [1247, 1250, "PROCESS"], [1258, 1261, "PROCESS"], [1382, 1390, "QUANTITY"], [2012, 2024, "QUANTITY"], [2299, 2302, "MOLECULES"], [2470, 2486, "MOLECULES"], [2363, 2373, "PROCESS"], [2513, 2518, "QUANTITY"], [2658, 2662, "MOLECULES"], [2675, 2683, "MOLECULES"], [2861, 2865, "MOLECULES"], [3075, 3078, "MOLECULES"]]}
