{"id": 2047, "text": "sent Experimental methods 3.1 Selection of candidate materials Total seven different types of coating materials were selected for evaluation, which are 316L type austenitic stainless steel, 3 types of metallic alloys for HVOF (High Velocity Oxy Fuel) metal spray applications, and organic coatings of ScotchWeldTM 2216, DuraToughTM DL, Si-type Foul Resistant (FR) paints, as shown in Table 1.\n Conventional protective coatings system, AC epoxy + AF (EH3250TM + AF795HTM), which has been widely used in the new-building shipyards, was also evaluated as a reference.\n 3.2 Testing of cavitation resistance Cavitation resistance of each coating sample was eval- uated by using both an ultrasonic tester (modified ASTM G-32 method) and in-house built water jet tester.\n In case of the ultrasonic tester, as shown in Fig.\n 3(a), samples were placed 0.5 mm below the sonic generator, i.e., vi- bratory horn, to eliminate vibration induced damage to the coating layer.\n This arrangement has been known to provide more increased vibration amplitude to the surface to be tested.\n The actual tester, employed in this test, is shown STUDY ON NEW CANDIDATE COATING MATERIALS TO CHALLENGE RUDDER CAVITATION DAMAGE 277CORROSION SCIENCE AND TECHNOLOGY Vol.7, No.5, 2008 (a) (b) Fig.\n 3. (\n a) Schematic diagram, (b) photograph of vibratory cavitation erosion tester Fig.\n 4.\n Water-jet cavitation erosion tester in Fig.\n 3(b).\n In order to simulate high impact cavitation expected from larger propellers, which were employed in actual ship operation, an in-house built water jet tester was also employed.\n The tester, as shown in Fig.\n 4, utilized a high pressure pump to generate high speed water jet impact in a vertical direction to the coating surface.\n In order to facilitate the erosion observation during the tests, monitor- ing window was installed directly on the water jet/coating surface contact area.\n Cavitation resistance behavior of each coating was eval- uated by employing the concept of Cumulative Mean Depth of Erosion (CMDE) and erosion rate, which were taken after the preset testing duration.\n CDME can be in- duced the following equation 1 as follow; CMDE(μm) = ∑ MDE(μm) MDE(μm) = ΔW / 10ρA (1) in which, coating's density ρ(g/cm3), exposed area A(cm2) and weight change ΔW(mg) are used for calculation.\n Erosion rate, on the other hand, was evaluated as Mean Depth of Erosion (MDE), which can be induced using the following equation 2; Erosion Rate(μm/min.)\n = MDE / Δt (2) in which, Δt is the test duration.\n Finally, the expectant useful life of each coating against erosion was evaluated by measuring the time required for the CMDE value to reach 100 μm and 200 μm.\n 3.3 Preparation of coating samples Testing samples were applied or sprayed on butt end of 316L stainless steel mounting sets, as shown in Fig.\n 5, following ASTM G 32-02 standard, of which diameter was 15.9 ± 0.05 mm, 10 ± 0.5 mm, for ultra sonic testing and water jet testing, respectively.\n Before application of each coating, the surface of each mounting set was grit blasted to ISO Sa 2.5 grade and degreased with acetone, then the coatings were sprayed following recommended dry film thickness.\n In Table 2, the mechanical properties of the selected coatings were summarized.\n (a) (b) Fig.\n 5.\n Dimension of mounting set for cavitation erosion test; (a) ultra sonar, (b) water-jet H. I. LEE, M. S. HAN, K. K. BAEK, C. H. LEE, C. S. SHIN, AND M. K. CHUNG 278 CORROSION SCIENCE AND TECHNOLOGY Vol.7, No.5, 2008 Table 2.\n Mechanical properties of coatings for anti-cavitation erosion test Materials Type Coating Thickness, mm Hardness HV0.5 Density ㎎/㎣Recommen-dation Measure- ment STS 316L - - 210~230 7.98 TS_STS 316L 0.4~0.5 0.40~0.45 230~250 7.4706* TS_Self Flux 0.4~0.5 0.45~0.55 630~670 6.8436** TS_Amorphous 0.4~0.5 0.55~0.60 720~780 6.3648** Conventional 0.75~0.85 0.65~0.70 HSA 90 1.5 Elastomer 1.6 1.60~1.70 HSA 80 1.13 Special Epoxy 0.75~0.85 0.75~0.80 HSA 93 1.325 Silicon AF 0.60 0.55~0.60 HSA 84 1.6 *97% of theoretical density **98% of theoretical density 4.", "meta": {}, "annotation_approver": null, "labels": [[3082, 3091, "ACTIONS"], [2790, 2798, "ACTIONS"], [3028, 3036, "ACTIONS"], [3292, 3300, "ACTIONS"], [904, 913, "ACTIONS"], [2519, 2526, "ACTIONS"], [2735, 2742, "ACTIONS"], [2105, 2108, "ACTIONS"], [2398, 2401, "ACTIONS"], [1964, 1973, "ACTIONS"], [836, 842, "ACTIONS"], [3147, 3158, "ACTIONS"], [3050, 3057, "ACTIONS"], [1656, 1664, "ACTIONS"], [3037, 3040, "ACTIONS"], [3301, 3304, "ACTIONS"], [740, 745, "ACTIONS"], [1547, 1552, "ACTIONS"], [802, 807, "ACTIONS"], [2808, 2813, "ACTIONS"], [2603, 2612, "ACTIONS"], [1456, 1464, "ACTIONS"], [2126, 2135, "ACTIONS"], [2423, 2432, "ACTIONS"], [2826, 2835, "ACTIONS"], [3137, 3146, "ACTIONS"], [1831, 1840, "ACTIONS"], [988, 993, "ACTIONS"], [2241, 2248, "ACTIONS"], [2058, 2063, "ACTIONS"], [2746, 2753, "ACTIONS"], [3129, 3136, "ACTIONS"], [117, 125, "ACTIONS"], [3225, 3233, "ACTIONS"], [94, 101, "ACTIONS"], [418, 425, "ACTIONS"], [633, 640, "ACTIONS"], [946, 953, "ACTIONS"], [1724, 1731, "ACTIONS"], [1867, 1874, "ACTIONS"], [1937, 1944, "ACTIONS"], [2213, 2220, "ACTIONS"], [2562, 2569, "ACTIONS"], [2698, 2705, "ACTIONS"], [2999, 3006, "ACTIONS"], [3115, 3122, "ACTIONS"], [3234, 3241, "ACTIONS"], [3528, 3535, "ACTIONS"], [1623, 1631, "ACTIONS"], [997, 1004, "ACTIONS"], [2622, 2630, "ACTIONS"], [1754, 1764, "ACTIONS"], [667, 672, "ACTIONS"], [2413, 2418, "ACTIONS"], [2327, 2344, "ACTIONS"], [534, 538, "ACTIONS"], [1574, 1578, "ACTIONS"], [494, 498, "ACTIONS"], [2290, 2294, "ACTIONS"], [1061, 1067, "ACTIONS"], [3248, 3258, "ACTIONS"], [1424, 1432, "ACTIONS"], [924, 931, "ACTIONS"], [2405, 2412, "ACTIONS"], [700, 708, "ACTIONS"], [1089, 1097, "ACTIONS"], [1500, 1508, "ACTIONS"], [1579, 1587, "ACTIONS"], [2653, 2658, "ACTIONS"], [487, 493, "ACTIONS"], [2024, 2027, "MOLECULES"], [3097, 3104, "MOLECULES"], [336, 338, "MOLECULES"], [3958, 3960, "MOLECULES"], [3984, 3985, "MOLECULES"], [438, 443, "MOLECULES"], [1324, 1347, "PROCESS"], [1370, 1393, "PROCESS"], [3309, 3332, "PROCESS"], [3546, 3569, "PROCESS"], [843, 849, "QUANTITY"], [2881, 2895, "QUANTITY"], [2897, 2908, "QUANTITY"], [4025, 4028, "QUANTITY"], [3996, 4000, "QUANTITY"], [173, 188, "MOLECULES"], [450, 458, "MOLECULES"], [461, 469, "MOLECULES"], [1553, 1569, "PROCESS"], [746, 760, "PROCESS"], [2112, 2122, "ACTIONS"], [2774, 2790, "MOLECULES"], [2938, 2952, "PROCESS"], [2914, 2930, "PROCESS"], [3875, 3884, "MOLECULES"], [3919, 3924, "MOLECULES"], [3783, 3795, "MOLECULES"]]}
