{"id": 2050, "text": "sent Experimental Procedures and Methods 2.1 Preparation and characterization of in-flight particle and splat Stainless steel (316LS) wire with diameter of 1.2 mm was sprayed by arc spray system (MEC Arcjet 95), using different spray parameters as shown in Table1.\n In- flight particles were collected by spraying into distilled water and splats were collected by spraying onto polished stainless steel substrate [3].\n Morphology of in-flight particles and splats were revealed by optical microscope (Olympus, BX60M).\n Size measurement for both in-flight particles and splats were performed by optical microscope with 100 particles and 100 splats to evaluate size distribution and calculate the average size.\n 2.2 Coating preparation and characterization Stainless steel wire was sprayed onto polished mild steel substrates with different spray parameters detailed in Table 1.\n Number of spray passes were kept constant for all samples in order to compare coating thickness obtained.\n Table 1.\n Experimental conditions for stainless steel 316LS wire arc spraying.\n Parameters C1 C2 C3 C4 Voltage (V) 26 26 26 26 Spray distance (mm) 200 200 300 300 Air pressure (kPa) 420 520 420 520 MP03 mailto:reungruthai@hotmail.com Surface roughness of the as-sprayed coatings were measured by roughness checker (Taylor Hobson, SURTRONIC 3+).\n Coatings were cross-sectioned, mounted with resin, ground with SiC papers and polished with 1 μm alumina slurry prior to characterization.\n Porosity and oxide content were evaluated by image analysis (ZIEEZ, AXIO).\n Vickers microhardness measurement (Toolquip, Galileo Microscan OD) was carried out using a load of 300 g. (e) (a) (b) (f) 3.", "meta": {}, "annotation_approver": null, "labels": [[681, 690, "ACTIONS"], [948, 955, "ACTIONS"], [974, 982, "ACTIONS"], [292, 301, "ACTIONS"], [351, 360, "ACTIONS"], [1269, 1277, "ACTIONS"], [581, 590, "ACTIONS"], [378, 386, "ACTIONS"], [793, 801, "ACTIONS"], [1409, 1417, "ACTIONS"], [167, 174, "ACTIONS"], [780, 787, "ACTIONS"], [1247, 1254, "ACTIONS"], [1351, 1360, "ACTIONS"], [956, 963, "ACTIONS"], [650, 658, "ACTIONS"], [212, 217, "ACTIONS"], [1630, 1635, "ACTIONS"], [469, 477, "ACTIONS"], [1362, 1369, "ACTIONS"], [1428, 1435, "MOLECULES"], [1394, 1397, "MOLECULES"], [1532, 1537, "MOLECULES"], [305, 313, "PROCESS"], [364, 372, "PROCESS"], [1054, 1062, "PROCESS"], [1646, 1651, "QUANTITY"], [156, 162, "QUANTITY"], [110, 125, "MOLECULES"], [319, 335, "MOLECULES"], [387, 402, "MOLECULES"], [1255, 1263, "ACTIONS"], [1423, 1427, "QUANTITY"], [1503, 1512, "ACTIONS"], [1547, 1568, "PROCESS"]]}
