{"id": 2054, "text": "sent IR SPECTRAL STUDIES The FTIR spectrum of OPD obtained after electrolysis and the compound adsorbed on the mild steel surface was recorded.\n These spectrums exhibit the following features.\n The appearance of two bands at 3386 and 3365 cm -1 corresponds to the asymmetric and symmetric stretching vibration of – NH of aromatic primary amine.\n A band at 1635 and 1274 cm -1 corresponds to –NH bending and –CN stretching vibrations.\n The appearance of these bands confirms the formation of OPD from ONA.\n The FTIR spectrum of OPD coating scrapped from the metal surface shows the band at an absorption frequency 3452 cm -1 corresponds to –NH stretching of aromatic amine.\n A peak at 1636 and 1276 cm -1 corresponds to –NH bending and –CN stretching vibrations.\n The appearance of these bands in the IR spectrum of coating confirms the formation of a layer of OPD on the mild steel surface.\n 6.", "meta": {}, "annotation_approver": null, "labels": [[465, 473, "ACTIONS"], [823, 831, "ACTIONS"], [539, 547, "ACTIONS"], [245, 256, "ACTIONS"], [376, 387, "ACTIONS"], [624, 635, "ACTIONS"], [704, 715, "ACTIONS"], [571, 576, "ACTIONS"], [134, 142, "ACTIONS"], [289, 299, "ACTIONS"], [411, 421, "ACTIONS"], [643, 653, "ACTIONS"], [739, 749, "ACTIONS"], [173, 182, "ACTIONS"], [50, 58, "ACTIONS"], [17, 24, "ACTIONS"], [161, 168, "ACTIONS"], [95, 103, "ACTIONS"], [391, 394, "MOLECULES"], [719, 722, "MOLECULES"], [313, 317, "MOLECULES"], [321, 343, "MOLECULES"], [46, 49, "MOLECULES"], [491, 494, "MOLECULES"], [527, 530, "MOLECULES"], [860, 863, "MOLECULES"], [116, 121, "MOLECULES"], [407, 410, "MOLECULES"], [639, 642, "MOLECULES"], [657, 671, "MOLECULES"], [876, 881, "MOLECULES"]]}
