{"id": 2055, "text": "sent Methods Quenched and tempered H13 mold tool steel specimens were duplex treated in a hybrid Triode Magnetron Sputtering (TMS) reactor.\n Plasma nitriding and PVD coating were done inside the same chamber, by changing the processing parameters used for each of the diffusion and coating treatments steps.\n When duplex treatments are performed in a hybrid reactor, contact of the specimen´s surface with air, between the treatments, is avoided and no cleaning or activating of the pre-nitrided surface is needed.\n Plasma nitriding was carried out in conditions where no white layer can be formed.\n After plasma nitriding, PVD coating is carried out, by depositing, at rst, a Ti interlayer to grant adhesion of the TiC and TiN lay- ers.\n After deposition of the Ti interlayer, reactive deposition is carried out when Ti atoms react either with N 2 or CH 4 pro- viding the formation of TiN or TiC coatings.\n The multilayer architecture constituted by alternating layers of TiC and TiN were obtained by changing the (N 2 + Ar) and (CH 4 + Ar) reac- tive gases in the plasma atmosphere.\n Plasma nitriding was carried out at 520ºC, for 2 hours, in a 95% H 2 + 5% N 2 atmosphere.\n The 100 nm thick Ti interlayer was deposited during 2 minutes.\n PVD coatings was performed at 300ºC under 40 VDC bias, 640 W being applied to the cathode; pressure was maintained at 1x10-6 Torr and argon partial pressure was 3.0 mTorr.\n PVD coatings thickness varied from 2.0 to 2.7 m. Part of the specimens was PVD coated without being plasma nitrided previously.\n Table 1 shows the nitriding and coating times and thicknesses of the ceramic layers deposited under seven different coating conditions.\n The TiN*(A3) and TiC*(B3) lms were obtained by deposit- ing TiN and TiC onto a non-nitrided H13 substrate.\n TiN(A3), TiC(B3), and TiC(B2) specimens were duplex coated, the ce- ramic layers being deposited onto pre-nitride H13 tool steel.\n The Multilayer-w/o-Nit specimen was coated with a multilay- er deposited onto the quenched and tempered H13 steel.\n The Multilayer-w-Nit specimen was duplex treated, the multilayer coating being deposited over a plasma nitrided substrate.\n The coatings were chemically and structurally charac- terized by X-ray diffraction, Wavelength Dispersive X-ray Spectroscopy (WDX), Raman and X-ray Photoelectron (XPS) Spectroscopy after being deposited onto Si wafers.\n Mechanical and tribological properties were assessed via depth sensing and micro-scratch techniques applied to coatings deposited onto the H13 quenched and tempered tool steel.\n 3.", "meta": {}, "annotation_approver": null, "labels": [[179, 183, "ACTIONS"], [2205, 2212, "ACTIONS"], [438, 445, "ACTIONS"], [1212, 1221, "ACTIONS"], [1627, 1636, "ACTIONS"], [1875, 1884, "ACTIONS"], [1982, 1991, "ACTIONS"], [2114, 2123, "ACTIONS"], [2352, 2361, "ACTIONS"], [2499, 2508, "ACTIONS"], [827, 832, "ACTIONS"], [1308, 1315, "ACTIONS"], [2479, 2486, "ACTIONS"], [26, 34, "ACTIONS"], [2014, 2022, "ACTIONS"], [2535, 2543, "ACTIONS"], [990, 998, "ACTIONS"], [1715, 1723, "ACTIONS"], [487, 495, "ACTIONS"], [1521, 1529, "ACTIONS"], [1763, 1771, "ACTIONS"], [2138, 2146, "ACTIONS"], [212, 220, "ACTIONS"], [1002, 1010, "ACTIONS"], [694, 699, "ACTIONS"], [2423, 2431, "ACTIONS"], [1345, 1355, "ACTIONS"], [655, 665, "ACTIONS"], [13, 21, "ACTIONS"], [951, 962, "ACTIONS"], [77, 84, "ACTIONS"], [2076, 2083, "ACTIONS"], [936, 947, "ACTIONS"], [591, 597, "ACTIONS"], [166, 173, "ACTIONS"], [282, 289, "ACTIONS"], [628, 635, "ACTIONS"], [897, 904, "ACTIONS"], [1245, 1252, "ACTIONS"], [1418, 1425, "ACTIONS"], [1575, 1582, "ACTIONS"], [1659, 1666, "ACTIONS"], [2100, 2107, "ACTIONS"], [2163, 2170, "ACTIONS"], [2490, 2497, "ACTIONS"], [2001, 2009, "ACTIONS"], [2522, 2530, "ACTIONS"], [2213, 2220, "ACTIONS"], [537, 544, "ACTIONS"], [639, 646, "ACTIONS"], [801, 808, "ACTIONS"], [1107, 1114, "ACTIONS"], [507, 513, "ACTIONS"], [247, 251, "ACTIONS"], [148, 157, "ACTIONS"], [523, 532, "ACTIONS"], [613, 622, "ACTIONS"], [1093, 1102, "ACTIONS"], [1561, 1570, "ACTIONS"], [1493, 1499, "ACTIONS"], [1840, 1846, "ACTIONS"], [1955, 1961, "ACTIONS"], [1016, 1024, "MOLECULES"], [1031, 1040, "MOLECULES"], [1375, 1380, "MOLECULES"], [483, 494, "MOLECULES"], [1890, 1901, "MOLECULES"], [2367, 2369, "MOLECULES"], [677, 679, "MOLECULES"], [763, 765, "MOLECULES"], [818, 820, "MOLECULES"], [1194, 1196, "MOLECULES"], [1697, 1699, "MOLECULES"], [1748, 1750, "MOLECULES"], [1797, 1799, "MOLECULES"], [1810, 1812, "MOLECULES"], [724, 727, "MOLECULES"], [981, 984, "MOLECULES"], [1684, 1687, "MOLECULES"], [1740, 1743, "MOLECULES"], [1788, 1791, "MOLECULES"], [1157, 1159, "QUANTITY"], [1147, 1151, "QUANTITY"], [162, 165, "MOLECULES"], [336, 345, "ACTIONS"], [777, 787, "ACTIONS"], [852, 857, "MOLECULES"], [845, 849, "MOLECULES"], [973, 976, "MOLECULES"], [893, 897, "MOLECULES"], [886, 889, "MOLECULES"], [716, 719, "MOLECULES"], [1132, 1140, "CONDITIONS"], [1122, 1127, "CONDITIONS"], [1160, 1163, "MOLECULES"], [1151, 1154, "MOLECULES"], [1229, 1239, "CONDITIONS"], [1180, 1188, "QUANTITY"], [1271, 1276, "CONDITIONS"], [1449, 1453, "QUANTITY"], [1436, 1443, "ACTIONS"], [1911, 1917, "MOLECULES"], [2300, 2327, "PROCESS"], [2243, 2290, "PROCESS"]]}
