{"id": 2056, "text": "sent EXPERIMENTS A. Electro-spark coating with a stainless steel electrode On the experimental model, some experiments have been done, with the purposes of verifying the model and the possibilities of the process, concerning the main characteristics of the coating [6].\n A sample of steel S235JR, according to EN10027, was prepared, with the sizes 60mm x 50mm x 25 mm, on which local coatings were made.\n In fig.\n 4 an image of the electro-spark coating process , with stainless steel on steel S235JR is presented.\n Fig.\n 4.\n Experiments with the electro-spark coating process [6] Electro-spark coatings were performed using a stainless steel electrode Φ2,5mm.\n The parameters of the process were: - Electrode tilt angle, related to horizontal: 20º - Electrode rotative-speed 40-50 rev/min, - Open-circuit voltage 55 V, - Load voltage 25...45 V, - Average current 2.0...3.5 A, - Travel speed 2...4 mm / min, - Cross oscillation amplitude 10...12mm , - Cross oscillation frequency 0.2...1.0 Hz.\n In 10 min, a coating of 10mm x 12mm and 0.05...0.10 mm thick can be made.\n In order to obtain uniform coatings, referring to thickness and aspect, constant speed of the electrode travel and oscillating movements during the process are necessary.\n These requirements depend on the professional skills and physical status of the welding operator, that are not stable.\n This inconvenient can be taken away by implementing a mechanized, automated or robot process, with reproducible parameters.\n Nonconventional Technologies Review – no.\n 1/2011 59 wen444cs 下划线 The operator has full control over the process, during its run time.\n It is a cold coating process, without heating the base metal, so that no distortion occurs.\n The coating rate is 17,4... 18,6 g / h. B. Electro-spark coating with an aluminium electrode On a sample with the sizes 60 mm x 50 mm x 25 mm of the same base metal, some coatings were also performed, using an 1.6 mm diameter aluminium electrode [6].\n The applied parameters were in the ranges mentioned in the previous example.\n In 20 min, a coating of approximately 8mm x 12mm with continuous aspect is made on the base metal sample.\n The thickness of the coating is estimated at 0.05...0.15 mm.\n The deposition rate is 18... 25 g / h. C. Electro-spark depositing with tungsten carbides In an experiment [7,8], the coatings were realized by the electro-spark process, using a WC-Co (97% WC and 3% Co) electrode with a cross-section of 3 x 4 mm (connected to the anode), onto rings made of carbon steel C45 (connected to the cathode) [7,8].\n The EIL-8A model was used as equipment for ESD, with the following parameters: · voltage U = 230 V, · capacitor C = 300 μF, · current intensity I = 2.4 A. The quality of electro-spark deposition depends mainly on the shape, duration, and average value of current or pulse power.\n Then, the coatings were treated with an Nd:YAG laser (impulse mode), model BLS 720, with the following parameters: · laser spot diameter: d = 0.7 mm, · laser power: P = 20 W, · traverse speed: v = 250 mm/min, · nozzle-workpiece distance: Df = 1 mm, · pulse duration: ti = 0.4 ms, · pulse repetition frequency: f = 50 Hz, · laser beam shift jump: S = 0.4 mm.\n 5.", "meta": {}, "annotation_approver": null, "labels": [[1082, 1088, "ACTIONS"], [1063, 1067, "ACTIONS"], [2121, 2125, "ACTIONS"], [2499, 2503, "ACTIONS"], [1056, 1059, "ACTIONS"], [2185, 2194, "ACTIONS"], [2010, 2019, "ACTIONS"], [1661, 1668, "ACTIONS"], [2616, 2625, "ACTIONS"], [2932, 2941, "ACTIONS"], [2863, 2870, "ACTIONS"], [609, 618, "ACTIONS"], [1906, 1915, "ACTIONS"], [1322, 1329, "ACTIONS"], [1387, 1392, "ACTIONS"], [1134, 1140, "ACTIONS"], [2111, 2117, "ACTIONS"], [1261, 1267, "ACTIONS"], [2347, 2355, "ACTIONS"], [1185, 1196, "ACTIONS"], [2463, 2472, "ACTIONS"], [2525, 2534, "ACTIONS"], [1107, 1116, "ACTIONS"], [619, 624, "ACTIONS"], [1917, 1922, "ACTIONS"], [2386, 2391, "ACTIONS"], [1164, 1173, "ACTIONS"], [504, 513, "ACTIONS"], [2580, 2584, "ACTIONS"], [1707, 1713, "ACTIONS"], [722, 729, "ACTIONS"], [310, 317, "MOLECULES"], [283, 295, "MOLECULES"], [488, 500, "MOLECULES"], [2287, 2304, "MOLECULES"], [2415, 2417, "MOLECULES"], [1789, 1798, "MOLECULES"], [1942, 1951, "MOLECULES"], [2219, 2229, "PROCESS"], [2743, 2753, "PROCESS"], [2981, 2987, "QUANTITY"], [2244, 2252, "QUANTITY"], [2412, 2414, "QUANTITY"], [1926, 1932, "QUANTITY"], [656, 659, "QUANTITY"], [2401, 2405, "QUANTITY"], [2049, 2055, "CONDITIONS"], [998, 1004, "CONDITIONS"], [49, 65, "MOLECULES"], [348, 367, "QUANTITY"], [432, 461, "PROCESS"], [469, 485, "MOLECULES"], [547, 576, "PROCESS"], [627, 642, "MOLECULES"], [1019, 1030, "QUANTITY"], [1035, 1049, "QUANTITY"], [1428, 1437, "ACTIONS"], [1631, 1652, "PROCESS"], [1747, 1754, "QUANTITY"], [1736, 1738, "QUANTITY"], [1739, 1740, "QUANTITY"], [1744, 1746, "QUANTITY"], [1836, 1857, "QUANTITY"], [2084, 2094, "QUANTITY"], [2198, 2212, "QUANTITY"], [2394, 2396, "MOLECULES"], [2397, 2399, "MOLECULES"], [2405, 2407, "MOLECULES"], [2453, 2461, "QUANTITY"], [2507, 2520, "MOLECULES"], [2520, 2523, "MOLECULES"], [2754, 2761, "ACTIONS"]]}
