{"id": 2057, "text": "sent Test Methods 2.1 Specimens Two kinds of specimens were prepared by coating the surfaces of electro-galvanized steel sheets (Zn coating weight per side 60 g/m2, hereinafter referred to as the EG sheets) and galvannealed steel sheets (Zn coating weight per side 45 g/m2, hereinafter referred to as the GA sheets) with the Mn-P coating films so that the deposition amount of each of Mn and P was within a range from 0 to 50 mg/m2.\n 2.2 Analysis of Coating Film The lubricating coating film was analyzed by X-ray diffraction, SEM observation, EPMA, XPS, and GDS.\n 2.3 Lubricating Properties The lubricating properties of the film were evaluated by measur- ing a coefficient of sliding resistance through an L-shape draw-bead test9) using the above specimen steel sheets after coating them, addi- tionally, with 1 g/m2 of rust-preventive oil.\n 2.4 Spot-weldability Continuous-spot-weldability was tested using Cu-Cr electrodes (type DR) having a tip diameter of 6 mm under the conditions of an electrode force of 1,960 N, a welding time of 12 cycles at 60 Hz, and a retention time of 40 cycles at 60 Hz.\n The lower limit of the nugget diameter was set at 4 (t: sheet thickness).\n 2.5 Chemical Treatment Properties The specimen steel sheets were subjected to an immersion type phosphate treatment for 2 min, and then the crystal structure of the phosphate coating film was observed with an SEM and its deposi- t NIPPON STEEL TECHNICAL REPORT No.\n 88 July 2003 - 49 - tion amount was measured.\n 2.6 Corrosion Resistance after Paint Coating Test pieces for the water-resistance adhesion test and salt spray test were prepared by applying to the specimen steel sheets an epoxy paint 20 µm in thickness by cationic electro-deposition and then an intermediate and a finish coating for automobiles, each 35 µm in thickness.\n In the water-resistance adhesion test, the test pieces were immersed in distilled water at 40˚C for 240 h, then the paint coating was cross cut into 2 mm × 2 mm grids, and the area percentage of the coating remaining after peeling with an adhesive tape was measured.\n In the salt spray test, the paint coating was cross cut in X, each stroke being 70 mm in length, then the test pieces were subjected to salt water spray for 600 h, and the maximum blister width on one side of a cross-cut line was measured.\n 3.", "meta": {}, "annotation_approver": null, "labels": [[2041, 2048, "ACTIONS"], [60, 68, "ACTIONS"], [1614, 1622, "ACTIONS"], [1958, 1961, "ACTIONS"], [2138, 2141, "ACTIONS"], [2303, 2306, "ACTIONS"], [937, 943, "ACTIONS"], [1148, 1151, "ACTIONS"], [1878, 1886, "ACTIONS"], [1626, 1634, "ACTIONS"], [1482, 1490, "ACTIONS"], [2075, 2083, "ACTIONS"], [2316, 2324, "ACTIONS"], [636, 645, "ACTIONS"], [1024, 1031, "ACTIONS"], [496, 504, "ACTIONS"], [1372, 1380, "ACTIONS"], [72, 79, "ACTIONS"], [132, 139, "ACTIONS"], [241, 248, "ACTIONS"], [330, 337, "ACTIONS"], [479, 486, "ACTIONS"], [777, 784, "ACTIONS"], [1355, 1362, "ACTIONS"], [1767, 1774, "ACTIONS"], [2017, 2024, "ACTIONS"], [2025, 2034, "ACTIONS"], [177, 185, "ACTIONS"], [286, 294, "ACTIONS"], [467, 478, "ACTIONS"], [596, 607, "ACTIONS"], [733, 738, "ACTIONS"], [904, 909, "ACTIONS"], [211, 223, "ACTIONS"], [897, 903, "ACTIONS"], [678, 685, "ACTIONS"], [1245, 1254, "ACTIONS"], [2209, 2218, "ACTIONS"], [1890, 1899, "ACTIONS"], [1276, 1285, "MOLECULES"], [1345, 1354, "MOLECULES"], [1667, 1672, "MOLECULES"], [910, 915, "MOLECULES"], [385, 387, "MOLECULES"], [325, 329, "MOLECULES"], [129, 131, "MOLECULES"], [238, 240, "MOLECULES"], [1593, 1608, "PROCESS"], [2093, 2108, "PROCESS"], [356, 366, "PROCESS"], [1718, 1728, "PROCESS"], [1934, 1947, "PROCESS"], [2114, 2127, "PROCESS"], [1558, 1588, "PROCESS"], [1825, 1855, "PROCESS"], [1679, 1684, "QUANTITY"], [1797, 1802, "QUANTITY"], [1300, 1303, "QUANTITY"], [156, 163, "QUANTITY"], [265, 272, "QUANTITY"], [962, 966, "QUANTITY"], [2166, 2171, "QUANTITY"], [1918, 1923, "CONDITIONS"], [2243, 2248, "CONDITIONS"], [96, 121, "MOLECULES"], [392, 393, "MOLECULES"], [418, 419, "QUANTITY"], [423, 432, "QUANTITY"], [508, 525, "PROCESS"], [527, 542, "PROCESS"], [544, 548, "PROCESS"], [550, 553, "PROCESS"], [559, 562, "PROCESS"], [812, 818, "QUANTITY"], [822, 841, "MOLECULES"], [1523, 1542, "PROCESS"], [1908, 1913, "CONDITIONS"], [1967, 1978, "QUANTITY"]]}
