{"id": 2058, "text": "sent EXPERIMENTAL 2.1.\n Chemical plating of nickel on aluminum powders The formulation and process parameters of chemical plating nickel are as follows: spherical aluminum powders [grain size: 13 ± 2 μm, the materials fit GB1196 melting level aluminum standard (AL99.7), chemical composition of the aluminum powder: Al > 98.00%, Mn 0.015%, Cu 0.200%, Fe 0.200%, Si 0.100%].\n 250 g/L nickel sulfuric, 35 g/L sodium citric acid, 9 g/L citric acid, 90 g/L sodium hypophosphite, 4 g/L thiourea, ammonia water (26 ~ 28%) at right amount, pH: 10.0 ~ 11.2, temperature: 80 ~ 90 o C, plating time: 4 h. 2.2.\n Composite electrodeposition of nickel-coated aluminum powders Cathode is 1.0 cm × 2.0 cm × 0.2 cm of A3 steel plate, with the process of deoil, acid erosion, pulse plating nickel-coated aluminum, washed after finish every step.\n The anode: 1.0 cm × 2.0 cm, thin and pure nickel piece (Ni > 99.9%), Dipped into the 60 o C pickling solution about 60 s, removed oil, washed, then acetone-washed and dried.\n Plating solution composition and process conditions: NiSO4 300.0 ~ 333.0 g/L, MgSO4 9.8 ~ 14.7 g/L, NaCl 10.0 ~ 20.0 g/L, H3BO3 30.0 ~ 40.0 g/L, H2C2O4 18.0 ~ 26.0 g/L, OP10 0.5 ~ 1.0 g/L, nickel-coated aluminum 25.0 ~ 40.0 g/L, pH 4.7 ~ 5.8, temperature 45 o C, frequency 800 Hz, duty cycle 2:1, average current density 3 A/dm 2 , stirring speed 200 ~ 500 r/min.\n 2.3.\n Heat treatment of plating sample After the composite electrodeposition, the plated A3 samples were heat treated under argon atmosphere in a tube furnace.\n The specimen chamber was continuously flushed with sufficient argon during the heat treatment.\n The heating rate was 7 o C/min.\n The samples were maintained at 1100 o C for 3 h and then furnace-cooled to room temperature.\n 2.4.\n Microstructure and composition of the Ni-Al composite coating The phase analysis of the Ni-Al composite coating was conducted by using X-ray diffraction (XRD) from the surface.\n Some of the specimens were mounted in the cold-setting epoxy resin to examine the cross-section using a scanning electron microscope (SEM) under backscattered electron image (BEI), and the distributions of elements in the various solid phases were analyzed by using an Int.\n J. Electrochem.\n Sci.,\n Vol.\n 8, 2013 680 energy dispersive X-ray spectroscope (EDS) attached in the SEM.\n The thickness of the coating varies between 100 and 150 μm, as determined by SEM.\n 2.5.\n Physical test of the Ni-Al composite coating The adhesion strength of the coating on the A3 substrate was studied by the thermal shock test and File Test.\n The plated A3 samples were put into molten salt at 900 o C for 10 min and then water- quenched to room temperature.\n The thermal shock test was performed continuously for 10 times.\n The File Test employed a flat bastard file, which could be run across the coating surface to see if any of the coating could be removed.\n 2.6.\n Electrochemical test The electrochemical behavior experiment of coating is tested in the simulated marine environment (2% 3% 4% 5% NaCl solution).\n The sodium chloride is obtained and guaranteed as analysis pure grade and the solution is prepared with twice-distilled water.\n The saturated calomel electrode (SCE) is employed as reference electrode to fabricate an integrated three-electrode mode.\n Pt as auxiliary electrode (1×2 cm 2 ) and the coated A3 steel as working electrode (10 mm×10 mm).\n The non-working surface is encapsulated with epoxy resin.\n The polarization curve is measured by potential scan from the relative corrosion potential -0.9V to -0.2V. AC excitation signal's amplitude, 5mV; frequency, 100mHz～ 100kHz; scanning speed, 1mV/s; number of sample, 30.\n Test results are indicated by Nyquist graph, and the AC impedance is fitted with EG&G attached Zsimpwin Version 310 fitting software with the instrument of Potentionstat/Galvanostat Model 263A potentiostat producted by EG&G company.\n 3.", "meta": {}, "annotation_approver": null, "labels": [[1569, 1576, "ACTIONS"], [1337, 1345, "ACTIONS"], [2592, 2595, "ACTIONS"], [797, 803, "ACTIONS"], [965, 971, "ACTIONS"], [986, 992, "ACTIONS"], [1005, 1012, "ACTIONS"], [3355, 3362, "ACTIONS"], [3397, 3404, "ACTIONS"], [2008, 2015, "ACTIONS"], [3684, 3693, "ACTIONS"], [1452, 1458, "ACTIONS"], [2569, 2575, "ACTIONS"], [3129, 3137, "ACTIONS"], [997, 1002, "ACTIONS"], [3062, 3070, "ACTIONS"], [2806, 2809, "ACTIONS"], [3075, 3085, "ACTIONS"], [3736, 3742, "ACTIONS"], [2383, 2393, "ACTIONS"], [2349, 2355, "ACTIONS"], [952, 959, "ACTIONS"], [2875, 2882, "ACTIONS"], [1677, 1687, "ACTIONS"], [3474, 3482, "ACTIONS"], [1725, 1731, "ACTIONS"], [229, 236, "ACTIONS"], [899, 905, "ACTIONS"], [1480, 1487, "ACTIONS"], [2709, 2718, "ACTIONS"], [2298, 2306, "ACTIONS"], [3753, 3761, "ACTIONS"], [2186, 2194, "ACTIONS"], [1814, 1821, "ACTIONS"], [1864, 1871, "ACTIONS"], [2341, 2348, "ACTIONS"], [2446, 2453, "ACTIONS"], [2483, 2490, "ACTIONS"], [2821, 2828, "ACTIONS"], [2858, 2865, "ACTIONS"], [2955, 2962, "ACTIONS"], [2651, 2659, "ACTIONS"], [2797, 2802, "ACTIONS"], [2866, 2871, "ACTIONS"], [3171, 3180, "ACTIONS"], [1889, 1894, "ACTIONS"], [2034, 2039, "ACTIONS"], [2198, 2203, "ACTIONS"], [2515, 2522, "ACTIONS"], [3416, 3428, "ACTIONS"], [2083, 2096, "ACTIONS"], [3873, 3882, "ACTIONS"], [1965, 1972, "ACTIONS"], [3243, 3252, "ACTIONS"], [2966, 2972, "ACTIONS"], [2840, 2843, "ACTIONS"], [639, 645, "ACTIONS"], [780, 786, "ACTIONS"], [1201, 1207, "ACTIONS"], [3336, 3342, "ACTIONS"], [1876, 1885, "ACTIONS"], [2761, 2769, "ACTIONS"], [3208, 3216, "ACTIONS"], [886, 888, "MOLECULES"], [1798, 1800, "MOLECULES"], [1848, 1850, "MOLECULES"], [2430, 2432, "MOLECULES"], [978, 985, "MOLECULES"], [1993, 2004, "MOLECULES"], [3434, 3445, "MOLECULES"], [1083, 1088, "MOLECULES"], [1058, 1063, "MOLECULES"], [1248, 1266, "MOLECULES"], [1105, 1109, "MOLECULES"], [3022, 3026, "MOLECULES"], [1127, 1132, "MOLECULES"], [1150, 1156, "MOLECULES"], [1494, 1499, "MOLECULES"], [1593, 1598, "MOLECULES"], [3290, 3292, "MOLECULES"], [362, 364, "MOLECULES"], [351, 353, "MOLECULES"], [54, 62, "MOLECULES"], [163, 171, "MOLECULES"], [243, 251, "MOLECULES"], [299, 307, "MOLECULES"], [646, 654, "MOLECULES"], [787, 795, "MOLECULES"], [1208, 1216, "MOLECULES"], [340, 342, "MOLECULES"], [329, 331, "MOLECULES"], [316, 318, "MOLECULES"], [1801, 1803, "MOLECULES"], [1851, 1853, "MOLECULES"], [2433, 2435, "MOLECULES"], [3181, 3188, "MOLECULES"], [390, 398, "MOLECULES"], [44, 50, "MOLECULES"], [130, 136, "MOLECULES"], [383, 389, "MOLECULES"], [632, 638, "MOLECULES"], [773, 779, "MOLECULES"], [872, 878, "MOLECULES"], [1194, 1200, "MOLECULES"], [407, 413, "MOLECULES"], [3043, 3049, "MOLECULES"], [491, 504, "MOLECULES"], [414, 425, "MOLECULES"], [433, 444, "MOLECULES"], [481, 489, "MOLECULES"], [2601, 2604, "MOLECULES"], [2530, 2548, "PROCESS"], [2686, 2704, "PROCESS"], [1394, 1401, "PROCESS"], [611, 628, "PROCESS"], [1429, 1446, "PROCESS"], [1358, 1367, "QUANTITY"], [3010, 3012, "QUANTITY"], [3013, 3015, "QUANTITY"], [3016, 3018, "QUANTITY"], [3019, 3021, "QUANTITY"], [891, 897, "QUANTITY"], [2628, 2634, "CONDITIONS"], [946, 950, "CONDITIONS"], [24, 40, "PROCESS"], [113, 129, "PROCESS"], [193, 202, "QUANTITY"], [321, 327, "QUANTITY"], [332, 338, "QUANTITY"], [343, 349, "QUANTITY"], [354, 360, "QUANTITY"], [365, 371, "QUANTITY"], [375, 382, "QUANTITY"], [400, 406, "QUANTITY"], [427, 432, "QUANTITY"], [446, 452, "QUANTITY"], [453, 473, "MOLECULES"], [475, 480, "QUANTITY"], [506, 514, "QUANTITY"], [563, 574, "CONDITIONS"], [590, 593, "CONDITIONS"], [674, 698, "QUANTITY"], [759, 772, "PROCESS"], [840, 856, "MOLECULES"], [915, 921, "CONDITIONS"], [960, 963, "MOLECULES"], [1064, 1081, "QUANTITY"], [1089, 1103, "QUANTITY"], [1110, 1125, "QUANTITY"], [1133, 1148, "QUANTITY"], [1157, 1172, "QUANTITY"], [1174, 1178, "MOLECULES"], [1179, 1192, "QUANTITY"], [1217, 1232, "QUANTITY"], [1691, 1700, "CONDITIONS"], [1704, 1707, "CONDITIONS"], [1735, 1751, "CONDITIONS"], [1895, 1913, "PROCESS"], [1914, 1917, "PROCESS"], [2272, 2291, "PROCESS"], [2293, 2296, "PROCESS"], [2364, 2367, "QUANTITY"], [2372, 2378, "QUANTITY"], [3374, 3385, "QUANTITY"], [3317, 3325, "QUANTITY"], [2616, 2623, "CONDITIONS"], [2644, 2649, "MOLECULES"], [2553, 2563, "PROCESS"], [3143, 3164, "MOLECULES"]]}
