{"id": 2065, "text": "sent EXPERIMENTAL WORK 2.1.\n Electropolymerization of aniline Aqueous electropolymerization of aniline was performed in one-compartment cell.\n The working electrode was made from steel rod of 2mm diameter and 30 cm long.\n The working electrode was polished and degreased with acetone for about 10 minutes prior to the electropolymerization.\n An Ag/AgCl manufactured by Corning Company was used as the reference electrode.\n The galvanostatic technique (constant current method) was used to electrochemically coat steel with the PANi layer from solution of aniline monomer with oxalic acid electrolyte, using an EG&G Princeton Applied Research Potentiostat/Galvanostat Model 273A provided with powerCorr software.\n The main parameter Int.\n J. Electrochem.\n Sci.,\n Vol.\n 7, 2012 5390 investigated was the effect of aniline concentration ranged from 0.1 to 1.0M, current density ranged from 10 to 50mA/cm 2 , oxalic acid concentration that ranged from 0.1 to 1.0M and solution pH which ranged from 1 to 4.\n The electropolymerization time was fixed at 20 minutes interval for all experiments.\n After each experiment, the PANi coated steel was rinsed with distilled water and methanol and left to dry.\n Only 5cm of the rod length was coated with the PANi layer.\n 2.3.\n Examination of the performance of the PANi coated steel against corrosion Potentiodynamic examination (Tafel test) was used for the examination of the corrosion resistance of PANi coated steel when rotating at 3.5% NaCl solution with different rotational speed ranged from 200 to 1000rpm.\n A variable speed D.C. motor of 0.33hp was used for changing the rotational speed of PANi coated steel.\n As shown in figure 1 the PANi coated steel and stainless steel were used as anode and cathode respectively, the corrosion current and potential were measured against Ag/AgCl reference electrode using the EG&G Princeton Applied Research Potentiostat/Galvanostat Model 273A provided with powerCorr software.\n The % improvement in corrosion resistance was evaluated with reference to bare steel subjected to the same conditions of rotational speed and NaCl concentration.\n The % improvement was calculated according to the following equation: Where CRb and CRp are the corrosion rate of bare and PANi coated steel respectively.\n Figure 1.\n Experimental setup used for potentiodynamic examination of PANi coated steel in 3.5% NaCl at different rotational speed.\n Int.\n J. Electrochem.\n Sci.,\n Vol.\n 7, 2012 5391 3.", "meta": {}, "annotation_approver": null, "labels": [[261, 270, "ACTIONS"], [147, 154, "ACTIONS"], [226, 233, "ACTIONS"], [353, 365, "ACTIONS"], [169, 173, "ACTIONS"], [678, 686, "ACTIONS"], [1929, 1937, "ACTIONS"], [2149, 2159, "ACTIONS"], [2160, 2169, "ACTIONS"], [1604, 1612, "ACTIONS"], [1038, 1043, "ACTIONS"], [1191, 1194, "ACTIONS"], [2177, 2186, "ACTIONS"], [107, 116, "ACTIONS"], [248, 256, "ACTIONS"], [1461, 1469, "ACTIONS"], [2010, 2019, "ACTIONS"], [1183, 1187, "ACTIONS"], [834, 840, "ACTIONS"], [875, 881, "ACTIONS"], [936, 942, "ACTIONS"], [982, 988, "ACTIONS"], [1524, 1530, "ACTIONS"], [601, 606, "ACTIONS"], [1851, 1856, "ACTIONS"], [389, 393, "ACTIONS"], [481, 485, "ACTIONS"], [1382, 1386, "ACTIONS"], [1595, 1599, "ACTIONS"], [1725, 1729, "ACTIONS"], [2313, 2317, "ACTIONS"], [1138, 1144, "ACTIONS"], [1121, 1127, "ACTIONS"], [1228, 1234, "ACTIONS"], [1306, 1312, "ACTIONS"], [1443, 1449, "ACTIONS"], [1642, 1648, "ACTIONS"], [1687, 1693, "ACTIONS"], [2255, 2261, "ACTIONS"], [2358, 2364, "ACTIONS"], [2049, 2058, "ACTIONS"], [781, 793, "ACTIONS"], [1478, 1482, "MOLECULES"], [2106, 2110, "MOLECULES"], [2379, 2383, "MOLECULES"], [276, 283, "MOLECULES"], [345, 347, "MOLECULES"], [1823, 1825, "MOLECULES"], [348, 352, "MOLECULES"], [1826, 1830, "MOLECULES"], [1170, 1178, "MOLECULES"], [54, 61, "MOLECULES"], [95, 102, "MOLECULES"], [555, 562, "MOLECULES"], [812, 819, "MOLECULES"], [576, 587, "MOLECULES"], [905, 916, "MOLECULES"], [70, 91, "PROCESS"], [318, 339, "PROCESS"], [1007, 1028, "PROCESS"], [192, 195, "QUANTITY"], [209, 214, "QUANTITY"], [1202, 1205, "QUANTITY"], [1473, 1478, "QUANTITY"], [2374, 2379, "QUANTITY"], [294, 304, "CONDITIONS"], [846, 849, "QUANTITY"], [853, 857, "QUANTITY"], [1047, 1057, "CONDITIONS"], [1150, 1165, "CONDITIONS"], [1313, 1318, "MOLECULES"], [1301, 1305, "MOLECULES"], [1244, 1248, "MOLECULES"], [1366, 1376, "PROCESS"], [1438, 1442, "MOLECULES"], [1450, 1455, "MOLECULES"], [1682, 1686, "MOLECULES"], [1694, 1699, "MOLECULES"], [1704, 1720, "MOLECULES"], [2250, 2254, "MOLECULES"], [2262, 2267, "MOLECULES"]]}
